id,title,price,page
000000000000180990,"Svogūnai, 1 kg",0.45,1
000000000000181721,"Obuoliai JONAGOLD, 75-85 mm, 1 kg",0.89,1
000000000000181713,"Didžiosios kriaušės CONFERENCE, 70-80 mm, 1 kg",1.59,1
000000000000182313,"Mandarinai, 1-4 d., 1 kg",1.49,1
000000000000181257,"Pomidorai su šakelėmis, 67-82 mm, 1 kg",1.99,1
000000000000014767,"Pievagrybiai, 250 g",0.99,1
000000000001316999,"Ant kraiko laikomų vištų kiaušiniai WELL DONE, 10 vnt.",2.15,1
000000000001228341,"Švieži baltagūžiai kopūstai, 1 kg",0.29,1
000000000000182355,"Avokadas, 1 vnt.",0.69,1
000000000001033594,"Lupti virti burokėliai LINKĖJIMAI IŠ KAIMO, vakuumuoti, 500 g",0.59,1
000000000001320734,"Liet. smulk. kiauliena ir jautiena, rieb. ne did. kaip 20 %, 400 g",2.29,1
000000000000182308,"Dideli raudonieji greipfrutai, 1-2 d., 1 kg",1.75,1
000000000001313027,"Šilauogės kibirėlyje, 400 g",4.99,1
000000000000534864,"ROKIŠKIO NAMINĖ grietinė, 30 % rieb., 400 g",1.79,1
000000000000981761,"GRŪDĖTA varškė , 7 % rieb., 350 g",1.99,1
000000000001268463,"Lapinės salotos vazonėlyje LOLLO BIONDO, 1 vnt.",1.19,1
000000000001253801,"Sušokantis kačių kraikas LOVETT, 5 l  ",1.99,1
000000000001037800,"Gazuotas natūralus mineralinis vanduo BIRUTĖ, 1,5 l",0.39,1
000000000001345597,"AGOTOS viso grūdo tamsi duona su raugu, 300 g",0.89,1
000000000000182416,"Granatai, 1 kg",1.99,1
000000000000894163,"Didelės kviečių tortilijos SANTA MARIA TEX MEX, 6 vnt., 371 g",3.39,1
000000000000058857,"Higieniniai paketai LIBRESSE ULTRA NORMAL, 20 vnt.",3.49,1
000000000000824147,"Geltonieji kiviai, 500 g",1.59,1
000000000001343205,"Tepamasis sūris WELL DONE, 57,5 %, 200 g, 200 g",1.49,1
000000000000857869,"Kvietinės ORIGINAL tortilijos SANTA MARIA, 320 g",2.99,1
000000000000456302,"Juoda AGOTOS duona, 800 g",1.59,1
000000000000438795,"Juoda ruginė raikyta AGOTOS duona, 375 g",1.09,1
000000000000983029,"Virtos GIMINIŲ dešrelės, a. r., 860 g",3.99,1
000000000000179767,"Konservuoti burokėliai obuolių sultyse, 480 g",0.93,1
000000000001113389,"Šaldyta pica DR. OETKER FELICIANA SALAME E CHORIZO, 320 g",3.59,1
000000000001241121,"Virta DAKTARIŠKA EKSTRA dešra, a. r., 600 g",2.99,1
000000000001278143,"LIETUVIŠKI viščiukų broilerių sparnų peteliai WELL DONE, 500 g",1.99,1
000000000001231216,"PIENIŠKAS batonas LIETUVOS KEPĖJAS, 330 g",0.59,1
000000000000720883,"Fasavimo maišeliai, 100 vnt., 1 vnt.",1.49,1
000000000000946226,"Kepimo popierius UNIWELL, 10 m x 29 cm, 1 vnt.",1.3,1
000000000001012692,"Glaistytas varškės sūrelis MURR, maskarponės sk., 28 % rieb., 40 g",0.59,1
000000000000929356,"Varškės sūrelis MURR, sutirštinto pieno skonio, 28 % rieb., 40 g",0.59,1
000000000000990014,"Ananasai, 1 kg",2.19,1
000000000001318546,"Pailgos saldžiosios paprikos WELL DONE, 250 g",1.39,1
000000000001270615,"AGOTOS sėklų duona, 350 g",1.69,1
000000000000638609,"Silikagelio kačių kraikas KLUMPE CRYSTAL CLEAR, 3,8 l",2.99,1
000000000000157341,"Kamamberas PRESIDENT, 60 % rieb. s. m., 120 g",1.55,1
000000000001377915,"Šviežia pjaustyta kiaulienos nugarinė WELL DONE, 360 g",2.79,1
000000000001177191,"Gl. VILKYŠKIŲ sūrelis LESS SUGAR su sūria karam., 30 % rieb., 40 g",0.65,1
000000000001343212,"Tepamasis sūris WELL DONE su žolelėmis, 57,5 %, 200 g, 200 g",1.49,1
000000000001111717,"Šaldyta pica DR. OETKER FELICIANA su kumpiu ir pesto padažu, 360 g",3.59,1
000000000001052904,"Glaist. VILKYŠKIŲ varškės sūrelis su žemuogėmis, 23 % rieb., 40 g",0.59,1
000000000000019257,"Šaldytos apkeptos banguotos bulvių lazdelės AVIKO ZIG ZAG, 750 g",2.39,1
000000000000968109,"Šaldyti virtiniai JUDEX su bulvių ir rūkytos šoninės įdaru, 400 g",1.19,1
000000000000935634,"KĖDAINIŲ KONSERVŲ FABRIKO marinuoti agurkai su ąžuolų lapais, 660 g",1.55,1
000000000000064319,"Keptos pupelės pomidorų padaže HEINZ, 415 g",1.64,1
000000000000631026,"Sojų produktas maistui gaminti ALPRO, 250 ml",1.49,1
000000000001324222,"Klasikiniai krekeriai GAIDELIS, 70 g",0.99,2
000000000001180582,"Gl. VILKYŠKIŲ sūrelis LESS SUGAR, vanilės skonio, 30 % rieb., 40 g",0.65,2
000000000001160505,"Mažosios kviečių tortilijos SANTA MARIA TEX MEX, 8 vnt., 200 g",2.29,2
000000000001391358,"	VILKYŠKIŲ glaistytas sūrelis MURR, braškinės panakotos sk., 29 %, 40 g",0.59,2
000000000001330920,"Varškės sūrelis LESS SUGAR, karameliz. bananų sk., 30% rieb., 40 g",0.65,2
000000000000735987,"Ekologiški higieniniai paketai GENTLE DAY USE ECO (dieniniai), 10 vnt.",3.79,2
000000000001318615,"Greitai paruošiami makaronai REEVA, vištienos skonio, 60 g",0.29,2
000000000001316227,"Virta kiaulienos dešra WELL DONE, a. r., 200 g",1.09,2
000000000000014268,"Higieniniai paketai LIBRESSE GOODNIGHT MAXI, 10 vnt., 10 vnt.",1.99,2
000000000001290487,"Gazuotas gėrimas PEPSI MAX, 1,5 l",1.99,2
000000000001391223,"Glaistytas VILKYŠKIŲ varškės sūrelis LESS SUGAR, braškių sk., 30 %, 40 g",0.65,2
000000000001049030,"Šunų skanėstas AKINU su antiena, 75 g",1.08,2
000000000001111719,"Šaldyta pica DR. OETKER FELICIANA su 4 rūšių sūriais, 325 g",3.59,2
000000000000653477,"Juoda raikyta AGOTOS duona su saulėgrąžomis, 375 g",1.35,2
000000000000814301,"Konservuotos raudonosios pupelės HEINZ, 400 g",1.41,2
000000000001290488,"Gazuotas gėrimas PEPSI, 1,5 l",1.99,2
000000000001222564,"Karštai rūkytos lazdelės STIX KABANOSSI ORIGINAL, a. r., 100 g",1.64,2
000000000001123471,"Migdolinis gėrimas be cukrų ALPRO, 1 l",2.59,2
000000000001031057,"Šaldyti UŽKALNIO koldūnai JUDEX, 600 g",1.43,2
000000000000891695,"Tortilijos su viso grūdo miltais SANTA MARIA, 320 g",2.99,2
000000000000760826,"Indų kempinėlės SPONTEX (10 vnt.), 10 vnt.",1.19,2
000000000001396901,"Gl. varškės sūrelis MURR, braškinės mačios sk., 30 % rieb., 40 g",0.65,2
000000000001300865,"Kačių ėdalas su paukštiena SHEBA, 1,02 kg",3.49,2
000000000001324223,"Krekeriai GAIDELIS, grietinės ir svogūnų skonio, 72 g",0.99,2
000000000001360467,"Popieriniai rankšluosčiai KLEENEX JUMBO, 2 sluoksnių, 1 vnt.",3.99,2
000000000001322187,"Vytintas ispaniškas kumpis SERRANO WELL DONE, pj., nerūš., 100 g",1.99,2
000000000001396910,"Glaistytas varškės sūrelis MURR, mačios skonio, 30 % rieb., 40 g",0.65,2
000000000000715609,"Glaistytas VILKYŠKIŲ vanilės sk. varškės sūrelis, 24 % rieb., 40 g",0.59,2
000000000001179516,"SĖKLŲ sumuštinių duona GARDĖSIS, 450 g",1.89,2
000000000000903798,"Pomidorų padažas TRADICINIS KKF, 480 g",0.95,2
000000000001355849,"Silikagelio kraikas katėms, LOVETT, 3,8L",2.79,2
000000000001220329,"Avižų gėrimas ALPRO BARISTA, 1 l",2.95,2
000000000001391514,"KĖDAINIŲ KONSERVŲ FABRIKO mar. agurkai KĖDAINIŲ LEGENDINIAI, 720 ml",1.37,2
000000000001316228,"Virtas pjaustytas forminis kumpis WELL DONE, a. r., 200 g",1.49,2
000000000000960943,"Šokoladinis batonėlis MANIJA su lazdynų riešutais, 49 g",0.89,2
000000000000916323,"Šaldyti Sibirietiški koldūnai JUDEX su mėsos įdaru, 2 kg",3.57,2
000000000000662510,"Paštetas katėms Gourmet Gold, 340 g",1.99,2
000000000001309930,"Šviežios kiaulienos storosios dešrelės WELL DONE, 400 g",1.99,2
000000000000665062,"Kapų žvakė ""SU-98""",0.5,2
000000000001282655,"Konservuotas kačių ėdalas FELIX su mėsa, 340 g",1.43,2
000000000001267737,"Lazanija BOLOGNESE COME A CASA, 1 kg",3.79,2
000000000000691870,"Juoda raikyta AJERŲ duona, 650 g",1.59,2
000000000000820677,"KĖDAINIŲ KONSERVŲ FABRIKO aviečių uogienė, 430 g",2.69,2
000000000001253740,"Kokosų gėrimas ALPRO BARISTA, 1 l",2.95,2
000000000000669176,"Konserv. visavertis kačių ėdalas GOURMET GOLD su vištiena, 85 g",0.99,2
000000000000778201,"MOČIUTĖS vanilinis cukrus, 20 g",0.17,2
000000000001017094,"Kapų žvakės įdėklai 2PT-135, 2 vnt",0.85,2
000000000001033776,"Sausas kačių ėdalas PURINA ONE STERILCAT su jautiena, 1,5 kg",6.99,2
000000000000131413,"Indų kempinės VILEDA TIP TOP, 3 vnt.",0.79,2
000000000001373341,"Šaldyti KIJEVO kotletai DONE COOKIN, 290 g",4.31,2
000000000001391340,"	VILKYŠKIŲ glaistytas sūrelis MURR, karamelės ir spragėsių sk., 29 %, 40 g",0.59,2
000000000000062386,"Indų kempinės VILEDA RAINBOW, 10 vnt.",1.29,2
000000000001037093,"Takų prieskonių mišinys SANTA MARIA TEX MEX, 28 g",1.29,3
000000000001229987,"Jog. gėrimas ACTIMEL ACTIKIDS, braškių sk., 4x100g, 1,4%rieb, 400 g",1.99,3
000000000000778203,"MOČIUTĖS kepimo milteliai, 30 g",0.15,3
000000000001220034,"Šaldyta pica DR. OETKER FELICIANA SPECIALE, 335 g",3.59,3
000000000001220328,"Migdolų gėrimas ALPRO BARISTA, 1 l",2.95,3
000000000001318571,"Konserv. vyresnių kačių ėdalas WHISKAS su paukštiena, 4x85 g, 340 g",1.17,3
000000000001378219,"Tofu kačių kraik ARDOUR Green tea 2,5kg",3.99,3
000000000000941856,"Šaldyti MAMOS tarkuotų bulvių cepelinai JUDEX, 800 g",2.51,3
000000000000165442,"KLAIPĖDOS plikyta raikyta duona su saulėgrąžomis, 400 g",1.15,3
000000000000796302,"Plikyta raikyta KLAIPĖDOS duona, 380 g",1.09,3
000000000000166793,"Liesa ŽEMAITIJOS varškė, 0,5 % rieb., 1 kg",4.99,3
000000000000828391,"KĖDAINIŲ KONSERVŲ FABRIKO braškių uogienė, 430 g",2.15,3
000000000001353196,"Virtos PIENIŠKOS dešrelės WELL DONE, a. r., 260 g",1.65,3
000000000000775548,"Pelėsinis sūris MEMEL BLUE, 50 % rieb. s. m., 100 g",1.79,3
000000000001282657,"Konserv. kačių ėdalas FELIX su žuvimi drebučiuose, 4 x 85 g, 340 g",1.43,3
000000000001267071,"DZŪKIJOS sausainiai GUBOJA, 290 g",1.31,3
000000000000735986,"Higien. paketai GENTLE DAY OVERNIGHT HEAVY FLOW (naktiniai), 8 vnt.",3.79,3
000000000001267383,"DZŪKIJOS ABRIKOSINIAI sausainiai, 250 g",1.19,3
000000000001314968,"Šaltai rūkytas ŠVARCVALDO kumpis WELL DONE, nerūš., 80 g",1.25,3
000000000000839818,"Aliuminio folija UNIWELL, 10 m x 29 cm, 1 vnt.",1.49,3
000000000001366247,"Glaistyta spurga su spalvotais pabarstukais (atitirpinta), 55 g",0.79,3
000000000000776300,"Glaist. VILKYŠKIŲ varškės sūrelis su aguonomis, 25 % rieb., 40 g",0.59,3
000000000000850158,"Ferm. jogurto gėrimas ACTIMEL, braškių sk., 1,5%rieb.,4x100g, 400 g",1.99,3
000000000000179528,"KĖDAINIŲ KONSERVŲ FABRIKO marinuoti agurkėliai, 480 g",1.43,3
000000000001292843,"Armėniški lavašai BALTASIS PYRAGAS, 190 g",0.99,3
000000000000531209,"Majonezas BE KONSERVANTŲ, 62 % rieb., 630 g",2.15,3
000000000001272551,"Silkių filė be aliejaus ZIGMAS, 190 g",1.89,3
000000000001378239,"Tofu kačių kraikas ARDOUR natural 2,5kg",3.99,3
000000000000946230,"Aliuminio folija UNIWELL, 10 m x 41 cm, 1 vnt.",2.99,3
000000000001386837,"Birutė gazuotas natūralus mineralinis vanduo 6x1,5l. Pakuotė",2.34,3
000000000001317308,"Itališkas MILANO saliamis WELL DONE, pjaustytas, a. r., 100 g",1.79,3
000000000000850161,"Ferm. jogurto gėrimas ACTIMEL, uogų sk., 1,5 % rieb., 4x100g, 400 g",1.99,3
000000000001323180,"Vytintos dešros SALCHICHON ir CHORIZO WELL DONE, nerūš., 80 g",1.35,3
000000000001366189,"Brandinti jautienos maltiniai GRYNUOLIAI, 220 g",2.99,3
000000000001259236,"Virtos kepamosios klasikinės dešrelės, 270 g",2.09,3
000000000001345178,"Vytinta TERIYAKI jautiena, a. r., 40 g",2.79,3
000000000000735989,"Higieniniai įklotai GENTLE DAY, 30 vnt.",3.99,3
000000000001056606,"Int. hig. prausiklis MARGARITA su alavijais, 400 ml",3.49,3
000000000000264749,"Ekologiškas indų ploviklis FROSCH GREEN LEMON, 1 l",1.85,3
000000000001106546,"Kačių ėdalas SHEBA su žuvimi padaže, 340 g",1.64,3
000000000001346714,"Indaplovių tabletės FROSCH su soda, 30 vnt.",6.99,3
000000000000422735,"Konservuotas visavertis kačių ėdalas GOURMET GOLD su tunais, 85 g",0.99,3
000000000000551311,"Persiladas SANTA MARIA, 35 g",0.99,3
000000000001216390,"Konservuotas kačių ėdalas SHEBA su paukštiena, 340 g",1.64,3
000000000000923770,"Šunų ėdalo papild. NATURE LIVING (galv. odos pagal.su višt.), 75 g",1.77,3
000000000001184361,"Kon. kačių ėdalas ONE STERILCAT su lašiša, 4x85g, 340 g",2.29,3
000000000000469225,"Majonezas BE KONSERVANTŲ, 62 % rieb., 430 g",1.65,3
000000000001310673,"Migdolų gėrimas be cukraus ZERO, 1 l",1.69,3
000000000001096589,"Kietojo sūrio užtepėlė KKF su česnakais, 55 % rieb., 280 g",1.29,3
000000000000498097,"KĖDAINIŲ KONSERVŲ FABRIKO pomidorų padažas BE KONSERVANTŲ, 500 ml",1.35,3
000000000001037096,"Kukurūzų traškučiai SANTA MARIA TEX MEX NACHO, 475 g",5.09,3
000000000001141154,"Kokosų gėrimas su migdolais ALPRO, 1 l",2.59,3
000000000000157314,"Bri sūris PRESIDENT su baltuoju pelėsiu, 60 % rieb. s. m., 125 g",1.75,4
000000000001014482,"Raudonojo kario prieskonių mišinys SANTA MARIA, 32 g",1.65,4
000000000000031591,"Maltos saldžiosios paprikos SANTA MARIA, 22 g",0.99,4
000000000000850159,"Vaisinis ferm. jogurto gėrimas ACTIMEL, 1,5% rieb., 4 x 100g, 400 g",1.99,4
000000000000837873,"Majonezas PREMIUM, 62 % rieb., 430 g",1.59,4
000000000000393015,"Higieniniai įklotai LIBRESSE NORMAL, 40 vnt.",2.39,4
000000000001028913,"Konservuoti RINKTINIAI žirneliai, 690 g",1.37,4
000000000001068184,"Indiškų prieskonių TIKKA MASALA mišinys SANTA MARIA, 35 g",1.39,4
000000000000796271,"Plikyta raikyta KLAIPĖDOS duona, 800 g",1.39,4
000000000001318572,"Konservuotas kačių ėdalas WHISKAS su paukštiena, 340 g",1.17,4
000000000001290485,"Gazuotas gėrimas MIRINDA, 1,5 l",1.99,4
000000000001319680,"Atšaldyti vištienos kepsneliai HEAT & EAT, a. r., 350 g",1.79,4
000000000000948932,"Avižų gėrimas ALPRO, 1 l",2.59,4
000000000001318573,"Konservuotas kačių ėdalas WHISKAS su žuvimi, 4 x 85 g, 340 g",1.17,4
000000000000656204,"Visavertis kačių ėdalas PURINA ONE STERILCAT su jautiena, 800 g",3.29,4
000000000001149526,"Konservuotos KĖDAINIŲ KONSERVŲ FABRIKO rūgštynės, 280 g",0.93,4
000000000001377371,"Lydytas sviestas GHEE AMRITA, 99,8 %, 500 g",6.99,4
000000000001343339,"KĖDAINIŲ KONSERVŲ FABRIKO marinuoti saldžiarūgščiai agurkai, 720 ml",1.49,4
000000000001177044,"Šaldyti maži čeburekai JUDEX su mėsos įdaru, 500 g",1.31,4
000000000000899455,"Konservuotas visavertis kačių ėdalas SHEBA CUISINE, 4 x 85 g, 340 g",1.64,4
000000000001267385,"DZŪKIJOS sausainiai VYŠNAITĖ, 275 g",1.19,4
000000000000179885,"Trinti KĖDAINIŲ KONSERVŲ FABRIKO obuoliai su cukrumi, 480 g",1.05,4
000000000000700307,"Imbieriniai sausainiai ANNA'S, 150 g",1.49,4
000000000001322292,"Ekol. džiov. slyvų tyrelė MARMALUZI su linų sėmen. (6+ mėn.), 90 g",0.99,4
000000000001317320,"Vytintas kiaulienos kumpis PROSCIUTTO CRUDO WELL DONE, a. r., 80 g",1.79,4
000000000001319430,"Šviesi plikyta KLAIPĖDOS duona be pridėtinio cukraus, 400 g",1.09,4
000000000001348905,"Konservuotas kačių ėdalas SHEBA FINESSE su vištiena, 85 g",0.44,4
000000000000819206,"Konservuoti KĖDAINIŲ svogūnėliai, 330 g",1.07,4
000000000000180200,"KĖDAINIŲ KONSERVŲ FABRIKO pomidorų padažas NATURAL, 500 g",1.37,4
000000000001290484,"Gazuotas gėrimas 7UP, 1,5 l",1.99,4
000000000001272097,"Ferment. sojų produktas su mangais ALPRO, nepridėta cukrų, 400 g",2.19,4
000000000000083989,"Ekologiškas WC valiklis FROSCH WC GEL LAVENDER, 750 ml",1.79,4
000000000000180404,"ORIGINALUSIS kečupas HEINZ, 570 g",2.69,4
000000000000604095,"Konserv. visavertis kačių ėdalas GOURMET PERLE su vištiena, 85 g",0.47,4
000000000000581189,"YPATINGAS pomidorų padažas KĖDAINIŲ KONSERVAI, 720 g",1.73,4
000000000000604097,"Kons. visavertis kačių ėdalas GOURMET PERLE su upėtak.,špin., 85 g",0.47,4
000000000001324232,"Krekeriai GAIDELIS, sūrio skonio, 72 g",0.99,4
000000000001311382,"Glaistytas varškės sūrelis VILKYŠKIŲ MURR šokoladinės vyšnios sk., 28,5 % rieb., 40 g",0.59,4
000000000001207255,"Šunų ėdalas PRIMADOG su aviena, 260 g",1.17,4
000000000000062101,"Švelnusis pomidorų padažas SANTA MARIA TEX MEX TACO, 230 g",3.29,4
000000000000669177,"Konservuotas kačių ėdalas GOURMET GOLD su kalakutiena, 85 g",0.99,4
000000000001227828,"Higieniniai paketai LADY ANION su anijonų juostele, 20 vnt.",5.09,4
000000000000604096,"Kons. visavertis kačių ėdalas GOURMET PERLE su žvėr.,daržov., 85 g",0.47,4
000000000001338453,"Šaltai rūkyta SODŽIAUS kiaulienos šoninė, a. r., 1 kg",10.49,4
000000000001373332,"Šaldyti kepti žemaičių blynai DONE COOKIN, 2 vnt., 260 g",2.55,4
000000000001057447,"Konservuotas kačių ėdalas SHEBA su vištiena, 85 g",0.44,4
000000000001267738,"Lazanija BOLOGNESE COME A CASA, 400 g",2.19,4
000000000000011592,"Higieniniai paketai ALWAYS Ultra Normal Plus, S1, 20 vnt.",4.59,4
000000000000928700,"Higieniniai paketai ALWAYS Ultra Extra Night, S4, 12 vnt.",4.59,4
000000000000669178,"Kons. visavertis kačių ėdalas GOURMET GOLD su triušiena, kepenimis 85g",0.99,4
000000000000806330,"Skalbinių minkštiklis FROSCH, medvilnės žiedų kvapo, 1 l",2.09,4
000000000001190381,"Klasikiniai grietininiai ledai POLS, 75 g",1.49,4
000000000000175878,"Šaldyti virtiniai JUDEX TINGINIAI, 500 g",1.41,5
000000000001364898,"Krekeriai GAIDELIS MINI grietinės ir svogūnų skonio, 72 g",0.99,5
000000000001079505,"Šluostės-kempinės SPONTEX, 5 vnt., 5 vnt.",1.73,5
000000000001318583,"Konservuotas kačių ėdalas WHISKAS TASTY MIX CREAMY, 4 x 85 g, 340 g",1.17,5
000000000000369208,"Higieniniai tamponai O.B. PRO COMFORT NORMAL, 32 vnt.",6.89,5
000000000001141016,"WC valiklis FROSCH su aviečių actu, 750 ml",1.65,5
000000000001222566,"Karštai rūkytos lazdelės STIX KABANOSSI CHICKEN, a. r., 100 g",1.64,5
000000000000709276,"KĖDAINIŲ KONSERVŲ FABRIKO pomidorų pasta, 250 g",1.07,5
000000000000073461,"Sojų gėrimas su kalciu ALPRO, 1 l",2.15,5
000000000001216586,"Konservuotas visavertis kačių ėdalas FRISKIES, 12 x 85 g, 1,02 kg",3.24,5
000000000001318590,"Greitai paruošiami makaronai REEVA, sūrio ir šoninės skonio, 60 g",0.29,5
000000000001353191,"Virtos dešrelės WELL DONE, a. r., 520 g",2.99,5
000000000001325716,"Ikrų užtepėlė su lašiša WELL DONE, 160 g",1.99,5
000000000000417487,"Kečupas HEINZ, 700 g",3.66,5
000000000001267391,"DZŪKIJOS sausainiai APELSINO SKILTELĖS, 250 g",1.13,5
000000000000733668,"Kakaviniai sausainiai BELVITA COCOA su šokolado gabalėliais, 300 g",2.65,5
000000000000828390,"KĖDAINIŲ KONSERVŲ FABRIKO vyšnių uogienė, 430 g",2.21,5
000000000001045855,"Ekologiškas kokosų gėrimas BIONATURALIS, 400 ml",1.69,5
000000000000148394,"Ekologiškas spiritinis langų valiklis FROSCH BIO SPIRIT, 500 ml",1.99,5
000000000001071679,"Higieniniai įklotai ALWAYS, Extra Long, Odour Lock, 44 vnt.",5.69,5
000000000001047832,"Virtų bulvių cepelinai JUDEX su mėsos įdaru, 400 g",0.83,5
000000000000014174,"Vištienos prieskoniai SANTA MARIA, 30 g",0.99,5
000000000000073466,"Vanilinis sojų gėrimas su kalciu ALPRO, 1 l",2.45,5
000000000000117521,"Šokoladinis batonėlis KINDER PINGUI, 28,3 % rieb., 30 g",0.89,5
000000000000654675,"Intymios higienos servetėlės MARGARITA su vaistažolėmis, 20 vnt.",2.79,5
000000000001207256,"Šunų ėdalas PRIMADOG su jautiena, 260 g",1.17,5
000000000001234397,"Teleskopinis įdėklas 14-22 cm ""LURDO""",1.15,5
000000000001331970,"Fermentuotas sojų produktas ALPRO, 400 g",2.19,5
000000000000771573,NIVEA BLACK&WHITE CLEAR rutulinis antiperspirantas moterims ,4.79,5
000000000000671089,"Pelėsinis lydytas sūris MEMEL BLUE, 40 % rieb. s. m., 140 g",1.89,5
000000000001031056,"Šaldyti UŽKALNIO koldūnai JUDEX su mėsa, itališ. rozmarinais, 600 g",1.43,5
000000000001338555,"Maltos višt. šlaun. mėsos,filė iešmeliai FIESTA kartvel. mar, 480 g",3.25,5
000000000001310750,"Fermentuotas sojų produktas ALPRO, uogų ir datulių skonio, 400 g",2.19,5
000000000000778204,"Sausos MOČIUTĖS mielės, 11 g",0.15,5
000000000001209166,"Vytintos dešrelės STIX SALAMINI ORIGINAL, a. r., 80 g",1.64,5
000000000001242057,"Skalbimo mašinų valiklis DR.BECKMANN (kapsulės), 3 vnt.",3.05,5
000000000001370303,"Skalbinių minkštiklis FROSCH SENSITIVE, 40 skalbimų, 1,5 l, 1 l",2.09,5
000000000001057448,"Konservuotas kačių ėdalas SHEBA su lašišomis, 85 g",0.44,5
000000000001322630,"Konservuotas kačių ėdalas GOURMET GOLD su žuvimi, 85 g",0.99,5
000000000001325292,"Maišeliai šunų ekskrementams LOVETT, 90 vnt.",1.49,5
000000000001098179,"Kalkių valiklis FROSCH, 500 ml",2.65,5
000000000001142780,"Šviesi SĖKLŲ duona GARDĖSIS, 400 g",1.55,5
000000000001254578,"Augalinės kilmės kačių kraikas LOVETT, 3 kg",2.49,5
000000000000811511,"Sausainiai BELVITA FOREST FRUITS su miško uogomis, 300 g",2.65,5
000000000001395190,"Kiaulienos ir jautienos mėsos kukuliai GRYNUOLIAI, 300 g",2.49,5
000000000001289927,"Higieniniai paketai ALWAYS Ultra Secure Night, S4, 24 vnt.",7.99,5
000000000000160750,"Didieji šprotai BRIVAIS VILNIS aliejuje, 240 g",1.89,5
000000000000839819,"Kepimo popierius UNIWELL, 6 m x 29 cm, 1 vnt.",0.79,5
000000000000477083,"Servetėlės ELEMENTS SENSE, 24 x 24 cm, 75 vnt., 75 vnt.",0.89,5
000000000001259536,"Konservuotas kačių ėdalas LOVETT steriliz. katėms, 4 x 100 g, 400 g",0.99,5
000000000001160503,"Takų su vištiena prieskonių mišinys SANTA MARIA CHICKEN TACO, 28 g",1.59,5
000000000001308462,"Antienos kąsneliai PRIMADOG, 50 g",1.29,5
000000000001320432,"Skanėstas katėms SHEBA su vištiena, 48 g",1.09,6
000000000000946227,"Kepimo popierius UNIWELL, 6 m x 38 cm, 1 vnt.",1.29,6
000000000000019262,"Šaldytos apkeptos banguotos bulvių lazdelės AVIKO ZIG ZAG, 450 g",1.75,6
000000000001322286,"Ekol. obuolių, kriaušių, persikų tyrelė MARMALUZI (6+ mėn.), 90 g",0.99,6
000000000001267790,"Sausas kačių ėdalas FRISKIES su jautiena, vištiena ir darž., 1 kg",2.98,6
000000000000121733,"Higieniniai paketai ALWAYS Ultra Normal Plus, S1, 40 vnt.",7.99,6
000000000001296927,"Kepti vištienos filė kepsneliai KIDS, atvėsinti, 250 g",2.29,6
000000000001300715,"Kačių skanėstas DREAMIES su katžole, 60 g",1.95,6
000000000000351247,"TRADICINIS KĖDAINIŲ majonezas, 40 % rieb., 430 g",1.29,6
000000000001140563,"Atš. arg. jūrinės lydekos (lot. M. hubbsi), skrostos, be g., 1 kg",4.99,6
000000000001364915,"Krekeriai GAIDELIS MINI klasikiniai, 70 g",0.99,6
000000000001390296,"Tepamasis sūris WELL DONE, dž. pomid. sk., 57,5 % rieb. s. m., 200 g",1.49,6
000000000000016773,"Skutimosi želė NIVEA MEN SENSITIVE jautriai odai, 200 ml",6.69,6
000000000000544000,"Grybų sultinys GALLINA BLANCA, 80 g",0.47,6
000000000001338452,"Karštai rūkyta BURGUNDIŠKA kiaulienos filė, I r., 1 kg",10.49,6
000000000000094749,"Ekologiškas universalusis valiklis FROSCH SODA su soda, 500 ml",2.55,6
000000000001037087,"Kukurūzų traškučiai SANTA MARIA TEX MEX NACHO, 185 g",2.59,6
000000000001201824,"Sausas kačių ėdalas ONE STERIL su lašišomis, 1,5 kg, 1.5 kg",6.99,6
000000000000662507,"Konserv. visavertis kačių ėdalas GOURMET GOLD su jautiena, 85 g.",0.99,6
000000000001282658,"Konservuotas kačių ėdalas FELIX su mėsa padaže, 4 x 85 g, 340 g",1.43,6
000000000000783204,"KLASIKINIAI Meduoliai JDC, 200 g",0.79,6
000000000001259538,"Konservuotas kačių ėdalas LOVETT su įvairių rušių mėsa, 400 g",0.99,6
000000000001308447,"Konservuotas kačių ėdalas su jautiena ir vištiena ONE, 340 g",2.29,6
000000000001226730,"Konservuoti KKF burokėliai šaltibarščiams, 500 ml",0.95,6
000000000000575860,"KĖDAINIŲ KONSERVŲ FABRIKO pomidorų padažas PREMIUM, 500 g",1.37,6
000000000001207254,"Šunų ėdalas PRIMAGOD su lašišomis, 260 g, 260 g",1.17,6
000000000001314976,"Šaltai rūkyta ŠVARCVALDO šoninė WELL DONE, I r., 80 g",1.39,6
000000000001386412,"Ekologiškos kapotos avižos BIONATURALIS, 800 g",1.67,6
000000000000960945,"Šokoladinis batonėlis MANIJA su žemės riešutais, 49 g",0.89,6
000000000001230867,"Šaldyti koldūnai MINI PINIGĖLIAI su mėsos įdaru, 500 g",2.65,6
000000000001390289,"Tepamasis sūris WELL DONE, česnakų sk., 57,5 % rieb. s. m., 200 g",1.49,6
000000000000946225,"Maisto plėvelė UNIWELL, 50 m x 29 cm",1.99,6
000000000000604094,"Konserv. visavertis kačių ėdalas GOURMET PERLE su jautiena, 85 g",0.47,6
000000000000943561,"Kačių skanėstas DREAMIES su vištiena, 60 g",1.95,6
000000000000371027,"Ekologiškas dušo ir vonios valiklis FROSCH, 500 ml",2.19,6
000000000000626579,"Spagečiai LUBELLA SPAGHETTI Nr. 4, 400 g",0.89,6
000000000001357510,"Kukurūzų krakmolas ALVO, 400 g",1.49,6
000000000000892439,"Konservuotas visavertis kačių ėdalas SHEBA DUETT, 340 g",1.64,6
000000000001005855,"Šaldyti koldūnai PINIGĖLIAI su mėsos įdaru, 500 g",2.39,6
000000000001239273,"Kietasis sūris MEMEL PRUSSIA (riekelės), 45 % rieb. s. m., 150 g",1.99,6
000000000000542823,"Sūrio padažas SANTA MARIA, 250 g",3.79,6
000000000000680520,"Higieniniai paketai LIBRESSE ULTRA LONG, 16 vnt.",3.29,6
000000000000014600,"Vištienos sultinys GALLINA BLANCA (8 kub.), 80 g",0.47,6
000000000000573824,"Avokadų padažas SANTA MARIA GUACAMOLE, 250 g",3.49,6
000000000001034129,"DZŪKIJOS MALŪNO sausainiai su sėklomis, 200 g",1.49,6
000000000001247043,"Šunų skanėstas PRIMADOG (antienos ir odos lazdėlė), 100 g",2.49,6
000000000001037092,"Fachitų prieskonių mišinys SANTA MARIA TEX MEX, 28 g",1.29,6
000000000001320415,"Skanėstas katėms SHEBA su lašiša, 48 g",1.09,6
000000000001349017,"Vištienos šniceliai, a. r., 180 g",1.49,6
000000000001293720,"Avižų gėrimas be pridėtinio cukraus VALSOIA, 1 l",1.69,6
000000000000956003,"Plombyras DADU, vanilės skonio, 65 g",0.69,6
000000000001320116,"Skalbiamieji lapeliai DR. BECKMANN, 40 vnt.",4.49,6
000000000000883925,"TRADICINIS KĖDAINIŲ majonezas, 40 % rieb., 1 kg",2.09,7
000000000001023050,"Konservuotas kačių ėdalas SHEBA (mini rink. su paukštiena), 300 g",1.49,7
000000000001258370,"Konservuotas kačių ėdalas LOVETT MIX, 4 x 100 g, 400 g",0.99,7
000000000001289328,"Viščiukų broilerių sparnų peteliai WELL DONE, 500 g",1.99,7
000000000001318569,"Sausas sterilizuotų kačių ėdalas WHISKAS su vištiena, 800 g",2.09,7
000000000000853489,"Indų ploviklis FROSCH GRANATAPFEL su balzamu (granatų kvapo), 500 ml",1.19,7
000000000001097452,"Ekologiškas saulėgrąžų aliejus BIONATURALIS be kvapo, 1 l",3.59,7
000000000001133166,"Lašišinių žuvų raudonieji ikrai IKROFF, 95 g",6.99,7
000000000001208957,"Pupelės BBQ padaže HEINZ, 390 g",1.79,7
000000000001014486,"Prieskonių mišinys SANTA MARIA TOM KHA sriubai virti, 30 g",1.59,7
000000000001322293,"Ekologiška obuolių ir aviečių tyrelė MARMALUZI (nuo 4 mėn.), 90 g",0.99,7
000000000001364916,"Krekeriai GAIDELIS MINI sūrio skonio, 72 g",0.99,7
000000000000149186,"Valgomieji ledai SNICKERS, 48 g",0.89,7
000000000000900349,"Higieniniai Įklotai GENTLE DAY, 20 vnt.",3.79,7
000000000001150980,"Higieniniai paketai KOTEX ULTRA NORMAL, 16 vnt.",2.39,7
000000000001267070,"DZŪKIJOS sausainiai SAULĖGRĄŽA, 300 g",1.79,7
000000000001320434,"Konservai katėms SHEBA NATURE'S MIX, 4 x 85 g, 340 g",1.64,7
000000000001236612,"Šunų skanėstas AKINU su vištiena, 75 g",1.08,7
000000000000749048,"Šaltai rūkyta KREKENAVOS skilandinė dešra, a. r., 350 g",2.99,7
000000000000130832,"Traškios ruginės duonelės FINN CRISP ORIGINAL, 200 g",1.69,7
000000000000886721,"Krekeriai TUC MINI, grietinės ir svogūnų skonio, 100 g",1.69,7
000000000001033888,"Higieniniai paketai GENTLE DAY TEENS, 12 vnt.",3.15,7
000000000001308464,"Konservuoto kačių ėdalo rinkinys ONE, 340 g",2.29,7
000000000001370261,"Granuliuotas balto bentonito kačių kraikas KLUMPE, 4.24 kg",2.69,7
000000000000011591,"Higieniniai paketai ALWAYS Ultra Super Plus, S2, 16 vnt.",4.59,7
000000000001033778,"Kons.visav.kačių ėd.GOURMET GOLD SAVOURY su vištiena, mork., 85 g",0.99,7
000000000001282656,"Konservuotas kačių ėdalas FELIX su žuvimi, 340 g",1.43,7
000000000001338633,"Šviesi SĖKLŲ duona be pridėtinio cukraus GARDĖSIS, 350 g",1.55,7
000000000001208235,"LIETUVIŠKAS ORIGINALUS majonezas su tryniais, 73 % rieb., 620 g",2.09,7
000000000001266532,"Vytintos dešrelės STIX SALAMINI ORIGINAL, a. r., 190 g",3.29,7
000000000001323197,"Vytinto kumpio ir SALCHICHON, CHORIZO dešrų rinkinys, nerūš., 120 g",2.39,7
000000000000923771,"Šunų ėdalo papildas NATURE LIVING (džiovinta antiena), 75 g",1.61,7
000000000001095044,"Šveičiamasis pienelis CIF LEMON, 540 g",2.49,7
000000000001150982,"Higieniniai paketai KOTEX ULTRA OVERNIGHT (naktiniai), 12 vnt.",2.39,7
000000000001322637,"Konservuotas kačių ėdalas GOURMET GOLD su jautiena, 85 g",0.99,7
000000000001391334,"Porcijinės duonelės TOSTE OAT POWER, 240 g",0.75,7
000000000000059437,"Krekeriai TUC, 100 g",1.69,7
000000000000995672,"Konservuotas šunų ėdalas PEDIGREE su jaut., ėriena, kalak., 400 g",1.41,7
000000000001318574,"Konserv. kačių ėdalas WHISKAS PURE DELIGHT su vištiena,4x85g, 340 g",1.17,7
000000000001322629,"Konservuotas kačių ėdalas GOURMET GOLD su vištiena, 85 g",0.99,7
000000000001383595,"Kapų žvakė ""GILIUKĖ""",1.15,7
000000000001322636,"Kačių ėdalas FELIX drebučiuose su mėsa, 320 g",1.55,7
000000000001318642,"Greitai paruošiami aštrūs makaronai REEVA, vištienos skonio, 60 g",0.29,7
000000000001322271,"Ekologiška obuolių ir mėlynių tyrelė MARMALUZI (nuo 6 mėn.), 90 g",0.99,7
000000000001371539,"Virtas pjaustytas kiaul. kumpis PROSCIUTTO COTTO, nerūšinis, 100 g",1.99,7
000000000001030505,"Šaldytos bulvių skiltelės su česnakais AVIKO, 600 g",1.8,7
000000000001049031,"Šunų skanėstas AKINU su vištiena, 75 g",1.08,7
000000000000083981,"Ekologiškas indų ploviklis FROSCH GREEN LEMON, 500 ml",1.25,7
000000000000328287,"Higieniniai paketai ALWAYS Ultra Super Plus, S2, 32 vnt.",7.99,7
000000000000956002,"Šokoladinis plombyras DADU su šokolado gabaliukais, 65 g",0.69,7
000000000001322288,"Ekologiška obuolių ir bananų tyrelė MARMALUZI (nuo 4 mėn.), 90 g",0.99,7
000000000000180025,"YPATINGAS KĖDAINIŲ KONSERVŲ FABRIKO pomidorų padažas, 500 g",1.35,7
000000000000264112,"Ekologiškas spiritinio langų valiklio papildas FROSCH SPIRITUS, 1 l",1.99,8
000000000000523797,"Higieniniai įklotai BELLA PANTY SOFT, 60 vnt.",3.49,8
000000000000668708,"Tiršta vištienos sriuba MAGGI 5 MINUTES su skrebučiais, 16 g",0.59,8
000000000000725872,"Popieriniai sumuštinių maišeliai LET'S COOK, 50 vnt., 50 vnt.",0.99,8
000000000000901921,"Drėgnosios intymios higienos servetėlės GENTLE DAY, 10 vnt.",2.29,8
000000000000920823,"Antialerginis kūdikių skalbinių minkštiklis FROSCH BABY, 750 ml",1.85,8
000000000000422739,"Kons. visavertis kačių ėdalas GOURMET GOLD su lašiš., višt., 85 g",0.99,8
000000000000504500,"Higieniniai įklotai LIBRESSE CLASSIC, 50 vnt.",1.89,8
000000000001184360,"Konservuotas suaugusių kačių ėdalas ONE su vištiena, 340 g",2.29,8
000000000001368005,"Augalinis migdolų gėrimas VALSOIA BARISTA, 1 l",1.79,8
000000000001040811,"Traškios vištienos prieskonių mišinys SANTA MARIA, 50 g",1.89,8
000000000000011599,"Higieniniai paketai ALWAYS Ultra Super Extra, S3, 14 vnt.",4.59,8
000000000001071680,"Higieniniai įklotai ALWAYS Normal, Odour Lock, 80 vnt.",7.19,8
000000000001289706,"Higieniniai tamponai O.B. PRO COMFORT SUPER, 54 vnt.",9.99,8
000000000001357183,"Kečupas HEINZ ZERO, 400 ml",2.99,8
000000000000806115,"Penkių grūdų sausainiai BELVITA CEREALS & MILK, 300 g",2.65,8
000000000000946229,"Aliuminio folija UNIWELL, 20 m x 29 cm, 1 vnt.",2.99,8
000000000000771575,NIVEA BLACK&WHITE POWER rutulinis antiperspirantas vyrams ,4.79,8
000000000001068187,"Indiškų prieskonių GARAM MASALA mišinys SANTA MARIA, 33 g",1.59,8
000000000001190379,"Glaistytas vanilinis plombyras POLS, 75 g",1.49,8
000000000001218365,"Kačių kraikas PRIMACAT Fresh, obuolių kvapo, 5 l, 5 l",3.22,8
000000000001397875,"Kepti sūrio gabaliukai CAJUN JON-CHEDAR, 43 % rieb. s. m., 80 g",1.69,8
000000000000091222,"Juodieji pipirai SANTA MARIA (žirneliai), 22 g",1.49,8
000000000000251569,"Granuliuotas pjuveninis graužikų kraikas NATURE LIVING, 3 l",2.79,8
000000000000753192,"Virtas KREKENAVOS paštetas BE KONSERVANTŲ, a. r., 150 g",1.99,8
000000000000952949,"Ekologiškas skystasis skalbiklis FROSCH BABY vaikų rūbeliams, 1.5 l",6.15,8
000000000001356186,"Vištų šlaun.mėsos iešmeliai su sviestu ir kukurūz. WELL DONE, 480 g",3.99,8
000000000001373269,"Visavertis šlapiasis ėdalas kačiukams „GOURMET GOLD “ su veršiena, 85 g skardinė",0.99,8
000000000001397916,"Kepti sūrio gabaliukai TZATZIKI, CHILLI JON-CHEDAR, 42 % rieb. s. m., 80 g",1.69,8
000000000000157340,"Bri sūris PRESIDENT su riešutais, 32 % rieb. s. m., 125 g",1.75,8
000000000000684415,"Kondensuoto pieno plombyras NYKŠTUKAS su šokoladu ir migdolais, 450 g",4.79,8
000000000001131685,"Šunų skanėstas AKINU MASICKA su aviena, 75 g",1.53,8
000000000001169155,"KĖDAINIŲ KONSERVŲ FABRIKO marinuoti agurkėliai, 660 g",1.49,8
000000000001289605,"Kečupas HEINZ (su 50 % mažiau cukraus ir druskos už įprastą), 435 g",3.44,8
000000000000806492,"Drėgnosios šluostės-kempinės VILEDA, 6 vnt.",2.59,8
000000000001216456,"Šaldytos apkeptos batatų lazdelės AVIKO, 450 g",3.99,8
000000000001217420,"Minkšti sausainiai BELVITA su lazdynų riešutų skonio įdaru, 250 g",2.79,8
000000000001318570,"Konservuotas kačių ėdalas WHISKAS CLASSIC SELECTION, 4x85 g, 340 g",1.17,8
000000000001308371,"Drėgnosios servetėlės VORTEX virtuvei valyti, 48 vnt.",1.19,8
000000000000930231,"Smulkintas pelėsinis sūris MEMEL BLUE, 50 % rieb. s. m., 100 g",1.59,8
000000000001318541,"Konservuotas kačiukų ėdalas WHISKAS CLASSIC SELECTION, 4x85g, 340 g",1.17,8
000000000001340017,"Kepimo popierius, 20 m x 38 cm, UNIWELL",2.99,8
000000000000544896,"Čiobreliai SANTA MARIA, 10 g",0.99,8
000000000001048068,"Ekologiškas visavertis šunų ėdalas BIO DOG su ėriena, 150 g",0.99,8
000000000000014168,"Bulvių prieskoniai SANTA MARIA, 30 g",0.99,8
000000000000539474,"Elementai DURACELL AA, LR06, 4 vnt., 4 vnt.",2.19,8
000000000000662014,"Traškučiai KLASIKINIAI JDC, 200 g",0.87,8
000000000001214760,"Higieniniai paketai BELLA PERFECTA ULTRA BLUE, 20 vnt.",4.05,8
000000000001255421,"Viso grūdo AGOTOS duona su daigintais rugiais, 350 g",1.59,8
000000000001293722,"Kokosų gėrimas VALSOIA, 1 l",1.69,8
000000000001294378,"Vienkartiniai Puodeliai ILAJA WHITE, 230 ml 20 vnt.",1.49,8
000000000000881103,"Kūdikių indų ploviklis FROSCH BABY, 500 ml",1.79,8
000000000000920824,"Skalbyklių valiklis DR. BECKMANN, 250 g",2.49,9
000000000001049033,"Kačių skanėstas AKINU su antiena, 50 g",0.83,9
000000000000543567,"Meduoliai JDC RIEŠUTINIS LIEŽUVĖLIS, 250 g",1.09,9
000000000001037085,"Kukurūzų traškučiai SANTA MARIA TEX MEX su druska, 185 g",2.59,9
000000000001150234,"Penkių pupelių mišinys pomidorų padaže HEINZ, 415 g",1.79,9
000000000001259237,"Virtos kepamosios dešrelės su džiovintais pomidorais, 270 g",2.09,9
000000000001325711,"Ikrų užtepėlė su krevetėmis WELL DONE, 160 g",1.99,9
000000000001391344,"Porcijinės duonelės TOSTE GOLDEN BITE, 240 g",0.75,9
000000000000089765,"Vištienos marinatas SANTA MARIA, 75 g",0.99,9
000000000001117770,"Higieniai įklotai Lady ANION su anijonų juostele, 48 vnt.",5.09,9
000000000001222567,"Karštai rūkytos lazdelės STIX KABANOSSI CHEESE, a. r., 100 g",1.64,9
000000000000769063,"Šunų skanėstai AKINU su jautiena, 12 vnt.",0.76,9
000000000001088046,"Vištienos prieskonių mišinys THAI WOK SANTA MARIA, 30 g",1.59,9
000000000001320161,"Vištienos skonio makaronai indelyje REEVA, 75 g",0.89,9
000000000001009560,"Ekologiškas šalto spaudimo alyvuogių aliejus BIONATURALIS, 750 ml",10.49,9
000000000000672418,"Meduoliai su medumi JDC, 400 g",1.39,9
000000000001107282,"Visav.ėdal.šun.su eko.jaut.BIO DOG,150g, 150 g",0.99,9
000000000001282663,"Konservuotas kačių ėdalas FELIX su triušiena, 85 g",0.43,9
000000000000062084,"Kukurūzų krepšeliai takams SANTA MARIA TEX MEX, 12 vnt., 135 g",3.79,9
000000000000878734,"Migdolų skonio gėrimas su kalciu ALPRO, 1 l",2.59,9
000000000000928698,"Higieniniai paketai LADY ANION, 8 vnt.",3.39,9
000000000001033777,"Kons. visavertis kačių ėdalas GOURMET GOLD SAVOURY su jaut., 85 g",0.99,9
000000000000813017,"Skalbinių baliklis DR. BECKMANN, 80 g",1.39,9
000000000001033779,"Kons. visavertis kačių ėdalas GOURMET GOLD SAVOURY su ėriena, 85 g",0.99,9
000000000001037094,"Prieskonių mišinys SANTA MARIA TEX MEX CHILI CON CARNE, 28 g",1.59,9
000000000001333413,"Popieriniai rankšluosčiai KLEENEX ULTRA-CLEAN, 2 sluoksnių, 2 vnt. ",2.09,9
000000000001390854,"Sūrio kamuoliukai su trumais WELL DONE PREMIUM, 40 % rieb., 24 g",1.49,9
000000000000359959,"Šunų kramtalai PEDIGREE RODEO su jautiena (4 vnt.), 70 g",0.71,9
000000000001368024,"Sojų desertas ALPRO PLANT PROTEIN, šokolado skonio, 200 g",1.59,9
000000000000369210,"Higieniniai tamponai O.B. PRO COMFORT SUPER, 16 vnt.",4.19,9
000000000000838864,"Ekologiškas saulėgrąžų aliejus BIONATURALIS, 1 l",3.59,9
000000000001219239,"Sausas sterilizuotų kačių ėdalas PERFECT su jautiena, 750 g",2.99,9
000000000001305119,"Šaltai rūkyta KERMOŠIAUS nugarinė, 1 kg",11.99,9
000000000001379396,"Kačių skanėstas DREAMIES su vištiena ir antiena, 60 g, 60 g",1.95,9
000000000000152966,"Higieniniai paketai ALWAYS Sensitive Normal Plus, S1, 20 vnt.",4.59,9
000000000001020989,"Glaistytas desertas MIO&RIO, braškių skonio, 23 % rieb., 35 g",0.29,9
000000000000825452,"Kukurūzų ir kviečių tortilijos SANTA MARIA, 336 g",3.19,9
000000000000909511,"Popierinės keksiukų formelės ILAJA, 50 vnt., 50 vnt.",1.49,9
000000000000943558,"Kačių skanėstas DREAMIES su lašiša, 60 g",1.95,9
000000000000968662,"Riebalų valiklis FROSCH, 500 ml",2.55,9
000000000000968724,"Maistinė plėvelė UNIWELL, 20 m x 0,29 m, 1 vnt.",0.89,9
000000000001265518,"Intymiosios higienos prausiklis NEUTRAL, 250 ml",3.99,9
000000000001282662,"Konservuotas kačių ėdalas FELIX su vištiena, 85 g",0.43,9
000000000001307616,"Prancūziškas batonas su grūdais ir sėklomis MEDOMI, 240 g",0.69,9
000000000001385196,"ARMĖNIŠKAS lavašas, pikantiško skonio, 190 g",0.99,9
000000000000597487,"Šunų kramtalas NATURE LIVING (galvijų odos kaulas, 11 cm), 2 vnt.",0.95,9
000000000000610770,"Konserv. visavertis suaugusių šunų ėdalas PEDIGREE (4x100 g), 400 g",1.41,9
000000000001267789,"Sausas kačių ėdalas FRISKIES su vištiena ir daržovėmis, 1 kg",2.98,9
000000000001312414,"Lėtai virta jautiena WELL DONE, 600 g",6.99,9
000000000001353205,"Virtos kiaulienos sardelės WELL DONE, a. r., 400 g",2.09,9
000000000001218770,"DZŪKIJOS DESERTINIS sausainių rinkinys, 420 g",2.09,9
000000000001308525,"Higieniniai paketai LIBRESSE ULTRA GOODNIGHT, 16 vnt.",3.99,9
000000000001177043,"Šaldyti maži čeburekai JUDEX su vištienos įdaru, 500 g",1.31,10
000000000001299358,"Higieniniai paketai KOTEX NATURAL NORMAL, 8 vnt.",2.09,10
000000000001316784,"Sausas kačių ėdalas su paukštiena ARDOUR STERILISED, 800 g",2.49,10
000000000001322285,"Ekologiška įvarių vaisių tyrelė MARMALUZI (nuo 4 mėn.), 90 g",0.99,10
000000000000648666,"Šaldytos bulvių skiltelės AVIKO TEX MEX, 600 g",1.91,10
000000000001009844,"Universalusis valiklis FROSCH, 500 ml",2.09,10
000000000000726369,"Vanilinis plombyras NYKŠTUKAS, 400 g",4.79,10
000000000001246027,"Šunų skanėstas PRIMADOG su ėriena, 50 g",1.29,10
000000000000850157,"Natūralus jogurtinis gėrimas ACTIMEL, 4 x 100 g, 1,5 % rieb., 400 g",1.99,10
000000000000905534,"Šviesi ruginė raikyta AGOTOS duona su saulėgrąžomis, 700 g",1.49,10
000000000001020990,"Vanilės skonio glaistytas desertas MIO&RIO, 23 % rieb., 35 g",0.29,10
000000000001082538,"Sauskelnės-kelnaitės HUGGIES PANTS (5) berniukams (12-17 kg), 68 vnt.",17.59,10
000000000000367679,NIVEA ORIGINAL puoselėjamasis lūpų balzamas,3.65,10
000000000000369205,"Higieniniai tamponai O.B. PRO COMFORT MINI, 16 vnt.",4.19,10
000000000000763751,"Stambių veislių šunų kramtalas PEDIGREE DENTASTIX (7 vnt.), 270 g",2.69,10
000000000000795593,"Kapų žvakės įdėklas, 35 val., plastikinis",0.5,10
000000000001293149,"Karštai rūkytos KABANOSSI lazdelės, 300 g, 300 g",4.19,10
000000000000544005,"Kotletų prieskoniai SANTA MARIA, 28 g",0.99,10
000000000000876665,"SKANDINAVIŠKA silkių filė EDEGA, 450 g",3.09,10
000000000001282661,"Konservuotas kačių ėdalas FELIX su mėsa padaže, 340 g",1.43,10
000000000001368022,"Augalinis avižų gėrimas VALSOIA BARISTA, be pridėt. cukraus, 1 l",1.79,10
000000000001376875,"Fermentuotas sojų produktas ALPRO, braškių ir aviečių skonio, 150 g",1.59,10
000000000000818617,"Konservuotas kačių ėdalas SHEBA CUISINE su vištiena, 85 g",0.44,10
000000000001160215,"Ekologiškas obuolių sidro actas BIONATURALIS, 250 ml",1.31,10
000000000001295568,"Viščiukų šlaunelių mėsos iešmeliai su prancūzišku marinatu, 480 g",3.89,10
000000000001348912,"Konservuotas kačiukų ėdalas SHEBA KITTEN padaže, 340 g",1.64,10
000000000000818615,"Konserv. visavertis kačių ėdalas SHEBA CUISINE su lašišomis, 85 g",0.44,10
000000000001296941,"Higieniniai įklotai LIBRESSE LONG EXTRA, 42 vnt.",3.79,10
000000000000014162,"Krapai SANTA MARIA, 7 g",0.99,10
000000000001131687,"Baltyminės šunų lazdelės PAPKY su jautiena, 120 g",0.76,10
000000000001208233,"Kietojo sūrio KKF užtepėlė su kumpiu, 53 % rieb., 280 ml",1.49,10
000000000001330507,"Kepamosios vištienos dešrelės HEAT & EAT su mocarela, a.r., 270 g",2.09,10
000000000001357045,"Tamponai O.B. PROCOMFORT SUPER PLUS, 32 vnt.",7.09,10
000000000001390843,"Sūrio kamuoliukai WELL DONE PREMIUM, picos skonio, 39 %, 24 g",1.49,10
000000000001118831,"Skalbyklių priežiūros priemonė DR. BECKMANN, 250 ml",2.19,10
000000000001132235,"Pelėsių valiklis CIF, 435 ml",3.89,10
000000000001335951,"Šaldytos čiuros AVIKO, 300 g",2.39,10
000000000000733666,"Sausainiai BELVITA NUTS & HONEY su riešutais ir medumi, 300 g",2.65,10
000000000001354868,"Šv. afrikinių šamų plėšikų (Clarias gariepinus) filė su oda, 320 g",3.99,10
000000000000555720,"Vyriškas kūno ir plaukų prausiklis NIVEA MEN SPORT, 250 ml",4.19,10
000000000001020991,"Šokolado skonio glaistytas desertas MIO&RIO, 23% rieb., 35 g",0.29,10
000000000001037084,"Kukurūzų traškučiai su sūriu SANTA MARIA, 185 g",2.59,10
000000000001048067,"Ekologiškas visavertis šunų ėdalas BIO DOG su vištiena, 150 g",0.99,10
000000000000168688,"Virta ŽEMAITIŠKA dešra, a. r., 1 kg",7.99,10
000000000001018557,"Meduoliai JDC KOKOSINIS LIEŽUVĖLIS, 250 g",1.09,10
000000000000014173,"Karis SANTA MARIA, 25 g",0.99,10
000000000001358424,"Citrininis pyragas, 375 g",2.69,10
000000000001370544,"Šaldytos argentininės jūrinės lydekos WELL DONE, 700 g",2.59,10
000000000000825927,"Žolelių ir česnakų mišinys SANTA MARIA, 28 g",1.39,10
000000000001293150,"Karštai rūkytos lazdelės STIX KABANOSSI BACON, a. r., 100 g",1.64,10
000000000001311324,"Ekologiški česnakų milteliai SANTA MARIA, 46 g",3.29,10
000000000001318551,"Sausas kačių ėdalas WHISKAS su tunu, 800 g",2.09,10
000000000001380503,"Šaldyti varškėčiai DONE COOKIN CURD PANCAKES, 400 g",3.59,11
000000000000626580,"Makaronai LUBELLA FUSILLI Nr. 20 (sraigteliai), 400 g",0.89,11
000000000000733074,"Tirpioji sūrio sriuba MAGGI 5 MINUTES su skrebučiais, 19 g",0.59,11
000000000000946222,"Kepimo rankovė 3 m x 29 cm, 1 vnt.",0.69,11
000000000001114545,"Marinuoti rinktiniai pievagrybiai, 480 g",2.27,11
000000000001255223,"Konservuotas šunų ėdalas LOVETT su jautiena, 1,25 kg",1.19,11
000000000001322706,"Konservuotas kačių ėdalas GOURMET GOLD su vištiena, 340 g",1.99,11
000000000000820675,"KĖDAINIŲ KONSERVŲ FABRIKO mėlynių uogienė, 430 g",2.87,11
000000000000844129,"Kepimo popierius SAGA, 24 lapai, 24 vnt.",3.29,11
000000000001077437,"Šaldyti bulviniai blyneliai AVIKO, 750 g",3.03,11
000000000001304299,"Kapų žvakė ""LOTOS""",1.15,11
000000000001340226,Šunų ekskrementų maišeliai LOVETT 10x20vnt,3.59,11
000000000000266231,Kapų žvakė P-2,0.18,11
000000000000424454,"Originalus kečupas HEINZ, 460 g",2.84,11
000000000000951750,"Šunų ėdalo papildas NATURE LIVING (džiovintos triušių ausys), 20 g",0.89,11
000000000000392758,"Džiūvėsėliai KLASIKINIAI JDC, 200 g",1.08,11
000000000001098182,"Indaplovių valiklis DR. BECKMANN, 75 g",2.79,11
000000000001320165,"Makaronai REEVA, jautienos skonio, 60 g",0.29,11
000000000000017123,"Skutimosi putos NIVEA MEN SENSITIVE jautriai odai, 200 ml",5.49,11
000000000000818618,"Konservuotas visavertis kačių ėdalas SHEBA CUISINE su tunais, 85 g",0.44,11
000000000001203111,"Konservuotas kačių ėdalas FRISKIES su lašiša, 4 x 85 g, 340 g",1.22,11
000000000001370302,"Skalbiklis FROSCH ALOE VERA, 22 skalbimams, 1,5 l, 1.5 l",5.99,11
000000000001126043,"Virtiniai su grybų įdaru, 500 g",1.79,11
000000000001338912,"Makaronai REEVA, grybų skonio, 85 g",0.59,11
000000000000082907,"Vidutinių veislių šunų kramtalas PEDIGREE DENTASTIX (7 vnt.), 180 g",1.95,11
000000000000494354,"Glaist. varškės desertas MIO&RIO su spanguol., 24,7 % rieb., 38 g",0.33,11
000000000000802516,"Elementai DURACELL LR44, 1,5 V, 2 vnt., 2 vnt.",1.24,11
000000000001130082,"Ekol. intymios higienos prausiklis BALANCE su augal. ekstr., 275 ml",2.99,11
000000000001267788,"Sausas kačių ėdalas FRISKIES su lašiša ir daržovėmis, 1 kg",2.98,11
000000000000450714,"Viduržemio jūros prieskoninių žolelių mišinys SANTA MARIA, 12 g",0.99,11
000000000000806332,"Migdolų kvapo skalbinių minkštiklis FROSCH, 1 l",2.29,11
000000000001250940,"Šunų ėdalas su jautiena LOVETT 400g, 400 g",0.59,11
000000000001289512,"Kvieč. tortilijos su burokėliais SANTA MARIA TEX MEX, 6 vnt., 240 g",3.39,11
000000000001328506,"Greitai paruošiami makaronai REEVA, vištienos skonio, 85 g, 85 g",0.59,11
000000000001098334,NIVEA BLACKBERRY SHINE puoselėjamasis lūpų balzamas ,2.59,11
000000000001117785,"Higieniniai įklotai LIBRESSE NORMAL BLACK, 30 vnt.",2.29,11
000000000001305758,"Linų sėmenys (milteliai), 300 g",1.99,11
000000000001362957,"Elementai DURACELL AA, LR6, 24 vnt.",9.99,11
000000000000140453,"Indų kempinėlės (5 vnt.) Spontex, 5 vnt.",1.19,11
000000000000649182,"Šviesi raikyta AGOTOS duona, 800 g",1.49,11
000000000001368000,"Sojų desertas ALPRO PLANT PROTEIN, vanilės skonio, 200 g",1.59,11
000000000001138575,"Šokoladinis plombyras POLS, 75 g",1.49,11
000000000001386230,"Virta BIOVELOS PUSRYČIŲ dešra, aukščiausia rūšis, 330 g",1.99,11
000000000000653503,NIVEA Dušo želė WATER LILY & OIL ,4.19,11
000000000001068195,"Pomidorų padažas SANTA MARIA TEX MEX CHUNKY SALSA, 230 g",3.49,11
000000000001203642,"Konservuotas kačių ėdalas FRISKIES su jautiena, 4 x 85 g, 340 g",1.22,11
000000000001293721,"Kokosų ir migdolų gėrimas VALSOIA, 1 l",1.69,11
000000000001376876,"Sojų produktas ALPRO PLANTPROTEIN, raudonųjų uogų skonio, 200 g",1.59,11
000000000001395282,"Club 4 Paws Premium su antiena padaže, vištiena ir jautiena, konservuotas pašaras suaugusioms katėms, 4 x 85 g",1.14,11
000000000000083990,"Ekologiškas WC valiklis FROSCH WC GEL CITRUS, 750 ml",1.65,11
000000000000711695,"Šaldyti varškėčiai JUDEX, 500 g",1.67,11
000000000000764043,"Kons. kačių ėdalas GOURMET GOLD su jautiena ir vištiena, 85 g",0.99,11
000000000001141017,"Higieniniai įklotai LIBRESSE NORMAL, 58 vnt.",3.39,12
000000000001174169,"Sausainiai BELVITA su grūdais, spanguolėmis ir razinomis, 250 g",2.79,12
000000000001312380,"Lėtai virta plėšyta kiauliena WELL DONE, 700 g",5.99,12
000000000001316081,"Sausas kačiukų ėdalas ONE JUNIOR su vištiena, 800 g",4.19,12
000000000001307677,"Konservuotas kačių ėdalas su vištiena ir tunu, 340 g",2.29,12
000000000001316786,"Sausas vidutinių veislių šunų ėdalas su ėriena ARDOUR, 1,5 kg",3.99,12
000000000001318593,"Konservuotas kačių ėdalas WHISKAS TASTY MIX, 4 x 85 g, 340 g",1.17,12
000000000000014118,"Pastilės MYNTHON, 34 g",0.53,12
000000000000743467,NIVEA MEN ANTI DANDRUFF šampūnas nuo pleiskanų vyrams ,4.79,12
000000000001258303,"Vienkartinės lėkštės ILAJA WHITE, 18cm 20vnt.",0.99,12
000000000001316154,"Sausas kačių ėdalas ONE su vištiena, 1,5 kg",6.99,12
000000000001340951,"Barbekiu padažas KKF, 320 g",1.37,12
000000000001367808,"FELIX sriuba katėms su žuvimis (menkėmis, tunais, plekšnėmis) 6*48 g",2.09,12
000000000000031588,"Picų prieskoniai SANTA MARIA, 5 g",0.99,12
000000000000715699,"Riestainiai su sviestu JDC, 280 g",1.15,12
000000000000818966,"Higieniniai paketai Libresse Invisible Super, 36 vnt.",5.79,12
000000000001201825,"Sausas kačių ėdalas ONE INDOOR su kalakutiena, 1,5 kg",6.99,12
000000000001316145,"Žvėrienos ėdalas PRIMADOG, 260 g",1.17,12
000000000001366491,"Vytinta pjaustyta SALCHICHON dešra WELL DONE, I r., 80 g",1.35,12
000000000001396891,"Fermentuotas sojų produktas ALPRO, natūralaus jogurto skonio, 400 g",2.19,12
000000000000450715,"Malti juodieji pipirai SANTA MARIA, 16 g",1.49,12
000000000001023122,"Konservuotas kačių ėdalas SHEBA (mini rinkinys su žuvimis), 300 g",1.49,12
000000000001074577,"DZŪKIJOS MALŪNO sausainiai su karamelizuotais riešutais, 200 g",1.49,12
000000000001277787,"KĖDAINIŲ KONSERVŲ FABRIKO bruknių ir serbentų uogienė, 430 g",2.15,12
000000000001318575,"Konservuotas kačių ėdalas WHISKAS PURE DELIGHT, 340 g",1.17,12
000000000000057370,"WC valiklis HARPIC ORIGINAL, 750 ml",1.79,12
000000000000760831,"Drėgnosios kempinės-šluostės SPONTEX (3 vnt.), 3 vnt.",1.47,12
000000000000764964,"Vištienos ir daržovių košė MARMALUZI (nuo 8 mėn.), 190 g",1.39,12
000000000000980388,"Kačių užkandis FELIX PARTY, 60 g",1.99,12
000000000001089086,"Ekologiškas šaltai spaustas linų sėmenų aliejus BIONATURALIS, 250 ml",2.39,12
000000000001235192,"Javainių batonėlis ME2U su bananais ir braškėmis, 45 g",0.53,12
000000000001318582,"Konservuotas kačių ėdalas WHISKAS PURE DELIGHT MIXED, 4x85 g, 340 g",1.17,12
000000000001358407,"Karamelinis pyragas, 400 g",2.69,12
000000000001376877,"Jogurt. gėrimas ACTIMEL+, braškių ir granat. sk., 4 x 100 g, 400 g",2.19,12
000000000000386455,"KĖDAINIŲ tunai su meksikietiškais priesk. sumuštiniams tepti, 280 g",1.71,12
000000000000946223,"Kepimo rankovė UNIWELL, 3 m x 41 cm, 1 vnt.",1.39,12
000000000001163397,"Skalbinių minkštiklis FROSCH, levandų kvapo, 750 ml",1.79,12
000000000000867954,"Kempinės VILEDA  Miraclean ,2 vnt., 2 vnt.",1.69,12
000000000001095045,"Šveičiamasis pienelis CIF CREAM (ULTRA WHITE), 693 g",2.49,12
000000000001131688,"Baltyminės šunų lazdelės PAPKY dantims prižiūrėti, 103 g",0.76,12
000000000001236616,"Kačių skanėstas AKINU su vištiena, 50 g",0.87,12
000000000001253351,"Sauskelnės-kelnaitės HUGGIES PANTS 5 berniukams (12-17 kg), 48 vnt.",13.59,12
000000000001348321,"Grybų sriuba MAGGI su skrebučiais, 22 g, 22 g",0.59,12
000000000001383114,"Lietuviškas kiaulienos paslėpsnis su oda, atšaldytas, be antibiotikų, 1 kg",3.79,12
000000000000496567,NIVEA Rutulinis dezodorantas PEARL & BEAUTY moterims,4.79,12
000000000001187704,"Česnakinis majonezinis KKF padažas, 40 % rieb., 500 ml",1.45,12
000000000001227710,"Š.r. sausai sūdyta KLEBONIŠKA nugarinė su čiobreliais, a.r., 1 kg",11.99,12
000000000001305759,"Balkšvųjų gysločių sėklų luobelės ŽOLYNĖLIS, 200 g",5.99,12
000000000001314132,"Šunų vienkartinės palos LOVETT, 60 x 90 cm, 1 vnt.",3.59,12
000000000001330589,"Virta KLASIKINĖ dešra, a. r., 400 g",2.99,12
000000000001362840,"Kapų žvakė su dangteliu, dega 36 val., 1 vnt.",0.5,12
000000000000530399,"KĖDAINIŲ pikantiška lašišos užtepėlė sumuštiniams, 280 g",1.49,12
000000000000544894,"Rozmarinai SANTA MARIA, 15 g",0.99,13
000000000000748174,"Indaplovių skalavimo skystis FINISH, 800 ml ",4.79,13
000000000000946224,"Maisto plėvelė UNIWELL, 20 m x 28 cm, 1 vnt.",0.89,13
000000000001070313,"Higieniniai įklotai ALWAYS Normal, Odour Lock, 60 vnt.",5.69,13
000000000001384934,"Šaldyti apvalūs vištienos kotletai DONE COOKIN, 180 g",2.63,13
000000000001394859,"K. rūk. KABANOSI lazdelės su BIOVELA, grietine, svog., a. r., 100 g",1.64,13
000000000000157617,"Sausa šluostė VILEDA WETTEX (20,3 x 17,6 cm), 1 vnt.",0.49,13
000000000000183363,"Šunų kramtalas NATURE LIVING (galvijų odos kaulas, 17 cm), 100 g",1.13,13
000000000000908764,NIVEA Purškiamasis dezodorantas BLACK&WHITE POWER vyrams ,6.39,13
000000000001175650,"Vištienos sriuba MAGGI su makaronais, 12 g",0.59,13
000000000001369718,"Kempinės-šluostės VILEDA, 3+1 vnt.",1.69,13
000000000001037091,"Buritų prieskonių mišinys SANTA MARIA TEX MEX, 28 g",1.29,13
000000000001133979,"Sojų varškė BERIEF, 400 g",2.49,13
000000000001167840,"Migdolų gėrimas VALSOJA su kalciu ir vitaminais, 1 l",1.69,13
000000000001176536,"Žirnių sriuba su skrebučiais MAGGI 5 MINUTES, 22 g",0.59,13
000000000001285002,"Kačių ėdalas FELIX TASTY SHREDS su įvairia mėsa, 4 x 80 g, 320 g",1.55,13
000000000001322287,"Ekol. mangų desertas MARMALUZI su šalav. sėklomis (8+ mėn.), 90 g",0.99,13
000000000000921414,"Elementai (AAA,8vnt.) DURACELL, LR03",4.24,13
000000000001076886,"Ekologiškas rapsų aliejus BIONATURALIS, 750 ml",2.81,13
000000000001082537,"Sauskelnės-kelnaitės HUGGIES PANTS (5) mergaitėms (12-17 kg), 68 vnt.",17.59,13
000000000001232714,"Intymios hig. prausiklis-putos MARGARITA su pieno rūgštimi, 150 ml",4.99,13
000000000001236615,"Kačių skanėstas AKINU su triušiena, 50 g",0.87,13
000000000001364785,"KĖDAINIŲ KONSERVŲ FABRIKO marinuoti agurkų griežinėliai, 680 g",1.49,13
000000000001364972,"KĖDAINIŲ KONSERVŲ FABRIKO mangų džemas, 330 g",1.67,13
000000000000539477,"Elementai DURACELL AAA, LR03, 4 vnt., 4 vnt.",2.19,13
000000000000662524,"K.kač.ėd.mės.sav.sul Gourmet Gold, 340 g",1.99,13
000000000000773241,"Higieniniai įklotai CAREFREE COTTON, 76 vnt.",6.49,13
000000000001270834,"Kačių skanėstas FELIX PLAY TUBES su vištiena ir kepenėlėmis, 50 g",1.99,13
000000000001308966,"Club 4 Paws Premium su ėriena padaže. Visavertis konservuotas pašaras suaugusiems mažų veislių šunims, 4 x 85 g",1.14,13
000000000001312400,"Silikoninis kačių kraikas CLEAN & TIDY su levandomis, 3,8 l",2.99,13
000000000001328572,"Higieniniai paketai ALWAYS Ultra Secure Night Extra, S5, 20 vnt.",7.99,13
000000000000928699,"Higieniniai paketai LADY ANION, 15 vnt.",3.39,13
000000000001353212,"Virta DAKTARIŠKA kiaulienos dešra WELL DONE, a. r., 300 g",1.69,13
000000000001362869,"Saldžiosios garstyčios HEINZ MILD, 240 g",2.61,13
000000000001395325,"Club 4 Paws Premium su kalakutiena, triušiena ir ėriena, konservuotas pašaras suaugusioms katėms, 4 x 85 g",1.14,13
000000000001209168,"Vytintos dešrelės STIX SALAMINI PISTACHIO, a. r., 80 g",1.74,13
000000000001316061,"Sausas vyresnio amžiaus kačių ėdalas ONE SENIOR su vištiena, 800 g",4.19,13
000000000001370572,"Drėgnosios servetėlės VORTEX EXTRA STRONG UNIVERSAL, 36 vnt.",1.29,13
000000000001380025,"KĖDAINIŲ KONSERVŲ FABRIKO marinuoti kelmučiai NAMEKO, 480 g",2.39,13
000000000000014283,"Česnakinis mėsos ir vištienos marinatas SANTA MARIA BBQ, 75 g",0.99,13
000000000000017116,NIVEA Dušo želė CR?ME SOFT,4.19,13
000000000001115195,"Higieniniai paketai LIBRESSE ULTRA GOODNIGHT EXTRA, 8 vnt.",2.69,13
000000000001318458,"Sausas kačių ėdalas WHISKAS su vištiena, 800 g",2.09,13
000000000000017117,NIVEA Dušo želė vyrams ENERGY,4.19,13
000000000000883343,"Visavertis suaugusių kačių pašaras, 1 kg",1.49,13
000000000000908725,NIVEA BLACK&WHITE CLEAR purškiamasis antiperspirantas moterims ,6.39,13
000000000000921413,"Elementai (AA,8vnt.) DURACELL, LR06",4.24,13
000000000000928697,"Higieniniai paketai LADY ANION, 10 vnt.",3.39,13
000000000000980387,"Kačių skanėstas FELIX PARTY OCEAN MIX, 60 g",1.99,13
000000000000981070,NIVEA Dušo želė vyrams SPORT,6.89,13
000000000001222987,"Med. vienkartinės šakutės ILAJA, 10 vnt.",0.99,13
000000000001310653,"Avižų gėrimas be cukraus ZERO, 1 l",1.69,13
000000000001361551,Kepimo popierius karšto oro gruzdintuvėms,3.99,14
000000000000062090,"Aštrusis pomidorų padažas SANTA MARIA TEX MEX TACO, 230 g",3.29,14
000000000001320603,"Konservuotas kačių ėdalas ARDOUR su vištiena ir kalakutiena, 340 g",1.24,14
000000000001356209,"Šviežios kiaulienos dešrelės su sūriu WELL DONE, 400 g",2.79,14
000000000001226504,"Saldžiarūgštis KKF padažas su ananasais, 500 ml",1.43,14
000000000001234670,"Javainių batonėlis ME2U su kokosais, 45 g",0.53,14
000000000001236614,"Šunų skanėstas AKINU su triušiena, 75 g",1.46,14
000000000001257236,"Svogūnų žiedai AVIKO tešloje, 450 g",2.95,14
000000000001296561,"Konservuotas šunų ėdalas FINE DOG su jautiena, 1200 g",3.24,14
000000000001296564,"Konservuotas šunų ėdalas FINE DOG su elniena, 1200 g",3.24,14
000000000001320433,"Konservuotas kačių ėdalas SHEBA NATURE'S su paukštiena, 340 g",1.64,14
000000000001322270,"Ekologiška obuolių tyrelė MARMALUZI (nuo 4 mėn.), 90 g",0.99,14
000000000001277507,"Takų prieskoniai SANTA MARIA su aitriosiomis paprikomis, 28 g",1.69,14
000000000001299406,"Marinara pomidorų padažas KKF, 435 ml",1.49,14
000000000001320624,"Konservuotas šunų ėdalas LOVETT su aviena ir jautiena, 400 g",1.13,14
000000000001321687,"Tamponai O.B. PROCOMFORT EXTRA SUPER, 36 vnt.",10.99,14
000000000001350574,"Karštai rūkytos dešrelės WELL DONE, a. r., 520 g",3.05,14
000000000000631736,"Kapų žvakė, dega 24 val., 1 vnt.",0.8,14
000000000001080024,"Augalinis dešros pakaitalas WELL WELL, 100 g",1.59,14
000000000001151372,"Druska SANTA MARIA, 92 g",1.59,14
000000000001320623,"Konservuotas kačių ėdalas ARDOUR su jautiena ir vištiena, 340 g",1.24,14
000000000001175243,"Šunų ėdalas PRIMADOG su jautiena, 600 g",2.39,14
000000000001236020,"DZŪKIJOS PROGINIS sausainių rinkinys, 1 kg",4.79,14
000000000001255224,"Konservuotas šunų ėdalas LOVETT su kepenėlemis, 1,25 kg",1.19,14
000000000001268543,"Šilauogių skonio želė MOČIUTĖS, 80 g",0.39,14
000000000001343257,"Pomidorų padažas BE KONSERVANTŲ KKF, 970 g",2.09,14
000000000000571385,"Skalbinių minkštiklis FROSCH ALOE VERA su alavijais, 750 ml",1.85,14
000000000000789939,"Figūrinė kempinėlė VILEDA PUR ACTIVE, 1 vnt.",0.69,14
000000000000888826,"Sojų padažas HEINZ, 150 ml",2.09,14
000000000001222988,"Med.vienkartiniai šaukštai ILAJA, 10 vnt",0.99,14
000000000000725431,"Medinė mentelė, 1 vnt.",0.99,14
000000000000768488,"Intymios higienos servetėlės ""Bella Medica"", 20 vnt.",1.85,14
000000000001130765,"Migdolų miltai ALVO, 300 g",3.99,14
000000000001184534,"Higieniniai įklotai ABENA LIGHT MINI PLUS, 16 vnt.",3.32,14
000000000001250431,"Silikoninis kačių kraikas CLEAN & TIDY, 3,8 l, 3.8 l",2.99,14
000000000001255220,"Konservuotas kačių ėdalas LOVETT su paukštiena, 415 g",0.55,14
000000000001282659,"Konserv. kačių ėdalas FELIX su žuvimi padaže,4x85g, 340 g",1.43,14
000000000001290249,"Šaldyti tarkuotų bulvių cepelinai MAMOS su varškės įdaru, 800 g",2.09,14
000000000001308446,"Konservuotas kačių ėdalas su jautiena ONE, 340 g",2.29,14
000000000001328551,"Higieniniai įklotai ALWAYS Long, Fresh Scent, 64 vnt.",7.19,14
000000000000494293,"Higieniniai paketai LIBRESSE, 20 vnt.",3.39,14
000000000000555719,NIVEA Dušo želė LEMON &OIL,4.19,14
000000000001163398,"Indaplovių skalavimo priemonė FROSCH, 750 ml",3.75,14
000000000001289469,"Kiaulienos šonkauliai su barbekiu marinatu WELL DONE, 1 kg",5.49,14
000000000001338402,"Padažas SWEET CHILLI KKF, 300 g",1.37,14
000000000000359958,"Mažų veislių šunų skanėstai PEDIGREE DENTASTIX, 3 vnt., 45 g",0.69,14
000000000001137927,"Intymios higienos prausiklis NIDA su gintaro ekstraktu, 500 ml",2.99,14
000000000001289515,"Kukurūzų traškučiai SANTA MARIA TEX MEX su druska, 475 g",5.89,14
000000000001387518,"Konservuotas kačiukų ėdalas WHISKAS PURE DELIGHT, 340 g",1.17,14
000000000000936480,"Karštai rūkyta sausai sūdyta KLEBONIŠKA nugarinė, a. r., 1 kg",13.49,14
000000000000943560,"„Dreamies“ kačių skanėstai su jautiena, 60g",1.95,14
000000000000980386,"Kačių skanėstas FELIX MIXED GRILL, 60 g",1.99,14
000000000001037098,"Kukurūzų traškučiai SANTA MARIA TEX MEX su sūriu, 475 g",5.89,15
000000000001081768,"Vištienos prieskoniai SANTA MARIA, 90 g",2.15,15
000000000001137374,"Ekologiškas obuolių actas BIONATURALIS, 300 ml",1.31,15
000000000001321957,"Ekologiška obuolių ir kriaušių tyrelė MARMALUZI (nuo 4 mėn.), 90 g",0.99,15
000000000001340135,"Skystasis skalbiklis FROSCH, granatų kvapo, 22 skalb., 1.5 l",5.99,15
000000000001366522,"Vytinta pjaustyta čioriso dešra WELL DONE, I r., 80 g",1.35,15
000000000001387569,"Vytinta DIDIKŲ dešra WELL DONE, A. r., 200 g",2.99,15
000000000000030334,"Spiraliniai šveitikliai VILEDA GLITZI INOX, 2 vnt.",1.19,15
000000000000057363,"Indaplovių druska FINISH SPECIAL SALT, 1.5 kg",2.99,15
000000000001240289,"Ekologiškas alyvuogių aliejus BIONATURALIS, 500 ml",8.99,15
000000000001346859,"Skalbinių minkštiklis SILAN FRESH SKY, 64 skalb., 1.41 l",4.49,15
000000000000152967,"Higieniniai paketai ALWAYS Sensitive Super Plus, S2, 16 vnt.",4.59,15
000000000000544009,"Mėsos prieskoniai SANTA MARIA su priesk. žolel. ir česnakais, 20 g",0.99,15
000000000001132233,"Kalkių valiklis CIF, 435 ml",3.89,15
000000000001259537,"Konservuotas kačių ėdalas LOVETT su įvair. rūšių žuvimi, 400 g",0.99,15
000000000001308376,"Drėgnosios servetėlės VORTEX baldams valyti, 48 vnt.",1.19,15
000000000001316777,"Sausas mažų veislių šunų ėdalas su ėriena ARDOUR, 1,5 kg",3.99,15
000000000000544010,"Gvazdikėliai SANTA MARIA, 10 g",1.19,15
000000000000715877,"Higieniniai paketai BELLA CLASSIC, 20 vnt.",1.79,15
000000000001119080,"Sausas sterilizuotų kačių ėdalas PERFECT su vištiena, 750 g",2.99,15
000000000001289514,"Kviečių tortilijos su morkomis SANTA MARIA TEX MEX, 6 vnt., 240 g",3.39,15
000000000001308327,"Drėgnosios servetėlės VORTEX voniai valyti, 48 vnt.",1.19,15
000000000001350558,"Karštai rūkytos sardelės WELL DONE, a. r., 400 g",2.15,15
000000000000026198,"Malti imbierai SANTA MARIA, 20 g",0.99,15
000000000000417488,"Kečupas HEINZ, 910 g",4.71,15
000000000000654883,"Pilno grūdo makaronai LUBELLA FUSILLI (sraigteliai), 400 g",1.07,15
000000000001131686,"Baltyminės šunų lazdelės PAPKY su žarnokais, 120 g",0.76,15
000000000001231352,"Sausas kačių ėdalas sterilizuotoms katėms ONE DUAL, 750 g, 750 g",4.19,15
000000000001255465,"Baltyminis batonėlis ME2U PROTEIN su kokosais, 60 g",1.29,15
000000000001361982,"Sauskelnės HUGGIES OVERNIGHTS S5, 24 vnt., 24 vnt.",8.39,15
000000000000825926,"Provanso žolelės SANTA MARIA, 6 g",0.99,15
000000000001011038,"Tamponai KOTEX SUPER, 32 vnt., 32 vnt.",5.95,15
000000000001190378,"Citrininiai grietininiai ledai POLS su citrinų sk. glaistu, 75 g",1.49,15
000000000001209167,"Vytintos dešrelės STIX SALAMINI CHEESE, a. r., 80 g",1.74,15
000000000001253250,"Sauskelnės-kelnaitės HUGGIES PANTS 6 berniukams (15-25 kg), 44 vnt.",13.59,15
000000000001304529,"Skalb. lapeliai DR. BECKMANN MAGIC LEAVES COLOUR (25 skalb.), 25 vnt.",5.29,15
000000000001305033,"Javainių batonėlis ME2U su avietėmis ir spanguolėmis, 45 g",0.53,15
000000000001323430,"Šunų ėdalas su žvėriena PRIMADOG, 600 g",2.39,15
000000000001355809,"Vonios valiklis CIF, 500 ml",3.19,15
000000000001362958,"Elementai DURACELL AAA, LR6, 24 vnt.",9.99,15
000000000000071230,"Mėsos prieskoniai SANTA MARIA, 35 g",1.09,15
000000000000769065,"Šunų ėdalo papildas AKINU dantims prižiūrėti, 7 vnt.",1.46,15
000000000001246026,"Šunų skanėstas PRIMADOG su ėriena ir lašiša, 80 g",1.82,15
000000000001297898,"Konservuotos KKF Chalapos aitriosios paprikos, 330 g",1.29,15
000000000001316785,"Sausas šunų ėdalas su paukštiena ARDOUR ADULT, 1,5 kg",3.99,15
000000000001396334,"AGOTOS TYRA juoda duona su rugių branduoliais, saulėgrąžomis, 340 g",0.89,15
000000000000251564,"Graužikų šienas NATURE LIVING, 250 g",1.69,15
000000000000931753,"Stiklinis indas maisto produktams laikyti UNIWELL, 520 ml, 1 vnt.",4.99,15
000000000000994535,NIVEA Care maitinamasis kremas 100ml,5.69,15
000000000001078835,"Elementai DURACELL 2032, 2 vnt., 2 vnt.",1.99,15
000000000001110988,"Mikropluošto šluostės VILEDA, 4 vnt.",3.99,15
000000000001255218,"Konservuotas kačių ėdalas LOVETT su jautiena, 415 g",0.55,15
000000000001338917,"Makaronai REEVA ASIAN, keptos vištienos skonio, 60 g",0.37,16
000000000001345259,"Bulvių košė REEVA, grietinėlės skonio, 40 g",0.64,16
000000000001382068,"Plombyriniai ledai POLS, be laktozės, 75 g",1.49,16
000000000000538339,"KĖDAINIŲ KONSERVŲ FABRIKO NAMINIAI krienai, 250 g",1.07,16
000000000000668710,"Tirpioji barščių sriuba MAGGI 5 MINUTES su skrebučiais, 16 g",0.59,16
000000000000711889,"Indų kempinės VILEDA SLALOM UNIVERSAL, 2 vnt.",1.79,16
000000000000768160,"Higieniniai paketai ""Bella for teens""10 vnt., 10 vnt.",1.69,16
000000000001255464,"Baltyminis batonėlis ME2U PROTEIN su šokoladu, 60 g",1.29,16
000000000001397898,"Kepti sūrio gabaliukai BBQ JON-CHEDAR, 43 % rieb. s. m., 80 g",1.69,16
000000000000076746,"Pastilės MYNTHON, citrinų skonio, 34 g",0.53,16
000000000000909542,"Popierinės keksiukų formelės (50 vnt.), 50 vnt.",1.49,16
000000000001114619,"Silpnai sūdyti silkių filė gabaliukai aliejuje su baravykais, 200 g",1.59,16
000000000001346303,NIVEA MEN ACTIVE  lūpų balzamas,3.09,16
000000000000369211,"Higieniniai tamponai O.B. PRO COMFORT SUPER, 32 vnt.",6.89,16
000000000000742645,"Krekeriai TUC, grietinės ir svogūnų skonio, 100 g",1.69,16
000000000001194666,"Higieniniai paketai GENTLE DAY EXTRA HEAVY, 6 vnt.",3.85,16
000000000001237149,"Spraginti kukurūzai POPHOUSE, čederio skonio, 65 g",0.69,16
000000000001260651,"Higieniniai paketai ALWAYS Ultra Secure Night Extra, S5, 10 vnt.",4.59,16
000000000001270975,"Šaldytos traškios gzuzdintos bulvytės ZIGZAG AVIKO, 750 g",2.95,16
000000000001310642,"Šaldyti sūrio rutuliukai AVIKO su Chalapos paprikomis, 300 g",3.67,16
000000000001320616,"Konservuotas kačių ėdalas ARDOUR su lašiša ir paukštiena, 340 g",1.24,16
000000000001324261,"Karštai rūkytos lazdelės STIX KABANOSSI BOLETUS, a. r., 100 g",1.74,16
000000000001354708,"Graužikų šienas su morkomis ir petražolėmis PET EXPERT, 450 g",1.49,16
000000000000656194,"Visavertis kačiukų ėdalas FRISKIES JUNIOR, 300 g",1.22,16
000000000001014483,"Žaliojo kario prieskonių mišinys SANTA MARIA, 40 g",1.69,16
000000000001150981,"Higieniniai paketai KOTEX ULTRA SUPER, 12 vnt.",2.39,16
000000000001218275,"Silkių filė aliejuje PAMARIO GARDŽIOJI, 300 g",2.15,16
000000000001246516,"Traškus kačių skanėstas PRIMACAT ANTI-HAIRBALL, 40 g",1.12,16
000000000001285253,"Šunų skanėstas AKINU su antiena, 120 g",1.71,16
000000000001311188,"Kepti vištienos filė kroketai, atvėsinti, 280 g",2.09,16
000000000001318463,"Sausas kačių ėdalas WHISKAS su jautiena, 800 g",2.09,16
000000000001377543,VORTEX Wet Mopping Wipes Tropical Oasis 15v /Šluostės ,1.79,16
000000000000256569,NIVEA Rutulinis dezodorantas  COOL KICK vyrams,4.79,16
000000000000352920,"Servetėlės ELEMENTS SENSE, 33 x 33 cm, 20 vnt., 20 vnt.",0.89,16
000000000001085603,"Mikropluošto šluostė VILEDA, 27 x 32 cm, 1 vnt.",1.99,16
000000000001096365,"Berniukų sauskelnės-kelnaitės HUGGIES PANTS 4 (9-14 kg), 52 vnt.",13.59,16
000000000001117784,"Intymios higienos prausiklis BELLA SENSITIVE, 300 ml",4.75,16
000000000001149611,"Persiladas SANTA MARIA, 48 g",1.49,16
000000000001246025,"Šunų skanėstas PRIMADOG su kalakutiena ir stirniena, 80 g",1.82,16
000000000001324639,"Club 4 Paws premium visavertis pašaras mažų veislių suaugusiems šunims, 2 kg",3.84,16
000000000001345179,"Vytintas jautienos batonėlis, a. r., 25 g",1.19,16
000000000001354823,"Citrinpipiriai SANTA MARIA, 70 g",2.49,16
000000000001366186,"Vytintos BERNŲ dešrelės, a. r., 150 g",3.29,16
000000000001373349,"Šaldyti KIJEVO kotletai DONE COOKIN su čiorisu, 260 g",3.67,16
000000000001378255,"Traškūs kukurūzų traškučiai SANTA MARIA, sūrio skonio, 185 g",2.59,16
000000000001390853,"Sūrio kamuoliukai WELL DONE PREMIUM, pesto padažo sk., 41 %, 24 g",1.49,16
000000000001390971,"Avižų ir sojų gėrimas su kalciu, vitaminais, karamelės skonio, 750 ml",2.95,16
000000000001167839,"Sojų gėrimas VALSOIA su kalciu ir vitaminais, 1 l",1.69,16
000000000001250941,"Šunų ėdalas LOVETT su paukštiena (dešra), 400 g",0.59,16
000000000001252915,"KĖDAINIŲ KONSERVŲ FABRIKO apelsinų džemas, 330 g",1.67,16
000000000001320160,"Higieniniai paketai LIBRESSE ULTRA NORMAL, 38 vnt.",5.99,16
000000000001352441,"Sojų gėrimas ALPRO PLANT PROTEIN, 1 l",2.95,16
000000000001379397,"Kačių skanėstas DREAMIES su lašiša ir sūriu, 60 g, 60 g",1.95,17
000000000001389028,"ZIGMO skandinaviška silkių filė be aliejaus, 190 g",1.89,17
000000000001395296,"Club 4 Paws Premium su lašiša, triušiena ir ėriena, konservuotas pašaras mažų veislių suaugusiems šunims, 4 x 85 g",1.14,17
000000000000062106,"Česnakinis pomidorų padažas SANTA MARIA TEX MEX TACO, 230 g",3.29,17
000000000000144976,"Krekeriai TUC, kumpio skonio, 100 g",1.69,17
000000000000251563,"Graužikų medžio drožlės NATURE LIVING, 10 l",1.79,17
000000000000990119,"Higieniniai paketai BELLA PERFECTA ULTRA NIGHT, 14 vnt.",4.05,17
000000000001059830,"Vištienos sultinys GALLINA BLANCA, 150 g",0.83,17
000000000001334296,"Baltyminės šunų lazdelės PAPKY kailiui ir odai, 120 g",0.76,17
000000000001365177,"Šunų ėdalas FRISKIES su vištiena, jautiena, ėriena, 340 g",1.25,17
000000000000014282,"Universalusis marinatas SANTA MARIA BBQ, 75 g",0.95,17
000000000000017113,NIVEA Klasikinis kremas visai šeimai,4.99,17
000000000000749093,"Higieniniai tamponai O.B. PRO COMFORT SUPER PLUS, 16 vnt.",4.29,17
000000000001234671,"Javainių batonėlis ME2U su riešutais ir linų sėmenimis, 45 g",0.53,17
000000000001238767,"Šunų kramtalai LOVETT DENTAL STICK (7 vnt.), 180 g",1.49,17
000000000000014178,"Penkių rūšių pipirų mišinys SANTA MARIA, 25 g",1.69,17
000000000000069401,"Higieniniai tamponai O.B. ORIGINAL NORMAL, 32 vnt.",6.99,17
000000000000149189,"Ledai TWIX, 40 g",0.89,17
000000000000955943,"Šerbetas DADU, obuolių ir vyšnių skonio, 72 g",0.69,17
000000000001095040,"Šveičiamasis pienelis CIF CREAM LEMON, 300 g",1.59,17
000000000001195816,"Šaltai rūkyta sveriama KLEBONIŠKA kiaulienos nugarinė, a. r., 1 kg",10.69,17
000000000001322297,"Ekologiškas jautienos troškinys MARMALUZI (nuo 8 mėn.), 190 g",1.69,17
000000000001330508,"Kepamosios BBQ vištienos dešrelės HEAT & EAT, a. r., 400 g",2.79,17
000000000000818775,"Krekeriai TUC MINI, sūrio skonio, 100 g",1.69,17
000000000000931754,"Stiklinis indas maisto produktams laikyti UNIWELL, 800 ml, 1 vnt.",6.99,17
000000000001020771,"Kokosų gėrimas su ryžiais ALPRO, 1 l",2.59,17
000000000001096364,"Mergaičių sauskelnės-kelnaitės HUGGIES PANTS 4 (9-14 kg), 52 vnt.",13.59,17
000000000001264727,"Mėsos lazdelė PRIMACAT su vištiena ir kepenimis, 15 g",0.72,17
000000000001272429,NIVEA COCOA BUTTER kūno kremas sausai odai su kakavos sviestu ir vitaminu E,8.19,17
000000000001351622,"Šaldyti koldūnai PINIGĖLIAI su mėsos įdaru, 800 g",3.99,17
000000000001352458,"Sojų gėrimas ALPRO PLANT PROTEIN, šokolado skonio, 1 l",2.95,17
000000000001371165,"My Love visavertis konservuotas pašaras suaugusioms katėms su vištiena ir kalakutiena padaže, 4 x 85 g",0.94,17
000000000001373119,"Argent. jūr.lydekų filė, WELL DONE, 400g, 400 g",3.19,17
000000000000757372,NIVEA dvifazis vandeniui atsparaus akiu makiažo valiklis,7.69,17
000000000000799839,"Daržovių sultinys GALLINA BLANCA (8x10 g), 80 g",0.47,17
000000000001246517,"Traškus kačių skanėstas PRIMACAT (odai ir kailiui), 40 g",1.12,17
000000000001328553,"Higieniniai įklotai ALWAYS Long, 0% Perfume, 52 vnt.",5.69,17
000000000001342656,NIVEA HYDRO CARE lūpų balzamas,3.65,17
000000000001361947,"Sauskelnės kelnaitės Huggies Pants Overnights, 6 d., 15-25kg , 22vnt.",8.39,17
000000000000016750,NIVEA® Ultra Strong plaukų lakas,7.19,17
000000000000016751,"Plaukų lakas NIVEA, 250 ml",7.19,17
000000000000771572,NIVEA BLACK&WHITE POWER purškiamasis antiperspirantas vyrams ,4.79,17
000000000000956001,"Valgomieji karamelinai ledai DADU su karameles įdaru, 65 g",0.69,17
000000000001059418,"Balinimo skudurėliai Dr BECKMAN, 15 vnt.",2.79,17
000000000001268544,"Žemuogių skonio želė MOČIUTĖS, 80 g",0.39,17
000000000001308358,"Sausas kačių maistas PERFECT FITsteril.katėms su višt.,1,4kg, 1,4 kg",4.99,17
000000000001316826,"Sausas kačių ėdalas su paukštiena ARDOUR INDOOR, 800 g",2.49,17
000000000001396349,"Juoda AGOTOS GOURMET duona su skrudintu salyklu, 290 g",0.89,17
000000000000700304,"Migdoliniai sausainiai ANNA'S, 150 g",1.49,17
000000000000807642,"Jautienos šonkaulių sk.sultinys GALLINA BLANCA, 80 g",0.47,17
000000000001032798,"Ekologiškas kokosų aliejus BIONATURALIS, nerafinuotas, 500 ml",5.99,17
000000000001082535,"Sauskelnės-kelnaitės HUGGIES PANTS (4) mergaitėms (9-14 kg), 72 vnt.",17.59,17
000000000001208234,"KKF avokadų užtepėlė (gvakamolė), 280 g",1.79,18
000000000001218831,"LIETUVIŠKAS ORIGINALUS majonezas su tryniais, 73 % rieb., 420 g",1.59,18
000000000001236613,"Šunų užkandis AKINU su jautiena, 75 g",1.46,18
000000000001255219,"Konservuotas kačių ėdalas LOVETT su žuvimi, 415 g",0.55,18
000000000001305813,"Intymiosios higienos prausiklis ABENA, 500 ml",5.19,18
000000000001318592,"Sausas kačiukų ėdalas WHISKAS JUNIOR su vištiena, 800 g",2.09,18
000000000001341828,"Sausainiai CANTUCCI su migdolais, 200 g",2.55,18
000000000001395025,"Virtos mini dešrelės WELL DONE, aukščiausia rūšis, 450 g",2.39,18
000000000000713858,"Makaronai LUBELLA, kaspinėliai, 400 g",1.07,18
000000000000759406,"DZŪKIJOS ŠVENTINIS sausainių rinkinys, 1 kg",5.09,18
000000000001001064,"Ledai BOUNTY, 39.1 g",0.89,18
000000000001055802,NIVEA Dušo želė vyrams ACTIVE CLEAN,6.89,18
000000000001154260,"Maltas cinamonas SANTA MARIA, 40 g",2.19,18
000000000001167005,"Konservuotas kačių ėdalas PERFECT FIT su vištiena, lašiša, 340 g",1.82,18
000000000001203643,"Konservuotas kačių ėdalas FRISKIES JUNIORAMS, 4 x 85 g, 340 g",1.22,18
000000000001310745,"Šaldyti bulvių laiveliai AVIKO, 600 g",2.31,18
000000000001381076,"Kiaulienos ir jautienos burgerių paplotėliai GRYNUOLIAI, 220 g",2.29,18
000000000000496568,NIVEA Purškiamasis dezodorantas PEARL& BEAUTY moterims,4.79,18
000000000000896256,"„Pedigree Biscrok“ šunų sausainiai, 500 g",2.69,18
000000000001106366,"Higieniniai paketai ALWAYS Platinum Super, S2, 14 vnt.",4.59,18
000000000001151358,"Kajeno paprikos SANTA MARIA, 30 g",1.69,18
000000000001217144,"Konservuotas kačių ėdalas PERFECT FIT MIX, 340 g",1.82,18
000000000001219217,Filtravimo kasetė AQUAPHOR MAXFOR B25,5.99,18
000000000001299197,"Saldžiarūgštis padažas su ananasais KKF, 435 ml",1.49,18
000000000001378622,"Enčiladų prieskonių mišinys SANTA MARIA, 28 g",1.59,18
000000000000449667,"Itališki maltos mėsos prieskoniai SANTA MARIA, 32 g",1.19,18
000000000000477082,"Servetėlės ELEMENTS SENSE, 24 x 24 cm, 75 vnt., 75 vnt.",0.99,18
000000000000551689,"Guminės pirštinės VILEDA, M dydis, 1 vnt.",1.69,18
000000000000946228,"Aliuminio folija UNIWELL, 10 m x 29 cm",1.99,18
000000000001009927,"Tamponai KOTEX NORMAL, 16 vnt.",3.39,18
000000000001037026,"AMERIKIETIŠKAS majonezas, 47 % rieb., 420 g",1.59,18
000000000001268542,"Mangų skonio želė MOČIUTĖS, 80 g",0.39,18
000000000001296563,"Konservuotas šunų ėdalas FINE DOG su antiena, 1200 g",3.24,18
000000000001347765,"Higieniniai įklotai CAREFREE PLUS LARGE FRESH, 48 vnt., 48 vnt.",5.49,18
000000000001373291,"Šaldytas KIJEVO kotletas DONE COOKIN su trumų įdaru, 260 g",3.83,18
000000000001384116,"Griežinėliais pjaustyta WELL DONE vytinta dešra FUET EXTRA su iberiška kiauliena, nerūš., 70 g",2.39,18
000000000000014176,"Citrininiai žuvies prieskoniai SANTA MARIA, 23 g",1.15,18
000000000000183362,"Šunų kramtalas NATURE LIVING (galvijų odos kaulas, 13 cm), 65 g",0.71,18
000000000000680337,"Konserv. visavertis šuniukų ėdalas PEDIGREE JUNIOR, 4x100 g, 400 g",1.41,18
000000000000966729,"Šunų ėdalo papildas NATURE LIVING (ėrienos lazdelė), 12 g",0.53,18
000000000000991066,"Higieniniai įklotai LADY ANION su anijonų juostele, 16 vnt.",3.39,18
000000000001129232,"Česnakinis padažas HEINZ, 420 g",3.44,18
000000000001299726,"Kečupas KLASIKINIS KKF, 550 g",1.59,18
000000000001366140,"Javainių batonėlis ME2U BIO su avietėmis, 30 g",0.53,18
000000000000825925,"Petražolės SANTA MARIA, 4 g",0.99,18
000000000000880708,"Higieniniai paketai ALWAYS Sensitive Night, S3, 14 vnt.",4.59,18
000000000000936481,"Virta rūkyta sausai sūdyta KLEBONIŠKA šoninė,a.r., 1 kg",9.99,18
000000000000964053,"Klevų sulos skonio ledai DADU su graikiniais riešutais, 73 g",0.69,18
000000000001341819," Kavos filtrai, 80 vnt., UNIWELL",1.99,18
000000000001363583,"Vytintos kiaulienos lazdelės CLASSIC, a. r., 70 g",2.45,18
000000000001377755,"Majonezas ROYAL, 80 %, 410 g",2.09,18
000000000000030579,"Šveičiamosios indų kempinės VILEDA PUR ACTIVE, 2 vnt.",1.29,18
000000000000702182,"Spanguolių skonio MOČIUTĖS kisielius, 200 g",0.41,19
000000000000822605,"Konservuotas šunų ėdalas CANIS MAJOR su ėriena, 1,25 kg",1.64,19
000000000000943562,"Kačių skanėstas DREAMIES su antiena, 60 g",1.95,19
000000000001084787,"Šunų skanėstas ADVENTUROS (gabaliukai), 90 g",0.99,19
000000000001239272,"Kietasis sūris MEMEL PRUSSIA, 45 % rieb. s. m., 1 kg",12.99,19
000000000001268545,"Persikų skonio želė MOČIUTĖS, 80 g",0.39,19
000000000001282726,"Kačių ėdalas FELIX FANTASTIC su lašiša, 85 g",0.43,19
000000000001316172,"Sausas kačių ėdalas ONE DIFFICULT APPETITE su žuvimi, 800 g",4.19,19
000000000001324423,"Club 4 Paws Premium visavertis pašaras suaugusioms sterilizuotoms katėms, 300 g",0.99,19
000000000001349725,"Skalbinių minkštiklis SILAN LAVENDER SPRING, 64 skalb., 1.41 l",4.49,19
000000000001363600,"Karštai rūkytas WELL DONE servelatas, a. r., 300 g",2.09,19
000000000000130836,"Traškios įvairių grūdų duonelės FINN CRISP MULTIGRAIN, 175 g",1.79,19
000000000000669789,"Pūkų rinkiklio ritinėliai VILEDA (po 29 lapelius), 2 vnt.",2.39,19
000000000000771574,NIVEA BLACK&WHITE PURE rutulinis antiperspirantas moterims ,4.79,19
000000000000846076,"Jautienos užkandėlė MARMALUZI (nuo 8 mėn.), 190 g",1.39,19
000000000000981069,NIVEA Dušo želė vyrams ENERGY,6.89,19
000000000001322290,"Ekol. moliūgų ir brokolių tyrelė MARMALUZI (nuo 4 mėn.), 90 g",0.99,19
000000000001343658,"Brandintas jautienos antrekoto kepsnys WELL DONE, 240 g",5.99,19
000000000001347267,"Konservuotas šunų ėdalas ONE MINI su jautiena, 340 g",1.44,19
000000000001395323,"Club 4 Paws Premium su kalakutiena sausas pašaras suaugusioms sterilizuotoms katėms 0,9 kg",2.64,19
000000000000049385,"Higieniniai įklotai TENA LADY ULTRA MINI, 28 vnt.",4.29,19
000000000000116386,"Vištienos sultinys GALLINA BLANCA su krap.ir petraž.(8 kub.), 80 g",0.47,19
000000000000667274,"Riestainiai TRADICINIAI JDC, 280 g",1.09,19
000000000000717022,"Rytietiškas marinatas SANTA MARIA BBQ (TERIYAKI), 75 g",0.95,19
000000000001082536,"Sauskelnės-kelnaitės HUGGIES PANTS (4) berniukams (9-14 kg), 72 vnt.",17.59,19
000000000001289924,"Higieniniai įklotai KOTEX NATURAL NORMAL, 40 vnt.",3.29,19
000000000001291445,"Kukurūzų traškučiai SANTA MARIA PICO DE GALLO, 185 g",2.35,19
000000000001316320,NIVEA BLACK&WHITE CLEAR pieštukinis antiperspirantas moterims,5.39,19
000000000001320604,"Konservuotas šunų ėdalas ARDOUR su aviena ir jautiena, 400 g",1.24,19
000000000001324602,"Skalbiamosios servetėlės DR. BECKMANN, 20 vnt.",2.99,19
000000000001327751,"LIETUVIŠKAS ORIGINALUS majonezas, 73 % rieb., 770 ml",2.85,19
000000000001353830,NIVEA CHERRY SHINE lūpų balzamas,3.65,19
000000000001369282,"Čipotlė padažas su Chalapos paprikomis SANTA MARIA, 250 ml",4.19,19
000000000001370290,"Skalbiklis FROSCH ALMOND, 40 skalbimų, 1,5 l, 1.5 l",6.29,19
000000000001255229,"Sausas šunų ėdalas LOVETT su jautiena, 3 kg",2.99,19
000000000001306910,"Žirnių dešrelės WELL WELL, 200 g",2.29,19
000000000001330480,"Kepamosios vištienos dešrelės su žolelėmis HEAT & EAT, a. r., 400 g",2.79,19
000000000001356834,"Kapų žvakė ""ROŽĖ""",3,19
000000000000017120,NIVEA FOR MEN Balzamas po skutimosi jautriai odai SENSITIVE ,11.99,19
000000000000200023,"Sausa šluostė VILEDA WETTEX, 26 x 20 cm, 1 vnt.",0.59,19
000000000000881099,"Higieniniai paketai ALWAYS Ultra Super Extra, S3, 28vnt.",7.99,19
000000000000923768,"Šunų ėdalo papildas NATURE LIVING (dži. višt. gab. su sūriu), 75 g",1.61,19
000000000001132236,"Orkaičių valiklis CIF, 435 ml",3.89,19
000000000001272552,"Silkių filė be aliejaus su žolelėmis ZIGMAS, 190 g",1.89,19
000000000001277666,"Mažos kukurūzų geldelės takams SANTA MARIA TEX MEX, 10 vnt., 86 g",3.39,19
000000000001284911,"Kačių ėdalas FELIX TASTY SHREDS su įvair. žuvimis, 4 x 80 g, 320 g",1.55,19
000000000001292283,"Saldūs spalvoti spraginti kukurūzai POPHOUSE, 130 g",0.89,19
000000000001295927,"Maltos rūkytos paprikos SANTA MARIA, 37 g",2.69,19
000000000001314142,"Šunų vienkartinės palos LOVETT, 60 x 45 cm, 1 vnt.",2.39,19
000000000001320605,"Konservuotas šunų ėdalas LOVETT su paukštiena ir jautiena, 400 g",1.13,19
000000000001394858,"Vytintos BERNŲ dešrelės BIOVELA, aukščiausia rūšis, 80 g",1.74,19
000000000000386454,"KĖDAINIŲ tunai su itališkais prieskoniais sumuštiniams tepti, 280 g",1.71,19
000000000000505628,NIVEA® 2in1 Express šampūnas ir kondicionierius,4.79,20
000000000000839703,"Higieniniai įklotai GENTLE DAY, 15 vnt.",2.39,20
000000000001081767,"Bulvių prieskoniai SANTA MARIA, 100 g",1.99,20
000000000001296931,"Lėtai virtas viščiukas broileris WELL DONE, 1 kg",4.99,20
000000000001335467,"Popieriniai rankšluosčiai KKLEENEX MAX-CLEAN, 94 lap.,1 vnt. ",2.39,20
000000000001354707,"Graužikų šienas su ramunėlėms PET EXPERT, 450 g",1.49,20
000000000000258429,NIVEA Valomosios juostelės nosies porų valymui,7.99,20
000000000000494989,"Makaronai LUBELLA PENNE RIGATE Nr. 17 (vamzdeliai), 400 g",0.89,20
000000000000906348,"Vonios kalkių valiklis CIF POWER&SHINE, 750 ml",5.19,20
000000000001141018,"Higieniniai įklotai LIBRESSE NATURAL CARE NORMAL, 58 vnt.",3.39,20
000000000001175496,"Vištienos sultinys GALLINA BLANCA su krapais (12 kub.), 120 g",0.69,20
000000000001262205,"Baltyminis batonėlis ME2U su riešutų kremu, 60 g",1.29,20
000000000001338443,"Vytinta kiaulienos filė su basturmos prieskoniais, a. r., 1 kg",16.99,20
000000000001345264,"Bulvių košė REEVA, vištienos skonio, 40 g",0.64,20
000000000001354699,"Vidutinių papūgų lesalas PET EXPERT, 800 g",1.19,20
000000000001370568,"Drėgnosios servetėlės VORTEX CLEAN.WIPES GLASS&MIRRORS, 48 vnt.",1.29,20
000000000001381982,"Pastilės MYNTHON ORANGE-GINGER, 31 g",0.53,20
000000000000014269,"Higieniniai paketai LIBRESSE ULTRA NORMAL WING, 10 vnt.",1.99,20
000000000000400764,"Šunų kramtalai FRISKIES PICNIC su vištiena (5 vnt.), 42 g",0.53,20
000000000000450716,"Grūsti juodieji pipirai SANTA MARIA, 18 g",1.49,20
000000000000822606,"Kons. šunų ėd. CANIS MAJOR jautiena1,25, 1.25 kg",1.64,20
000000000000824427,"Birių produktų indas UNIWELL SQUARE, 750 ml, 1 vnt.",2.49,20
000000000001160509,"Kuminas SANTA MARIA, 20 g",1.19,20
000000000001270441,"Vytintos dešrelės STIX SALAMINI CHEESE, a. r., 190 g",3.29,20
000000000001361981,"Sauskelnės HUGGIES OVERNIGHTS S4, 26 vnt., 26 vnt.",8.39,20
000000000001387666,"Skanūs skystieji užkandžiai katėms „FELIX® Deli Moments™“ su vištiena, 4 x 10 g paketėliuose",1.99,20
000000000000496162,"Bambukinis kilimėlis sušiams vynioti, 1 vnt.",2.29,20
000000000001151355,"Malti juodieji pipirai SANTA MARIA, 36 g",2.79,20
000000000001204322,"NIVEA Q10 ENERGY lakštinė veido kaukė, prisotinta energizuojančio serumo, pavargusiai ir papilkėjusiai odai.",3.59,20
000000000001287891,"Įklotai KOTEX 100 % COTTON NORMAL, 20 vnt., 20 vnt.",1.75,20
000000000001316153,"Sausas kačių ėdalas ONE URINARY CARE su vištiena, 800 g",4.19,20
000000000001361752,"Higieniniai paketai LIBRESSE ULTRANIGHT SUPER, 8 vnt., 8 vnt.",2.29,20
000000000001368193,"Majonezinis padažas PICAI su bazilikais, 27 % rieb., 510 g",1.65,20
000000000000091225,"Kvapieji pipirai SANTA MARIA (žirneliai), 15 g",1.39,20
000000000000541198,"Šokoladinis sojų gėrimas ALPRO, 250 ml",1.09,20
000000000001113607,"Ekologiški kokosų miltai BIONATURALIS, 500 g",1.59,20
000000000001209169,"Vytintos dešrelės STIX SALAMINI JALAPENO, a. r., 80 g",1.74,20
000000000001346882,"Skalbinių minkštiklis SILAN SENSITIVE & BABY, 64 skalb., 1.41 l",4.49,20
000000000000477079,"Servetėlės ELEMENTS SENSE, 24 x 24 cm, 75 vnt., 75 vnt.",0.99,20
000000000000626582,"Makaronai LUBELLA DISCHI VOLANTI Nr. 40 (auselės), 400 g",0.89,20
000000000000670493,"Higieniniai įklotai BELLA, 20 vnt.",1.39,20
000000000000825924,"Smulkintos kalendros SANTA MARIA, 20 g",1.09,20
000000000001057506,"Metalinis šveistukas SPONTEX, dydis XL, 1 vnt.",0.65,20
000000000001196310,"Higieniniai įklotai CAREFREE PLUS LARGE FRESH, 20 vnt.",2.89,20
000000000001214296,"TRAPUKAI Kukurūzų, lęšių su burokėliais - 36 mėn, 30g MARMALUZI",1.15,20
000000000001299313,"Bolognese padažas su mėsa KKF, 435 ml",1.67,20
000000000001386077,"Higieniniai paketai LIBRESSE ULTRA NIGHT LARGE, 26 vnt.",5.99,20
000000000000131967,"Indų ploviklis FROSCH ALOE VERA su alavijais, 500 ml",1.59,20
000000000000481183,"Visavertis kačių ėdalas PURINA ONE ADULT su lašišomis, 800 g",4.19,20
000000000000631735,"Kapų žvakė, dega iki 20 val., 1 vnt.",0.5,20
000000000000768163,"Higieniniai įklotai BELLA FOR TEENS SENSITIVE, 20 vnt.",1.09,20
000000000000899924,"Vytinta TRADICINĖ jautiena DORA, a. r., 40 g",3.19,20
000000000000983040,"Šaltai rūkyti lašiniai, I r., 1 kg",9.99,21
000000000001075608,"Žvakutės, aukso spalvos, 10 vnt., 1 vnt.",1.79,21
000000000001095049,"Šveiciamasis pienelis CIF LILE FLOWER, 780 g",3.59,21
000000000001160507,"Maltos ciberžolės SANTA MARIA, 20 g",0.99,21
000000000001204323,"NIVEA CELLULAR EXPERT LIFT veido kontūrus formuojanti lakštinė veido kaukė, prisotinta stangrinamojo serumo",3.99,21
000000000001253668,"Šunų skanėstas lazdelės LOVETT su jaut.,12 vnt., 108 g",0.69,21
000000000001260358,"Ekologiškas rapsų aliejus BIONATURALIS (nerafinuotas), 1 l",2.81,21
000000000001275969,"Tamponai O.B. PROCOMFORT EXTRA SUPER+, 16 vnt.",5.19,21
000000000001338351,"Sausai sūdytas brandintas kiaulienos kumpis, a. r., 1 kg",11.99,21
000000000001366458,"Javainių batonėlis ME2U BIO su obuoliais, 30 g",0.53,21
000000000000177881,"Kepsnių prieskoniai SANTA MARIA, 30 g",0.99,21
000000000000916074,"Moteriškos puskojinės INCANTO PODIUM 20, vienas dydis, 2 vnt.",3.29,21
000000000000970470,"Tamponai GENTLE DAY SUPER, 18 vnt., 18 vnt.",5.25,21
000000000001040548,"Sausainiai AMARETTI su pistacijomis, 170 g",2.79,21
000000000001151360,"Aitriųjų paprikų dribsniai SANTA MARIA, 28 g",2.09,21
000000000001179996,"Skanėstas DENTALIFE didelių veislių šunims, 142 g",1.19,21
000000000001252104,"Ekologiškas MCT kokosų aliejus BIONATURALIS, 250 ml",5.99,21
000000000001252372,"Ekologiškas baltojo vyno actas BIONATURALIS (6%), 500 ml",1.61,21
000000000001287288," Torto kepimo forma UNIWELL, 24 cm",7.99,21
000000000001294376,"Vienkartinės lėkštės ILAJA WHITE, 23cm, 40 vnt.",2.49,21
000000000001349920,"Atšildytos krevetės WD, 30/40, virtos, 300 g",3.49,21
000000000001364527,"KĖDAINIŲ KONSERVŲ FABRIKO marinuoti agurkai su saldikliu, 720 ml",1.49,21
000000000001379571,"Šaldytas užkandis su saliamiu, vištiena FOOD LUCK, 300 g",2.89,21
000000000000014167,"Makaronų prieskoniai SANTA MARIA, 22 g",0.99,21
000000000001088082,"Hermetiškas indelis UNIWELL, 300 ml, 1 vnt.",1.69,21
000000000001098181,"Dėmių valiklis DR. BECKMANN, 250 ml",2.79,21
000000000001150133,NIVEA® Hairmilk Shine kondicionierius,4.79,21
000000000001163395,"Skalbinių minkštiklis FROSCH ZERO SENSITIVE, 750 ml",1.99,21
000000000001167193,"Užtepėlė PATIFU su grybais, 100 g",1.19,21
000000000001181485,NIVEA Dušo želė LEMON &OIL,6.89,21
000000000001294380,"Vienkartiniai puodeliai ILAJA CRAFT,300ml 20vnt.",2.49,21
000000000001297925,"NIVEA Pearl&Beauty ""Fine Fragrance"" purškiamas antiperspirantas moterims",4.79,21
000000000001322904,"Vytintas ispan. kumpis SERRANO WELL DONE, pjaust., nerūš., 500 g",10.39,21
000000000001326409,"Konservavimo dangtelis ILAJA, 1 vnt., 1 vnt.",0.15,21
000000000001334947,"Graužikų lazdelė su migdolais ir vaisiais FANTASIA, 90 g",1.49,21
000000000001350573,"Karštai rūkytos dešrelės WELL DONE, a. r., 260 g",2.19,21
000000000001373300,"Šaldyti picos suktinukai DONE COOKIN su mocarela ir dešra, 250 g",3.19,21
000000000001377545,VORTEX Wet Mopping Wipes Citrus Breeze 15v /Šluostės,1.79,21
000000000000058996,NIVEA Fresh Natural Rutulinis dezodorantas moterims,4.79,21
000000000000951097,"Hermetiškas indelis BORGONOVO IGLOO, 15 cm, 800 ml, 1 vnt.",4.99,21
000000000001048065,"Ekologiškas visavertis kačių ėdalas HOF CAT su vištiena, 100 g",0.89,21
000000000001081764,"Bazilikai SANTA MARIA, 6 g",1.19,21
000000000001141012,"Dėmių valiklis DR. BECKMANN, 250 ml",2.35,21
000000000001150979,"Higieniniai paketai KOTEX ULTRA OVERNIGHT (naktiniai), 6 vnt.",1.45,21
000000000001151378,"Vištienos prieskoniai SANTA MARIA, 275 g",4.89,21
000000000001231892,"KĖDAINIŲ KONSERVŲ FABRIKO klasikinis kečupas, 1 kg",2.39,21
000000000001253248,"Sauskelnės-kelnaitės HUGGIES PANTS 5 mergaitėms (12-17 kg), 48 vnt.",13.59,21
000000000001255231,"Sausas šunų ėdalas LOVETT su jautiena, 10 kg",8.99,21
000000000001263297,"Jautienos JERKY barbekiu, 25 g",1.75,21
000000000001284693,"Konservuotas kačių ėdalas PRIMACAT (antiena padaže), 85 g",0.52,21
000000000001318457,"Sausas kačių ėdalas WHISKAS SENIOR su vištiena, 800 g",2.09,21
000000000001323686,"Figūrinė kempinėlė GLITZI VILEDA, 1 vnt.",0.33,21
000000000001329116,"Indaplovių tabletės FROSCH, citrinų kvapo, 30 vnt.",6.99,22
000000000001340268,"Karamelinis plombyras NYKŠTUKAS su karamelizuotais lazdynų riešutais ir karamelės įdaru, 440 g",4.79,22
000000000001348928,"Tirpioji pomidorų sriuba MAGGI 5 MINUTES su makaronais, 23 g",0.59,22
000000000001353435,"Vytintos ROKIŠKIO MĖSINĖS jautienos lazdelės CLASSIC, a. r., 60 g",3.29,22
000000000000063938,"Higieniniai paketai BELLA CLASSIC NOVA COMFORT, 10 vnt.",1.59,22
000000000000071234,"Maltos mėsos prieskoniai SANTA MARIA, 30 g",0.99,22
000000000000157652,"Buitinės pirštinės VILEDA SENSITIVE (L dydis), 1 vnt.",1.59,22
000000000000654881,"Makaronai LUBELLA FILINI Nr. 2 (vermišeliai), 400 g",0.89,22
000000000000901266,"Imbieriniai sausainiai ANNA'S, apelsinų skonio, 150 g",1.49,22
000000000000915383,"Kepimo rankovė UNIWELL, 6 m, 1 vnt.",1.49,22
000000000001067830,"Sūrio padažo mišinys SANTA MARIA TEX MEX, 16 g",1.29,22
000000000001130504,NIVEA rankų kremas su tikrųjų alavijų ekstraktu,3.69,22
000000000001150978,"Higieniniai paketai KOTEX ULTRA SUPER, 7 vnt.",1.45,22
000000000001187703,"Pievagrybių užtepėlė KKF su kukurūzais, 34 % rieb., 280 ml",1.49,22
000000000001243756,NIVEA dezodorantas antiperspirantas moterims Fresh Citrus ,4.79,22
000000000001252537,"Kokosų aliejus BIONATURALIS (ekologiškas), 250 ml",3.89,22
000000000001316231,"Universalios gyvūnų drėgnosios servetėlės PETINO, 33 vnt.",1.39,22
000000000001328526,"Makaronai LUBELLA MAC & CHEESE, 400 g",1.07,22
000000000001343651,"Brandintas jautienos nugarinės kepsnys WELL DONE, 240 g",5.99,22
000000000001377762,"Majonezas ROYAL, 80 %, 610 g",2.75,22
000000000000089763,"Saldus aitriųjų paprikų marinatas SANTA MARIA, 75 g",0.95,22
000000000000656203,"Visavertis kačių ėdalas PURINA ONE INDOOR su kalakutiena, 800 g",4.19,22
000000000000780766,"TRADICINĖ sūdyta silkių filė su aliejumi EDEGA, 1 kg",4.29,22
000000000000807643,"Kiaulienos sultinys GALLINA BLANCA, 80 g",0.47,22
000000000000931756,"Stiklinis indas maisto produktams laikyti UNIWELL, 620 ml, 1 vnt.",5.49,22
000000000000943559,"„Dreamies“ kačių skanėstai su sūriu,60g",1.95,22
000000000000944908,"KLASIKINIS kepsnių padažas HEINZ, 480 g",3.44,22
000000000001154268,"Bulvių prieskoniai SANTA MARIA, 350 g",4.99,22
000000000001175241,"Šunų skanėstas PRIMADOG (antienos filė), 100 g",2.44,22
000000000001215766,NIVEA Dušo želė CARE & ORANGE ,6.89,22
000000000001217145,"Šunų skanėstai su jautiena PEDIGREE RODEO, 123 g",1.31,22
000000000001244515,"Majonezinis padažas HEINZ, 425 g",3.44,22
000000000001286056,"Tamponai O.B. ORGANIC NORMAL, 16 vnt., 16 vnt.",5.19,22
000000000001287126," Kepimo forma UNIWELL, 25 cm",5.99,22
000000000001299405,"Neapolietiškas padažas su daržovėmis KKF, 435 ml",1.49,22
000000000001323897,"Vanilinis plombyras NYKŠTUKAS su želės gabaliukais ir braškių įdaru, 450 g",4.79,22
000000000001347850,"Džiovinti jaučių peniai ARDOUR, 100 g",5.59,22
000000000000017115,"NIVEA Soft drėkinamasis kremas veidui, kūnui, rankoms",7.19,22
000000000000057413,"Higieniniai tamponai O.B. ORIGINAL NORMAL, 16 vnt.",3.99,22
000000000001082539,"Sauskelnės-kelnaitės HUGGIES PANTS (6)mergaitėms (15-25 kg), 60 vnt.",17.59,22
000000000001082866,NIVEA® RANKŲ KREMAS 3 IN 1 REPAIR su dekspantenoliu,5.89,22
000000000001082868,NIVEA BLACK&WHITE FRESH purškiamasis antiperspirantas moterims ,4.79,22
000000000001123452,"Keraminės ir indukcinės viryklės valiklis FROSH, 300 ml",2.89,22
000000000001252374,"Ekologiškas balzaminis actas BIONATURALIS (6%), 250 ml",2.09,22
000000000001260361,"Kokosų aliejus BIONATURALIS (ekologiškas), 1 l",9.59,22
000000000001292120,"Kačiukų ėdalas ONE su vištiena, 340 g",2.29,22
000000000001302394,"Baltyminis vaflis ME2U su šokolado įdaru, 40 g",1.19,22
000000000001313993,"Šunų vienkartinės palos LOVETT, 60 x 60 cm, 1 vnt.",2.99,22
000000000001368023,"Augalinis sojų gėrimas VALSOIA BARISTA, 1 l",1.79,22
000000000001370300,"Skalbiklis FROSCH UNIVERS., 22 skalbimams, 1,5 l, 1.5 l",6.29,22
000000000001371401,"My Love visavertis konservuotas pašaras suaugusioms katėms su triušiena ir jautiena padaže, 4 x 85 g",0.94,22
000000000001375410,"Ikrų užtepėlė su kalmarais WELL DONE, 160 g",1.99,22
000000000001387574,"Vytinta DIDIKŲ dešra su baravykais WELL DONE, A. r., 200 g",2.99,23
000000000000351249,"KĖDAINIŲ majonezas EKSTRA, 66 % rieb., 430 g",1.59,23
000000000000481182,"Visavertis kačių ėdalas PURINA ONE ADULT su vištiena, 800 g",4.19,23
000000000000505622,NIVEA MEN STRONG POWER šampūnas plaukams vyrams,4.79,23
000000000000935407,"NIVEA WATERMELLON SHINE puoselėjamasis lūpų balzamas
",3.65,23
000000000001115192,"Šunų ėdalas CANIS MAJOR jautiena 3 kg, 3 kg",3.89,23
000000000001160483,NIVEA dušo želė CRÈME SOFT 750ml,8.99,23
000000000001218358,"Konservuotas kačių ėdalas PRIMACAT (tuno filė), 200 g",3.07,23
000000000001218360,"Kačių ėdalas PRIMACAT su tunais ir lašiš. drebuč., 4 x 50 g, 200 g",3.07,23
000000000001252916,"KĖDAINIŲ KONSERVŲ FABRIKO miško uogų džemas, 330 g",1.85,23
000000000001255230,"Sausas šunų ėdalas LOVETT su paukštiena, 3 kg",2.99,23
000000000001275513,"Šaltai rūkyta skilandinė KAZIMIEROS dešra Aukščiausia rūšis, 500 g",5.75,23
000000000001320166,"Makaronai indelyje REEVA, jautienos skonio, 75 g",0.89,23
000000000001324479,"Lateksinės pirštinės VILEDA, 10 vnt, dydis M/L, 10 vnt.",1.99,23
000000000001338444,"Šaltai rūkyta ŪKININKO kiaulienos nugarinė, a. r., 1 kg",11.49,23
000000000001347266,"Konservuotas šunų ėdalas ONE MINI su vištiena, 340 g",1.44,23
000000000001358425,"Šokoladinis pyragas, 400 g",2.69,23
000000000001373351,"Šaldytas keptas vištienos maltinis DONE COOKIN su mocarela, 290 g",3.91,23
000000000001387667,"Krekeriai TUC MINI, rūkyto bekono skonio, 100 g",1.69,23
000000000001396488,"Plėšomos bandelės su vyšniomis, 250 g",1.59,23
000000000000814670,"Indaplovių nuosėdų valiklis FINISH DISHWASHER CLEANER LEMON, 250 ml",4.79,23
000000000000906352,"Higieniniai įklotai BELLA PANTY SOFT DEO, 60 vnt.",3.29,23
000000000000928695,"Higieniniai įklotai LADY ANION, 24 vnt.",3.39,23
000000000001095101,"Šveičiamasis pienelis CIF DUKE LEMON, 780 g",3.59,23
000000000001150134,NIVEA® Hairmilk Natural Shine žvilgesio suteikiantis šampūnas,4.79,23
000000000001238768,"Šunų kramtalai LOVETT TWISTER su paukšt. (6 vnt.), 120 g",0.69,23
000000000001258302,"Vienkartinės lėkštės ILAJA WHITE, 23cm 20vnt.",1.49,23
000000000001270836,"Kačių skanėstas FELIX PLAY TUBES su kalakutiena ir kumpiu, 50 g",1.99,23
000000000001304535,"Skalb. lapeliai DR. BECKMANN MAGIC LEAVES UNIVERSAL (25 sk.), 25 vnt.",5.29,23
000000000001328552,"Higieniniai įklotai ALWAYS Extra Long, Fresh Scent, 40 vnt.",5.69,23
000000000001355833,"Virtuvės valiklis CIF, 500 ml",3.19,23
000000000000014019,"Higieniniai paketai ALWAYS Ultra Normal, S1, 10 vnt.",2.89,23
000000000000016785,NIVEA akių makiažo valiklis su grynu hialuronu,7.29,23
000000000000071237,"Troškinių prieskoniai SANTA MARIA, 40 g",1.09,23
000000000000544893,"Muskatai SANTA MARIA, 10 g",1.69,23
000000000000723252,"Silikoninė kepimo forma JULIETTE, 24 x 13 cm, 1 vnt.",10.99,23
000000000000779610,"Higieniniai įklotai CAREFREE ALOE, 76 vnt.",6.49,23
000000000000952761,"Vytintos dešrelės PRIE ALUČIO, a. r., 170 g",3.35,23
000000000001028984,"Elementai (LR54, 2vnt.) DURACELL",1.24,23
000000000001055818,"Keptos menkės su daržovėmis aliejuje DESĖ, 350 g",2.89,23
000000000001082869,NIVEA BLACK&WHITE FRESH rutulinis antiperspirantas moterims ,4.79,23
000000000001084788,"Šunų skanėstas ADVENTUROS (juostelės), 90 g",0.99,23
000000000001188280,"Ekologiškas avokadų aliejus BIONATURALIS, 250 ml",5.99,23
000000000001196315,"Higieniniai įklotai CAREFREE PLUS LONG, 40 vnt.",5.19,23
000000000001266509,"Virta dešra su lašinukais BIOVELA EKSTRA, a. r., 1 kg",4.19,23
000000000001308749,"Purškiamas kvapas ODORO MOOD SANTALAS, 200 ml, 200 ml",9.49,23
000000000001322296,"Ekologiška trijų daržovių tyrelė MARMALUZI (nuo 4 mėn.), 90 g",0.99,23
000000000001329924,"Konservuotas kačiukų ėdalas PRIMACAT su kalakutiena padaže, 85 g",0.52,23
000000000000016072,"Kepimo milteliai SANTA MARIA, 45 g",1.49,23
000000000000027122,"Visavertis šunų ėdalas DARLING su mėsa ir daržovėmis, 3 kg",4.99,23
000000000000058995,NIVEA Fresh ActiveRutulinis dezodorantas vyrams,4.79,23
000000000000798355,"Higieniniai paketai ALWAYS Platinum Day&Night, S3, 12vnt.",4.59,23
000000000001054389,"Skystas skalbiklis FROSCH su soda, 1.5 l",5.89,24
000000000001059417,"Indų ploviklis FROSCH (aviečių kv.), 500 ml",1.65,24
000000000001227706,"Vytinta sausai sūdyta KLEBONIŠKA sprandinė, a.r., 1 kg",13.99,24
000000000001284688,"Natūrali žolė TRIXIE katėms, 100 g",0.99,24
000000000001349023,"Tirpi pievagrybių sriuba MAGGI 5 MINUTES su skrebučiais, 16 g",0.59,24
000000000001357497,Kepimo forma 27x14x7,6.99,24
000000000001376874,"Sojų gėrimas vanilės skonio ALPRO PLANTPROTEIN, 1 l",2.95,24
000000000000467712,"Skridininės kvapniosios žvakės ELEMENTS SENSE, 9 vnt., 9 vnt.",1.29,24
000000000000558063,"Kepimo popierius SAGA, 20 m, 20 m.",3.99,24
000000000000822607,"Konservuotas šunų ėdalas CANIS MAJOR su kalakutiena, 1,25 kg",1.64,24
000000000000824425,"Birių produktų indas UNIWELL SQUARE, 1,2 l, 1 vnt.",3.49,24
000000000000879844,"Bulvių piurė MARMALUZI su žuvų gabaliukais (nuo 8 mėn.), 190 g",1.39,24
000000000000989647,"Visavertis kačių ėdalas PURINA ONE COAT & HAIRBALL su višt., 800 g",4.19,24
000000000001057505,"Šveičiamoji švelnių paviršių kempinė SPONTEX TWIST, 1 vnt.",0.99,24
000000000001081766,"Mėsos prieskoniai SANTA MARIA, 70 g",1.59,24
000000000001085651,"Įklotai LIBRESSE SO SLIM, 30 vnt.",2.19,24
000000000001128442,"Higieniniai įklotai ALWAYS Dailies to GO, Fresh Scent, 20 vnt.",2.99,24
000000000001149610,"Citrinpipiriai SANTA MARIA, 55 g",2.29,24
000000000001293657,"Vytintas jautienos TRADICINIS, 100 g",5.59,24
000000000001305705,"Kanapių sėklų baltymai (milteliai) ŽOLYNĖLIS, 300 g",1.99,24
000000000001311171,"Kepti vištienos filė kepsneliai džiūvėsėliuose, atšaldyti, 260 g",2.09,24
000000000001360812,"K. rūkyta, vytinta dešra WELL DONE KRAKOWSKA, nerūš., 275 g",2.79,24
000000000001374948,PrimaDog Ėriuko juostelės 100 g,2.49,24
000000000000253294,"Maudymosi sauskelnės HUGGIES LITTLE SWIMMERS (7-12 kg), 12 vnt.",4.99,24
000000000000494295,"Higieniniai įklotai LIBRESSE NATURAL NORMAL, 40 vnt.",2.69,24
000000000000598813,NIVEA Dušo želė vyrams  SENSITIVE,4.19,24
000000000000637939,"Kepimo rankovė UNIWELL, 3 x 0,29 m, 1 vnt.",0.69,24
000000000000702181,"Aviečių skonio MOČIUTĖS kisielius, 200 g",0.41,24
000000000000778202,"MOČIUTĖS citrinų rūgštis, 20 g",0.15,24
000000000000995787,"Arbatžolių sietelis UNIWELL, 1 vnt.",1.49,24
000000000001106363,"Higieniniai paketai ALWAYS Platinum Normal, S1, 8 vnt.",2.89,24
000000000001117783,"Intymios higienos prausiklis BELLA HYDRO NATURAL, 300 ml",3.75,24
000000000001140921,"Higieninis virtuvės valiklis FROSCH, 300 ml",2.69,24
000000000001186713,"Kanalizacijos pompa SPONTEX, 1 vnt.",2.55,24
000000000001218137,"Namų kvapas su lazdelėmis AREON BLACK VANILLA, 85 ml",9.99,24
000000000001230866,"Tualeto šepetys VILEDA, 1 vnt.",3.99,24
000000000001257907,"Šaltai rūkyta KLEBONIŠKA kiaulienos nugarinė, a. r., 1 kg",10.99,24
000000000001285254,"Šunų skanėstas AKINU su aviena ir menkėmis, 120 g",1.71,24
000000000001286259,"Higieniniai tamponai O.B. EXTRA PROTECT SUPER, 16 vnt., 16 vnt.",5.09,24
000000000001316775,"Sausas kačių ėdalas su paukštiena ARDOUR KITTEN, 400 g",1.49,24
000000000001318455,"Sausas kačių ėdalas WHISKAS su vištiena, 300 g, 300 g",0.99,24
000000000001322289,"Ekologiška brokolių tyrelė MARMALUZI (nuo 4 mėn.), 90 g",0.99,24
000000000001329933,"Konservuotas sterilizuotų kačių ėdalas PRIMACAT su lašiša, 85 g",0.52,24
000000000001345159,"Vytinta kiauliena, a. r., 70 g",2.55,24
000000000001353408,"Virti rūkyti kiaulių šnipai PIRI-PIRI, pjaustyti, a. r., 200 g",1.69,24
000000000001370291,"Skalbiklis FROSCH POMEGRANATE, 22 skalbimams, 1,5 l, 1.5 l",6.29,24
000000000001387353,"Ekologiški linų sėmenų miltai BIONATURALIS, 700 g",2.39,24
000000000000059443,"Krekeriai TUC, paprikų skonio, 100 g",1.69,24
000000000000149187,"Valgomieji ledai MARS, 42 g",0.89,24
000000000000544007,"Meksikietiški vištienos prieskoniai SANTA MARIA, 27 g",0.99,24
000000000000646927,"Bri sūris PRESIDENT su graikiniais riešutais, 60% rieb. s.m., 1 kg",11.19,24
000000000000816908,"Saldžiųjų daržovių košė MARMALUZI (nuo 6 mėn.), 190 g",1.39,24
000000000000970469,"Tamponai GENTLE DAY REGULAR, 18 vnt., 18 vnt.",4.55,25
000000000001048066,"Ekologiškas visavertis kačių ėdalas HOF CAT su žuvimis, 100 g",0.89,25
000000000001130505,NIVEA Protective Care Beeswax rankų kremas,2.99,25
000000000001241281,"Higieniniai paketai LADY ANION po gimdymo, 10 vnt.",3.69,25
000000000001258305,"Vienkartiniai puodeliai ILAJA WHITE, 230ml,10vnt",0.99,25
000000000001258372,"Konservuotas kačių ėdalas LOVETT su paukštiena, 100 g, 100 g",0.55,25
000000000001294377,"Vienkartinės lėkštės ILAJA WHITE, 18 cm 40vnt.",1.99,25
000000000001322369,NIVEA Lip lūpų balzamas,5.09,25
000000000001355824,"Universalusis valiklis CIF, 500 ml",3.19,25
000000000001357044,"Int.higienos, kūno prausiklis GREEN FEEL'S su alavijų ekstr., 400 ml",3.19,25
000000000001357498,"Kepimo forma 38x25,5x7",14.99,25
000000000001382079,"Valgomieji ledai POLS su kramtomąja guma, braškių skonio, 56 g",1.49,25
000000000000017112,NIVEA Klasikinis kremas visai šeimai,3.79,25
000000000000118363,"Higieniniai paketai TENA LADY, 10 vnt.",4.49,25
000000000000167642,"Pelėsinis bri sūris PRESIDENT, 61,5 % rieb. s. m., 1 kg",11.19,25
000000000000702183,"Braškių skonio MOČIUTĖS kisielius, 200 g",0.41,25
000000000001095039,"Šveičiamasis pienelis CIF CREAM (ORIGINAL), 540 g",2.49,25
000000000001140920,"WC valiklis FROSCH, 750 ml",1.65,25
000000000001154261,"Raudonėliai SANTA MARIA, 5 g",1.59,25
000000000001175495,"Daržovių sultinys GALLINA BLANCA (12 kub.), 120 g",0.69,25
000000000001191724,"Cepelinmaišis, 1 vnt.",2.99,25
000000000001316323,NIVEA MEN Black & White Invisible pieštukinis antiperspirantas Original vyrams,5.39,25
000000000001328513,"Greitai paruošiami makaronai REEVA, jautienos skonio, 85 g, 85 g",0.59,25
000000000001357490,"Kepimo forma 34x22,5x6",12.99,25
000000000001368202,"Maj. padažas MĖSAINIAMS su mar. agurk., rūk. papr.,35% rieb., 480 g",1.65,25
000000000000016073,"Vanilinis cukrus SANTA MARIA, 20 g",1.29,25
000000000000057417,"Higieniniai tamponai O.B. ORIGINAL SUPER, 16 vnt.",3.99,25
000000000000082910,"Šunų kramtalai PEDIGREE MARKIES, 150 g",1.13,25
000000000000253405,"Higieniniai paketai BELLA NORMAL, 10 vnt.",0.89,25
000000000000481429,"Sausas šuniukų ėdalas PEDIGREE JUNIOR, 500 g",1.61,25
000000000000545155,"Higieniniai įklotai TENA, 34 vnt.",4.99,25
000000000000748582,"Higieniniai paketai LIBRESSE ULTRA NORMAL DEO, 10 vnt.",1.89,25
000000000000915451,"Moteriškos puskojinės ORI Star40(2p), un,nero,TI,6",1.74,25
000000000000953483,"Šaltai rūkyta ROKIŠKIO MĖSINĖS jautienos dešra, a. r., 200 g",3.59,25
000000000001036302,"NIVEA MEN CREME kremas veidui, rankoms ir kūnui",4.19,25
000000000001089085,"Ekologiškas šaltai spaustas moliūgų sėklų aliejus BIONATURAL, 250 ml",4.79,25
000000000001163393,"Indų ploviklis FROSCH ZERO SENSITIVE, 500 ml",1.85,25
000000000001214786,"Higieniniai paketai ALWAYS Platinum Secure Night, S4, 10 vnt.",4.59,25
000000000001230865,"Kempinės-šveistukai VILEDA, 2 vnt.",1.49,25
000000000001247041,"Šunų skanėstas PRIMADOG (antienos suktinis), 175 g",4.17,25
000000000001308928,"Aromatinė kortelė ODORO SANTALAS, 1 vnt.",5.99,25
000000000001324482,"Lateksinės pirštinės VILEDA, 10 vnt, dydis S/M, 10 vnt.",1.99,25
000000000001328429,"KĖDAINIŲ KONSERVŲ FABRIKO aštrios garstyčios, 190 g",0.95,25
000000000001354790,"Citrinpipiriai SANTA MARIA, 33 g, 33 g",1.79,25
000000000001365178,"Šunų ėdalas FRISKIES JUNIOR su vištiena ir morkomis, 340 g",1.25,25
000000000001378612,"Padažas SANTA MARIA SALSA DIP MEDIUM, 250 g",3.59,25
000000000000014172,"Česnakinė druska SANTA MARIA, 40 g",0.99,25
000000000000678455,"Higieniniai įklotai BELLA LIGHT SENSITIVE, 20 vnt.",1.55,25
000000000000680519,"Higieniniai paketai LIBRESSE ULTRA LONG, 8 vnt.",1.89,25
000000000000700306,"Imbieriniai sausainiai ANNA'S, kavos skonio, 150 g",1.49,25
000000000000924756,"Higieniai įklotai CAREFREE COTTON FRESH, 76 vnt.",6.49,25
000000000001097171,"Sausas šunų ėdalas CANIS MAJOR su paukštiena, 3 kg",3.89,25
000000000001144774,"Virtuvinės kempinės SPONTEX TOP CLEAN, 2 vnt., 2 vnt.",1.23,26
000000000001218359,"Konservuotas kačių ėdalas PRIMACAT (vištienos filė), 200 g",3.07,26
000000000001231078,Vienkartinis dubuo ILAJA Sugarcane 10 vnt. 460ml,1.99,26
000000000001237148,"Spraginti saldūs kukurūzai POPHOUSE, 130 g",0.79,26
000000000001252373,"Ekologiškas raudonojo vyno actas BIONATURALIS (6%), 500 ml",1.61,26
000000000001282725,"Kačių ėdalas FELIX FANTASTIC su višt.,skirtas jaun. kač.,85g, 85 g",0.43,26
000000000001312412,"Lėtai virti kiaul. šonkauliai WELL DONE su barbekiu padažu, 600 g",6.49,26
000000000001316083,"Sausas šunų ėdalas ONE MINI DOG su jautiena ir ryžiais, 1,5 kg",4.99,26
000000000001356764,"Higieniniai įklotai ALWAYS Normal, 0% Perfume, 80 vnt.",7.19,26
000000000001362973,"Elementas DURACELL 4B, 3V, CR2032, 1vnt.",3.49,26
000000000001373472,"Šaldyti vištienos maltinukai DONE COOKIN su įdaru CEZARIS, 290 g",3.43,26
000000000001387609,"Skanūs skystieji užkandžiai katėms „FELIX® Deli Moments™“ su lašišomis, 4 x 10 g paketėliuose",1.99,26
000000000000016762,NIVEA Fresh Active purškiamasis antiperspirantas vyrams ,4.79,26
000000000000934412,"Hermetiškas indelis, UNIWELL 0,95 l, 1 vnt.",1.29,26
000000000001033775,"Šunų skanėstas FRISKIES FUNTASTIX, 175 g",1.47,26
000000000001081774,"Česnakiniai pipirai SANTA MARIA, 70 g",2.59,26
000000000001126634,"Šakutė UNIWELL LANE, 1 vnt.",0.99,26
000000000001179994,"Skanėstas DENTALIFE mažų veislių šunims, 115 g",1.12,26
000000000001195059,"Higieniniai įklotai TENA MAXI, 6 vnt.",3.19,26
000000000001237146,"Spraginti karamelizuoti kukurūzai POPHOUSE, 180 g",0.99,26
000000000001253249,"Sauskelnės-kelnaitės HUGGIES PANTS 6 mergaitėms (15-25 kg), 44 vnt.",13.59,26
000000000001258373,"Konservuotas kačių ėdalas LOVETT su lašiša, 100 g, 100 g",0.55,26
000000000001275898,"Vytinta KLEBONIŠKA kiaulienos nugarinė, a. r., 1 kg",15.99,26
000000000001291444,"Kukurūzų traškučiai SANTA MARIA, grietinės ir česnakų skonio, 185 g",2.59,26
000000000001316084,"Sausas šunų ėdalas ONE MINI DOG su lašiša ir ryžiais, 1,5 kg",4.99,26
000000000001316197,"Baterijos DURACELL OPTIMUM (AAA, 8 vnt.)",5.99,26
000000000001322299,"Obuolių ir bananų sultys MARMALUZI (nuo 6 mėn.), 250 ml",1.25,26
000000000001337956,"Higieniniai įklotai BELLA PANTY NEW, 60 vnt.",3.45,26
000000000001354713,"Graužikų šienas PET EXPERT, 450 g",1.49,26
000000000001360726,PrimaDog Ėriena-bulvės visiems suaugusiems šunims 3 kg,9.99,26
000000000001371444,"My Love visavertis konservuotas pašaras suaugusioms katėms su vištiena ir jautiena padaže, 4 x 85 g",0.94,26
000000000001372326,"Energinis gėrimas ME2U BCAA, aviečių skonio, 330 ml",0.89,26
000000000001382337,"Karštai rūkytos sardelės BIOVELA, a. r., 570 g",3.99,26
000000000000450311,"Žuvies prieskoniai su krapais, 25 g",0.99,26
000000000000682180,"Sausas šunų ėdalas FRISKIES ACTIVE su jautiena, 3 kg",5.87,26
000000000000778200,"MOČIUTĖS želatina, 20 g",0.41,26
000000000000785042,"Ryžiai MARMALUZI su triušiena ir cukinijomis (nuo 8 mėn.), 190 g",1.39,26
000000000000931757,"Stiklinis indas maisto produktams laikyti UNIWELL, 950 ml, 1 vnt.",7.49,26
000000000000981072,NIVEA Dušo želė CARE & STAR FRUIT,6.89,26
000000000000995777,"Virtuvinės žirklės UNIWELL, 1 vnt.",2.99,26
000000000001046825,"Gimtadienio žvakutės, 24 vnt., 12 laikiklių, 24 vnt.",1.59,26
000000000001065826,"Stalo žvakė ELEMENTS SENSE, 2,3 x 24,5 cm, 1 vnt.",0.59,26
000000000001074456,"Sausas šunų ėdalas PEDIGREE su jautiena ir paukštiena, 2,6 kg",5.99,26
000000000001087780,"Hermetiškas indelis UNIWELL, 750 ml, 1 vnt.",2.99,26
000000000001115884,Sausk-keln.HUGGIES GIRLS 3(6-11);58vnt,13.59,26
000000000001151362,"Malti kardamonai SANTA MARIA, 35 g",5.19,26
000000000001159772,"Tamponai KOTEX ACTIVE NORMAL, 16 vnt.",3.35,26
000000000001163394,"Skystasis skalbiklis FROSCH ZERO SENSITIVE, 1.5 l",6.75,26
000000000001231353,"Sausas kačių ėdalas ONE DUAL su vištiena ir spanguolėmis, 750 g",4.19,26
000000000001241282,"Higieniniai įklotai LIBRESSE LONG EXTRA, 22 vnt.",2.39,26
000000000001302044,"Kvapioji žvakė AREON APPLE AND CINAMON, 1 vnt.",4.69,26
000000000001328606,NIVEA purškiamas dezodorantas antiperspirantas moterims Fresh Sensation,4.79,26
000000000001334953,"Graužikų pašaras COMPLETE MENU VEGGIE, 350 g",1.49,27
000000000001363576,"Vytintos kiaulienos lazdelės CHEESE&ONION, a. r., 70 g",2.45,27
000000000001373350,"Šaldyta aštri sriuba DONE COOKIN, 400 g",3.19,27
000000000001385184,"Higieniniai paketai BELLA PERFECTA PURE N, 20 vnt.",3.19,27
000000000000481427,"Sausas vidut. dydžio veislių šunų ėdalas PEDIGREE ADULT DOGS, 500 g",1.49,27
000000000000934411,"Hermetiškas indelis UNIWELL, 0,46 l, 1 vnt.",0.99,27
000000000000995776, Trintuvė UNIWELL,3.49,27
000000000001081772,"Laurų lapai SANTA MARIA, 4 g",1.49,27
000000000001089087,"Ekologiškas šaltai spaustas sezamų sėklų aliejus BIONATURALI, 250 ml",3.89,27
000000000001174546,NIVEA Dušo želė HAWAI FLOWER & OIL,6.89,27
000000000001214297,"Ryžių ir lęšių trapukai su juodaisiais serbentais, 36 mėn., 30g",1.15,27
000000000001227829,"Higieniniai įklotai TENA DISCREET MINI, 20 vnt.",4.59,27
000000000001244778,"Filtravimo kasetė AQUAPHOR MAXFOR B25 Mg, 1 vnt.",5.99,27
000000000001266792,"Š. r. sauso sūd. KLEBONIŠKA nugarinė su čiobreliais, a. r., 1 kg",11.99,27
000000000001294379,"Vienkartiniai puodeliai ILAJA WHITE 300ml, 20 vnt.",2.49,27
000000000001296560,"Lašišų aliejus FINE DOG, 500 ml",4.21,27
000000000001303334,NIVEA Dušo želė vyrams  SENSITIVE,6.89,27
000000000001309239,"Namų kvapas su lazdelėmis ODORO MOOD SANTALAS, 90 ml, 90 ml",16.99,27
000000000001334940,"Graužikų lazdelė su medumi FANTASIA, 90 g",1.49,27
000000000001346860,"Skalbinių minkštiklis SILAN AROMA.MAGIC MAGNOLIA, 50 skalb., 1.1 l",4.49,27
000000000001347849,"Džiovinti jaučių plaučiai ARDOUR, 200 g",3.49,27
000000000001364300,"KĖDAINIŲ KONSERVŲ FABRIKO barbekiu padažas CHIPOTLE, 320 g",1.37,27
000000000001370251,Skanėstas katėms su tunu WANPY 5x14g,1.29,27
000000000000178026,"Sriubų ir padažų prieskoniai SANTA MARIA, 25 g",1.09,27
000000000000251507,"Šampūnas AS, su lanolinu, 250 ml",2.09,27
000000000000551690,"Guminės pirštinės VILEDA, L dydis, 1 vnt.",1.69,27
000000000000561209,"Vištienos sultinys GALLINA BLANCA, 480 g",2.81,27
000000000000812477,"Šinšilų smėlis NATURE LIVING, 1,3 kg",2.29,27
000000000000824426,Birių produktų indas UNIWELL SQUARE 1L,2.99,27
000000000000989648,"Visavertis kačių ėdalas PURINA ONE SENSITIVE su kalakutiena, 800 g",4.19,27
000000000001065827,"Stalo žvakė ELEMENTS SENSE, 2,3 x 24,5 cm, 1 vnt.",0.59,27
000000000001082871,NIVEA raminantis micelinis vanduo su aminorūgštimi ir dekspantenoliu jautriai odai,8.79,27
000000000001087779,"Hermetiškas indelis UNIWELL, 1000 ml, 1 vnt.",3.49,27
000000000001107263,NIVEA BLACK&WHITE FRESH rutulinis antiperspirantas vyrams ,4.79,27
000000000001151363,"Karis SANTA MARIA, 34 g",1.69,27
000000000001207891,"Sausas kačių ėdalas PRIMACAT GF su lašišomis, 400 g, 400 g",2.74,27
000000000001224460,NIVEA BLACK&WHITE FRESH rutulinis antiperspirantas vyrams ,4.79,27
000000000001306979,"Pikantiškos žirnių dešrelės WELL WELL, 200 g",2.29,27
000000000001311298,"Apelsininiai pipirai SANTA MARIA, 48 g",2.49,27
000000000001328597,NIVEA Fresh Sensation rutulinis dezodorantas antiperspirantas moterims ,4.79,27
000000000001338918,"Makaronai REEVA ASIAN, antienos skonio, 60 g",0.37,27
000000000001348896,"Skalb. minkštiklis SILAN AROMA. RELAXING MALDIVES, 50 skalb., 1.1 l",4.49,27
000000000001360093,Šluotos antgalis VILEDA UNIVERSAL,3.49,27
000000000001369233,"Pastilės MYNTHON ZIP MINT, aviečių skonio, 30 g",1.37,27
000000000001381326,"Šaldytos bulvių juostelės su česnakais ir žalumynais AVIKO, 600 g",2.55,27
000000000001396476,"Plėšomos bandelės, šokolado skonio, 250 g",1.59,27
000000000000658199,"Pūkų rinkiklis VILEDA (58 lapeliai), 1 vnt.",2.49,27
000000000000771571,NIVEA BLACK&WHITE CLEAR purškiamasis antiperspirantas moterims ,4.79,27
000000000001065828,"Stalo žvakė ELEMENTS SENSE, 2,3 x 24,5 cm, 1 vnt.",0.59,27
000000000001084789,"Šunų skanėstas ADVENTUROS (lazdelės), 120 g",0.99,27
000000000001126636,"Arbatinis šaukštelis UNIWELL LANE, 1 vnt.",0.99,27
000000000001158289,"Česnakinė druska SANTA MARIA, 77 g",1.39,27
000000000001254854,NIVEA Dušo želė CARE & APRICOT ,6.89,28
000000000001266269,"Moteriškos kojinės SEVEN LEMON, dydis 37-39, juodos, 1 pora, 1 vnt.",1.39,28
000000000001286057,"Tamponai O.B. ORGANIC SUPER, 16 vnt., 16 vnt.",5.19,28
000000000001299360,"Higieniniai paketai KOTEX NATURAL NIGHT, 6 vnt.",2.09,28
000000000001316196,"Baterijos DURACELL OPTIMUM (AA, 8 vnt.)",5.99,28
000000000001324930,"Konservavimo dangtelis ILAJA, 1 vnt., 1 vnt.",0.14,28
000000000001357111,"Aštrus kečupas HEINZ, 460 g",2.99,28
000000000001365822,"Vytinta kiaulienos šoninė WELL DONE, a. r., 100 g",1.99,28
000000000001372221,"Baltyminis batonėlis ME2U, sausainių skonio, 45 g",1.65,28
000000000001375849,"Kepti vištienos filė kepsneliai su padažu HEAT & EAT, 290 g",2.39,28
000000000001386370,"Ekologiškas purškiamas saulėgrąžų aliejus BIONATURALIS, 200 ml",3.17,28
000000000000283870,"Žuvies prieskoninių žolelių mišinys SANTA MARIA, 15 g",0.99,28
000000000000369207,"Higieniniai tamponai O.B. PRO COMFORT NORMAL, 16 vnt.",4.19,28
000000000000539480,"Elementas DURACELL LR61, 9V, 1 vnt., 1 vnt.",2.34,28
000000000000878588,"Pjaustymo lentelė, 21 x 33 cm, 1 vnt.",5.99,28
000000000001090191,"Skutimosi želė NIVEA MEN SENSITIVE COOL jautriai odai, 200 ml",6.69,28
000000000001095048,"Šveiciamasis pienelis CIF PINK FLOWER, 780 g",3.59,28
000000000001120374,"Šluostės-kempinės SPONTEX ANTIFUGI, 3 vnt., 3 vnt.",1.89,28
000000000001130503,NIVEA dvifazis vadeniui atsparaus akių makiažo valiklis 125ml,5.99,28
000000000001179995,"Skanėstas DENTALIFE vidutinio dydžio veislių šunims, 115 g",1.12,28
000000000001181455,Sausas šunų ėdalas CANIS MAJOR jautiena 10 kg,12.64,28
000000000001278062,"Namų kvapas su lazdelėmis ODORO MOOD ŠAMPANO NAMAI, 90 ml, 90 ml",16.99,28
000000000001324579,"Šunų ėdalas CESAR su jautiena ir kepenimis, 150 g",1.49,28
000000000001334303,"Baltyminės šunų lazdelės PAPKY kalakutienos griežinėliai, 120 g",0.76,28
000000000001338908,"Makaronai REEVA ASIAN, krevečių skonio, 60 g",0.37,28
000000000001340344,"Vyriškos sportinės kojinės FRIENDS, 6317,43–46,balt.2 poros",6.99,28
000000000001356763,"Higieniniai įklotai ALWAYS Long, 0% Perfume, 48 vnt.",5.69,28
000000000001356788,"Ekologiškas nerafinuotas rapsų aliejus BIONATURALIS, 750 ml",2.99,28
000000000001371552,"Vytinta pjaustyta jautiena BRESAOLA, nerūšinė, 80 g",3.19,28
000000000001373295,"Šaldyti kepti JŪRATĖS kotletai DONE COOKIN, 2 vnt., 250 g",3.67,28
000000000001382176,"Valgomieji ledai AURUM, bananų ir vanilės skonio, 98 g",0.99,28
000000000000014177,"Pipirų mišinys SANTA MARIA, 25 g",1.59,28
000000000000014181,"Šašlykų prieskoniai SANTA MARIA, 45 g",0.99,28
000000000000027124,"Sausas šunų ėdalas DARLING su paukštiena, 10 kg",15.99,28
000000000000358645,NIVEA Valomosios servetelės sausai ir jautriai odai AQUA EFFECT,6.79,28
000000000000715830,"Bambukinės valgymo lazdelės AJI IMPORT, 26 cm, 10 vnt., 10 vnt.",1.35,28
000000000000737067,"Krekeriai TUC, sūrio skonio, 100 g",1.69,28
000000000000816907,"Kalakutienos ir daržovių košė MARMALUZI (nuo 6 mėn.), 190 g",1.39,28
000000000000872850,"Intymios higienos prausiklis SMILĖ (su ramunėlėmis), 300 ml",1.88,28
000000000000995783,"Česnakų spaudyklė UNIWELL EDAY, 1 vnt.",2.99,28
000000000001009928,"Tamponai KOTEX SUPER, 16 vnt.",3.35,28
000000000001088083,"Hermetiškas indelis UNIWELL EDAY, 100 ml, 1 vnt.",1.19,28
000000000001219238,"Sausas kačių ėdalas PERFECT INDOOR su jautiena, 750 g",2.99,28
000000000001261841,"Mini sojų dešrelės su paprikomis WELL WELL, 180 g",2.09,28
000000000001292186,"Higieniniai paketai ALWAYS Platinum Day&Night, S3, 22 vnt.",7.99,28
000000000001297661,"Šepečio kotas VILEDA, 1 vnt.",1.79,28
000000000001300178,"Sausas kačių ėdalas PERFECT FIT su kalakutiena, 750 g",2.99,28
000000000001320617,"Konservuotas šunų ėdalas ARDOUR su jautiena ir kalakutiena, 400 g",1.24,28
000000000001343743,"Šunų užkandis ant&avien LOVETT 140g, 140 g",0.79,28
000000000001349742,"Skalb. minkštiklis SILAN SENSITIVE DERMA & CARE, 50 skalb., 1.1 l",4.49,28
000000000001354268,"Sausas ėdalas ster. kat. PURINA ONE su laš. ir vingr., 750 g, 750 g",4.19,28
000000000001354997,"Didieji šprotai aliejuje su prieskoniais BRIVAIS VILNIS, 240 g",1.89,28
000000000001365327,"Šaldytų bulvių rožytės AVIKO, 750 g",3.19,29
000000000001369269,"Žal. citrinų ir Chalapos papr. sk. pad. SANTA MARIA, 250 ml",4.19,29
000000000001373362,"Šaldyta trinta pievagrybių sriuba DONE COOKIN, 400 g",3.11,29
000000000001391043,"GARSTYČIŲ padažas su medumi, 48 % rieb., 480 g",1.65,29
000000000001392677,"Higieniniai paketai LIBRESSE ULTRA MULTISTYLE, 10 vnt.",2.39,29
000000000001393981,"Vytinta klasikinė KLEBONIŠKA kiaulienos išpjova, A. r., 180 g",3.99,29
000000000001394050,"PrimaDog Lašišos ir apdorotos odos lazdelė 13 cm, 11 vnt, 100 g",2.49,29
000000000000062104,"Aitriųjų paprikų padažas SANTA MARIA TEX MEX, 85 ml",2.09,29
000000000000570760,"Tamponai BELLA, 16 vnt.",2.39,29
000000000000574513,"Skrudintų česnakų ir pipirų mišinys SANTA MARIA malūnėlyje, 80 g",5.95,29
000000000000654884,"Pilno grūdo makaronai LUBELLA PENNE (vamzdeliai), 400 g",1.07,29
000000000000711243,"Kasdieniai įklotai BELLA PANTY SENSITIVE, 60 vnt.",3.39,29
000000000000837745,"Mikropluošto langų šluostė WINDOW WONDER, 1 vnt.",1.43,29
000000000001057500,"Universaliosios šluostės SPONTEX FASTWIPES, 3 vnt., 3 vnt.",1.37,29
000000000001128440,"Higieniniai įklotai ALWAYS Long, Odour Lock, 26 vnt.",4.09,29
000000000001151371,"Bulvių prieskoniai SANTA MARIA, 57 g",1.59,29
000000000001167006,"Konserv. kačių ėdalas PERFECT FIT su žuvimi ir daržovėmis, 340 g",1.82,29
000000000001171707,"Prieskonių mišinys INDIAN MANGO CURRY SANTA MARIA, 41 g",3.29,29
000000000001194397,"Higieniniai įklotai ALWAYS Normal, 0% perfume, 58 vnt.",5.69,29
000000000001214467,"Žemės riešutų miltai ALVO, 300 g",1.99,29
000000000001223251,"Pieno mišinys FRISO GOLD 2 (nuo 6 mėn.), 800 g",12.45,29
000000000001229918,NIVEA BLACK&WHITE FRESH purškiamasis antiperspirantas vyrams ,6.39,29
000000000001254268,NIVEA Fresh Rose Touch rutulinis dezodorantas antiperspirantas moterims ,4.79,29
000000000001258371,"Konservuotas kačių ėdalas LOVETT su jautiena, 100 g, 100 g",0.55,29
000000000001261739,"NIVEA MEN ""FRESH KICK"" rutulinis antiperspirantas vyrams.",4.79,29
000000000001264579,"Kempinės VILEDA ULTRA FRESH, 2 vnt.",1.39,29
000000000001266281,"Moteriškos pėdkelnės SEVEN LEMON, 40 den, 5 dydis, juodos, 1 vnt.",2.29,29
000000000001286258,"Higieniniai tamponai O.B. PRO COMFORT EXTRA PROTECT NORMAL, 16 vnt.",5.09,29
000000000001289943,"Higieniniai paketai BELLA BIO BASED ULTRA THIN NORMAL, 10 vnt.",4.69,29
000000000001292716,"Vytintos kiaulienos lazdelės, 70 g",2.79,29
000000000001296558,"Šunų skanėstas FINE DOG MINI su jautiena, 80 g",1.48,29
000000000001297146,"Valgomieji ledai AURUM, arbūzų skonio, 98 g",0.99,29
000000000001305748,"Margainių vaisiai (milteliai) ŽOLYNĖLIS, 300 g",3.29,29
000000000001308582,"Sausas pašaras katėms PERFECT FIT, kambarinėms katėms, su vištiena, 1,4 kg",4.99,29
000000000001325315,"Žuvies skonio sojų varškės užtepėlė, 125 g",1.49,29
000000000001329925,"Konservuotas sterilizuotų kačių ėdalas PRIMACAT(kalakutiena), 85 g",0.52,29
000000000001364639,"Birių produktų indas UNIWELL CARAWAY 690 ml
",2.99,29
000000000001370316,Skanėstas katėms su vištiena WANPY 5x14g,1.29,29
000000000001374629,"Maltos ciberžolės SANTA MARIA, 32 g",1.49,29
000000000001379598,"Šaldytas užkandis su saliamiu FOOD LUCK, 300 g",2.89,29
000000000001395304,"Club 4 Paws Premium visavertis konservuotas pašaras suau gusioms sterilizuotoms katėms su kalakutiena ir triušiena padaže, 4x85 gr",1.14,29
000000000000014014,"Visavertis šunų ėdalas DARLING su paukštiena ir daržovėmis, 3 kg",4.99,29
000000000000017114,"NIVEA Soft drėkinamasis kremas veidui, kūnui, rankoms",5.39,29
000000000000477109,"Akmens druska SANTA MARIA malūnėlyje, 140 g",4.49,29
000000000000544008,"Kmynai SANTA MARIA, 20 g",0.99,29
000000000000798353,"Higieniniai paketai ALWAYS Platinum Normal, S1, 16vnt.",4.59,29
000000000000932314,"Universalusis peilis UNIWELL, 13 cm, 1 vnt.",1.29,29
000000000001067831,"Padažo AMERICAN RANCH mišinys SANTA MARIA TEX MEX, 14 g",1.39,29
000000000001087781,"Hermetiškas indelis UNIWELL, 600 ml, 1 vnt.",2.69,29
000000000001135827,"Skutimosi želė NIVEA MEN DEEP, 200 ml",5.49,29
000000000001158247,NIVEA BLACK&WHITE SILKY SMOOTH purškiamasis antiperspirantas moterims ,6.39,29
000000000001180970,"Vyriškos kojinės SKINIJA, 43-46 dydis, 1 vnt.",2.89,29
000000000001207251,"Sausas kačių ėdalas PRIMACAT ster. katėms, 400 g, 400 g",2.49,30
000000000001258309,"Vienkartinės lėkštės ILAJA WHITE,13x20cm,20vnt.",1.49,30
000000000001268013,"Ekologiškas perlinis kuskusas BIONATURALIS, 900 g",4.79,30
000000000001330951,"Skalbiamasis gelis PERSIL ACTIVE, 44 skalb., 1.98 l",9.59,30
000000000001331462,NIVEA Fresh Sensation purškiamasis antiperspirantas vyrams 250 ml,5.99,30
000000000001338916,"Makaronai REEVA, vištienos skonio, 70 g",0.89,30
000000000001340348,"Moteriškos sportinės kojinės FRIENDS, 7317,39–42,balta, 2 poros",6.99,30
000000000001346855,"Skystasis skalbiklis REX COLOR, 22 skalb., 990 ml",4.39,30
000000000001346975,"Skalbiamasis gelis PERSIL EXPERT SENSITIVE, 40 skalb., 1.8 l",9.59,30
000000000001364279,"KĖDAINIŲ KONSERVŲ FABRIKO barbekiu padažas ROASTED GARLIC, 320 g",1.37,30
000000000001364640,"Birių produktų indas UNIWELL CARAWAY2,5 L",4.49,30
000000000001370301,"Skalbiklis FROSCH LEMON, 22 skalbimams, 1,5 l, 1.5 l",6.29,30
000000000001372333,"Energinis gėrimas ME2U BCAA, mangų skonio, 330 ml",0.89,30
000000000000131786,"Česnakiniai pipirai SANTA MARIA, 30 g",1.59,30
000000000000253295,"Maudymosi sauskelnės HUGGIES LITTLE SWIMMERS (12-18 kg), 11 vnt.",4.99,30
000000000000654882,"Visadalių grūdų spagečiai LUBELLA SPAGHETTI, 400 g",1.07,30
000000000000872849,"Intymios higienos prausiklis SMILĖ (su alavijais), 300 ml",1.88,30
000000000001083908,"Šašlykų prieskoniai SANTA MARIA, 100 g",1.99,30
000000000001106365,"Higieniniai paketai ALWAYS Platinum Day&Night, S3, 6 vnt.",2.89,30
000000000001126635,"Šaukštas UNIWELL LANE, 1 vnt.",0.99,30
000000000001160508,"Pjaustyti česnakai SANTA MARIA, 25 g",1.19,30
000000000001231354,"Kačių ėdalas PRIMACAT paukštienos padaže, 85 g, 85 g",0.52,30
000000000001258304,"Vienkartiniai puodeliai ILAJA WHITE,300ml 10vnt",1.49,30
000000000001269185,"Higieniniai įklotai LIBRESSE MICRO, 44 vnt.",2.49,30
000000000001276662,"Kepimo forma SILVER ELEGANCE, 26 cm",11.49,30
000000000001309177,"Namų kvapas su lazdelėmis ODORO MOOD ČILI APELSINAS, 90 ml, 90 ml",16.99,30
000000000001314339,"Draskymo lenta katėms LOVETT, 48,5 x 18,5 x 7,5 cm, 1 vnt.",5.59,30
000000000001328607,NIVEA MEN FRESH SENSATION  rutulinis antiperspirantas vyrams.,4.79,30
000000000001338945,"Kukurūzų traškučiai SANTA MARIA, aitriųjų paprikų skonio, 185 g",2.59,30
000000000001349743,"Skalb. minkštik. SILAN AROMA.FASCINATING FRANGIPANI, 50 sk., 1.1 l",4.49,30
000000000001356858,"Medžio lazdelės smilkymui ACAPPELLA PALO SANTO, 1 vnt.",12.99,30
000000000001376537,"Gimtadienio žvakutė 5, ELEMENTS SENSE, 2 spalv.",0.79,30
000000000001378124,"Kačių žaislas LOVETT, LBC240610",2.09,30
000000000001384230,"Popieriniai įdėklai gruzdintuvėms, BEATOS VIRTUVĖ, 20 x 4,5 cm.",4.99,30
000000000001385105,"Higieniniai paketai ALWAYS Platinum Secure Night Extra, S5, 16 vnt.",7.99,30
000000000001386095,"Pynutės su jautiena šunims LOVETT, 70g",0.59,30
000000000001391827,"Pieniniai džiūvėsiai JDC, 200 g",1.08,30
000000000000062105,"Pomidorų padažas SANTA MARIA TEX MEX su ananasais, 230 g",3.19,30
000000000000505623,NIVEA® Volume Strength šampūnas,4.49,30
000000000000743837,"WC valiklis Harpic Active Fresh Citrus Gourmand“, 750 ml.",1.79,30
000000000001037097,"Kukurūzų traškučiai SANTA MARIA su aitriosiomis paprikomis, 475 g",5.99,30
000000000001059827,"Greitai paruošiami makaronai YAKISOBA (vištienos skonio), 93 g",1.43,30
000000000001091436,"Moteriškos kojinaitės SPARTA, 1 vnt., 36-41 dydis",3.79,30
000000000001150977,"Higieniniai paketai KOTEX ULTRA NORMAL, 8 vnt.",1.79,30
000000000001151366,"Bazilikai SANTA MARIA, 12 g",1.49,30
000000000001242652,"Pieno mišinys FRISO GOLD 3 (nuo 12 mėn.), 800 g",10.89,30
000000000001261612,"Ledų batonėlis SNICKERS WHITE, 41 g",0.89,30
000000000001287342,"Kepimo forma UNIWELL, 24 x 32 cm",6.99,30
000000000001309165,"Purškiamas kvapas ODORO MOOD ČILI APELSINAS, 200 ml, 200 ml",9.49,30
000000000001316305,NIVEA MEN Black & White Invisible pieštukinis antiperspirantas Fresh vyrams,5.39,30
000000000001323431,Šunų skanėstas PEDIGREE RODEO DUOS,1.19,30
000000000001330958,"Skalbiamasis gelis PERSIL COLOR, 44 skalb., 1.98 l",9.59,30
000000000001334782,"Namų kvapas ODORO MOOD STEBUKLŲ METAS, 90 ml, 90 ml",18.99,31
000000000001338907,"Makaronai REEVA, grybų skonio, 70 g",0.89,31
000000000001364643,"Birių produktų indas UNIWELL CARAWAY 1,5 L",3.99,31
000000000001368492,"Plombyriniai ledai NYKŠTUKAS, obuolių pyrago skonio, 450 g",4.79,31
000000000001370323,Mėsos pasta katėms su tunu WANPY 90 g,1.19,31
000000000001372235,"Baltyminis batonėlis ME2U, sūrios karamelės skonio, 45 g",1.65,31
000000000001391638,NIIVEA Derma Control Defend rutulinis dezodorantas moterims 50 ml,4.79,31
000000000000011595,"Higieniniai paketai ALWAYS Ultra Super Extra, S3, 7 vnt.",2.89,31
000000000000817568,"Gimtadienio žvakutės, 24 vnt., 1 vnt.",1.89,31
000000000000820621,"DZŪKIJOS šakotis NAUJIENA, 1 kg",11.99,31
000000000000882474,"Daržovių pjaustymo tinklelis, 1 vnt.",1.99,31
000000000000934413,"Hermetiškas indelis UNIWELL, 1,5 l, 1 vnt.",1.99,31
000000000001121717,"DZŪKIJOS šakotis, 1 kg",11.99,31
000000000001129319,"Kasdieniniai įklotai BELLA IDEALE, 28 vnt.",2.85,31
000000000001151375,"Maltas cinamonas SANTA MARIA, 210 g",8.29,31
000000000001151891,"Puodas su dangčiu, 2 l, 1 vnt.",7.99,31
000000000001223249,"Pieno mišinys atpyl. kūdik.FRISOLAC GOLD COMFORT 2 (6+ mėn.), 400 g",9.09,31
000000000001224459,NIVEA BLACK&WHITE ULTIMATE IPMACT rutulinis antiperspirantas moterims ,4.79,31
000000000001232586,"Dušo gelis NIVEA, 500 ml",6.89,31
000000000001252100,"Indaplovių valiklis FROSCH, 125g",3.39,31
000000000001270835,"Kačių skanėstas FELIX PLAY TUBES su žuvimi ir kepenėlėmis, 50 g",1.99,31
000000000001276669,"Amerikietiškas mėsainių padažas HEINZ, 400 ml",3.44,31
000000000001282371, Plakimo šluotelė UNIWELL,2.99,31
000000000001282497," Koštuvas UNIWELL, 10 cm",2.99,31
000000000001282568," Koštuvas UNIWELL, 20 cm",3.99,31
000000000001287352,"Kepimo forma UNIWELL, 24 x 24 cm, 1 vnt.",5.99,31
000000000001292184,"Higieniniai paketai ALWAYS Platinum Normal, S1, 30 vnt.",7.99,31
000000000001292185,"Higieniniai paketai ALWAYS Platinum Super, S2, 26vnt",7.99,31
000000000001295907,"Vyriškos kojinės SKINIJA, 43-46 dydis, 1 vnt.",4.49,31
000000000001296557,"Šunų skanėstas FINE DOG su jautiena, 80 g",1.48,31
000000000001308761,"Purškiamas kvapas ODORO MOOD KUBOS ŠĖLSMAS, 200 ml, 200 ml",9.49,31
000000000001311323,"Ekologiškų paprikų milteliai SANTA MARIA, 36 g",3.29,31
000000000001317219,"Sausk. HUGGIES EXTRA CARE S4, 9–14 kg, 38 vnt.

",16.79,31
000000000001322305,"Morkų, obuolių sultys MARMALUZI, 250ml, 6+",1.29,31
000000000001324596,"Šunų ėdalas CESAR su veršiena ir paukštiena, 150 g",1.49,31
000000000001328520,"Higieniniai įklotai ALWAYS Long, Fresh Scent, 48 vnt.",5.69,31
000000000001350352,"Skalbiamieji milteliai REX AROMATHERAPY COLOR, 4 skalb., 220 g",0.99,31
000000000001356766,"Higieniniai paketai ALWAYS Platinum Secure Night, S4, 20 vnt.",7.99,31
000000000001370169,Prieskoninė UNIWELL Bamboo 200 ml,2.49,31
000000000001372624,WC val.lap.DR. BECKMANN CITRUS;20vnt,3.05,31
000000000000016752,NIVEA® Color Care hairspray,7.19,31
000000000000063969,"Higieniniai įklotai BELLA PANTY SOFT, 20 vnt.",1.55,31
000000000000222836,"Moteriškos pėdkelnės IMMAGINE MARLEN 40, 4 dydis, 1 vnt.",2.09,31
000000000000467715,"Skridininės kvapniosios žvakės ELEMENTS SENSE, 9 vnt.",1.29,31
000000000000489082,"Higieniniai įklotai LIBRESSE STRING, 30vnt",1.89,31
000000000000768159,"Higieniniai paketai BELLA FOR TEENS SENSITIVE, 10 vnt.",1.99,31
000000000000951098,"Hermetiškas indelis BORGONOVO IGLOO,  1450 ml",7.29,31
000000000001171706,"Prieskonių mišinys AMERICAN CAJUN SANTA MARIA, 34 g",3.69,31
000000000001205895,"Higieniniai įklotai CAREFREE FLEXI FRESH, 56 vnt.",5.49,31
000000000001231125,"Vienkartiniai puodeliai ILAJA COLOR,220ml 10vnt.",1.99,31
000000000001244779,"Filtravimo kasetė AQUAPHOR MAXFOR B25, 3 vnt.",15.99,31
000000000001260654,"Higieniniai įklotai NATURELLA Camomile, Normal, 20 vnt.",1.99,31
000000000001266254,"Vyriškos kojinės SEVEN LEMON, dydis 43-45, juodos, 1 pora, 1 vnt.",1.39,32
000000000001269273,"Moter. kojinės SEVEN LEMON, dydžiai 40-42, šv. rudos, 1 pora, 1 vnt.",1.39,32
000000000001276663,"Duonos kepimo forma SILVER ELEGANCE,30cm",10.49,32
000000000001292688,"Moteriškos puskojinės SEVEN LEMON, 2 poros, 20 denų, 2 vnt., vienas dydis",1.89,32
000000000001296321,"Club 4 Paws Premium su ėriena ir ryžiais suaugusiems visų veislių šunims visavertis sausas pašaras, 0,9 kg ",3.39,32
000000000001322301,"Įvairių vaisių ir morkų sultys MARMALUZI, 250ml, 6+",1.25,32
000000000001336696,NIVEA Q10 STANGRINAMASIS KŪNO LOSJONAS,9.29,32
000000000001341787,"Sausainiai AMARETTI su avietėmis, 170 g",2.79,32
000000000001348206,Vazozinė gėlė orchidėja,4.99,32
000000000001349734,"Skalbinių minkštiklis SILAN AROMA. DREAMY LOTUS, 50 skalb., 1.1 l",4.49,32
000000000001364110,"Valomasis akmuo DR BECKMANN POWER CLEANER, 550 g",5.45,32
000000000001370418,"Sanal Cream Sticks Salmon skanėstai katėms su lašiša, 75 g",1.69,32
000000000001370419,"Sanal Cream Sticks Chicken skanėstai katėms su vištiena, 75 g",1.69,32
000000000001387901,NIVEA MEN SENSITIVE POWER šampūnas plaukams vyrams 250 ml,4.49,32
000000000000027116,"Sausas šuniukų ėdalas FRISKIES su vištiena ir daržovėmis, 3 kg",5.99,32
000000000000137658,"Vidutinių veislių šunų kramtalai PEDIGREE DENTASTIX (3 vnt.), 77 g",1.07,32
000000000000411580,"Šepečio šluostė VILEDA ULTRAMAT, 1 vnt.",8.99,32
000000000000626583,"Makaronai LUBELLA CRESTE DI GALLO Nr. 33 (rageliai), 400 g",0.89,32
000000000000768420,"Valiklis vonios kambariui FROSCH, 500 ml",2.09,32
000000000000955930,"Higieniniai paketai BELLA PER.ULT.BLUE MEGA P., 32 vnt.",5.59,32
000000000000989991,NIVEA Dušo želė vyrams ACTIVE CLEAN,4.19,32
000000000000990118,"Higieniniai paketai BELLA PERFECTA ULTRA NIGHT, 7 vnt.",2.29,32
000000000000995784, Skardinių atidarytuvas UNIWELL,2.99,32
000000000001004916,"Sausas marinato mišinys SANTA MARIA šonkauliukams, 30 g",1.19,32
000000000001013178,"Moteriškos trumpos kojinės SKINIJA, 37-40 d., juodos sp., 1 vnt.",2.59,32
000000000001033774,"Šunų skanėstų rinkinys FRISKIES PICNIC, 126 g",1.31,32
000000000001066353,"Moteriškos kojinės FRIENDS, 39-42 dydis, 3 vnt.",9.99,32
000000000001072785,"Kokosų miltai ALVO, 300 g",1.69,32
000000000001106633,"Visadalių grūdų makaronai LUBELLA su speltomis (spiralės), 400 g",1.07,32
000000000001183620,"Mot. puskojinės IMMAGINE OLIVIA 40, vienas dydis, 2 vnt., 2 vnt.",1.49,32
000000000001222992,"Vienkartinės lėkštės ILAJA, 23cm 10vnt. žalios",1.49,32
000000000001255228,"Sausas šuniukų ėdalas LOVETT, 1 kg",1.49,32
000000000001272690,"Papildas katėms SANAL ANTI-HAIRBALL nuo sąvėlų, 75 g",2.39,32
000000000001278064,"Purškiklis ODORO MOOD ŠAMPANO NAMAI, 200 ml",9.49,32
000000000001282565, Bulvių grūstuvas UNIWELL,4.99,32
000000000001282592, Mėsos muštukas UNIWELL,4.99,32
000000000001302053,"Kvapioji žvakė AREON VANILLA BLACK, 1 vnt.",4.69,32
000000000001316306,NIVEA BLACK&WHITE SILKY SMOOTH pieštukinis antiperspirantas moterims,5.39,32
000000000001317200,"Sausk. HUGGIES EXTRA CARE S3, 6–11 kg, 48 vnt.

",16.79,32
000000000001317232,"Maudymosi sauskelnės HUGGIES SWIM, 3-8 kg, 12 vnt., 12 vnt.",4.99,32
000000000001349711,"Skalbiamieji milteliai PERSIL COLOR, 40 skalb., 2.2 kg",9.59,32
000000000001349796,"Higieniniai įklotai CAREFREE LARGE ALOE, 48 vnt.",5.49,32
000000000001385171,"Higieniniai paketai BELLA PERFECTA PURE NIGHT, 14 vnt.",3.19,32
000000000001391490,"Purškiamas kvapas ODORO MOOD ""Juodasis gintaras"", 200 ml",9.49,32
000000000001391693,NIVEA Derma Control Defend purškiamas antiperspirantas moterims 150 ml,4.79,32
000000000000016757,NIVEA® Volume Care putos,7.19,32
000000000000029722,"Stalo žvakės BOLSIUS, 2 x 17 cm, 10 vnt., 10 vnt.",4.99,32
000000000000477111,"Juodieji pipirai SANTA MARIA TELLICHERRY PEPPER malūnėlyje, 70 g",6.89,32
000000000000482975,"Aitriosios uoginės paprikos SANTA MARIA, 215 g",3.49,32
000000000000539478,"Elementai DURACELL (C, LR14), 2 vnt.",2.99,32
000000000000570759,"Tamponai BELLA, Regular 16 vnt.",2.39,32
000000000000658525,"Higieniniai paketai BELLA PERFECTA NIGHT, 7 vnt.",1.69,32
000000000000751540,"Higieniniai paketai TENA LADY NORMAL, 12 vnt.",4.69,33
000000000000853490,"Vonios kambario valiklis FROSCH, levandų kvapo, 500 ml",2.49,33
000000000000908767,NIVEA Dry Comfort rutulinis antiperspirantas moterims,4.79,33
000000000000916082,"Moteriškos pėdkelnės INCANTO COSMO 40, 4 dydis, 1 vnt.",4.99,33
000000000000935300,"Sausas šunų ėdalas CANIS MINOR su vištiena, 2,2 kg",3.39,33
000000000001000421,"Pastilės MYNTHON ZIP MINT, mentolio skonio, 30 g",1.37,33
000000000001000742,"Sausas steriliz. kačių ėdalas FRISKIES (su lašiš.ir daržov.), 1.5 kg",5.14,33
000000000001008727,"Rožių puokštė, 9 vnt. ",4.49,33
000000000001030732,"Šaldytuvo gaiviklis DR.BECKMANN LEMON, 40 g",3.05,33
000000000001081769,"Maltos mėsos prieskoniai SANTA MARIA, 80 g",2.15,33
000000000001214761,"Higieniniai paketai BELLA PERFECTA ULTRA GREEN, 20 vnt.",4.05,33
000000000001266287,"Moter. puskojinės SEVEN LEMON, 40 den, univer. dydis, 2 vnt., 2 vnt.",2.19,33
000000000001278066,"Aromatinė kortelė ODORO ŠAMPANO NAMAI, 1 vnt.",5.99,33
000000000001320104,"Skalbinių minkštiklis FROSCH, figų kvapo, 750 ml",1.99,33
000000000001322746,NIVEA kasdienis valomasis gelis-šveitiklis riebiai ir mišriai odai,5.69,33
000000000001325498,Puodelis ILAJA CAT 350 ml,1.99,33
000000000001334543,"Peilis TRAMONTINA Polywood, 1 vnt.",1.99,33
000000000001350183,Areon sausas spintų kvapas PREMIUM ECRU,3.99,33
000000000001354706,"Didelių papūgų lesalas PET EXPERT, 800 g",1.59,33
000000000001363567,"Vytintos kiaulienos lazdelės DILL&ONION, a. r., 70 g",2.45,33
000000000001370315,Pasta katėms su vištiena WANPY 90g,1.19,33
000000000001382184,"Valgomieji ledai AURUM, su šilauogių įdaru, 95 g",0.99,33
000000000001382718,"Šaltai rūkyta ROKIŠKIO kiaulienos sprandinė, a. r., 300 g",5.19,33
000000000000251502,"Antiparazitinis šunų šampūnas AS, 250 ml",2.09,33
000000000000504976,"Higieniniai įklotai ""SENI Lady"", 20 vnt.",3.89,33
000000000000620606,NIVEA valomasis pienelis su migdolų aliejumi sausai ir jautriai odai,7.29,33
000000000000725444,"Medinis tešlos volelis, 1 vnt.",3.99,33
000000000000748536,"Pelėsinis sūris MEMEL BLUE, 50 % rieb. s. m., 1 kg",14.99,33
000000000000773505,"Higieniniai įklotai SENI LADY PLUS, 15 vnt.",5.89,33
000000000000833784,"Kačių tualetas SAVIC, 42 x 31 x 12,5 cm, 1 vnt.",6.29,33
000000000000878586,"Pjaustymo lentelė, 16 cm, 1 vnt.",3.99,33
000000000001081770,"Malti juodieji pipirai SANTA MARIA, 45 g",3.29,33
000000000001093496,"Sauskelnės-kelnaitės HUGGIES PANTS 5 JUMBO BOY, 12-17 kg, 34 vnt.",10.25,33
000000000001129318,"Kasdieniniai įklotai BELLA IDEALE, 20 vnt.",2.79,33
000000000001151368,"Žolelių mišinys SANTA MARIA, 29 g",1.59,33
000000000001191084,"Skutimosi gelis NIVEA MEN SENSITIVE 3 dienų barzdai, 200 ml",6.69,33
000000000001222990,"Vienkartinės lėkštės ILAJA,23cm,10 vnt.geltonos",1.49,33
000000000001241283,"Higieniniai įklotai LIBRESSE NORMAL EXTRA, 24 vnt.",2.29,33
000000000001248430,"Elementai DURACELL 2025, 3 V, 2 vnt., 2 vnt.",1.99,33
000000000001266280,"Moteriškos pėdkelnės SEVEN LEMON, 40 den, 4 dydis, juodos, 1 vnt.",2.29,33
000000000001302511,"Sausasis šunų ėdalas PEDIGREE MINI,su višt. ir daržov.,500 g, 500 g",1.79,33
000000000001334948,"Vidutinių papūgų skanėstas su obuoliais ir medumi FANTASIA, 90 g",1.49,33
000000000001334952,"Žuvų pašaras TATRAPET KLASIK FLAKES, 25 g",0.99,33
000000000001336697,NIVEA ALOE & HYDRATION kūno losjonas,10.69,33
000000000001340363,"Moteriškos sportinės kojinės FRIENDS, 7317,35–38,balta,2 poros",6.99,33
000000000001345093,"Milteliai ACORUS BALANCE FIBER COLON DETOX, 300 g",5.69,33
000000000001347873,"Jautienos juostelės ARDOUR, 200 g",3.49,33
000000000001350182,Areon sausas spintų kvapas PREMIUM VANILA BLACK,3.99,33
000000000001352236,"Intymiosios higienos prausiklis BELLA TEENS, 300 ml",4.59,33
000000000001353197,"Virta kiaulienos dešra WELL DONE su sūriu, a. r., 300 g",2.09,33
000000000001361173,"Lakštinė veido kaukė NIVEA SKIN MOISTURE, 1 vnt.",3.69,33
000000000001370474,Šunų skanėstai SANAL TRAINERS FANTASY MIX 300g,1.99,33
000000000001372605,Higieninis baliklis DR. BECKMANN 2in1;400g,4.19,34
000000000001376538,"Gimtadienio žvakutė 8, ELEMENTS SENSE, 2 spalv.",0.79,34
000000000001380709,"My Love visavertis  sausas pašaras suaugusioms katėms su vištiena, jautiena ir daržovėmis, 300 g",0.84,34
000000000001391639,NIVEA MEN rutulinis antiperspirantas Derma Control Defend vyrams 50 ml,4.79,34
000000000001394915,"Virta dešra MORTADELLA BOLOGNA su pistacijomis, nerūš., 180 g",3.49,34
000000000000057420,"Higieniniai tamponai O.B. ORIGINAL SUPER PLUS, 16 vnt.",4.09,34
000000000000063968,"Higieniniai įklotai BELLA PANTY MINI, 36 vnt.",1.79,34
000000000000467714,"Skridininės kvapniosios žvakės ELEMENTS SENSE, 9 vnt., 9 vnt.",1.29,34
000000000000477105,"Vištienos ir kepsnių prieskoniai SANTA MARIA malūnėlyje, 75 g",4.49,34
000000000000477106,"Priesk. mišinys SANTA MARIA su aitr. paprikomis malūnėlyje, 70 g",4.49,34
000000000000916083,"Moteriškos pėdkelnės INCANTO COSMO 40, 5 dydis, 1 vnt.",4.99,34
000000000000925498,Šveistukai (2vnt.) Glitzi Power Inox,1.89,34
000000000000938252,"Puodelis AURORA WHITE HOME, 500 ml, 1 vnt.",2.99,34
000000000000990194,"Plastikinis dubuo ILAJA, 26 cm, 1 vnt.",1.99,34
000000000001032197,"Vytinta jautiena DORA su slyvomis ir aitriosiomis paprikomis, 40 g",2.79,34
000000000001037083,"Kukurūzų traškučiai SANTA MARIA TEX MEX su Chalapos paprik., 185 g",2.59,34
000000000001048142,"Gimtadienio žvakutės, baltos, 10 vnt., 1 vnt.",1.79,34
000000000001077741,"Grindų valymo rinkinys TURBO CLEANING, 1 vnt.",29.99,34
000000000001086101,"Higieniniai paketai BELLA IDEALE, 20 vnt.",4.09,34
000000000001151377,"Maltos mėsos prieskoniai SANTA MARIA, 280 g",4.69,34
000000000001157629,"Šunų užkandis YORK FRIEND (jautienos lazdelės), 45 g",0.49,34
000000000001157630,"Šunų užkandis YORK FRIEND (kauliukų formos), 90 g",0.65,34
000000000001159773,"Tamponai KOTEX ACTIVE SUPER, 16 vnt.",3.35,34
000000000001160630,"Kepimo forma GUARDINI, 24 x 32 cm",10.99,34
000000000001209170,"Vytinta KLEBONIŠKA sausai sūdyta nugarinė, a.r., 1 kg",14.99,34
000000000001216874,NIVEA® RANKŲ KREMAS 3 IN 1 ANTI-AGE su Q10 kompleksu ir UV filtru,7.25,34
000000000001218138,"Namų kvapas su lazdelėmis AREON BLACK GOLD AMBER, 85 ml",9.99,34
000000000001250422,"Birių produktų indas UNIWELL FAGO, 650ml",4.99,34
000000000001269220,"Moter. kojinės SEVEN LEMON, dydis 37-39, šv. rudоs, 1 pora, 1 vnt.",1.39,34
000000000001296723,"Šunų skanėstas PEDIGREE CHEWY MAXI, 68 g",1.07,34
000000000001299717,"Kečupas ŠAŠLYKAMS KKF, 550 g",1.59,34
000000000001308934,"Aromatinė kortelė ODORO ČILI APELSINAS, 1 vnt.",5.99,34
000000000001314134,"Kačių žaislas LOVETT, 1 vnt.",2.09,34
000000000001316776,"Sausas šuniukų ėdalas su ėriena ARDOUR JUNIOR, 1,5 kg",3.99,34
000000000001317222,"Sausk. HUGGIES EXTRA CARE S5, 12–17 kg, 34 vnt.

",16.79,34
000000000001337917,"Dubenėlis ILAJA CLEAR, 9 cm",1.29,34
000000000001338439,"Vytinta sausai sūdyta KLEBONIŠKA kiaulienos sprandinė, a. r., 1 kg",14.99,34
000000000001343784,"Purškiklis ODORO MOOD DŽENTELMENAS, 200 ml",9.49,34
000000000001346316,"Skalbiamosios kapsulės REX POWER CAPS AROMATHERAPY COLOR, 36 vnt.",10.09,34
000000000001347758,"Higieniniai įklotai CAREFREE PLUS LARGE LIGHT, 48 vnt.",5.49,34
000000000001349726,"Skalb. minkštiklis SILAN AROMA.FASCINATING JUNGLE, 50 skalb., 1.1 l",4.49,34
000000000001363584,"Vytintos kiaulienos lazdelės PIRI-PIRI, aštrios, a. r., 70 g",2.45,34
000000000001364340,"Birių produktų indas UNIWELL CLIP 1,3 L",4.99,34
000000000001365769,NIVEA dušo želė CRÈME ALOE 750ml,8.99,34
000000000001384633,"Marinuotų agurkėlių skonio kečupas HEINZ, 460 g",2.99,34
000000000001386468,"Kvapni žvakė stiklinė gingerbread, 80/70mm",2.79,34
000000000001387583,"Vytinta DIDIKŲ dešra su pipirais WELL DONE, A. r., 200 g",2.99,34
000000000001389352,"Vytinti karšiai, išdarinėti, 1 kg",6.99,34
000000000001391676,NIVEA ANTI GREASE šampūnas plaukams vyrams 500 ml,7.99,34
000000000001391691,NIIVEA pieštukinis antiperspirantas Derma Control Defend moterims 50 ml,5.39,34
000000000001395258,"CLUB 4 PAWS Premium pilnavertis sausas maistas suaugusioms sterilizuotoms katėms su lašiša, 900 gr",2.64,34
000000000000029721,"Stalo žvakės BOLSIUS, 2 x 17 cm, 10 vnt., 10 vnt.",4.99,34
000000000000064296,"Kepsnių padažas HEINZ, 500 g",3.44,35
000000000000390989,"Kramtalai mažų veislių šunims PEDIGREE DENTA STIX, 110 g  ",1.37,35
000000000000450713,"Želatina SANTA MARIA, 25 g",1.39,35
000000000000467713,"Skridininės kvapniosios žvakės ELEMENTS SENSE, 9 vnt., 9 vnt.",1.29,35
000000000000588467,"Šaldytuvo valiklis DR. BECKMANN, 250 ml",2.49,35
000000000000723250,"Silikoninė kepimo forma JULIETTE, 24 cm, 1 vnt.",11.99,35
000000000000817566,"Gimtadienio žvakutės, 24 vnt., 12 laikiklių, 1 vnt.",1.59,35
000000000000889549,NIVEA Rich Nourishing maitinamasis kūno losjonas,10.49,35
000000000000932316,"Lupimo peilis UNIWELL, 8 cm, 1 vnt.",1.49,35
000000000000935303,"Greitai paruošiama košė CANIS MAJOR šunims, 3 kg",4.69,35
000000000000946231," Aliuminio folija UNIWELL, 50 m x 29 cm",6.99,35
000000000001135823,"Moteriškas rutulinis antiperspirantas NIVEA, 50 ml",4.79,35
000000000001154267,"Mėsos prieskoniai SANTA MARIA, 290 g",5.49,35
000000000001171192,NIVEA Olive drėkinamasis rankų kremas,3.79,35
000000000001180976,"Moteriškos kojinės SKINIJA, 37-40 dydis, 1 vnt.",2.59,35
000000000001183621,"Mot. puskojinės IMMAGINE OLIVIA 40, vienas dydis, 2 vnt., 2 vnt.",1.49,35
000000000001230179,"Keptos menkės su grybais aliejuje DESĖ, 350 g",2.89,35
000000000001252255,NIVEA MEN Dušo želė vyrams BOOST,6.89,35
000000000001266289,"Moter. puskojinės SEVEN LEMON, 40 den, univer. dydis, 2 vnt., 2 vnt.",1.79,35
000000000001296562,"Konservuotas šunų ėdalas FINE DOG su vištiena, 1200 g",4.28,35
000000000001297511,"Vyriškos kojinės FRIENDS, 43-46 dydis, 3 vnt.",7.99,35
000000000001299359,"Higieniniai paketai KOTEX NATURAL SUPER, 7 vnt.",2.09,35
000000000001314127,"Lateksinis šunų žaislas LOVETT, 1 vnt.",2.79,35
000000000001314130,"Kačių žaislai LOVETT, 4 vnt., 1 vnt.",1.39,35
000000000001322295,"Ekologiška žiedinių kopūstų tyrelė MARMALUZI (nuo 4 mėn.), 90 g",0.99,35
000000000001322373,"Dušo gelis NIVEA, 500 ml",6.89,35
000000000001333186,"Cypiantis šunų žaislas LOVETT, 1 vnt.",4.19,35
000000000001334604,"Purškiklis ODORO MOOD STEBUKLŲ METAS, 200 ml",9.99,35
000000000001338117,"Moteriškos pėdkelnės IMG MARLEN 40 nero 5 d., 1 vnt.",2.09,35
000000000001338915,"Makaronai REEVA, karbonariško padažo skonio, 70 g",0.89,35
000000000001343761,"Namų kvapas su lazdelėmis ODORO MOOD DŽENTELMENAS, 1 vnt.",16.99,35
000000000001345090,"Milteliai ACORUS BALANCE FIBER SLIM DETOX, 300 g",5.69,35
000000000001354274,"Saus. ėdalas suaug. katėms PURINA ONE su kal. ir vin., 750 g, 750 g",4.19,35
000000000001355384,"Karštai rūkytos dešrelės WELL DONE su sūriu, a. r., 260 g",2.09,35
000000000001359698,"Augaliniai griežinėliai WELL WELL, lašišos skonio, 100 g",1.99,35
000000000001368831,Mėsos pasta katėms su lašiša WANPY 90 g,1.19,35
000000000001376525,"Gimtadienio žvakutė 7, ELEMENTS SENSE, 2 spalv.",0.79,35
000000000001384140,"Majonezinis salotų padažas HEINZ, 425 g",3.44,35
000000000001385185,"Higieniniai paketai BELLA PERFECTA PURE MAXI, 16 vnt.",3.19,35
000000000001386381,"Ekologiškas purškiamas rapsų aliejus BIONATURALIS, 200 ml",3.17,35
000000000001393995,"Šunų skanėstas PEDIGREE JERKIES su jautiena, 70 g",1.31,35
000000000001395193,"Brandintas jautienos antrekotas su kaulu GRYNUOLIAI, 260 g",6.29,35
000000000000016776,NIVEA MEN Veido kremas vyrams PROTECT&CARE ,9.89,35
000000000000071235,"Aštrūs mėsos priekoniai SNTA MARIA, 20 g",0.99,35
000000000000290751,"Žuvies kepsnių prieskoniai SANTA MARIA, 30 g",0.99,35
000000000000388396,"Vištienos sultinys GALLINA BLANCA, 10 g",0.04,35
000000000000445623,"Higieniniai paketai LIBRESSE ULTRA NORMAL, 10 vnt.",1.99,35
000000000000487362,"Sauskelnės-kelnaitės HUGGIES DRYNITES GIRL 8-13, 30-48 kg, 9 vnt.",6.05,35
000000000000544006,"Vištienos prieskoniai SANTA MARIA su geltonuoju kariu, 24 g",0.99,35
000000000000581210,"Bulvių skustukas TESCOMA PRESTO, 1 vnt.",2.69,35
000000000000723249,"Silikoninė keksiukų kepimo forma JULIETTE, 1 vnt.",8.99,35
000000000000785215,NIVEA FOR MEN Losjonas po skutimosi SENSITIVE ,11.99,35
000000000000785243,"Duonos kepimo indas SIMAX, 28,5 x 12 x 7,6 cm, 1 vnt.",7.49,36
000000000000879850,"Mėsos prieskoniai SANTA MARIA su čiobreliais, 25 g",0.99,36
000000000000928620,"Makaronai YATEKOMO, vištienos skonio, 60 g",1.01,36
000000000001075607,"Žvakutės, sidabro spalvos, 10 vnt., 1 vnt.",1.79,36
000000000001086100,"Higieniniai paketai BELLA IDEALE NIGHT, 14 vnt.",3.89,36
000000000001119078,"Sausas kačių ėdalas PERFECT INDOUR su vištiena, 750 g",2.99,36
000000000001151356,"Grūsti juodieji pipirai SANTA MARIA, 36 g",2.79,36
000000000001158246,NIVEA BLACK&WHITE SILKY SMOOTH rutulinis antiperspirantas moterims ,4.79,36
000000000001162980,NIVEA®  NAKTINIS KREMAS 65+,11.19,36
000000000001173515,"Namų kvapas su lazdelėmis AREON BLACK PATCHOULI LAVENDER, 85 ml",9.99,36
000000000001175246,"Jautienos dešra PRIMADOG su ryžiais, 800 g",2.39,36
000000000001181486,NIVEA Dušo želė CR?ME SOFT,6.89,36
000000000001258308,"Vienkartiniai puodeliai ILAJA CRAFT, 300ml,10vnt",1.49,36
000000000001261738,"NIVEA MEN ""FRESH KICK"" purškiamas antiperspirantas vyrams",4.79,36
000000000001264395,"Natūralus vištienos sultinys GALLINA BLANCA, 90 g",1.61,36
000000000001266256,"Vyr. kojinės SEVEN LEMON, dydis 40-42, tam. pilkos, 1 pora, 1 vnt.",1.39,36
000000000001269295,"Sportinės kojinės SEVEN LEMON, dydis 37-40, baltos, 1 pora, 1 vnt.",1.99,36
000000000001284752, Kamščiatraukis UNIWELL,3.99,36
000000000001287503,"Keksiukų forma UNIWELL, 12 vnt., 1 vnt.",11.99,36
000000000001295549,"Braškiniai ledai AURUM su atogrąžų vaisių įdaru, 98 g",0.99,36
000000000001301951,"Kvapioji žvakė AREON BLACK CRYSTAL, 1 vnt.",4.69,36
000000000001309164,"Namų kvapas su lazdelėmis ODORO MOOD KUBOS ŠĖLSMAS, 90 ml, 90 ml",16.99,36
000000000001314371,"Kačių žaislas su katžole LOVETT, 1 vnt.",2.79,36
000000000001320347,"Vyriškos kojinės FRIENDS, 6314,43–46, 2 poros",6.99,36
000000000001322367,NIVEA gaivinamasis veido prausimo gelis normaliai ir mišriai odai,5.69,36
000000000001330805,"Prie alučio vytintos dešrelės Cheezy a.r., 170 g",3.69,36
000000000001336155,NIVEA valantis micelinis vanduo su aminorūgštimi ir vandenyno dumbliais mišriai odai,8.29,36
000000000001351676,"Silkių filė gabaliukai su džiovintais pomidorais aliejuje, 200 g",1.59,36
000000000001364324,Birių produktų indas UNIWELL CLIP 460 ml,1.99,36
000000000001366791,"Intymios higienos prausiklis BELLA CONTROL, 300 ml",3.75,36
000000000001376516,"Gimtadienio žvakutė 6, ELEMENTS SENSE, 2 spalv.",0.79,36
000000000001380546,"Koldūnai TAUTŲ RECEPTAI, su kiaul. ir visų grūdo dalių milt., 400 g",2.59,36
000000000001384305,"Silikonizuoti kepimo maišeliai, BEATOS VIRTUVĖ, 10 vnt.",4.99,36
000000000001391637,NIVEA MEN STRONG POWER šampūnas plaukams vyrams 500 ml,7.99,36
000000000001396051,"Tofu užtepėlė JUNIOR VETO, 75 g",1.09,36
000000000000017684,"Ekologiškas valomasis citrinų kvapo pienelis FROSCH CITRUS, 500 ml",1.79,36
000000000000027123,"Sausas šunų ėdalas DARLING su mėsa ir daržovėmis, 10 kg",15.99,36
000000000000063936,"Higieniniai paketai BELLA NOVA MAXI, 10 vnt.",1.59,36
000000000000080684,NIVEA Valomosios servetelės normaliai ir mišriai odai AQUA EFFECT,6.79,36
000000000000083969,"Indų ploviklis FROSCH CITRUS SPUL-BALSAM, 500 ml",1.59,36
000000000000089426,"Vandens filtro kasetė AQUAPHOR, 1 vnt.",4.99,36
000000000000369204,"Higieniniai tamponai O.B. PRO COMFORT MINI, 8 vnt.",2.49,36
000000000000449620,"Stiklinis dangtis LET'S COOK, 28 cm, 1 vnt.",6.99,36
000000000000450712,"Salotų prieskoniai su žolelėmis SANTA MARIA, 30 g",1.19,36
000000000000624260,"DZŪKIJOS GRAFO šakotis, 1 kg",15.59,36
000000000000740127,"Dubenėlis AURORA WHITE HOME, 14,5 cm, 1 vnt.",2.79,36
000000000000835137,"Penkių rūšių pipirų mišinys SANTA MARIA malūnėlyje, 60 g",8.09,36
000000000000916081,"Moteriškos pėdkelnės INCANTO COSMO 40, 3 dydis, juodos, 1 vnt.",4.99,36
000000000000934415,"Hermetiškų indelių rinkinys UNIWELL, 3 vnt., 1 vnt.",3.69,36
000000000000946652,"Valgomieji ledai SNICKERS ant pagaliuko, 73.5 g",1.59,36
000000000000948642,"Dubenėlis AURORA WHITE HOME, 17 cm, 1 vnt.",3.49,36
000000000001014132,"Vyriškos kojinės SKINIJA, 43-46 dydis, 1 vnt.",9.45,36
000000000001036513,"Dėmių valiklis FROSCH su aktyviuoju deguonimi, 75 ml",1.45,37
000000000001066352,"Moteriškos kojinės FRIENDS, 35-38 dydis, 3 vnt.",9.99,37
000000000001087778," Hermetiškas indelis UNIWELL Eday,2500 ml",5.49,37
000000000001106364,"Higieniniai paketai ALWAYS Platinum Super Plus, S2, 7 vnt.",2.89,37
000000000001125938,"Šakutė UNIWELL SALI, 1 vnt.",0.99,37
000000000001126633,"Peilis UNIWELL LANE, 1 vnt.",1.29,37
000000000001171708,"Prieskonių mišinys ITALIAN BASILICO SANTA MARIA, 41 g",3.69,37
000000000001217210,"Vaikiškos kojinės FRIENDS , 8306,34–36,įv.sp.,3 poros",6.99,37
000000000001231077,"Vienkartinės lėkštės ILAJA SUGARCANE,23cm 10vnt",1.99,37
000000000001258306,"Vienkartinės lėkštės ILAJA CRAFT, 23cm 10 vnt.",1.49,37
000000000001266253,"Vyriškos kojinės SEVEN LEMON, dydis 40-42, juodos, 1 pora, 1 vnt.",1.39,37
000000000001266255,"Vyriškos kojinės SEVEN LEMON, dydis 46-48, juodos, 1 pora, 1 vnt.",1.39,37
000000000001266279,"Moteriškos pėdkelnės SEVEN LEMON, 40 den, 3 dydis, juodos, 1 vnt.",2.29,37
000000000001266793,"Š. r. sauso sūd. KLEBONIŠKA nugarinė su rūkytomis pap., a.r., 1 kg",11.99,37
000000000001274610,"Moter. kojinės SEVEN LEMON, dydis 37-39, šv. pilkos, 1 pora, 1 vnt.",1.39,37
000000000001289928,"Higieniniai paketai ALWAYS Ultra Secure Night, S4, 6 vnt.",2.89,37
000000000001292673,"Mot. puskojinės SEVEN LEMON, 20 den, univer. dydis, 2 poros, 2 vnt.",1.89,37
000000000001296559,"Šunų skanėstas FINE DOG MINI su antiena, 80 g",1.48,37
000000000001305800,"Skalbiamieji milteliai FROSCH COLOR su granatų ekstraktu, 1.45 kg",6.49,37
000000000001321554,NIVEA® DERMA SKIN CLEAR tonikas į bėrimus linkusiai odai,7.99,37
000000000001333184,Gyvūnų nagų kirpimo žirklės LOVETT,3.49,37
000000000001338389,"KĖDAINIŲ KONSERVŲ FABRIKO česnakinis padažas, 270 g",1.49,37
000000000001346841,"Skystasis skalbiklis REX AROMATHERAPY COLOR, 20 skalb., 900 ml",4.39,37
000000000001350185,Areon sausas spintų kvapas PREMIUM BLACK,3.99,37
000000000001354698,Sušokantis medžio kraikas katėms ,4.49,37
000000000001361158,"Lakštinė veido kaukė NIVEA SKIN RADIANCE, 1 vnt.",3.69,37
000000000001384243,"Popieriniai įdėklai gruzdintuvėms, BEATOS VIRTUVĖ, 16 x 4,5 cm.",4.49,37
000000000001385190,"Urologiniai įklotai SENI LADY NIGHT, 12 vnt.",5.69,37
000000000001386096,"Kačių skanėstai su vištiena LOVETT, 60g",1.69,37
000000000001386107,"Kačių skanėstai su lašiša LOVETT, 60g",1.69,37
000000000001398754,"Skalbinių kvepalai ""SILAN FLORAL ESSENCES Cherry Blossom"" 30sk. (540ml)",5.59,37
000000000000058997,"Skutimosi želė NIVEA MEN, 200 ml",6.69,37
000000000000449618,"Stiklinis dangtis UNIWELL EDAY, 24 cm, 1 vnt.",5.99,37
000000000000487361,"Sauskelnės-kelnaitės HUGGIES DRYNITES BOY 8-13, 30-48 kg, 9 vnt.",6.05,37
000000000000504975,"Higieniniai įklotai SENI LADY, 20 vnt.",2.89,37
000000000000505672,NIVEA® Color Brilliance šampūnas,4.79,37
000000000000538237,"Indų kempinės-šveistukai VILEDA GLITZI PLUS, 3 vnt.",1.29,37
000000000000669332,"Sausas mažų veislių šunų ėdalas FRISKIES su vištiena, 1500 g",4.01,37
000000000000759884,"Akmens druska SANTA MARIA, malūnėlyje, 455 g",6.99,37
000000000000787579,"Puodelis AURORA WHITE HOME, 355 ml,drum",1.99,37
000000000000837746,"Figūrinės kempinės-šveistukai SUPERMAX, 3 vnt.",1.05,37
000000000000916073,"Moteriškos puskojinės INCANTO PODIUM 20, vienas dydis, 2 vnt.",3.29,37
000000000000938306,NIVEA raminantis micelinis vanduo su aminorūgštimi ir dekspantenoliu jautriai odai,6.79,37
000000000000951099,"Hermetiškas indelis BORGONOVO IGLOO, 21,5 cm, 2500 ml, 1 vnt.",9.99,37
000000000001048144,"Gimtadienio žvakutės, įvairių spalvų, 12 vnt., 1 vnt.",1.79,37
000000000001059826,"Greitai paruošiami makaronai YAKISOBA (klasikiniai), 93 g",1.43,37
000000000001070314,"Higieniniai įklotai ALWAYS Normal, Fresh Scent, 58 vnt.",5.69,37
000000000001090190,"Skutimosi putos NIVEA MEN SENSITIVE COOL jautriai odai, 200 ml",5.49,37
000000000001093495,"Sauskelnės-kelnaitės HUGGIES PANTS 5 JUMBO GIRL, 12-17 kg, 34 vnt.",10.25,37
000000000001105867,"Stiklinis dangtis UNIWELL, 24 x 26 x 28 cm, 1 vnt.",10.99,37
000000000001118375,"Rinkinio EASY WRING&CLEAN TURBO šluostė, 1 vnt.",5.49,37
000000000001139043,"Higieniniai paketai BELLA IDEALE, 20 vnt.",4.09,37
000000000001179702,"Moteriškos puskojinės IMMAGINE Italiana Olivia20(2p.), universalus,neutro",1.44,38
000000000001180962,"Vyriškos kojinės SKINIJA, 43-46 dydis, 1 vnt.",3.59,38
000000000001241571,"Indaplovių gelis FINISH ALL IN 1 MAX ECO, 900 ml",11.19,38
000000000001251232,"Stiklinės ILAJA JAZZ, 310 ml 6 vnt.",4.99,38
000000000001266257,"Vyr. kojinės SEVEN LEMON, dydis 43-45, tam. pilkos, 1 pora, 1 vnt.",1.39,38
000000000001266273,"Moteriškos kojinės SEVEN LEMON, dydis 40-42, pilkos, 1 pora, 1 vnt.",1.39,38
000000000001282564, Trintuvė su rankena UNIWELL,2.99,38
000000000001282574, Bulvių skustukas UNIWELL,1.99,38
000000000001292370,"Moteriškos pėdkelnės SEVEN LEMON, 20 den, 5 dydis, juodos, 1 vnt.",1.89,38
000000000001297920,NIVEA Rose Touch valomosios veido putos su organiniu rožių vandeniu,7.89,38
000000000001300842,"Kačių ėdalas PRIMACAT su kalakutiena, 400 g, 400 g",2.74,38
000000000001305711,"Skalbiamieji milteliai FROSCH COLOR su alavijais, 1.45 kg",6.49,38
000000000001314076,"Pomidorų padažas su kietuoju sūriu KKF, 400 g",1.79,38
000000000001324640,"My Love visavertis sausas suaugusių kačių pašaras su vištiena, 300 g",0.84,38
000000000001328554,"Higieniniai įklotai ALWAYS Normal, Fresh Scent, 76 vnt.",7.19,38
000000000001328596,NIVEA Fresh Sensation purškiamasis antiperspirantas vyrams ,4.79,38
000000000001334944,"Maišelių spaustukai PRESTO, 6 vnt",3.49,38
000000000001338440,"Šaltai rūkyta sausai sūd. kiaul. nugarinė su pipirais, a. r., 1 kg",11.99,38
000000000001339197,"Citrinpipiriai SANTA MARIA, 359 g",8.29,38
000000000001359916,"Higieniniai įklotai SENI LADY EXTRA PLUS, 15 vnt.",4.89,38
000000000001370492,Šunų skanėstai SANAL TRAINERS DUO BONES 300g,1.99,38
000000000001375292,"Žvakė stikliniame indelyje BOLSIUS CHERRY ICE, 8 x 7 cm",2.79,38
000000000001382752,"Vytinta ROKIŠKIO kiaulienos išpjova, a. r., 150 g",3.69,38
000000000001383131,"Servetėlės Stitch&Angel,33x33 cm, 20vnt",1.79,38
000000000001386465,"Žvakė, BOLSIUS, soft pearl, 80/58mm",1.59,38
000000000001395324,"Club 4 Paws Premium visavertis sausas pašaras mažų veislių suaugusiems šunims su antiena, 2 kg",3.84,38
000000000000011601,"Higieniniai paketai ALWAYS Ultra Super Plus, S2, 8 vnt.",2.89,38
000000000000016777,NIVEA MEN ACTIVE ENERGY drėkinantis veido kremas,10.99,38
000000000000016792,NIVEA Q10 ANTI-WRINKLE POWER STANGRINAMASIS DIENINIS KREMAS SU SPF15,19.99,38
000000000000062350,"Šepečio šluostė VILEDA ACTIVE MAX MOP, 1 vnt.",6.99,38
000000000000251554,"Kačių šampūnas AS, 250 ml",2.09,38
000000000000319734,"Alyvuogių aliejus EXTRA VIRGIN MONINI GRAN FRUTTATO, 500 ml",8.39,38
000000000000504977,"Higieniniai įklotai ""SENI Lady"", 15 vnt.",4.49,38
000000000000539479,"Elementai DURACELL D, LR20, 2 vnt., 2 vnt.",3.49,38
000000000000660487,"Moteriškos pėdkelnės PIERRE CARDIN BELFORT 40 NERO 4 d., 1 vnt.",4.99,38
000000000000678289,"Sausas šunų ėdalas FRISKIES BALANCE su vištiena ir, 3 kg",5.87,38
000000000000796352,"Moteriškos pėdkelnės IMMAGINE MARLEN 40, 3 dydis, nero, 1 vnt.",2.09,38
000000000000888089,Įvairių gėlių puokštė,5.79,38
000000000000916093,"Moteriškos pėdkelnės INCANTO COSMO 40, 3 dydis, kūno spalvos, 1 vnt.",4.99,38
000000000000916095,"Moteriškos pėdkelnės INCANTO COSMO 40, 5 dydis, 1 vnt.",4.99,38
000000000000916098,"Moteriškos pėdkelnės INCANTO ACTIVE BODY 40, 4 dydis, 1 vnt.",5.99,38
000000000001000612,"Moteriškos kojinės SPARTA, 1 vnt., 36-41 dydis",3.99,38
000000000001004917,"Sausas marinato mišinys SANTA MARIA vištienai, 30 g",1.19,38
000000000001041825,Konditerinis švirkštas TESCOMA DELICIA,9.99,38
000000000001054671,"Universalusis peilis UNIWELL, 1 vnt.",4.99,38
000000000001088084,"Hermetiškų indelių rinkinys UNIWELL, 3 vnt., 3 vnt.",9.99,38
000000000001090189,NIVEA MEN Balzamas po skutimosi jautriai odai SENSITIVE COOL ,11.99,38
000000000001121149,"EKO daržovių trošk.MARMALUZI su jautiena, grikiais nuo 8mėn., 190 g",1.79,38
000000000001125939,"Šaukštas UNIWELL SALI, 1 vnt.",0.99,38
000000000001126639,"Ilgas šaukštelis UNIWELL LANE, 1 vnt.",0.99,38
000000000001151892,"Puodas su dangčiu, 2.7L",8.99,38
000000000001157631,"Šunų užkandis YORK FRIEND (minkštos antienos juostelės), 50 g",1.19,38
000000000001160214,"Ekologiškas kanapių sėklų aliejus BIONATURALIS, 250 ml",4.19,39
000000000001171709,"Prieskonių mišinys JAPANESE WASABI & SESAME SANTA MARIA, 44 g",3.69,39
000000000001175245,"Ėrienos dešra PRIMADOG su ryžiais, 800 g",2.39,39
000000000001190215,"Kepti MĖGĖJŲ silkių filė suktinukai pomidorų padaže, 480 g",2.89,39
000000000001205432,"Cilindrinė žvakė BOLSIUS,12 x 5,8 cm, 1 vnt.",2.89,39
000000000001247813,"Moteriškos kojinės SPARTA, 2 poros, 36-41 dydis, juodos, 2 vnt.",7.49,39
000000000001270499,"Sausas šunų ėdalas FRISKIES BALANCE su vištiena ir daržov., 10 kg",16.19,39
000000000001282494, Silikoninė mentelė UNIWELL,2.29,39
000000000001282495, Samtis UNIWELL,2.99,39
000000000001292656,"Elementai DURACELL 2016, 2 vnt., 2 vnt.",1.99,39
000000000001303827,"Indaplovių kapsulės FINISH POWERBALL ULTIMATE ALL IN 1 LEMON, 70 vnt.",19.99,39
000000000001311322,"Ekologiški raudonėliai SANTA MARIA, 9 g",3.29,39
000000000001316082,"Sausas šunų ėdalas ONE MINI DOG su vištiena ir ryžiais, 1,5 kg",4.99,39
000000000001316325,NIVEA Fresh Flower pieštukinis antiperspirantas moterims,5.39,39
000000000001321686,"Higieniniai įklotai CAREFREE ORGANIC COTTON, 30 vnt.",4.99,39
000000000001330814,"Vytintos dešrelės PRIE ALUČIO PIRI PIRI, a. r., 170 g",3.69,39
000000000001346844,"Skalbiamieji milteliai REX AROMATHERAPY COLOR, 18 skalb., 990 g",4.39,39
000000000001350099,"Skalbiamosios kapsulės REX POWER CAPS AROMATHERAPY COLOR, 13 vnt.",4.39,39
000000000001350186,Areon sausas spintų kvapas PREMIUM AURUM,3.99,39
000000000001354998,"Didieji šprotai aliejuje pomidorų padaže BRIVAIS VILNIS, 240 g",1.89,39
000000000001356880,"Ekologiškas judrų aliejus BIONATURALIS, 250 ml",3.59,39
000000000001359893,"BELLA HERBS Aloe, hig.pak. 20vnt.",3.09,39
000000000001361969,"NIVEA SKIN DETOX lakštinė veido kaukė, prisotinta detoksikuojančio serumo, sudirgusiai odai",3.49,39
000000000001366361,"Indaplovės tabletės FINISH Pow. E. Lem. 90+2 vnt., 92 vnt.",17.99,39
000000000001372749,"Naktiniai paketai BELLA for Teens Sensitive Night, N16",3.29,39
000000000001373342,"Šaldyti makaronų rutuliukai DONE COOKIN su mocarela, čederiu, 220 g",3.19,39
000000000001374036,"Micelinis vanduo NIVEA, 100 ml",4.49,39
000000000001384814,"Universalus valiklis CIF CREAM LEMON, 750 ml",4.75,39
000000000001386461,"Žvakė, BOLSIUS, soft pearl, 150/58mm",3.19,39
000000000001387162,"Lazdelės su paukštiena ir kepenimis LOVETT, 50 g",1.19,39
000000000001387906,NIVEA MEN dušo gelis vyrams Total Relax 500 ml,6.89,39
000000000001394148,NIVEA GLOWY LIPS lūpų balzamas,5.99,39
000000000000148392,"Ekologiškas valomasis levandų kvapo pienelis FROSCH LAVENDER, 500 ml",1.79,39
000000000000148932,"Sriubos lėkštė LUMINARC FESTON, 23 cm, 1 vnt.",1.79,39
000000000000487359,"Sauskelnės-kelnaitės HUGGIES DRYNITES BOY 4-7 (17-30 kg), 10 vnt.",6.05,39
000000000000576954,"Higien. paketai BELLA PERFECTA ROSE DEO SOFTIPLAITE, 10 vnt.",2.49,39
000000000000655923,"Stiklinis dangtis UNIWELL EDAY, 20 cm, 1 vnt.",4.99,39
000000000000680669,"Stiklinė kepimo forma PYREX, 22 x 13 cm, 1 vnt.",7.99,39
000000000000723253,"Silikoninė kepimo forma JULIETTE, 24 cm, 1 vnt.",9.99,39
000000000000755991,"Marinavimo prieskoniai SANTA MARIA BBQ RUB su priesk. žolel., 22 g",1.09,39
000000000000760862,"Mikropluošto šluostė, 1 vnt.",1.17,39
000000000000782462,"Silikoninsė kepimo formelės JULIETTE, 6 vnt., 6 vnt.",6.99,39
000000000000809704,"Keraminių viryklių valiklis DR.BECKMANN, 250 ml",2.79,39
000000000000833172,"Šunų ir kačių lašai nuo blusų ir erkių AS, 6 vnt. x 2 ml, 12 ml",6.99,39
000000000000898327,NIVEA MEN Losjonas po skutimosi PROTECT&CARE ,11.99,39
000000000000916763,"Elementas DURACELL 2450, 1 vnt., 1 vnt.",1.99,39
000000000000951120,"Puodelis LUMINARC NUEVO, 320 ml, 1 vnt.",1.99,39
000000000001013164,"Vyriškos kojinės SKINIJA, 43-46 dydis, 1 vnt.",5.49,39
000000000001048141,"Gimtadienio žvakutės, mėlynos, 10 vnt., 1 vnt.",1.79,39
000000000001061784,"Džiovyklė VILEDA STYLE, 1 vnt.",24.49,39
000000000001079504,"Universaliosios šluostės SPONEX, 10 vnt., 10 vnt.",3.23,39
000000000001082788,Peilių galąstuvas FISKARS ESSENTIAL,16.99,39
000000000001093494,"Sauskelnės-kelnaitės HUGGIES PANTS 4 LITTLE MOVERS , 9-14 kg, 36 vnt.",10.25,40
000000000001098180,"Skalbiamieji lapeliai DR. BECKMANN nuo nusidažymo, 10 vnt.",3.09,40
000000000001138861,"Naktiniai higieniniai paketai BELLA IDEALE, 14 vnt., 14 vnt.",3.89,40
000000000001139417,"Kilimų valiklis DR. BECKMANN su šepetėliu, 650 ml",5.15,40
000000000001156847,"Moteriškos pėdkelnės IMG Charme 80den 5 dydis, nero",2.49,40
000000000001162979,NIVEA®  DIENINIS KREMAS 65+,11.19,40
000000000001171710,"Prieskonių mišinys JAPANESE TERIYAKI SANTA MARIA, 44 g",3.69,40
000000000001173516,"Namų kvapas su lazdelėmis AREON BLACK PEONY BLOSSOM, 85 ml",9.99,40
000000000001188281,"Ekologiškas graikinių riešutų aliejus BIONATURALIS, 250 ml",4.79,40
000000000001200259,"Vytinta kiauliena, a. r., 100 g",3.79,40
000000000001224462,NIVEA BLACK&WHITE ULTIMATE IMPACT purškiamasis antiperspirantas moterims ,4.79,40
000000000001225986,"Vynuogių kauliukų aliejus MONINI (rafinuotas), 1 l",9.09,40
000000000001243759,"Plaukų putos NIVEA, 150 ml",7.19,40
000000000001254266,"Vyriškos skutimosi putos NIVEA MEN FRESH KICK, 200 ml",5.49,40
000000000001256411,"Sportinės kojinės,PUMA,3 poros, dydis: 35-38, spalva: juoda",7.99,40
000000000001257878,"Moteriškos kojinės pėdutės SP, 3 p, 36-40 dydis, balta",8.29,40
000000000001260863,"Pieno mišinys FRISO GOLD COMFORT NEXT 3 (nuo 12 mėn.), 400 g",8.95,40
000000000001291316,"Vyriškos skutimosi putos NIVEA SENSITIVE PRO ULTRA CALMING, 200 ml",6.35,40
000000000001293161,"Vienkartiniai dubenėliai ILAJA WHITE,470ml20vnt.",4.99,40
000000000001296722,"Šunų skanėstas PEDIGREE CHEWY MINI, 68 g",1.07,40
000000000001305334,"KĖDAINIŲ KONSERVŲ FABRIKO kečupas ŠAŠLYKAMS, 970 ml",2.39,40
000000000001305660,"Drėkinamasis kūno kremas NIVEA FAMILY CARE ALL PURPOSE, 450 ml",9.99,40
000000000001308929,"Aromatinė kortelė ODORO KUBOS ŠĖLSMAS, 1 vnt.",5.99,40
000000000001320279,"Vištienos prieskoniai SANTA MARIA be pridėtinės druskos, 37 g",2.29,40
000000000001321552,NIVEA® DERMA SKIN CLEAR Į BĖRIMUS LINKUSIOS ODOS  prausimosi gelis,7.99,40
000000000001321555,NIVEA MEN Fresh Kick pieštukinis antiperspirantas vyrams,5.39,40
000000000001326737,"Kempinės VILEDA ULTRA FRESH, 3 vnt.",2.39,40
000000000001339204,"Malti juodieji pipirai SANTA MARIA, 181 g",8.49,40
000000000001343779,NIVEA MEN Fresh Active pieštukinis dezodorantas vyrams,5.39,40
000000000001346755,"Skystasisis skalbiklis REX AROMATHERAPY WHITE, 20 skalb., 900 ml",4.39,40
000000000001361159,"Micelinis vanduo NIVEA , 400 ml",9.89,40
000000000001361653,NIVEA MEN dušo želė DEEP EXTR.MAXX 500ml,6.89,40
000000000001369212,"Kačių antkaklis VETOCANIS nuo parazitų, 1 vnt.",3.59,40
000000000001370484,Šunų skanėstai SANAL TRAINERS MINI BONES 300g,1.99,40
000000000001371203,Granuliuotas medžio kraikas naminiams gyvūnėliams,2.19,40
000000000001378114,"NIVEA Soft drėkinamasis kremas veidui, kūnui, rankoms",10.99,40
000000000001384161,"Kepimo maišeliai sumuštiniams, BEATOS VIRTUVĖ, 20 vnt.",5.99,40
000000000001391523,"Purškiamas kvapas ODORO MOOD ""Gėlių šokis"", 200 ml",9.49,40
000000000001391675,NIVEA dušo želė Derma Control Defend 500 ml,6.89,40
000000000001395176,"Brandinta jautienos nugarinė su kaulu GRYNUOLIAI, 260 g",4.99,40
000000000000157498,"Universaliosios šluostės VILEDA, 3 vnt.",1.59,40
000000000000477104,"Juodieji pipirai su druska malūnėlyje SANTA MARIA, 110 g",5.95,40
000000000000903564,"Itin grynas alyvuogių aliejus MONINI CLASSICO, 750 ml",10.14,40
000000000001014292,"Skustukas FISKARS, 1 vnt.",10.99,40
000000000001017524,"Moteriškos pėdkelnės ORI Control Body40, NERO, 4 dydis",2.84,40
000000000001083909,"Žvėrienos prieskoniai SANTA MARIA, 30 g",1.49,40
000000000001088231,"Moteriškos kojinaitės INCANTO CITY 20, vienas dydis, 1 vnt.",2.79,40
000000000001151357,"Rausvieji pipirai SANTA MARIA, 21 g",2.89,40
000000000001151361,"Aitriųjų paprikų milteliai SANTA MARIA, 41 g",2.29,40
000000000001156194,"Mėsos prieskoniai SANTA MARIA, 51 g",1.49,40
000000000001201566,"Palmių vaško žvakė CANDLE FAMILY, 10 cm, 1 vnt.",5.99,40
000000000001205963,"Skridininės žvakės BOLSIUS, vanilės kvapo, 18 vnt., 18 vnt.",3.49,40
000000000001222989,"Med.vienkartiniai peiliai ILAJA, 10 vnt.",0.99,41
000000000001229920,NIVEA MEN dušo želė vyrams POWER,6.89,41
000000000001237147,"Spraginti kukurūzai su šokoladu POPHOUSE, 180 g",0.99,41
000000000001250423,"Birių produktų indas UNIWELL FAGO, 1,5 l",6.99,41
000000000001266286,"Moter. puskojinės SEVEN LEMON, 40 den, univer. dydis, 2 vnt., 2 vnt.",2.19,41
000000000001269251,"Sportinės kojinės SEVEN LEMON, dydis 39-42, baltos, 1 pora, 1 vnt.",1.99,41
000000000001269286,"Sportinės kojinės SEVEN LEMON, dydis 43-46, baltos, 1 pora, 1 vnt.",1.99,41
000000000001271429,"Purškiamoji priemonė šunų kvapo ir dėmių naikinimui, 750 ml",5.59,41
000000000001283166,"Namų kvapas MARCELA VICTORIA FRUITE JUNGLE, 100 ml, 100 ml",8.99,41
000000000001286895," Torto kepimo forma UNIWELL, 28 cm",9.99,41
000000000001292613,"Moter. kojinės SEVEN LEMON, 20 den, univer. dydis, 2 poros, 2 vnt.",1.49,41
000000000001303992," Keptuvė UNIWELL, 28 cm",24.99,41
000000000001314383,"Lateksinis šunų žaislas LOVETT, 1 vnt.",3.49,41
000000000001326556,"Ekologiškas kokosų gėrimas su geltonuoju kariu BIONATURALIS, 400 ml",1.69,41
000000000001330141,"Namų kvapas su lazdelėmis CANDLE FAMILY SENSO, 1 vnt.",12.99,41
000000000001334949,"Žuvų pašaras TATRAPET, 65 g",0.99,41
000000000001345081,"Milteliai ACORUS BALANCE FIBER BEAUTY COLLAGEN, 300 g",5.69,41
000000000001356748,"Higieniniai paketai ALWAYS Platinum Extra Secure Night, S5, 8 vnt.",4.59,41
000000000001357491,"Kepimo forma ovali 30x21,5x7",10.99,41
000000000001360437,"Higieniniai įklotai CAREFREE COTTON, 20 vnt.",2.39,41
000000000001361621,"NIVEA REPAIR & CARE KREMAS VEIDUI, KŪNUI IR RANKOMS.12% GLICERINO IR VITAMINAS E.",14.99,41
000000000001362888,"Elementas DURACELL 2430, 1 vnt.",1.64,41
000000000001364325,"Birių produktų indas UNIWELL CLIP 1,8 L",5.99,41
000000000001370324,Pasta katėms su antiena WANPY 90g,1.19,41
000000000001374991,"Smulkinti moliūgų sėklų baltymai ŽOLYNĖLIS, 200 g",2.99,41
000000000001375256,"Žvakė stikliniame indelyje BOLSIUS BUBBLE GUM, 8 x 7 cm",2.79,41
000000000001380474,"Ekologiška džiovintų slyvų tyrelė MARMALUZI (nuo 6 mėn.), 190 g",1.79,41
000000000001380746,"My Love visavertis sausas suaugusių kačių pašaras su jautiena, 300 g",0.84,41
000000000001381339,"Namų kvapas su lazdelėmis AREON BLACK GOLDEN COCO, 1 vnt.",9.99,41
000000000000148926,"Lėkštė LUMINARC FESTON, 18,5 cm, 1 vnt.",1.79,41
000000000000222371,"Moteriškos pėdkelnės IMMAGINE Italiana Confort 40den 4 d., neutro",1.54,41
000000000000411545,"Langų valytuvas su reguliuojamo ilgio kotu VILEDA, 1 vnt.",18.99,41
000000000000740128,"Dubenėlis AURORA WHITE HOME, 20 cm, 1 vnt.",3.99,41
000000000000796351,"Moteriškos pėdkelnės IMMAGINE MARLEN 40, 2 dydis, 1 vnt.",2.09,41
000000000000837043,"Plastikinis dubuo ILAJA, 2,5 l",1.49,41
000000000000837752,"Semtuvėlis su šluotele, 1 vnt.",3.05,41
000000000000926573,Higieniniai įklotai PANTY HERBS TILIA 60 vnt.,3.69,41
000000000000978234,"Ypač grynas alyvuogių aliejus MONINI, 250 ml",4.05,41
000000000001064009,"Moteriškos pėdkelnės IMMAGINE LOLA 40, 5 dydis, 1 vnt.",1.44,41
000000000001064013,"Moteriškos pėdkelnės IMMAGINE LOLA 40, 5 dydis, 1 vnt.",1.44,41
000000000001070311,"Higieniniai įklotai ALWAYS Normal, Fresh Scent, 30 vnt.",4.09,41
000000000001081775,"Universalūs prieskoniai SANTA MARIA, 160 g",2.69,41
000000000001088232,"Moteriškos kojinaitės INCANTO CITY 20, vienas dydis, 1 vnt.",2.79,41
000000000001088365,NIVEA BLACK&WHITE FRESH purškiamasis antiperspirantas vyrams ,4.79,41
000000000001115134,NIVEA naktinis atkuriantis kremas visų tipų odai +55,11.19,41
000000000001125940,"Šaukštelis UNIWELL SALI, 1 vnt.",0.99,41
000000000001141015,"Dėmių valymo pieštukas DR. BECKMANN, 9 ml",2.79,41
000000000001148917,"Keptuvė FISKARS FUNCTIONAL FORM, 28 cm, 1 vnt.",55.99,41
000000000001151359,"Aitriosios paprikos SANTA MARIA, 34 g",1.99,41
000000000001167934,NIVEA odą tausojantis micelinis vanduo su aminorūgštimi ir migdolų aliejumi sausai odai,8.79,41
000000000001173512,"Namų kvapas su lazdelėmis AREON BLACK AQUAMARINE, 85 ml",9.99,41
000000000001204787,"Higieniniai įklotai CAREFREE COTTON FLEXIFORM (bekvapiai), 30 vnt.",3.79,41
000000000001205112," Keptuvė UNIWELL INCSHEF, 20 cm",12.99,42
000000000001205964,"Skridininės žvakės BOLSIUS, levandų kvapo, 18 vnt., 18 vnt.",3.49,42
000000000001209519,"Valgomieji ledai KAR KAR, spragėsių skonio, 550 g",5.59,42
000000000001223247,"Pieno mišinys FRISO GOLD 2 (nuo 6 mėn.), 400 g",6.99,42
000000000001225985,"Ypač grynas alyvuogių aliejus MONINI, 750 ml",9.79,42
000000000001250425,"Birių produktų indas UNIWELL FAGO, 850 ml, 1 vnt.",5.99,42
000000000001250901,"Stiklinės ILAJA JAZZ, 385 ml 6 vnt.",4.99,42
000000000001264901,NIVEA MEN dušo želė vyrams FRESH KICK,6.89,42
000000000001266270,"Moteriškos kojinės SEVEN LEMON, dydis 40-42, juodos, 1 pora, 1 vnt.",1.39,42
000000000001269169,"Vyr. kojinės SEVEN LEMON, dydis 43-45, tams. mėlynos, 1 pora, 1 vnt.",1.39,42
000000000001272691,"Papildas katėms SANAL su vištiena ir spanguolėmis, 75 g",2.39,42
000000000001274419,"Vaikiškos kojinės, SEVEN LEMON, 1 pora, 31-33 dydis, medvilnė",1.49,42
000000000001274645,"Vaikiškos kojinės, SEVEN LEMON, 1 pora, 34-36 dydis, medvilnė",1.49,42
000000000001282496, Skustukas UNIWELL,1.99,42
000000000001282566, Žnyplės UNIWELL,3.99,42
000000000001282573, Konditerinis teptukas UNIWELL,1.99,42
000000000001292657,"Elementai DURACELL MN21, 2 vnt., 2 vnt.",1.74,42
000000000001296556,"Šunų skanėstas FINE DOG su antiena, 80 g",1.48,42
000000000001309605,"Dubenėlis ILAJA SIMPLE, 15 cm",1.99,42
000000000001311437,"Šaldytos virtos baltakojės krevetės MY CATCH su uodegėlėmis, 250 g",5.99,42
000000000001314133,"Teniso kamuoliukai šunims LOVETT, 3 vnt., 1 vnt.",3.49,42
000000000001317220,"Sauskelnės kelnaitės HUGGIES EXTRA CARE, 6, 15-25kg, 30 vnt",16.79,42
000000000001321553,NIVEA® DERMA SKIN CLEAR šveitiklsi į bėrimus linkusiai odai,7.99,42
000000000001325502,Puodelis ILAJA DOG 350 ml,1.99,42
000000000001326773,"Šluostės VILEDA ULTRA FRESH UNIVERS, 2 vnt., 2 vnt.",1.69,42
000000000001336294,"Puodelis su lėkštute AURORA WHITE HOME, 230 ml, 1 vnt.",2.49,42
000000000001338146,"Moteriškos pėdkelnės ORI CONTROL BODY NERO, dydis 5, 40 den, 1 vnt.",2.84,42
000000000001338149,Moteriškos pėdkelnės ORI TALIA 100 NERO 5 dydis,3.24,42
000000000001350030,"Skalbiamasis gelis PERSIL EXPERT LAVENDER COLOR, 40 skalb., 1.8 l",9.59,42
000000000001354233,"Citrinų rūgštis SANTA MARIA, 32 g",0.99,42
000000000001357480,Kepimo forma ovali 35x24x7,12.99,42
000000000001361183,NIVEA Dry Comfort pieštukinis antiperspirantas moterims,5.39,42
000000000001364280,"KĖDAINIŲ KONSERVŲ FABRIKO kepsnių padažas MONTREA, 300 g",1.37,42
000000000001372615,WC val.lap.DR. BECKMANN OCEAN;20vnt,3.05,42
000000000001376401,"Purškiamas valymo pienelis CIF, 750 ml",4.75,42
000000000001376517,"Gimtadienio žvakutė 9, ELEMENTS SENSE, 2 spalv.",0.79,42
000000000001376534,"Gimtadienio žvakutė ELEMENTS SENSE, 24vnt.",0.99,42
000000000001391689,NIVEA dušo želė Restore 500 ml,6.89,42
000000000001393934,"Šunų skanėstas PEDIGREE JERKIES su vištiena, 70 g",1.31,42
000000000001394023,"Sausas šunų ėdalas PEDIGREE su jautiena ir daržovėmis, 10 kg, 10 kg	",20.99,42
000000000001394147,NIVEA ACTIVE CLEAN šampūnas plaukams vyrams 500 ml,7.99,42
000000000000013285,"Moteriškos kojinės SKINIJA, 37-40 dydis, 1 vnt., skirtingi dizainai",2.59,42
000000000000014169,"Kvapioji druska SANTA MARIA, 40 g",0.99,42
000000000000148927,"Lėkštė LUMINARC FESTON, 25 cm, 1 vnt.",2.29,42
000000000000256291,NIVEA MEN SENSITIVE DRĖKINANMASIS KREMAS,10.29,42
000000000000476030,"Peilis TESCOMA PRESTO, 12 cm, 1 vnt.",3.99,42
000000000000487360,"Sauskelnės-kelnaitės HUGGIES DRYNITES GIRL 4-7 (17-30 kg), 10 vnt.",6.05,42
000000000000505631,NIVEA® Color Brilliance kondicionierius,4.79,42
000000000000787581,"Puodelis AURORA WHITE HOME, 325 ml,royal",2.99,42
000000000000896307,"Valiklis FROSCH nuo kalkių, 300 ml",1.69,42
000000000000916080,"Moteriškos pėdkelnės INCANTO COSMO 40, 2 dydis, 1 vnt.",4.99,42
000000000000932312,"Šefo peilis UNIWELL, 20cm, 1 vnt.",2.39,42
000000000000932313,"Raikymo peilis UNIWELL, 19 cm, 1 vnt.",2.19,43
000000000000934414,"Hermetiškas indelis, UNIWELL 2,5 l, 1 vnt.",2.29,43
000000000000956689,"Lėkštė LUMINARC DIWALI, 19 cm, 1 vnt.",2.49,43
000000000001028982,"Elementas (377, 1vnt.) DURACELL",1.24,43
000000000001064058,"Moteriškos pėdkelnės ORI Attiva Body70, 4 dydis,nero",2.14,43
000000000001093493,"Sauskelnės-kelnaitės HUGGIES PANTS 4 JUMBO GIRL, 9-14 kg, 36 vnt.",10.25,43
000000000001105866,"Stiklinis dangtis UNIWELL, 20 x 22 x 24 cm, 1 vnt.",8.99,43
000000000001114681,"Stangrinamasis dieninis veido kremas NIVEA 45+ nuo raukšlių, 50 ml",11.19,43
000000000001135610,"Vyriškos boksikės SEVEN LEMON, M dydis, 2 vnt., 2 vnt.",6.99,43
000000000001136459,"Kepimo forma PYREX MAGIC, 26 x 20 cm, 1 vnt.",17.99,43
000000000001142484,"Grindų šluostė VILEDA MICROFIBER 48, 5 x 60 cm, 1 vnt.",2.19,43
000000000001149608,"Mėsos prieskoniai SANTA MARIA su česnakais, 230 g",5.29,43
000000000001156861,Moteriškos pėdkelnės ORI Power Slim 100den 5 dydis nero,3.74,43
000000000001180961,"Vyriškos kojinės SKINIJA, 39-42 dydis, 1 vnt.",3.59,43
000000000001201538,"Moteriškos pėdkelnės IMMAGINE FIT UP 40, 4 dydis, 1 vnt.",3.19,43
000000000001204785,"Higieniniai įklotai CAREFREE COTTON FLEXIFORM FRESH, 30 vnt.",3.79,43
000000000001205113,"Keptuvė UNIWELL INCSHEF, 24 cm, 1 vnt.",16.99,43
000000000001205431,"Cilindrinė žvakė BOLSIUS, granatų kvapo, 12 x 5,8 cm, 1 vnt.",2.89,43
000000000001205952,"Cilindrinė žvakė BOLSIUS, levandų kvapo, 12 x 5,8 cm, 1 vnt.",2.89,43
000000000001217211,"Vaikiškos kojinės FRIENDS , 8306,37–40,įv.sp.,3 poros",6.99,43
000000000001230926,"Semtuvėlis su šepetėliu VILEDA, 1 vnt.",4.99,43
000000000001254265,"Vyriška skutimosi želė NIVEA MEN FRESH KICK, 200 ml",6.69,43
000000000001254855,NIVEA MEN losjonas po skutimosi FRESH KICK,11.99,43
000000000001266272,"Moteriškos kojinės SEVEN LEMON, dydis 37-39, pilkos, 1 pora, 1 vnt.",1.39,43
000000000001271428,"Priemonė šunų šlapimo kvapui ir dėmėms naikinti, 1 vnt.",6.01,43
000000000001274418,"Moter. kojinės SEVEN LEMON, dydis 40-42, šv. pilkos, 1 pora, 1 vnt.",1.39,43
000000000001274597,"Vaikiškos kojinės, SEVEN LEMON, 1 pora, dydis 28-30, medvilnė",1.49,43
000000000001282074,"Prieskonių mišinys SANTA MARIA su pomidorais ir žolelėmis, 69 g",5.59,43
000000000001282572, Perforuota mentelė UNIWELL,2.99,43
000000000001284715, Peilių galąstuvas UNIWELL,4.99,43
000000000001295906,"Vyriškos kojinės SKINIJA, 39-42 dydis, 1 vnt.",4.49,43
000000000001297513,"Vyriškos kojinės FRIENDS, 43-46 dydis, 3 vnt.",7.99,43
000000000001298109,"Elementai DURACELL OPTIMUM AA, 4 vnt., 4 vnt.",3.24,43
000000000001309606,"Dubenėlis ILAJA SIMPLE, 18 cm",2.49,43
000000000001314368,"Šunų žaislas LOVETT, 1 vnt.",2.79,43
000000000001320281,"Citrinpipiriai SANTA MARIA be pridėtinės druskos, 42 g",2.29,43
000000000001326765,"Mikropluošto šluostės VILEDA ULTRA FRESH, 3 vnt., 3 vnt.",3.19,43
000000000001330333,"Ekologiškas kokosų gėrimas su raudonuoju kariu BIONATURALIS, 400 ml",1.69,43
000000000001335848,Vyno taurės AURORA NOLA 320 ml 6 vnt.,14.99,43
000000000001335851,Stiklinės AURORA NOLA 440 ml 6 vnt.,14.99,43
000000000001336725,NIVEA Repair & Care kūno losjonas,10.69,43
000000000001337463,"Alyvuogių aliejus MONINI MILD & LIGHT, 500 ml",7.55,43
000000000001338906,"Makaronai REEVA, Bolonijos padažo skonio, 70 g",0.89,43
000000000001343844,NIVEA Pearl & Beauty pieštukinis antiperspirantas moterims,5.39,43
000000000001345404,"Skalb. milteliai PERSIL EXPERT FRESHNESS BY SILAN, 36 skalb., 1.98 kg",9.59,43
000000000001346829,"Skalbiamieji milteliai REX AMAZONIA FRESHNESS, 20 skalb., 1.1 kg",4.39,43
000000000001350006,"Ekologiškas migdolų aliejus BIONATURALIS, 250 ml, 250 ml",4.79,43
000000000001350100,"Skalb. gelis PERSIL EXPERT FRESHNESS BY SILAN, 40 skalb., 1.8 l",9.59,43
000000000001361182,"Micelinis vanduo NIVEA, 400 ml",9.89,43
000000000001361261,NIVEA Q10 STANGRINAMASIS KŪNO LOSJONAS SU KOFERMENTU Q10,12.29,43
000000000001362769,Elementas DURACELL CR1632,1.99,43
000000000001365224,"Purškiamasis kvapas CANDLE FAMILY SENSO, 1 vnt.",9.99,43
000000000001365754,"Kūno kremas NIVEA, 400 ml",14.99,44
000000000001367964,Desertinės šakutės UNIWELL Rotondo 4vnt.,5.99,44
000000000001372751,"Tamponai BELLA for Teens Mini, N16",2.69,44
000000000001372752,"Tamponai BELLA for Teens Super, N16",2.69,44
000000000001374984,"KOTEX YOUNG NIGHT Higieniniai paketai, 7vnt",1.89,44
000000000001380466,"Obuolių, slyvų, morkų tyrelė MARMALUZI (nuo 6 mėn.), 190 g",1.39,44
000000000001381395,"TESORI d'ORIENTE Hammam oro gaiviklis, 250 ml",8.99,44
000000000001384642,"Rūkytos šoninės skonio kečupas HEINZ, 460 g",2.99,44
000000000001386257,"Namų kvapas TDO Hammam, 200 ml",12.99,44
000000000001386459,"Žvakė, BOLSIUS, misty pink, 80/58mm",1.59,44
000000000001386460,"Žvakė, BOLSIUS, delicate red, 80/58mm",1.59,44
000000000001386479,"Aromatinė žvakė WOODWICK 85g,kašmyras",13.99,44
000000000001387506,"NIVEA SOFT DRĖKINANTIS KREMAS VEIDUI, KŪNUI IR RANKOMS SU SPF15 100 ml",6.19,44
000000000001391692,NIVEA Restore rutulinis dezodorantas moterims 50 ml,4.79,44
000000000001395714,"Puskietis sūris CACIO EL PASTORE, 50%, 1 kg",20.99,44
000000000001398700,"Skalbinių kvepalai ""SILAN FLORAL ESSENCES Diamond Orchid"" 30sk. (540ml)",5.59,44
000000000001398765,"Skalbinių kvepalai ""SILAN FLORAL ESSENCES Blue Jasmine"" 30sk.  (540ml)",5.59,44
000000000000477108,"Žaliųjų citrinų ir pipirų prieskoniai malūnėlyje SANTA MARIA, 90 g",6.49,44
000000000000598807,"Plaukų kondicionierius NIVEA, 200 ml",4.79,44
000000000000666022,"Moteriškos pėdkelnės PIERRE CARDIN LA MANCHE 40, NERO 4 d., 1 vnt.",4.99,44
000000000000696920,"Cilindrinė žvakė, 8 x 20 cm, 1 vnt.",7.29,44
000000000000778397,"Citrusinių vaisių sulčiaspaudė PLAST TEAM, 1 vnt.",1.99,44
000000000000880234,"Sportinės kojinės, 3 poros, spalva: juoda, dydis: 43-46",7.99,44
000000000000892447,"Vilkdalgių puokštė, 7 vnt",2.99,44
000000000000915790,"Moteriškos pėdkelnės PIERRE CARDIN BELFORT 40 NERO 5 d., 1 vnt.",4.99,44
000000000000942675,"Moteriškos pėdkelnės INCANTO ACTIVE BODY 20, 4 dydis, 1 vnt.",5.49,44
000000000000948641,"Dubenėlis AURORA WHITE HOME, 12 cm, 1 vnt.",2.49,44
000000000000951102,"Hermetiškas indelis BORGONOVO IGLOO, 22 cm, 1 vnt.",12.49,44
000000000001015714,"Vaikiškos kojinės FRIENDS, 8304,31–33,navy/grey,2 poros",5.79,44
000000000001043758,"Vaikiškos kojinės FRIENDS, 8304,37–40,navy/grey,2 poros",5.79,44
000000000001064931,"Moteriškos pėdkelnės ORI TALIA100, 4 dydis,NERO",3.24,44
000000000001066335,"Vyriškos kojinės FRIENDS, 43-46 dydis, 2 vnt.",6.99,44
000000000001081773,"Cinamono žievelės SANTA MARIA, 22 g",2.59,44
000000000001082870,NIVEA gaivinantis micelinis vanduo su aminorūgštimi ir vitaminu e normaliai odai,8.79,44
000000000001110537,"Moteriškos pėdkelnės IMMAGINE Italiana Only40, 4 d.,neutro",1.99,44
000000000001136713,"Vyriškos boksikės SEVEN LEMON, XXL dydis, 2 vnt., 2 vnt.",6.99,44
000000000001154270,"Universalieji prieskoniai SANTA MARIA, 350 g",5.69,44
000000000001160631,12 keksiukų forma GUARDINI,15.49,44
000000000001173514,"Namų kvapas su lazdelėmis AREON BLACK EAU D'ETE, 85 ml",9.99,44
000000000001198678,"Namų kvapas su lazdelėmis LAUMĖS KERAI, 1 vnt.",17.99,44
000000000001217150,"Palmių vaško žvakė CANDLE FAMILY SĖKMĖS ŽVAKĖS, 7 cm, 1 vnt.",5.99,44
000000000001222991,"Vienkartinių indų rinkinys ILAJA WHITE, 6 asm.",1.99,44
000000000001225987,"Ypač grynas alyvuogių aliejus MONINI (purškiamasis), 200 ml",4.82,44
000000000001233627,"Dubenėlis su dangteliu LUMINARC, 20 cm, 1 vnt.",6.99,44
000000000001247509,"Vyriškos kojinės SPARTA, 41-43 dydis, 2 vnt.",7.99,44
000000000001250424,"Birių produktų indas UNIWELL FAGO 1,15 l",6.99,44
000000000001254267,NIVEA purškiamas dezodorantas antiperspirantas moterims Fresh Rose Touch,4.79,44
000000000001256412,"Sportinės kojinės,PUMA,3 poros, dydis: 35-38, spalva: balta",7.99,44
000000000001266259,"Vyriškos kojinės SEVEN LEMON, dydis 40-42, juodos, 1 pora, 1 vnt.",1.79,44
000000000001267879,"Sportinės kojinės, PUMA, 3 poros, dydis: 39–42, spalva: rausva",7.99,44
000000000001269253,"Sportinės kojinės SEVEN LEMON, dydis 39-42, juodos, 1 pora, 1 vnt.",1.99,44
000000000001269331,Higieniniai įklotai KOTEX DEO SUPER;52vnt.,2.99,44
000000000001269343,Higieniniai įklotai KOTEX NATURAL NORMAL+;36vnt,3.29,45
000000000001271442,NIVEA® ROSE & HYDRATION KŪNO LOSJONAS NORMALIAI IR SAUSAI ODAI,10.69,45
000000000001274644,"Vaikiškos kojinės, SEVEN LEMON, 1 pora,  31-33 dydis, medvilnė",1.49,45
000000000001283170,"Namų kvapas MARCELA VICTORIA KISS, 100 ml, 100 ml",8.99,45
000000000001289944,"Higieniniai įklotai BELLA BIO BASED ULTRA THIN LONG, 22 vnt.",4.49,45
000000000001298110,"Elementai DURACELL OPTIMUM AAA, 4 vnt., 4 vnt.",3.24,45
000000000001311436,"Šaldytos virtos šiaurinės krevetės MY CATCH su galvomis, 500 g",5.49,45
000000000001320267,"Viduržemio jūros priesk. mišin. SANTA MARIA be prid. druskos, 24 g",2.29,45
000000000001320280,"Maltos mėsos prieskoniai SANTA MARIA be pridėtinės druskos, 38 g",2.29,45
000000000001329004,"Muilas nuo dėmių DR. BECKMANN, 100 g",1.59,45
000000000001330046,"Namų kvapas su lazdelėmis ODORO MOOD MAGNOLIJA, 1 vnt.",16.99,45
000000000001336187,"Keptuvė TEFAL EXPERTISE, 28 cm, 1 vnt.",50.99,45
000000000001338135,Moteriškos pėdkelnės IMG TERMO FLEECE 240 nero 5 dydis,2.74,45
000000000001340329,"Vyriškos sportinės kojinės FRIENDS, 6317,39–42,balt.2 poros",6.99,45
000000000001343831,NIVEA MEN HYALURON drėkinantis akių srities kremas,14.99,45
000000000001346738,"Skalbiamosios kapsulės REX POWER CAPS AROMATHERAPY WHITE, 36 vnt.",10.09,45
000000000001349733,"Skalbiamieji milteliai PERSIL EXPERT SENSITIVE, 36 skalb., 1.98 kg",9.59,45
000000000001352682,"Vyt. kiaulienos išpjova su Viduržemio jūros žolelėmis, nerūš, 250 g",6.99,45
000000000001361071,"Veido serumas NIVEA, 30 ml",23.49,45
000000000001361563,"Vytinta marmurinė jautiena DORA, a. r., 70 g",3.39,45
000000000001367495,"Moteriškos kojinės IMG LASCA NERO, one size,80 den.",1.64,45
000000000001367975,Šakutės UNIWELL Brasio 3 vnt.,3.99,45
000000000001368857,"Stikliukai ILAJA 100 ml, 6 vnt.",5.99,45
000000000001372219,"Milteliai ACORUS BALANCE FIBER IMMUNO, 300 g",5.69,45
000000000001375284,"Žvakė stikliniame indelyje BOLSIUS MANGOSORB., 8 x 7 cm",2.79,45
000000000001383967,"Vyriškos boksikės,PUMA, 2vnt., juoda, XXL",17.99,45
000000000001390731,"Kvapas namams ODORO MOOD ""Gėlių šokis""",16.99,45
000000000001391513,"Kvapas namams ODORO MOOD ""Juodasis gintaras""",16.99,45
000000000001391690,"NIVEA Repair&Care ""Sensitive"" kūno losjonas 400 ml",10.69,45
000000000001391694,NIVEA MEN Derma Control Defend purškiamas antiperspirantas vyrams 150 ml,4.79,45
000000000000112842,"Elementas DURACELL MN27, 12 V, 1 vnt.",1.24,45
000000000000476031,"Peilis TESCOMA PRESTO, 14 cm",4.49,45
000000000000558623,"Kepimo indas su dangčiu SIMAX, 3,2 l, 1 vnt.",17.99,45
000000000000574512,"Makaronų ir picos prieskonių mišinys SANTA MARIA malūnėlyje, 80 g",5.95,45
000000000000660490,"Moteriškos pėdkelnės PIERRE CARDIN BELFORT 40 VISONE 4 d., 1 vnt.",4.99,45
000000000000770187,"Moteriškos puskojinės IMMAGINE Italiana Lasca20(2p), un,nero,TI,6",1.44,45
000000000000770199," Moteriškos kojinaitės IMMAGINE Italiana Alba20(2p), un,nero,TI,6",1.24,45
000000000000839336,"Šepečio šluostė VILEDA STYLE MOP, 1 vnt.",6.49,45
000000000000956688,"Sriubos lėkštė LUMINARC DIWALI, 20 cm, 1 vnt.",2.99,45
000000000001017482,"Žvakė AIR WICK, obuolių ir cinamono kvapo, 1 vnt.",4.69,45
000000000001063110,"Moteriškos pėdkelnės IMMAGINE LOLA 40, ANTRACITE, 4 d., 1 vnt.",1.44,45
000000000001064008,"Moteriškos pėdkelnės IMMAGINE LOLA 40, 4 dydis, 1 vnt.",1.44,45
000000000001064059,"Moteriškos pėdkelnės ORI Attiva Body70, 5 dydis,nero",2.14,45
000000000001064065,"Moteriškos pėdkelnės ORI  Talia40, 4 d.,nero",3.39,45
000000000001081763,"Citrininiai kepsnių prieskoniai su žolelėmis SANTA MARIA, 35 g",1.49,45
000000000001082779,"Lupimo peilis FISKARS ESSENTIAL, 11 cm, 1 vnt.",8.99,45
000000000001101897,"Moteriškos kojinės pėdutės SP, 36-41 dydis ",3.19,45
000000000001107259,NIVEA Q10 ANTI-WRINKLE ENERGY SKAISTUMĄ ATKURIANTIS NAKTINIS KREMAS,16.99,45
000000000001110525,Moteriškos pėdkelnės IMG Slim 100den 3 dydis nero,3.24,45
000000000001135908,"Moteriškos pėdkelnės  ORI Cristal20, 5 d.,nature",1.84,45
000000000001136712,"Vyriškos boksikės SEVEN LEMON, XL dydis, 2 vnt., 2 vnt.",6.99,45
000000000001136728,"Vyriškos boksikės SEVEN LEMON, XL dydis, 2 vnt., 2 vnt.",6.99,45
000000000001136729,"Vyriškos boksikės SEVEN LEMON, XXL dydis, 2 vnt., 2 vnt.",6.99,46
000000000001156855,Moteriškos pėdkelnės IMG Slim 100den 5 dydis nero,3.24,46
000000000001174537,NIVEA CELLULAR  „EXPERT LIFT” dieninis kremas,20.45,46
000000000001174538,NIVEA CELLULAR „EXPERT LIFT” naktinis kremas,21.49,46
000000000001183586,"NIVEA MicellAIR Skin Breathe veido, akių ir lūpų srities micelinis vanduo su rožių vandeniu",9.59,46
000000000001201537,"Moteriškos pėdkelnės IMMAGINE FIT UP 40, 3 dydis, 1 vnt.",3.19,46
000000000001211395,"Filtravimo ąsotis AQUAPHOR ONYX, 2,4 l, 1 vnt.",24.99,46
000000000001216518,"Valg. ledai KAR KAR su zefyrais, kramtomosios gumos skonio, 510 g",5.59,46
000000000001238772,"Keptuvė TEFAL SIMPLY CLEAN, 30 cm, 1 vnt.",32.99,46
000000000001242261,"Pieno mišinys FRISO GOLD 3 (nuo 12 mėn.), 400 g",6.55,46
000000000001244772,Filtravimo ąsotis AQUAPHOR TIME MAXFOR,12.99,46
000000000001251235,"Alaus taurės ILAJA ALBIE, 400 ml, 4 vnt., 4 vnt.",6.99,46
000000000001254263,NIVEA MEN HYALURON drėkinantis veido kremas su SPF 15,13.49,46
000000000001254857,"Rankų kremas NIVEA INTENSIVE MOISTURE, 100 ml",6.09,46
000000000001257295,PrimaDog Įdarytas apdorotas odos suktinis su vištiena 13 cm 5vnt 180 g,3.49,46
000000000001264291," Prikaistuvis su dangčiu UNIWELL, 16 cm",21.99,46
000000000001266260,"Vyriškos kojinės SEVEN LEMON, dydis 43-45, juodos, 1 pora, 1 vnt.",1.79,46
000000000001266278,"Moteriškos pėdkelnės SEVEN LEMON, 40 den, 2 dydis, juodos, 1 vnt.",2.29,46
000000000001286955,"Vaikiškos sportinės kojinės, PUMA, 3 poros, 35-38 dydis",6.99,46
000000000001293157,"Puodelis su lėkštute AURORA PEARL DARK, 220 ml, 1 vnt.",6.99,46
000000000001297510,"Vyriškos kojinės FRIENDS, 39-42 dydis, 3 vnt.",7.99,46
000000000001304867,"Namų kvapas MARCELA VICTORIA BUBBLE GUM, 100 ml, 1 vnt.",8.99,46
000000000001304879,"Namų kvapas MARCELA VICTORIA TROPICAL OASIS, 100 ml, 1 vnt.",8.99,46
000000000001311296,"Ekologiški rozmarinai SANTA MARIA, 19 g",3.29,46
000000000001314129,"Minkštas kačių žaislas LOVETT, 1 vnt.",2.09,46
000000000001322300,"Ekol. vaisinių tyrelių MARMALUZI rinkinys Nr. 2 (nuo 6 mėn.), 360 g",4.65,46
000000000001322304,"Eko. vaisinių tyrelių MARMALUZI rinkinys Nr. 1 (nuo 6 mėn.), 360 g",4.65,46
000000000001325504,Puodelis ILAJA Nordic dark 370ml,3.49,46
000000000001325505,Puodelis AURORA Royal 430ml,4.99,46
000000000001325513,Puodelis ILAJA Nordic white 370ml,3.49,46
000000000001330438,"Vytintas jautienos pipirinis DORA, a. r., 100 g",5.35,46
000000000001333106,Sulankstomas gyvūno dubenėlis LOVETT,2.79,46
000000000001333183,"Gyvūnų šepetys LOVETT, 12x17.5cm",4.19,46
000000000001334511,"Šaukštas TRAMONTINA Polywood, 1 vnt.",1.99,46
000000000001337330,"Ypač grynas alyvuogių aliejus MONINI CLASSICO, 500 ml",7.69,46
000000000001343778,NIVEA MEN POWER serumas,19.99,46
000000000001345932,NIVEA® Moisture Hyaluron šampūnas,4.49,46
000000000001352671,"Vytinta kiaulienos išpjova, nerūš., 250 g",6.99,46
000000000001355951,"Universalusis prieskonių mišinys SANTA MARIA, 78 g",5.59,46
000000000001356787,"Ekologiškas rapsų ir linų sėmenų aliejus BIONATURALIS OMEGA3, 500 ml",2.99,46
000000000001357824,"Prikaistuvis su dangčiu 16cm, TEFAL",24.99,46
000000000001361276,"Dieninis veido kremas NIVEA Q10 SPF30, 50 ml",19.99,46
000000000001364314,"Birių produktų indas UNIWELL CLIP,700 ml",3.49,46
000000000001365225,"Purškiamasis kvapas CANDLE FAMILY NICHE, 1 vnt.",9.99,46
000000000001370191,Birių produktų indas UNIWELL ACACIA 460 ml,5.99,46
000000000001372750,"Naktiniai paketai BELLA for Teens Energy Night, pads, N16",3.29,46
000000000001376464,"Keptuvė TEFAL So'light, 24cm",33.99,46
000000000001381340,"Namų kvapas su lazdelėmis AREON BLACK VETRAR EIMUR, 1 vnt.",9.99,46
000000000001383966,"Vyriškos boksikės,PUMA, 2vnt., juoda, L",17.99,46
000000000001384773,"Skalbimo kapsulės PERSIL SENSITIVE, 23 skalbimams, 23 vnt.",9.59,46
000000000001385415,"Šunų žaislas LOVETT, 13x25cm",4.89,46
000000000001386106,Šunų kramtalai LOVETT 45g (mažų veislių),0.59,46
000000000001386451,"Žvakė, BOLSIUS, cloudy white, 80/58mm",1.59,47
000000000001386463,"Namų kvapas, SCENTIMENTS,muskusas ir vanilė,100ml",12.99,47
000000000001386472,"Žvakė, BOLSIUS, sunny yellow, 80/58mm",1.59,47
000000000001391677,NIVEA pieštukinis antiperspirantas Restore moterims 50 ml,5.39,47
000000000001392851,Purškiamas kvapas ALICE 250 ml,9.99,47
000000000001393668,"Salotos su kepta menke daržovių ir pomidorų padaže, 350 g",2.89,47
000000000001394033,"Vytinta KLEBONIŠKA kiaulienos išpjova su pomidorais, A. r., 180 g",3.99,47
000000000001395127,"Šaltai rūkytas ROKIŠKIO kiaulienos kumpis, a. r., 350 g",4.49,47
000000000001398055,"Moteriškos puskojinės ORI LAURA 50, one size, nero/white spots",1.59,47
000000000001398074,"Moteriškos kojinės ORI LUNA 50 , one size, nero/ red spots",1.39,47
000000000001398084,"Moteriškos kojinės ORI NIKA 40 , one size, nero",2.24,47
000000000001398128,"Moteriškos puskojinės ORI LAURA 50 , one size, nero/red spots",1.59,47
000000000000016758,NIVEA® Color Care putos,7.19,47
000000000000016794,NIVEA Q10 ANTI-WRINKLE POWER GILIAI REGENERUOJANTIS NAKTINIS KREMAS,19.99,47
000000000000017122,"Skutimosi putos NIVEA MEN, 200 ml",5.49,47
000000000000148949,"Salotinė LUMINARC FESTON, 24 cm, 1 vnt.",5.49,47
000000000000449619,"Stiklinis dangtis LET'S COOK, 26 cm, 1 vnt.",6.49,47
000000000000477110,"Jūrų gėrybių ir žuvų prieskoniai malūnėlyje SANTA MARIA, 90 g",6.69,47
000000000000565573,"Universaliosios virtuvės žirklės TESCOMA PRESTO, 22 cm, 1 vnt.",5.99,47
000000000000633570,"Česnakų spaudyklė TESCOMA PRESTO, 1 vnt.",8.99,47
000000000000633571,"Keturių pusių trintuvė TESCOMA HANDY, 1 vnt.",13.49,47
000000000000660485,"Moteriškos pėdkelnės PIERRE CARDIN BELFORT 40 NERO 2 d., 1 vnt.",4.99,47
000000000000660510,"Moteriškos kojinaitės PIERRE CARDIN TOURS 40 VISONE, univ.d., 1 vnt.",2.49,47
000000000000660521,"Moteriškos kojinės PIERRE CARDIN LA ROCHELLE 20, NERO 3 d., 1 vnt.",7.49,47
000000000000768270,"Moteriškos pėdkelnės IMMAGINE Italiana Ledi20, 3,nero,TI,5",1.04,47
000000000000796356,"Moteriškos pėdkelnės IMMAGINE MARLEN 40, 4 dydis, 1 vnt.",2.09,47
000000000000796409," Moteriškos kojinaitės IMMAGINE Italiana Alba40(2p), universalus,neut,TI,6",1.34,47
000000000000840099,"Birių produktų indas HAMBURG, 1600 ml, 1 vnt.",6.99,47
000000000000859163,"Puodelis LUMINARC NUEVO, 250 ml, 1 vnt.",2.29,47
000000000000880233,"Sportinės kojinės, 3 poros, spalva: juoda, dydis: 39-42",7.99,47
000000000000880236,"Sportinės kojinės, 3 poros, spalva: balta, dydis: 39-42",7.99,47
000000000000880237,"Sportinės kojinės, 3 poros, spalva: balta, dydis: 43-46",7.99,47
000000000000892180,"Moteriškos puskojinės ORI Star20(2p), universalus,nature,TI,6",1.59,47
000000000000896680,"NIVEA CELLULAR ""EXPERT FILLER“ INTENSYVAUS POVEIKIO NAKTINIS KREMAS",19.99,47
000000000000942678,"Moteriškos pėdkelnės INCANTO ACTIVE BODY 20, 3 dydis, 1 vnt.",5.49,47
000000000000942679,"Moteriškos pėdkelnės INCANTO ACTIVE BODY 20, 4 dydis, NATURELE, 1 vnt.",5.49,47
000000000000942680,"Moteriškos pėdkelnės INCANTO ACTIVE BODY 20, 5 dydis, 1 vnt.",5.49,47
000000000001000530,"Moteriškos pėdkelnės IMMAGINE ItalianaLedi20, 5 d.,bronzo",1.04,47
000000000001015715,"Vaikiškos kojinės FRIENDS, 8304,34–36,navy/grey,2 poros",5.79,47
000000000001017523,"Moteriškos pėdkelnės ORI Control Body40, NERO, 3 dydis,",2.84,47
000000000001039239,"Puodas RAVA BOLLIRE, 20 cm, 1 vnt.",21.99,47
000000000001054669,Šefo peilis UNIWELL,8.99,47
000000000001064007,"Moteriškos pėdkelnės IMMAGINE LOLA 40, 3 dydis, 1 vnt.",1.44,47
000000000001066334,"Vyriškos kojinės FRIENDS, 39-42 dydis, 2 vnt.",6.99,47
000000000001082782,"Skustukas FISKARS ESSENTIAL, 6 cm, 1 vnt.",6.99,47
000000000001110520,"Moteriškos pėdkelnės IMG Chance 150den 4 dydis, nero",3.39,47
000000000001110526,Moteriškos pėdkelnės IMG Slim 100den 4 dydis nero,3.24,47
000000000001110538,"Moteriškos pėdkelnės IMMAGINE Italiana Only40, 5 d.,neutro",1.99,47
000000000001136761,"Vyriškos boksikės SEVEN LEMON, XXL dydis, 2 vnt., 2 vnt.",6.99,47
000000000001154263,"Penkių pipirų mišinys SANTA MARIA, 190 g",10.49,47
000000000001156846,Moteriškos pėdkelnės IMG Charme 80den 4 dydis nero,2.49,47
000000000001156860,Moteriškos pėdkelnės ORI Power Slim 100den 4 dydis nero,3.74,47
000000000001161385,"Moteriškos pėdkelnės ORI POWER SLIM 40, NERO, 3 d., 1 vnt.",3.74,48
000000000001161387,"Moteriškos pėdkelnės ORI POWER SLIM 40, NERO, 5 d., 1 vnt.",3.74,48
000000000001182365,"Lėkštė LUMINARC DIWALI, 27 cm, 1 vnt.",3.49,48
000000000001183622,"Moteriškos puskojinės IMMAGINE LINA 40, vienas dydis, 2 vnt., 2 vnt.",1.24,48
000000000001196313,"Higieniniai įklotai CAREFREE COTTON FRESH, 56 vnt.",5.49,48
000000000001201541,"Moteriškos pėdkelnės IMMAGINE FIT UP 40, 4 dydis, 1 vnt.",3.19,48
000000000001205966,"Skridininės žvakės BOLSIUS, granatų kvapo, 18 vnt., 18 vnt.",3.49,48
000000000001215935,NIVEA MEN SENSITIVE drėkinamasis veido kremas,9.89,48
000000000001217208,"Vaikiškos kojinės FRIENDS , 8306,28–30,įv.sp.,3 poros",6.99,48
000000000001217209,"Vaikiškos kojinės FRIENDS , 8306,31–33,įv.sp.,3 poros",6.99,48
000000000001233626,"Dubenėlis su dangteliu LUMINARC, 14 cm, 1 vnt.",4.49,48
000000000001247377,"Namų kvapas su lazdelėmis AREON PATCHOULI, 150 ml",9.99,48
000000000001254613,"Puodas su dangčiu GRANDFEU BLUE, 4,7 l",73.99,48
000000000001257875,"Vyriškos kojinės SPARTA, 41-46 dydis, juodos spalvos, 2 vnt.",8.99,48
000000000001259247,"Dubenėlis UNIWELL 20 cm, nerūd. plienas",4.99,48
000000000001265154," Puodas su dangčiu UNIWELL, 24 x 13,5 cm",29.99,48
000000000001266285,"Moteriškos pėdkelnės SEVEN LEMON, 40 den, 5 dydis, rudos, 1 vnt.",2.29,48
000000000001266288,"Moter. puskojinės SEVEN LEMON, 40 den, univer. dydis, 2 vnt., 2 vnt.",1.79,48
000000000001267878,"Sportinės kojinės, PUMA, 3 poros, dydis: 35–38, spalva: rausva",7.99,48
000000000001269140,"Vyr. kojinės SEVEN LEMON, dydis 40-42, tams. mėlynos, 1 pora, 1 vnt.",1.39,48
000000000001269161,"Vyr. kojinės SEVEN LEMON, dydis 40-42, tams. mėlynos, 1 pora, 1 vnt.",1.79,48
000000000001269239,"Sport. kojinės SEVEN LEMON, dydis 39-42, šv. pilkos, 1 pora, 1 vnt.",1.99,48
000000000001274421,"Vaikiškos kojinės, SEVEN LEMON, 1 pora, dydis 34-36, medvilnė",1.49,48
000000000001282567, Mentelė UNIWELL,2.99,48
000000000001283167,"Namų kvapas MARCELA VICTORIA AMBER NIGHT, 100 ml, 100 ml",8.99,48
000000000001291977,"Moteriškos pėdkelnės SEVEN LEMON, 20 den, 4 dydis, juodos, 1 vnt.",1.89,48
000000000001291979,"Moter. kojinės SEVEN LEMON, 20 den, univer. dydis, 2 poros, 2 vnt.",1.49,48
000000000001292582,"Moteriškos pėdkelnės SEVEN LEMON, 20 den, 3 dydis, juodos, 1 vnt.",1.89,48
000000000001299822,"Šaltai rūkytos mėnulžuvės, 1 kg",8.99,48
000000000001303988," Keptuvė UNIWELL, 24 cm",19.99,48
000000000001304873,"Namų kvapas MARCELA VICTORIA VANILLA, 100 ml, 1 vnt.",8.99,48
000000000001304882,"Namų kvapas MARCELA VICTORIA TUTTI FRUTTI, 100 ml, 1 vnt.",8.99,48
000000000001313894,"Kačių draskyklė LOVETT, 46 cm",8.99,48
000000000001314366,"Keraminis gyvūnų dubenėlis LOVETT, 800 ml, 1 vnt.",4.19,48
000000000001314375,"Lateksinis šunų žaislas LOVETT, 1 vnt.",3.49,48
000000000001320250,"Žuvies prieskoniai su krapais SANTA MARIA be pridėt. druskos, 23 g",2.29,48
000000000001320270,"Palmių vaško žvakė CANDLE FAMILY EMMA, 1 vnt.",6.99,48
000000000001321676,"Higieniniai įklotai CAREFREE ORGANIC LONG PLUS, 24 vnt.",4.99,48
000000000001325491,Puodelis AURORA Meadow dark 470ml,2.99,48
000000000001330147,"Namų kvapas su lazdelėmis CANDLE FAMILY NICHE, 1 vnt.",12.99,48
000000000001333185,Gyvūnų nukailinimo šukos LOVETT,8.39,48
000000000001334533,"Šaukštelis TRAMONTINA Polywood, 1 vnt.",1.99,48
000000000001334544,"Šakutė TRAMONTINA Polywood, 1 vnt.",1.99,48
000000000001336846," Keptuvė UNIWELL, 20 cm",10.99,48
000000000001336849,"Lietinių keptuvė UNIWELL, 26 cm",15.99,48
000000000001338132,Moteriškos pėdkelnės IMG MICRO CHANCE 150 NERO 5 dydis,3.39,48
000000000001338145,"Moteriškos pėdkelnės ORI TALIA NERO, dydis 5, 40 den, 1 vnt.",3.39,48
000000000001340082,Gyvūnų šukos LOVETT,2.79,48
000000000001343168,"Suagusiųjų sauskelnės-kelnaitės ABENA PANTS PREMIUM, M dydis, 15 vnt.",20.99,48
000000000001343180,"Suagusiųjų sauskelnės-kelnaitės ABENA PANTS PREMIUM, L dydis, 15 vnt.",22.99,48
000000000001350068,"Skalbiamosios kapsulės PERSIL DISCS COLOR, 26 vnt., 26 vnt.",9.59,48
000000000001350388,"Grūsti juodieji pipirai SANTA MARIA, 217 g",9.99,48
000000000001357770,"Padėkliukas, 38cm",1.99,49
000000000001360449,"Higieniniai įklotai CAREFREE COTTON FRESH, 20 vnt.",2.39,49
000000000001360544,"Higieniniai įklotai CAREFREE ALOE, 20 vnt.",2.39,49
000000000001361193,"Ledai SNICKERS ICE TUBE, 320 g",5.29,49
000000000001362765,Elementų kroviklis DURACELL,11.49,49
000000000001362960,"Elementai klausos aparatui DURACELL 13PR48, 6 vnt.",3.49,49
000000000001362961,"Elementas DURACELL 1620, 1 vnt.",1.39,49
000000000001362966,Įkraunami elementai DURACELL AA ,6.49,49
000000000001363853,"Skalbimo kapsulės PERSIL DISCS UNIVERSAL, 26 skalbimams, 26 vnt.",9.59,49
000000000001367401,"Moteriškos kojinės iki kelių ORI STEP 80 den., one size, 1 pora",1.74,49
000000000001367944,Espresso šaukšt. UNIWELL Rotondo 4 vnt.,5.99,49
000000000001367965,Ilgi šaukšteliai UNIWELL Rotondo 4 vnt.,5.99,49
000000000001367976,Desertinės šakutės UNIWELL Brasio 3 vnt.,3.99,49
000000000001367977,Šaukšteliai UNIWELL Duke 3 vnt.,3.99,49
000000000001368699,"Nivea kremas veidui, kūnui, rankoms",14.99,49
000000000001369148,"VETOCANIS Atbaidantis antkaklis mažiems šunims nuo erkių ir blusų, 1vnt.",4.79,49
000000000001371194,"Granuliuotas vienmečių augalų pluošto kraikas naminiams gyvūnėliams
",2.19,49
000000000001371641,"Kvapas namams ODORO Elements ""NAKED LOVE""",21.99,49
000000000001374976,"KOTEX YOUNG NORMAL Higieniniai paketai, 9vnt",1.89,49
000000000001375163,"Graikinių riešutų miltai ŽOLYNĖLIS, 200 g",4.19,49
000000000001376520,"Gimtadienio žvakutė 6, ELEMENTS SENSE",0.79,49
000000000001383970,"Vyriškos boksikės, PUMA, 2vnt., dydis: M",17.99,49
000000000001386474,"Žvakė, BOLSIUS, delicate red, 150/58mm",3.19,49
000000000001386486,"Aromatinė žvakė WOODWICK 85g,juod.vyšn",13.99,49
000000000001387762,NIVEA MAITINAMASIS DIENINIS KREMAS SU SPF30 SAUSAI IR JAUTRIAI ODAI 50 ml,10.99,49
000000000001392574,"KĖDAINIŲ KONSERVŲ FABRIKO aštrus pomidorų padažas, 480 g",1.53,49
000000000001392609,"Higieniniai įklotai KOTEX ACTIVE DEO ULTRASLIM, 48 vnt.",2.99,49
000000000001398065,"Moteriškos kojinės ORI LUNA 50 DEN, one size, nero, white spots",1.39,49
000000000000148945,"Salotinė LUMINARC FESTON, 16 cm, 1 vnt.",2.09,49
000000000000222367,"Moteriškos pėdkelnės IMMAGINE Italiana Confort 40den 4 d., nero",1.54,49
000000000000585137,"Kamščiatraukis TESCOMA PRESTO, 1 vnt.",6.49,49
000000000000598806,NIVEA® Diamond Gloss šampūnas,4.79,49
000000000000660489,"Moteriškos pėdkelnės PIERRE CARDIN BELFORT 40 VISONE 3 d., 1 vnt.
",4.99,49
000000000000660522,"Moteriškos kojinės PIERRE CARDIN LA ROCHELLE 20, NERO 4 d., 1 vnt.
",7.49,49
000000000000665928,"Moteriškos puskojinės PIERRE CARDIN EVRY 20 NERO univ.d., 1 vnt.",2.49,49
000000000000665946,"Moteriškos kojinaitės PIERRE CARDIN METZ 20 VISONE, univ. d., 1 vnt.",1.99,49
000000000000696916,"Cilindrinė žvakė (Ø8x15 cm), 1 vnt.",4.99,49
000000000000734258,"Konditerinis teptukas TESCOMA PRESTO, 1 vnt.",3.49,49
000000000000768277,"Moteriškos pėdkelnės IMMAGINE Italiana Ledi20, 4 d.,visone",1.04,49
000000000000770200," Moteriškos kojinaitės IMMAGINE Italiana Alba20(2p), un,neut,TI,6",1.24,49
000000000000792395,"Namų kvapas su lazdelėmis AREON, 150 ml",9.99,49
000000000000796355,"Moteriškos pėdkelnės IMMAGINE MARLEN 40, 3 dydis, 1 vnt.",2.09,49
000000000000856581,"Rinkinys VILEDA EASYWRING grindims valyti, 1 vnt.",37.99,49
000000000000880238,"Sportinės kojinės,PUMA,3 poros, dydis: 39-42, spalva: juoda",7.99,49
000000000000896681,"NIVEA CELLULAR ""EXPERT FILLER“ AKIŲ IR LŪPŲ KONTŪRO KREMAS",17.99,49
000000000000915452,"Moteriškos puskojinės ORI Star40(2p), un,neut,TI,6",1.74,49
000000000000916097,"Moteriškos pėdkelnės INCANTO ACTIVE BODY 40, 3 dydis, 1 vnt.",5.99,49
000000000000926570,"Higieniniai paketai BELLA HERBS TILIA, 12 vnt.",2.29,49
000000000000999190,"Moteriškos pėdkelnės IMMAGINE Italiana Ledi20, 5 d.,Nero",1.04,49
000000000000999937,"Puodas su rankena VELVET TVS, 14 cm, 1 vnt.",10.99,49
000000000001013171,"Vyr.koj.  SK, 1 vnt.",9.45,49
000000000001015713,"Vaikiškos kojinės FRIENDS, 8304,28–30,navy/grey,2 poros",5.79,49
000000000001017526,"Moteriškos pėdkelnės ORI Control Body40, NEUTRO, 3 dydis",2.84,50
000000000001017527,"Moteriškos pėdkelnės ORI Control Body40, NEUTRO, 4 dydis",2.84,50
000000000001036303,"Vyriškas veido, kūno ir rankų kremas NIVEA MEN CREME, 150 ml",6.69,50
000000000001039240,"Puodas RAVA BOLLIRE, 24 cm, 1 vnt.",26.99,50
000000000001048143,"Gimtadienio žvakutės, rožinės, 10 vnt., 1 vnt.",1.79,50
000000000001063111,"Moteriškos pėdkelnės IMMAGINE Italiana Lola40, 5 d.,antracite",1.44,50
000000000001063456," Keptuvė UNIWELL, 24 cm",10.99,50
000000000001063461," Keptuvė su dangčiu, UNIWELL EDAY 28cm",18.99,50
000000000001064057,"Moteriškos pėdkelnės ORI Attiva Body70, 3 dydis,nero",2.14,50
000000000001064063,"Moteriškos pėdkelnės ORI  Talia40, 2 d.,nero",3.39,50
000000000001064064,"Moteriškos pėdkelnės ORI  Talia40, 3 d.,nero",3.39,50
000000000001064929,"Moteriškos pėdkelnės ORI TALIA100, 2 dydis,NERO",3.24,50
000000000001064965,"Moteriškos pėdkelnės ORI Sensual150, 4 dydis,nero",3.74,50
000000000001082776,"Šefo peilis FISKARS ESSENTIAL, 21 cm",14.99,50
000000000001086078,"Šunų žaislas AKINU, 1 vnt.",6.99,50
000000000001087925,"Moteriškos pėdkelnės IMMAGINE Italiana Only20, 4 d.,nero",1.49,50
000000000001107260,NIVEA Q10 ANTI-WRINKLE POWER REVITALIZUOJANTIS AKIŲ SRITIES KREMAS,17.99,50
000000000001110536,"Moteriškos pėdkelnės IMMAGINE Italiana Only40, 3 d.,neutro",1.99,50
000000000001125942,Ilgas šaukštelis UNIWELL SALI,0.99,50
000000000001135611,"Vyriškos boksikės SEVEN LEMON, L dydis, 2 vnt., 2 vnt.",6.99,50
000000000001135825,NIVEA MEN Losjonas po skutimosi DEEP,11.99,50
000000000001135962,"Moteriškos kojinaitės immagine Italiana Sneaker M, 39-42,nature",2.74,50
000000000001136727,"Vyriškos boksikės SEVEN LEMON, L dydis, 2 vnt., 2 vnt.",6.99,50
000000000001136758,"Vyriškos boksikės SEVEN LEMON, M dydis, 2 vnt., 2 vnt.",6.99,50
000000000001136760,"Vyriškos boksikės SEVEN LEMON, XL dydis, 2 vnt., 2 vnt.",6.99,50
000000000001148915,"Keptuvė FISKARS FUNCTIONAL FORM, 24 cm, 1 vnt.",45.99,50
000000000001154262,"Juodieji pipirai SANTA MARIA, 210 g",9.29,50
000000000001156844,Moteriškos pėdkelnės IMG Charme 80den 2 dydis nero,2.49,50
000000000001156845,Moteriškos pėdkelnės IMG Charme 80den 3 dydis nero,2.49,50
000000000001161386,"Moteriškos pėdkelnės ORI POWER SLIM 40, NERO, 4 d., 1 vnt.",3.74,50
000000000001169522,"Spontex mikropluošto šluostės, 5 vnt.",5.39,50
000000000001179700,"Moteriškos kojinaitės IMMAGINE Italiana Lina20(2p.), uni,neutro",1.14,50
000000000001182367,"Sriubos lėkštė LUMINARC DIWALI, 20 cm, 1 vnt.",2.99,50
000000000001182368,"Lėkštė LUMINARC DIWALI, 19 cm, 1 vnt.",2.49,50
000000000001182370,"Dubenėlis LUMINARC DIWALI juodas 14,5 cm",3.69,50
000000000001182980,"Grindų šluotos šluostė VILEDA SPRAY MAX, 1 vnt.",9.99,50
000000000001217207,"Vaikiškos kojinės FRIENDS , 8306,25–27,įv.sp.,3 poros",6.99,50
000000000001218978,"Filtrav.ąsotis AQUAPHOR Smile A5 Mg+2,9L, 1 vnt.",12.99,50
000000000001233628,"Dubenėlis su dangteliu LUMINARC, 23 cm, 1 vnt.",8.49,50
000000000001238029,"Keptuvė SIMPLY CLEAN, 24 cm, 1 vnt.",23.99,50
000000000001238031,"Keptuvė SIMPLY CLEAN, 28 cm, 1 vnt.",28.99,50
000000000001247510,"Vyriškos kojinės SPARTA, 44-46 dydis, 2 vnt.",7.99,50
000000000001263433,Lėkštė AURORA PEARL CLASSIC DARK 24 cm,6.99,50
000000000001266261,"Vyriškos kojinės SEVEN LEMON, dydis 46-48, juodos, 1 pora, 1 vnt.",1.79,50
000000000001266284,"Moteriškos pėdkelnės SEVEN LEMON, 40 den, 4 dydis, rudos, 1 vnt.",2.29,50
000000000001267892,"Sportinės kojinės, PUMA, 3 poros, dydis: 43–46, spalva: pilka",7.99,50
000000000001269160,"Moter. kojinės SEVEN LEMON, dydis 34-36, šv. rudоs,1 pora, 1 vnt.",1.39,50
000000000001269221,"Sport. kojinės SEVEN LEMON, dydis 43-46, šv. pilkos, 1 pora, 1 vnt.",1.99,50
000000000001269272,"Vyr. kojinės SEVEN LEMON, dydis 43-45, tams. mėlynos, 1 pora, 1 vnt.",1.79,50
000000000001273092,"Lyginimo lenta VILEDA NEO, 1 vnt.",39.99,50
000000000001274607,"Vaikiškos kojinės, SEVEN LEMON, 1 pora, dydis: 25-27, medvilnė",1.49,50
000000000001274653,"Vaikiškos kojinės, SEVEN LEMON, 1 pora, 28-30 dydis, medvilnė",1.49,50
000000000001282582,Makaronų šaukštas UNIWELL,2.99,51
000000000001283171,"Namų kvapas MARCELA VICTORIA ORIENTAL DREAM, 100 ml, 100 ml",8.99,51
000000000001285733,"Filtruojanti gertuvė AQUAPHOR City, 0,5 l, 1 vnt., mėlyna",11.99,51
000000000001291950,"Moteriškos pėdkelnės SEVEN LEMON, 20 den, 5 dydis, rudos, 1 vnt.",1.89,51
000000000001292447,"Moteriškos pėdkelnės SEVEN LEMON, 20 den, 2 dydis, rudos, 1 vnt.",1.89,51
000000000001292541,"Moteriškos pėdkelnės SEVEN LEMON, 20 den, 2 dydis, juodos, 1 vnt.",1.89,51
000000000001297512,"Vyriškos kojinės FRIENDS, 39-42 dydis, 3 vnt.",7.99,51
000000000001301855,"Indaplovių kapsulės FINISH POWERBALL QUANTUM ALLIN1, 35 vnt.",11.49,51
000000000001303824,"Kiniška (WOK) keptuvė, 28 cm",26.99,51
000000000001304871,"Namų kvapas MARCELA VICTORIA MILK COFFEE, 100 ml, 1 vnt.",8.99,51
000000000001309607,"Dubuo ILAJA SIMPLE, 20 cm",3.49,51
000000000001310580,"Šampano taurės RCR OPERA, 230 ml 6 vnt.",34.99,51
000000000001311297,"Ekologiški citrinpipiriai SANTA MARIA, 60 g",3.99,51
000000000001312495,"Stiklinis dangtis UNIWELL, 16x18x20 cm",7.99,51
000000000001313859,"Gyvūnų guolis LOVETT, 1 vnt.",13.99,51
000000000001313890,"Gyvūnų ekskrementų maišelių dozatorius su žibintuv. LOVETT, 1 vnt.",2.79,51
000000000001313891,"Gyvūnų antkaklis LOVETT, 15 mm x 25-40 cm, 1 vnt.",1.39,51
000000000001314304,"Šunų žaislas LOVETT, 10 x 40 cm, 1 vnt.",5.59,51
000000000001314365,"Keraminis gyvūnų dubenėlis LOVETT, 300 ml, 1 vnt.",3.49,51
000000000001314373,"Šunų žaislas kramtymui LOVETT, 1 vnt.",4.89,51
000000000001314376,"Pliušinis šunų žaislas su virve LOVETT, 1 vnt.",6.99,51
000000000001314382,"Automatinis pavadėlis LOVETT, 5 m, 50 kg, 1 vnt.",13.99,51
000000000001316324,"Vyriškas pieštukinis antiperspirantas NIVEA SILVER PROTECT, 50 ml",5.39,51
000000000001319553,"Peilis duonai PRESTO, 20 cm",6.99,51
000000000001320361,"Vyriškos kojinės FRIENDS, 6314,39–42,2 poros",6.99,51
000000000001330049,"Palmių vaško žvakė CANDLE FAMILY SENSO, 1 vnt.",6.99,51
000000000001330789,"Šunų žaislas LOVETT, 1 vnt.",2.79,51
000000000001334941,"Banguotųjų papūgų skanėstas su obuoliais ir medumi FANTASIA, 90 g",1.49,51
000000000001338116,Moteriškos pėdkelnės IMG ONLY 70 nero 4 dydis,2.34,51
000000000001338134,Moteriškos pėdkelnės IMG TERMO FLEECE 240 nero 3 dydis,2.74,51
000000000001339304,"Moteriškos pėdkelnės ORI MIRACLE NEUTRO, 4 dydis, 40 denų, 1 vnt.",4.49,51
000000000001340453,"Šampano taurės AURORA Fleya, 300 ml, 4 vnt.",18.99,51
000000000001342131,"Kvapni žvakė stikliniame indelyje,rudas",2.39,51
000000000001350061,"Skalbiamosios kapsulės REX POWER CAPS AROMATHERAPY WHITE, 13 vnt.",4.39,51
000000000001352673,"Vytinta kiaulienos išpjova su Madagaskaro pipirais, nerūš., 250 g",6.99,51
000000000001356835,"Filtravimo ąsotis BRITA ALUNA, mėlynas, 2,4 l, 1 vnt.",23.99,51
000000000001361160,NIVEA MEN HYALURON balzamas po skutimosi,11.99,51
000000000001367896,Šaukšteliai UNIWELL Bordeaux 4 vnt.,5.99,51
000000000001367897,Šaukštai UNIWELL Duke 3 vnt.,3.99,51
000000000001367937,Šaukšteliai UNIWELL Baguette 4 vnt.,5.99,51
000000000001367939,Espresso šaukšteliai UNIWELL Brasio 6vnt,3.99,51
000000000001367946,Stalo įrankiai UNIWELL Rotondo 16 vnt.,39.99,51
000000000001369938,Dubenėlis AURORA Zout Grey 17 cm,5.99,51
000000000001371266,"Vienk.suger.keln.BABOO, XL dydis, 5vnt",4.99,51
000000000001372124,"Kvapas namams ODORO Elements ""DAYDREAM""",21.99,51
000000000001372154,"Kvapas namams ODORO Elements ""SPA ALCHEMY""",21.99,51
000000000001372623,Dėmių valiklis DR. BECKMANN OXI;400g,4.19,51
000000000001372644,"Namų kvapas ""MEILĖ SAU"" by Indrė Bareikienė, 120ml",27.99,51
000000000001374011,NIVEA Dušo želė vyrams TOTAL RELAX 250ml,4.19,51
000000000001376514,"Gimtadienio žvakutė0, ELEMENTS SENSE, 2 spalv.",0.79,51
000000000001376521,"Gimtadienio žvakutė 9, ELEMENTS SENSE",0.79,51
000000000001378234,"Šunų žaislas LOVETT Strong,NEWU131AM",6.99,51
000000000001381323,"Namų kvapas su lazdelėmis AREON BLACK SKOGAR ANGAN, 1 vnt.",9.99,52
000000000001382255,"Šunų pavadėlis FLEXI NEW CLASSIC, S dydis, juostinis, 5 m, 1 vnt.",13.29,52
000000000001384716,"Skalbimo kapsulės PERSIL STAIN, 23 skalbimams, 23 vnt.",9.59,52
000000000001386478,"Aromatinė žvakė WOODWICK 275g,juod. Vyšnia",30.99,52
000000000001386515,"Aromatinė žvakė WOODWICK 85g,laužas",13.99,52
000000000001387763,NIVEA DRĖKINAMASIS DIENINIS KREMAS SU SPF30 NORMALIAI ODAI 50 ml,10.99,52
000000000001387994,NIVEA LUMINOUS630® SKIN GLOW ŠVYTĖJIMĄ SKATINANTIS SERUMAS 15 ml,14.99,52
000000000001391640,NIVEA MEN Sensitive purškiamas antiperspirantas vyrams 150 ml,4.79,52
000000000001391678,NIVEA MEN rutulinis antiperspirantas Sensitive vyrams 50 ml,4.79,52
000000000001392883,Purškiamas kvapas LIUSI 250 ml,9.99,52
000000000001394111,NIVEA® CELLULAR EPIGENETICS JAUNINANTIS SERUMAS SU EPICELLINE® 15 ml,16.99,52
000000000001394127,NIVEA® CELLULAR EPIGENETICS JAUNINANTIS SERUMAS SU EPICELLINE® 30 ml,27.99,52
000000000001395187,"Vytinti ROKIŠKIO kiaulienos traškučiai, žaliųjų citrinų sk., a. r., 40 g",1.99,52
000000000001395295,"Club 4 Paws Premium visavertis sausas pašaras mažų veislių suaugusiems šunims su antiena, 900 gr",2.64,52
000000000001398064,"Moteriškos kojinės ORI LILA 40, one size, nero",2.09,52
000000000000016793,NIVEA Q10 ANTI-WRINKLE POWER STANGRINANTIS AKIŲ SRITIES KREMAS,19.99,52
000000000000017119,NIVEA FOR MEN Balzamas po skutimosi PROTECT&CARE ,11.99,52
000000000000222362,"Moteriškos pėdkelnės IMMAGINE Italiana Confort 40den 3 d., nero",1.54,52
000000000000339035,Vazoninė gėlė ananasas,6.99,52
000000000000411577,"Šepetys VILEDA ACTIVE MAX MOP, 1 vnt.",11.99,52
000000000000477103,"Kepsnių prieskoniai SANTA MARIA BBQ & GRILL MESQUITE, 85 g",5.89,52
000000000000584720,"Torto kepimo forma PYREX, 25 cm, 1 vnt.",22.99,52
000000000000614620,"Stiklinis dangtis TEFAL, 24 cm, 1 vnt.",24.99,52
000000000000614622,"Stiklinis dangtis TEFAL, 28 cm, 1 vnt.",29.99,52
000000000000666021,"Moteriškos pėdkelnės PIERRE CARDIN LA MANCHE 40, NERO 3 d., 1 vnt.",4.99,52
000000000000696919,"Cilindrinė žvakė (Ø8x20 cm), 1 vnt.",7.19,52
000000000000696925,"Cilindrinė žvakė (Ø10x15 cm), 1 vnt.",8.49,52
000000000000734260,"Mentelė silikoniniu antgaliu PRESTO, 1 vnt.",4.99,52
000000000000765823,NIVEA FOR MEN Balzamas po skutimosi SILVER PROTECT ,11.99,52
000000000000768272,"Moteriškos pėdkelnės IMMAGINE Italiana Ledi20, 2 d.,neut,TI,3",1.04,52
000000000000770186,"Moteriškos puskojinės IMMAGINE Italiana Lasca20(2p), un,dain,TI,6",1.44,52
000000000000796354,"Moteriškos pėdkelnės IMMAGINE MARLEN 40, 2 dydis, 1 vnt.",2.09,52
000000000000796413,"Moteriškos puskojinės IMMAGINE Italiana Lasca40(2p), universalus,nero,TI,6",1.59,52
000000000000806509,"Moteriškos pėdkelnės IMMAGINE Italiana Ledi20, 4 d.,bronz,TI,4",1.04,52
000000000000853700,"Šepetys VILEDA STYLE MOP, 1 vnt.",13.49,52
000000000000879531,"Sportinės kojinės, 3 poros, PUMA, dydis: 43-46, spalva: balta",7.99,52
000000000000880232,"Sportinės kojinės, 3 poros, spalva: juoda, dydis: 35-38",7.99,52
000000000000880235,"Sportinės kojinės, 3 poros, spalva: balta, dydis: 35-38",7.99,52
000000000000880240,"Sportinės kojinės,PUMA,3 poros, dydis: 39-42, spalva: balta",7.99,52
000000000000892178,"Moteriškos kojinaitės ORI Step20(2p), universalus,nero,TI,6",1.39,52
000000000000916094,"Moteriškos pėdkelnės INCANTO COSMO 40, 4 dydis, 1 vnt.",4.99,52
000000000000918391,"Moteriškos kojinaitės ORI Step40(2p), un,nero,TI,6",1.44,52
000000000000918395,"Moteriškos pėdkelnės ORI  CONFORTFIT 40,3,NERO,TI,4",2.74,52
000000000000918396,"Moteriškos pėdkelnės ORI  CONFORTFIT 40,4,NERO,TI,3",2.74,52
000000000000942673,"Moteriškos pėdkelnės INCANTO ACTIVE BODY 20, 2 dydis, 1 vnt.",5.49,52
000000000000942674,"Moteriškos pėdkelnės INCANTO ACTIVE BODY 20, 3 dydis, 1 vnt.",5.49,52
000000000000956692,"Lėkštė LUMINARC DIWALI, 25 cm, 1 vnt.",2.99,52
000000000000956703,"Moteriškos pėdkelnės IMG FORMING SLIM 40 , 3 dydis,neutro",2.89,52
000000000000956710,"Moteriškos pėdkelnėsIMG FormingSlim70, 4 dydis,nero,TI,6",3.34,52
000000000001013163,"Vyriškos kojinės SKINIJA, 39-42 dydis, 1 vnt.",5.49,52
000000000001017522,"Moteriškos pėdkelnės ORI Control Body40, NERO, 2 dydis",2.84,52
000000000001039238,"Puodas BOLLIRE RAVA, 18 cm, 1 vnt.",18.99,52
000000000001057504,"Mikropluošto šluosčių rinkinys SPONTEX, 4 vnt., 4 vnt.",4.97,53
000000000001063109,"Moteriškos pėdkelnės IMMAGINE LOLA 40, 3 dydis, 1 vnt.",1.44,53
000000000001063460," Keptuvė su dangčiu, UNIWELL EDAY 26cm",16.99,53
000000000001064006,"Moteriškos pėdkelnės IMMAGINE LOLA 40, 2 dydis, 1 vnt.",1.44,53
000000000001064047,Moteriškos pėdkelnės ORI  Attiva Body 40den 5 nero,1.99,53
000000000001064055,"Moteriškos pėdkelnės ORI ATTIVA BODY70, 5 dydis,ANTRACIT",2.14,53
000000000001064067,"Moteriškos pėdkelnės ORI  Talia40, 3d.,neutro",3.39,53
000000000001064311,"Moteriškos pėdkelnės ORI  Attiva Body40, 5 d.,antracite",1.99,53
000000000001064528,"Moteriškos pėdkelnės IMMAGINE MAMMA 40 NERO M/L, 1 vnt.",2.84,53
000000000001064530,"Moteriškos pėdkelnės IMMAGINE Italiana Mama40, M/L, neutro",2.84,53
000000000001064963,"Moteriškos pėdkelnės ORI Sensual150, 2 dydis,nero",3.74,53
000000000001087922,"Moteriškos pėdkelnės IMMAGINE Italiana Only20, 5 d.,nature",1.49,53
000000000001087927,"Moteriškos pėdkelnės IMMAGINE Italiana Only20, 2 d.,neutro",1.49,53
000000000001108995,NIVEA Q10 ANTI-WRINKLE ENERGY ŠVITĖJIMO SUTEIKIANTIS DIENINIS KREMAS SU SPF15,17.99,53
000000000001110519,Moteriškos pėdkelnės IMG Chance 150den 3 dydis nero,3.39,53
000000000001110530,"Moteriškos pėdkelnės IMMAGINE Italiana Only40, 5 d., antracite",1.99,53
000000000001110532,"Moteriškos pėdkelnės IMMAGINE Italiana Only40, 3 d., nero",1.99,53
000000000001110533,"Moteriškos pėdkelnės IMMAGINE Italiana Only40, 4 d., nero",1.99,53
000000000001110535,"Moteriškos pėdkelnės IMMAGINE Italiana Only40, 2 d.,neutro",1.99,53
000000000001135911,"Moteriškos pėdkelnės  ORI Cristal20, 4,nero",1.84,53
000000000001135961,"Moteriškos kojinaitės immagine Italiana Sneaker M, 35-38,nature",2.74,53
000000000001135974,"Moteriškos pėdutės IMMAGINE (2 poros), 2 vnt., 39-42,nature",2.44,53
000000000001136458,"Keksiukų kepimo forma PYREX MAGIC, 1 vnt.",21.99,53
000000000001136759,"Vyriškos boksikės SEVEN LEMON, L dydis, 2 vnt., 2 vnt.",6.99,53
000000000001142482,"Grindų šepetys VILEDA 907 ULTRA MAX, 1 vnt.",18.49,53
000000000001148919,Prikaistuvis (1.5l) FUNCTIONAL FORM,58.99,53
000000000001148921,"Puodas FISKARS FUNCTIONAL FORM, 5 l",92.99,53
000000000001151364,"Kadagių uogos SANTA MARIA, 21 g",3.99,53
000000000001151376,"Žvėrienos prieskoniai SANTA MARIA, 220 g",5.89,53
000000000001180103,"Vaikiškos kojinės SUNNY SIDE, 37-40, 3 poros, 3 vnt.",6.69,53
000000000001180969,"Vyriškos kojinės SKINIJA, 39-42 dydis, 1 vnt.",2.89,53
000000000001196312,"Higieniniai įklotai CAREFREE COTTON ALOE, 56 vnt.",5.49,53
000000000001198683,"Namų kvapas su lazdelėmis ELZĖ, 1 vnt.",17.99,53
000000000001201536,"Moteriškos pėdkelnės IMMAGINE FIT UP 40, 2 dydis, 1 vnt.",3.19,53
000000000001201604,"Vyriškos darbinės kojinės FRIENDS, 43-46 dydis, 2 vnt.",8.99,53
000000000001204314,NIVEA Q10 ANTI-WRINKLE EXTRA NOURISH GILIAI ODĄ ATKURIANTIS DIENINIS KREMAS SU SPF15,18.99,53
000000000001204315,NIVEA Q10 ANTI-WRINKLE EXTRA NOURISH kremas,18.99,53
000000000001217152,"Sojų vaško žvakė CANDLE FAMILY, 1 vnt.",9.99,53
000000000001218979,Filtravimo kasetė AQUAPHOR A5,7.99,53
000000000001223569,"Grindų valymo rinkinys, 1 vnt.",24.99,53
000000000001224471,"Kvapioji žvakė BOTANICA (karibinių vetiverių ir santalų kv.), 1 vnt.",10.99,53
000000000001233738,"Serviravimo lėkštė FRIENDS TIME, 21 cm",4.29,53
000000000001233739,"Serviravimo lėkštė FRIENDS TIME, 29 cm",7.99,53
000000000001238030,"Keptuvė SIMPLY CLEAN, 26 cm, 1 vnt.",26.99,53
000000000001247375,"Kvapiosios lazdelės AREON SPRING BOUQUET, 150 ml",9.99,53
000000000001257877,"Moteriškos kojinės pėdutės SP, 3 p, 36-40 dydis, juoda",8.29,53
000000000001260904,"Vyriškos boksinukės SPARTA, juodos,M ",9.99,53
000000000001260905,"Vyriškos boksinukės SPARTA, juodos,L ",9.99,53
000000000001263437,Puodelis AURORA PEARL CLASSIC DARK 240ml,4.49,53
000000000001266268,"Moteriškos kojinės SEVEN LEMON, dydis 34-36, juodos, 1 pora, 1 vnt.",1.39,53
000000000001266283,"Moteriškos pėdkelnės SEVEN LEMON, 40 den, 3 dydis, rudos, 1 vnt.",2.29,53
000000000001269245,"Vyr. kojinės SEVEN LEMON, dydis 46-48, tams. mėlynos, 1 pora, 1 vnt.",1.39,53
000000000001269262,"Sportinės kojinės SEVEN LEMON, dydis 43-46, juodos, 1 pora, 1 vnt.",1.99,54
000000000001271431,"Purškiamoji priemonė kačių kvapui ir dėmėms naikinti, 1 vnt.",6.01,54
000000000001274591,"Vaikiškos kojinės, SEVEN LEMON, 1 pora, dydis: 37-38, medvilnė",1.49,54
000000000001274619,"Vaikiškos kojinės, SEVEN LEMON, 1 pora, dydis: 28-30, medvilnė",1.49,54
000000000001276728,"Cilindrinė žvakė (8 x 6,8 cm), 1 vnt.",4.19,54
000000000001283042,Kiaurasamtis FISKARS,15.99,54
000000000001283168,"Namų kvapas MARCELA VICTORIA GREEN CONNECTION, 100 ml, 100 ml",8.99,54
000000000001286920,"Vaikiškos pusilgės kojinės PUMA, 3 poros, 35-38 d., 3 vnt.",7.99,54
000000000001286951,"Vaikiškos sportinės kojinės, PUMA, 3 poros, 31-34 dydis",6.99,54
000000000001286952,"Vaikiškos sportinės kojinės, PUMA, 3 poros, dydis: 35-38",6.99,54
000000000001295923,"Salotų dubuo PAMPILLE CLEAR, 24 cm",12.99,54
000000000001305666,NIVEA LUMINOUS 630® ANTISPOT dieninis fuildas,20.99,54
000000000001309293,"Sojų vaško žvakė CANDLE FAMILY DANIELLE, 1 vnt.",12.99,54
000000000001309609,"Lėkštė ILAJA SIMPLE, 19 cm",1.99,54
000000000001309718,"Moteriškos pėdkelnės PIERRE CARDIN LA MANCHE 40, VISONE 5 d., 1 vnt.",4.99,54
000000000001314341,"Šunų žaislas kramtymui LOVETT, 1 vnt.",4.89,54
000000000001314372,"Šunų žaislas kaulas LOVETT, 1 vnt.",4.89,54
000000000001314374,"Automatinis pavadėlis LOVETT, 3 m, 15 kg, 1 vnt.",9.09,54
000000000001320288,"Namų kvapas su lazdelėmis CANDLE FAMILY DANIELLE, 1 vnt.",14.99,54
000000000001321562,NIVEA® DERMA SKIN CLEAR naktinis šveitiklis į bėrimus linkusiai odai,10.79,54
000000000001321760,Birių produktų indas UNIWELL HANDIG 1 L,5.99,54
000000000001321777,"Birių produktų indas UNIWELL HANDIG 1,35 L",6.99,54
000000000001321867,"Moteriškos pėdkelnės IMMAGINE TUTO NUDO NERO, 20 den., 5 d., 1 vnt.",1.99,54
000000000001322495,"Moteriškos pėdkelnės IMMAGINE TUTO NUDO 20 NEUTRO 4 d., 1 vnt.",1.99,54
000000000001324667,Puodelis AURORA PEARL CLASSIC CREAM350ml,4.49,54
000000000001324668,Puodelis su lėkštute AURORA PEARL GREEN 220 ml,6.99,54
000000000001324721,Puodelis su lėkštute AURORA PEARL CREAM 100 ml,4.99,54
000000000001324743,Puod.su lėkšt. AURORA PEARL CREAM 220 ml,6.99,54
000000000001325331,Puodelis AURORA Meadow white 470ml,2.99,54
000000000001325500,Puodelis ILAJA Nordic 370ml,3.49,54
000000000001325506,Puodelis ILAJA Wisp 440ml,2.99,54
000000000001326318,Dubenėlis ILAJA Hazel Grey 19 cm,5.49,54
000000000001329426,Kokteilių taurės Sante Gin Tonic 560 ml 4vnt,14.99,54
000000000001330125,"Purškiklis ODORO MOOD MAGNOLIJA, 200 ml",9.49,54
000000000001330144,"Palmių vaško žvakė CANDLE FAMILY ALLURE, 10 cm, 1 vnt.",6.99,54
000000000001330232,"Sojų vaško žvakė CANDLE FAMILY NICHE, 1 vnt.",8.99,54
000000000001331641,"Higieniniai įklotai ALWAYS Normal, 0% Perfume, 30 vnt.",4.09,54
000000000001333548,"Šampano taurės AURORA FLEYA, 210 ml, 4 vnt., 4 vnt.",18.99,54
000000000001333550,Vyno taurės AURORA FLEYA 380 ml 4 vnt.,18.99,54
000000000001336847," Keptuvė UNIWELL, 24 cm",13.99,54
000000000001338124,Moteriškos pėdkelnės IMG ONLY 70 nero 5 dydis,2.34,54
000000000001338125,Moteriškos pėdkelnės ORI  IMG MARLEN 40 neutro 5 d.,2.09,54
000000000001338138,"Moteriškos pėdkelnės ORI TALIA NEUTRO, dydis 5, 40 den, 1 vnt.",3.39,54
000000000001338142,Moteriškos pėdkelnės IMG TERMO FLEECE 240 nero 4 dydis,2.74,54
000000000001338148,Moteriškos pėdkelnės ORI CONTROL BODY 70 NERO 5 dydis,2.84,54
000000000001339288,"Moteriškos pėdkelnės ORI MIRACLE NERO, 3 dydis, 40 denų, 1 vnt.",4.49,54
000000000001342155,"Kvapni žvakė stikliniame indelyje,juodas",2.39,54
000000000001343829,"NIVEA CELLULAR EXPERT LIFT 3-jų zonų odą stangrinantis serumas veidui, kaklui ir dekoltė",21.99,54
000000000001343837,NIVEA CELLULAR LUMINOUS 630® ANTISPOT serumas,25.29,54
000000000001349040,Dubenėlis AURORA Crest Brown 15 cm,5.99,54
000000000001351239,"Greitai paruošiami makaronai su vištiena ir soja YATEKOMO, 79 g",1.01,54
000000000001353749,"Ledai M&M's su žemės riešutais, 306 g",5.29,54
000000000001354705,Vienmečių augalų pluošto kraikas naminiams gyvūnėliams,2.19,55
000000000001356370,Keptuvė 24 cm juoda,26.99,55
000000000001356860,"Filtravimo ąsotis BRITA MARELLA, mėlynas, 2,4 l, 1 vnt.",26.99,55
000000000001356896,"Filtravimo ąsotis BRITA MARELLA, baltas, 2,4 l, 1 vnt.",26.99,55
000000000001362680,"Elementai DURACELL 1,5V, 2 vnt.",2.99,55
000000000001362887,Įkraunami elementai DURACELL AAA,6.49,55
000000000001362970,"Elementai klausos aparatui DURACELL 312PR41, 6 vnt.",3.49,55
000000000001364339,"Birių produktų indas UNIWELL KONSO 2,75 L",4.99,55
000000000001365170,"Purškiamasis kvapas CANDLE FAMILY VELVET, 1 vnt.",9.99,55
000000000001365232,"Purškiamasis kvapas CANDLE FAMILY PRECIOUS, 1 vnt.",9.99,55
000000000001366891,"Moteriškos pėdkelnės SUIT BODY 40 ATRACITE, 3 dydis, 1 vnt.",3.79,55
000000000001366894,"Moteriškos pėdkelnės SUIT BODY 40 ATRACITE, 5 dydis, 1 vnt.",3.79,55
000000000001367120,"Moteriškos pėdkelnės ORI CONTROL FIT NERO, 5 dydis, 40 denų, 1 vnt.",2.74,55
000000000001367945,Šaukštai UNIWELL Bordeaux 4 vnt.,9.99,55
000000000001367947,Šaukštai UNIWELL Baguette 4 vnt.,9.99,55
000000000001369140,"Kačių šampūnas COMFY NATURAL, 1 vnt.",3.89,55
000000000001369149,"Šunų antkaklis VETOCANIS nuo parazitų, 10-20 kg, 1 vnt.",4.79,55
000000000001370170,Birių produktų indas UNIWELL ACACIA 970 ml,6.99,55
000000000001370322,Mėsos pasta šunims su antiena WANPY 90 g,1.19,55
000000000001371231,"Higieniniai įklotai ABENA MATERNITY PADS, 15 vnt.",6.69,55
000000000001371253,"Higieniniai įklotai ABENA SAN 4,PREMIUM 30 vnt./pak.",11.99,55
000000000001372163,"Namų kvapai AŠ MYLIU SAVE, 1 vnt.",35.99,55
000000000001376463,"Keptuvė TEFAL So'light, 22cm",34.99,55
000000000001376542,"Gimtadienio žvakutė 8, ELEMENTS SENSE",0.79,55
000000000001377827,"Šunų žaislas LOVETT Strong, SG203007",6.99,55
000000000001378106,NIVEA CELLULAR EXPERT FILLER dieninis kremas,21.49,55
000000000001378107,NIVEA CELLULAR EXPERT FILLER STANGRUMĄ ATKURIANTIS SERUMAS SU GRYNA MIKROHIALURONO RŪGŠTIMI.,19.49,55
000000000001380010,"Marinuoti burokėliai Kėdainių konservų fabrikas, 480 g",1.13,55
000000000001381342,"Moteriškos pėdkelnės IMG MARLEN 40 , 5 dydis, grafite",2.09,55
000000000001382240,"Šunų pavadėlis FLEXI BLACK DESIGN, M dydis, juostinis, 5 m, 1 vnt.",15.39,55
000000000001383938,"Vyriškos boksikės, PUMA, 2vnt., dydis: L",17.99,55
000000000001383978,"Vyriškos boksikės, PUMA, 2vnt., dydis: XL",17.99,55
000000000001385464,"Šunų žaislas LOVETT, 16x16cm YT130294",4.89,55
000000000001386280,"Namų kvapas su lazdel. AROMA 50ml,brašk.",6.99,55
000000000001386343,"Namų kvapas su lazdel. AROMA 50ml,apels.",6.99,55
000000000001386467,"Žvakė, BOLSIUS, sunny yellow, 150/58mm",3.19,55
000000000001386473,"Žvakė, BOLSIUS, misty pink, 150/58mm",3.19,55
000000000001387654,NIVEA LUMINOUS630® SKIN GLOW ŠVYTĖJIMĄ SKATINANTIS SERUMAS 30 ml,21.99,55
000000000001387995,NIVEA Q10 STANGRINAMASIS KŪNO SERUMAS-LOSJONAS 200 ml,13.99,55
000000000001388226,"Namų kvapas, SCENTIMENTS,gintaras ir imbieras,100ml",12.99,55
000000000001389297,"Nealkoholinis gazuotas gėrimas Gran Caleta White, 0%, 0,75l ",3.79,55
000000000001391679,NIVEA Restore purškiamas antiperspirantas moterims 50 ml,4.79,55
000000000001392873,Purškiamas kvapas CLOÉ 250 ml,9.99,55
000000000001398073,"Moteriškos puskojinės ORI CHICK 40, one size, nero",2.44,55
000000000000016781,NIVEA tonikas su migdolų aliejumi sausai ir jautriai odai 200ml,5.99,55
000000000000040391,"Silkinė LUMINARC FESTON, 22 cm",4.99,55
000000000000222361,"Moteriškos pėdkelnės IMMAGINE Italiana Confort 40den 2 d., neutro",1.54,55
000000000000222365,"Moteriškos pėdkelnės IMMAGINE Italiana Confort40, 3 d.,bronz,TI,5",1.54,55
000000000000222366,"Moteriškos pėdkelnės IMMAGINE Italiana Confort 40den 3 d., neutro",1.54,55
000000000000476028,"Virėjo peilis TESCOMA PRESTO, 17 cm, 1 vnt.",6.99,55
000000000000476029,"Peilis TESCOMA PRESTO, 20 cm, 1 vnt.",6.99,55
000000000000660509,"Moteriškos kojinaitės PIERRE CARDIN TOURS 40 NERO, univ.d., 1 vnt.",2.49,55
000000000000665945,"Moteriškos kojinaitės PIERRE CARDIN METZ 20 NERO, univ. d., 1 vnt.",1.99,56
000000000000666014,"Moteriškos pėdkelnės PIERRE CARDIN FLOREAL 20 VISONE 2 d., 1 vnt.",4.49,56
000000000000666024,"Moteriškos pėdkelnės PIERRE CARDIN LA MANCHE 40, VISONE 3 d., 1 vnt.",4.99,56
000000000000666025,"Moteriškos pėdkelnės PIERRE CARDIN LA MANCHE 40, VISONE 4 d., 1 vnt.",4.99,56
000000000000682632,"Lėkštė LUMINARC SWEET LINE, 35 x 24 cm",8.99,56
000000000000682633,"Salotinė LUMINARC SWEET LINE, 16,5 cm, 1 vnt.",3.99,56
000000000000696924,"Cilindrinė žvakė (8x25 cm), 1 vnt.",8.49,56
000000000000755990,"Universalūs marinavimo prieskoniai SANTA MARIA RUB, 22 g",1.09,56
000000000000768269,"Moteriškos pėdkelnės IMMAGINE Italiana Ledi20, 2 d.,nero,TI,3",1.04,56
000000000000768271,"Moteriškos pėdkelnės IMMAGINE Italiana Ledi20, 4,nero,TI,4",1.04,56
000000000000768273,"Moteriškos pėdkelnės IMMAGINE Italiana Ledi20, 3,neut,TI,5",1.04,56
000000000000768275,"Moteriškos pėdkelnės IMMAGINE Italiana Ledi20, 2 d., visone",1.04,56
000000000000792396,"Kvapiosios lazdelės AREON BLACK CRYSTAL, 150 ml",9.99,56
000000000000796408," Moteriškos kojinaitės IMMAGINE Italiana Alba40(2p), universalus,nero,TI,6",1.34,56
000000000000796414,"Moteriškos puskojinės IMMAGINE Italiana Lasca40, TIplm,neu6",1.59,56
000000000000879528,"Sportinės kojinės, 3 poros, PUMA, dydis: 43-46, spalva: juoda, vyriškos",7.99,56
000000000000880239,"Sportinės kojinės, 3 poros, PUMA, dydis: 43-46, spalva: juoda",7.99,56
000000000000892181,"Moteriškos puskojinės ORI Star20(2p), universalus,nero,TI,6",1.59,56
000000000000916092,"Moteriškos pėdkelnės INCANTO COSMO 40, 2 dydis, 1 vnt.",4.99,56
000000000000918398,"Moteriškos pėdkelnės ORI  CONFORTFIT 40,3,NEUT,TI,4",2.74,56
000000000000940540,"Moteriškos pėdkelnės INCANTO COSMO 15, 3 dydis, 1 vnt.",3.99,56
000000000000940541,"Moteriškos pėdkelnės INCANTO COSMO 15, 4 dydis, 1 vnt.",3.99,56
000000000000950515,"Puodelis AURORA BASIC 370 ml, stiklinis",1.79,56
000000000000951100,"Hermetiškas indelis BORGONOVO IGLOO, 15 cm, 960 ml, 1 vnt.",7.69,56
000000000000956709,"Moteriškos pėdkelnėsIMG FormingSlim70, 3 dydis,nero,TI,6",3.34,56
000000000000967434,"Lėkštė LUMINARC CARINE, 19,5 cm, 1 vnt.",2.69,56
000000000000967435,"Sriubos lėkštė LUMINARC CARINE, 1 vnt.",3.49,56
000000000000999188,"Moteriškos pėdkelnės IMMAGINE Italiana Ledi20, 5 d., visone",1.04,56
000000000000999193,"Moteriškos pėdkelnės IMMAGINE Italiana Confort40, 5,nero",1.54,56
000000000000999884,Skustukas FISKARS SWIVEL BLADE,12.99,56
000000000000999939,"Puodas VELVET TVS, 20 cm",25.99,56
000000000001017525,"Moteriškos pėdkelnės ORI Control Body40, NEUTRO, 2 dydis",2.84,56
000000000001063457,"Keptuvė UNIWELL EDAY, 26 cm, 1 vnt.",11.49,56
000000000001064010,"Moteriškos pėdkelnės IMMAGINE LOLA 40, 2 dydis, 1 vnt.",1.44,56
000000000001064011,"Moteriškos pėdkelnės IMMAGINE LOLA 40, 3 dydis, 1 vnt.",1.44,56
000000000001064044,Moteriškos pėdkelnės ORI  Attiva Body 40den 2 nero,1.99,56
000000000001064052,"Moteriškos pėdkelnės ORI ATTIVA BODY70, 2 dydis,ANTRACIT",2.14,56
000000000001064053,"Moteriškos pėdkelnės ORI ATTIVA BODY70, 3 dydis,ANTRACIT",2.14,56
000000000001064056,"Moteriškos pėdkelnės ORI Attiva Body70, 2 dydis ,nero",2.14,56
000000000001064066,"Moteriškos pėdkelnės ORI  Talia40, 2 d.,neutro",3.39,56
000000000001064068,"Moteriškos pėdkelnės ORI  Talia40, 4 d.,neutro",3.39,56
000000000001064309,"Moteriškos pėdkelnės ORI Attiva Body40, antracite, 3",1.99,56
000000000001064527,"Moteriškos pėdkelnės IMMAGINE MAMMA 40 NERO S/M, 1 vnt.",2.84,56
000000000001064930,"Moteriškos pėdkelnės ORI TALIA100, 3 dydis,NERO",3.24,56
000000000001064953,"Moteriškos pėdkelnės ORI Control Body70, 2 dydis, antracite",2.84,56
000000000001064954,"Moteriškos pėdkelnės ORI Control Body70, 3 dydis,antracite",2.84,56
000000000001064957,"Moteriškos pėdkelnės ORI Control Body70, 3 dydis,nero",2.84,56
000000000001072844,"Keptuvė su dangčiu 24cm, 1 vnt.",26.99,56
000000000001077776,"Puodelis LUMINARC NUEVO, 500 ml",4.49,56
000000000001087920,"Moteriškos pėdkelnės IMMAGINE Italiana Only20, 3 d.,nature",1.49,56
000000000001087921,"Moteriškos pėdkelnės IMMAGINE Italiana Only20, 4 d.,nature",1.49,56
000000000001087923,"Moteriškos pėdkelnės IMMAGINE Italiana Only20, 2 d.,nero",1.49,56
000000000001087924,"Moteriškos pėdkelnės IMMAGINE Italiana Only20, 3 d.,nero",1.49,57
000000000001087928,"Moteriškos pėdkelnės IMMAGINE Italiana Only20, 3 d.,neutro",1.49,57
000000000001087930,"Moteriškos pėdkelnės IMMAGINE Italiana Only20, 5 d.,neutro",1.49,57
000000000001110558,"Moteriškos pėdkelnės ORI  Talia40, 3 d.,antracite",3.39,57
000000000001110559,"Moteriškos pėdkelnės ORI  Talia40, 4,antracite",3.39,57
000000000001125937,"Peilis UNIWELL SALI, 1 vnt.",1.49,57
000000000001126623,"Peilis UNIWELL HELLEBORE, 1 vnt.",2.49,57
000000000001135906,"Moteriškos pėdkelnės ORI Cristal20, 3,nature",1.84,57
000000000001135907,"Moteriškos pėdkelnės  ORI Cristal20, 4,nature",1.84,57
000000000001135929,"Moteriškos pėdutės ORI SNEAKER COT (2 poros), 1 vnt., 35-38, nero",2.74,57
000000000001135932,"Moteriškos pėdutės ORI SNEAKER COT (2 poros), 1 vnt., 39-42,nature",2.74,57
000000000001135944,"Moteriškos kojinaitės ORI Balerina Cot, 39-42,,neutr",2.49,57
000000000001135960,"Moteriškos kojinaitės immagine Italiana Sneaker M, 39-42,nero",2.74,57
000000000001135966,"Moteriškos pėdutės IMMAGINE BALERINA M (2 poros), 2 vnt., 39-42,nero",2.34,57
000000000001135968,"Moteriškos pėdutės IMMAGINE BALERINA M (2 poros), 2 vnt., 39-42,nature",2.34,57
000000000001148916,"Keptuvė FISKARS FUNCTIONAL FORM, 26 cm, 1 vnt.",49.99,57
000000000001148920,"Puodas FISKARS FUNCTIONAL FORM, 3 l",82.99,57
000000000001156850,"Moteriškos pėdkelnės IMG MicroCharme80, 4 dydis,antracite",2.49,57
000000000001156859,Moteriškos pėdkelnės ORI Power Slim 100den 3 dydis nero,3.74,57
000000000001157233,"Moteriškos pėdkelnės ORI PowerSlim100, 2 dydis,nero",3.74,57
000000000001179701,"Moteriškos puskojinės IMMAGINE Italiana Olivia20(2p.), universalus,nero",1.44,57
000000000001179703,"Moteriškos puskojinės IMMAGINE Italiana Olivia20(2p.), universalus,visone",1.44,57
000000000001180100,"Vaikiškos kojinės SUNNY SIDE, 28-30, 3 poros, 3 vnt.",6.69,57
000000000001182361,"Sriubos lėkštė LUMINARC DIWALI, 20 cm, 1 vnt.",3.29,57
000000000001182362,"Lėkštė LUMINARC DIWALI, 19 cm, 1 vnt.",2.69,57
000000000001182366,"Lėkštė LUMINARC DIWALI, 25 cm, 1 vnt.",2.99,57
000000000001182377,"Dubenėlis LUMINARC DIWALI baltas, 14,5cm",3.69,57
000000000001183619,"Moteriškos kojinaitės IMMAGINE Italiana Lina20, universalus,visone",1.14,57
000000000001183623,"Moteriškos puskojinės IMMAGINE LINA 40, vienas dydis, 2 vnt., 2 vnt.",1.24,57
000000000001196702,"Puodas su dangčiu 24 cm, DAILY COOK",59.99,57
000000000001196703,"Puodas su dangčiu 20 cm, DAILY COOK",37.99,57
000000000001198682,"Namų kvapas su lazdelėmis GABRIELĖ, 1 vnt.",17.99,57
000000000001201540,"Moteriškos pėdkelnės IMMAGINE FIT UP 40, 3 dydis, 1 vnt.",3.19,57
000000000001201567,"Palmių vaško žvakė CANDLE FAMILY, 13 cm, 1 vnt.",9.99,57
000000000001225522,"Grindų šepetys VILEDA su purkštuku, 1 vnt.",27.49,57
000000000001233344,"Filtravimo ąsotis BRITA ALUNA, 2,4 l, 1 vnt.",22.99,57
000000000001233737,"Serviravimo lėkštė FRIENDS TIME, 17 cm, 1 vnt.",3.99,57
000000000001235177,"Vaikiškos kojinės FRIENDS, 3 poros, 25-27, 3 vnt.",8.29,57
000000000001235180,"Vaikiškos kojinės FRIENDS, 3 poros, 34-36, 3 vnt.",8.29,57
000000000001235772,"Moteriškos pėdkelnės IMMAGINE CHARME NERO 5 dydis,50 d.",2.14,57
000000000001254114,"Sojų vaško žvakė CANDLE FAMILY LAIMINGI NAMAI, 1 vnt.",15.99,57
000000000001254119,"Namų kvapas su lazdelėmis CANDLE FAMILY RUGIŲ BOBA, 1 vnt.",17.99,57
000000000001257876,"Vyriškos kojinės SPARTA, 3 vnt.",8.99,57
000000000001263899,"Birių produktų indas UNIWELL RETRO, 1,15 l, 1 vnt.",3.99,57
000000000001265152," Puodas su dangčiu UNIWELL, 18 x 10,5 cm",25.99,57
000000000001265153," Puodas su dangčiu UNIWELL, 20 x 11,5 cm",27.99,57
000000000001266282,"Moteriškos pėdkelnės SEVEN LEMON, 40 den, 2 dydis, rudos, 1 vnt.",2.29,57
000000000001267874,"Sportinės kojinės, 3 poros, PUMA, dydis: 39- 42, spalva: rausva",7.99,57
000000000001267876,"Sportinės kojinės, 3 poros, PUMA, dydis: 39- 42, spalva: tamsiai mėlyna",7.99,57
000000000001267880,"Sportinės kojinės, PUMA, 3 poros, dydis: 35–38, spalva: pilka",7.99,57
000000000001272726,"Mentelė FISKARS FUNCTIONAL FORM, 1 vnt.",13.99,57
000000000001273748,"Puodelis LUMINARC GRAND CENTRAL, 320 ml, 1 vnt.",2.69,57
000000000001274498,"Vaikiškos kojinės, SEVEN LEMON, 1 pora, dydis 25-27, medvilnė",1.49,58
000000000001274556,"Vaikiškos kojinės, SEVEN LEMON, 1 pora, dydis: 31-33, medvilnė",1.49,58
000000000001274601,"Vaikiškos kojinės, SEVEN LEMON, 1 pora, 25-27 dydis, medvilnė",1.49,58
000000000001274602,"Vaikiškos kojinės, SEVEN LEMON, 1 pora, dydis: 34-36, medvilnė",1.49,58
000000000001274624,"Vaikiškos kojinės, SEVEN LEMON, 1 pora,  37-38 dydis, medvilnė",1.49,58
000000000001274632,"Moter. kojinės SEVEN LEMON, dydis 34-36, šv. pilkos, 1 pora, 1 vnt.",1.39,58
000000000001276234,Šampano taurės RCR ETNA 190 ml 6 vnt.,47.99,58
000000000001283043,"Žnyplės FISKARS, 1 vnt.",17.99,58
000000000001286943,"Vaikiškos pusilgės kojinės PUMA, 3 poros, 35-38 d., 3 vnt.",7.99,58
000000000001286946,"Vaikiškos pusilgės kojinės PUMA, 3 poros, 35-38 d., 3 vnt.",7.99,58
000000000001286950,"Vaikiškos sportinės kojinės, PUMA, 3 poros, dydis: 27–30",6.99,58
000000000001287358,Dviejų dalių kekso kepimo forma 26cm,13.99,58
000000000001287625,"Peilis TEFAL COMFORT SANTOKU, 12 cm, 1 vnt.",9.99,58
000000000001292196,"Moteriškos pėdkelnės SEVEN LEMON, 20 den, 4 dydis, rudos, 1 vnt.",1.89,58
000000000001292375,"Moteriškos pėdkelnės SEVEN LEMON, 20 den, 3 dydis, rudos, 1 vnt.",1.89,58
000000000001292614,Dubenėlis PEARL CLASSIC PALE GREEN 15 cm,4.99,58
000000000001292680,Lėkštė AURORA PEARL CLASSIC GREEN 19 cm,3.99,58
000000000001292689,Lėkštė AURORA PEARL CLASSIC GREEN 24 cm,6.99,58
000000000001295611,"Sriubos lėkštė PAMPILLE CLEAR, 20 cm",4.49,58
000000000001296101,"Moteriškos kojinės SPARTA, 36-41 dydis
",3.99,58
000000000001296113,"Vyriškos trumpikės SPARTA, 2 vnt., 2 XL dydis",19.49,58
000000000001302603,"Aromatinė kortelė NUOŠIRDUS AČIŪ, 1 vnt.",5.99,58
000000000001302679,"Aromatinė kortelė CANDLE FAMILY IŠPILDYTOS SVAJONĖS, 1 vnt.",5.99,58
000000000001305672,NIVEA LUMINOUS 630® ANTISPOT serumas,22.99,58
000000000001309608,"Lėkštė ILAJA SIMPLE, 24 cm",2.49,58
000000000001310167,"Moteriškos pėdkelnės PIERRE CARDIN LA MANCHE 40, NERO 5 d., 1 vnt.
",4.99,58
000000000001313893,"Gyvūnų antkaklis LOVETT, 20 x 30-45 cm, 1 vnt.",4.19,58
000000000001313903,"Gyvūnų pavadėlis, 20mmx1,2m, A-1059",2.79,58
000000000001314369,"Automatinis pavadėlis LOVETT, 5 m, 20 kg, 1 vnt.",10.49,58
000000000001319535,Užspaustukas maišeliui TESCOMA PRESTO,2.49,58
000000000001320251,"Namų kvapas AREON PRECIOUS LEATHER, 150 ml",19.99,58
000000000001320292,"Namų kvapas su lazdelėmis CANDLE FAMILY DIORA, 1 vnt.",14.99,58
000000000001322431,"Moteriškos pėdkelnės IMMAGINE TUTO NUDO 20 NERO 4 d., 1 vnt.",1.99,58
000000000001322494,"Moteriškos pėdkelnės IMMAGINE TUTO NUDO 20 NEUTRO 2 d., 1 vnt.",1.99,58
000000000001325499,"Puodelis AURORA SMOKY WHITE, 530 ml",4.99,58
000000000001325514,Puodelis AURORA Vintage 410ml,4.99,58
000000000001325523,Puodelis ILAJA CHUNKY 260 ml,3.99,58
000000000001326321,Puodelis su lėkštute AURORA CREAMY DASH,6.99,58
000000000001329595,Kokteilių taurės SANTE PINA COLADA 440ml4vnt,14.99,58
000000000001330138,"Palmių vaško žvakė NICHE, 1 vnt.",6.99,58
000000000001330197,"Sojų vaško žvakė CANDLE FAMILY SENSO, 1 vnt.",8.99,58
000000000001330226,"Sojų vaško žvakė CANDLE FAMILY ALLURE, 1 vnt.",8.99,58
000000000001335850,"Šampano taurės AURORA NOLA, 180 ml, 6 vnt., 6 vnt.",14.99,58
000000000001336848," Keptuvė UNIWELL, 28 cm",17.99,58
000000000001338114,Moteriškos pėdkelnės IMG ONLY 70 bronzo 5 dydis,2.34,58
000000000001338118,Moteriškos pėdkelnės IMG RELAX 50 antracitas 2 dydis,2.49,58
000000000001338122,Moteriškos pėdkelnės IMG ONLY 70 bronzo 4 dydis,2.34,58
000000000001338123,Moteriškos pėdkelnės IMG ONLY 70 nero 3 dydis,2.34,58
000000000001338131,"Moteriškos pėdkelnės IMG FIT UP 40 , 5 dydis, neutro",3.19,58
000000000001338137,Moteriškos pėdkelnės ORI  TALIA 40 antracitas 5,3.39,58
000000000001338139,"Moteriškos pėdkelnės ORI CONTROL BODY NEUTRO, dydis 5, 40den, 1 vnt.",2.84,58
000000000001339205,"Pipirų mišinys SANTA MARIA, 258 g",8.89,58
000000000001339251,Moteriškos pėdkelnės IMMAGINE RELAX 70d ANTRACITE 5 dydis,2.64,59
000000000001339281,Moteriškos pėdkelnės MICRO CHANCE 3D 200 NERO 2 dydis,3.94,59
000000000001339284,Moteriškos pėdkelnės IMMAGINE RELAX 70d ANTRACITE 4 dydis,2.64,59
000000000001339286,Moteriškos pėdkelnės IMMAGINE RELAX 70d NERO 5 dydis,2.64,59
000000000001339295,"Moteriškos pėdkelnės ORI MIRACLE NEUTRO, 3 dydis, 40 denų, 1 vnt.",4.49,59
000000000001339473,"Moteriškos pėdkelnės ORI MIRACLE 40 , 4 dydis, nero",4.49,59
000000000001339923,Gili lėkštė ILAJA Simple 20 cm,2.99,59
000000000001341333,Moteriškos pėdkelnės IMG TERMO FLEECE 240 NERO 2 dydis,2.74,59
000000000001342152,"Kvapni žvakė stikl. indelyje,t. mėlynas",2.39,59
000000000001343271,"Lėkštė White Home, 16 cm",1.79,59
000000000001346675,"Raudonojo vyno taurės RCR OPERA, 230 ml, 6 vnt.",32.99,59
000000000001346842,"Skalbiamosios kapsulės PERSIL PC COLOR, 29 vnt., 29 vnt.",9.59,59
000000000001349026,Dubuo AURORA Crest Creamy 20 cm,6.49,59
000000000001349044,Dubuo AURORA Crest Brown 20 cm,6.49,59
000000000001349052,Lėkštė AURORA Crest Brown 24 cm,6.99,59
000000000001349053,Lėkštė AURORA Crest Creamy 28 cm,9.99,59
000000000001350040,"Greitai paruošiami makaronai su vištiena ir kariu YATEKOMO, 82 g",1.01,59
000000000001350868,NIVEA MEN SENSITIVE drėkinamasis veido kremas su SPF 15,11.89,59
000000000001350972,NIVEA LUMINOUS630® kūno kremas,15.69,59
000000000001356455,"Puodas 24 cm, juodas",38.99,59
000000000001361157,"Veido fluidas NIVEA LUMINOUS630CC LIGHT, 40 ml",24.99,59
000000000001361185,"Ledai BOUNTY ICE TUBE, 255 g",5.29,59
000000000001361955,NIVEA MEN POWER drėkinamasis kremas SU SPF30,14.49,59
000000000001362066,Gilus Dubenėlis AURORA Luz 20 cm,5.99,59
000000000001362767,"Elementai klausos aparatui DURACELL 10PR70, 6 vnt.",3.49,59
000000000001362971,Elementas DURACELL CR123,3.49,59
000000000001363739,Puodelis AURORA Stone White 420 ml,4.99,59
000000000001364323,"Birių produktų indas UNIWELL KONSO 1,7 L",3.99,59
000000000001364338,Birių produktų indas UNIWELL KONSO 850 ml,2.99,59
000000000001364408,VILEDA šepečio teleskopinis kotas,2.49,59
000000000001366878,"Moteriškos pėdkelnės ORI CROSS UP BODY 40 , 3 dydis, nero",3.49,59
000000000001366880,"Moteriškos pėdkelnės ORI CROSS UP BODY 40, 5 dydis, d.gray",3.49,59
000000000001366890,"Moteriškos pėdkelnės ORI SUIT BODY 40 , 4 dydis, nero",3.79,59
000000000001366892,"Moteriškos pėdkelnės ORI SUIT BODY 40 , 3 dydis, nero",3.79,59
000000000001366898,"Moteriškos pėdkelnės BEVERLY 50 NEW ANTRACITE, 5 dydis, 1 vnt.",3.79,59
000000000001366900,"Moteriškos pėdkelnės BEVERLY 50 NEW NEUTRO, 5 dydis, 1 vnt.",3.79,59
000000000001366905,"Moteriškos pėdkelnės BEVERLY 50 NEW NERO, 5 dydis, 1 vnt.",3.79,59
000000000001366909,"Moteriškos pėdkelnės ORI ACTION 40 , 2 dydis, nero",3.49,59
000000000001366915,"Moteriškos pėdkelnės ORI ACTION 40 , 4 dydis, neutro",3.49,59
000000000001367180,"Moteriškos pėdkelnės ORI CON. FIT, 5 d., 40 den., graf. sp., 1 vnt.",2.74,59
000000000001367936,Peiliai UNIWELL Bordeaux 4 vnt.,9.99,59
000000000001367948,Salotų įrankiai UNIWELL Baguette 2 vnt.,9.99,59
000000000001367950,Ilgi šaukšteliai UNIWELL Brasio 3 vnt.,3.99,59
000000000001367951,Peiliai UNIWELL Duke 2 vnt.,3.99,59
000000000001367966,Šakutės UNIWELL Bordeaux 4 vnt.,9.99,59
000000000001367969,Stalo įrankiai UNIWELL Sala 16 vnt.,49.99,59
000000000001367970,Peiliai UNIWELL Baguette 4 vnt.,9.99,59
000000000001367971,Šakutės UNIWELL Baguette 4 vnt.,9.99,59
000000000001367972,Torto mentelė UWINELL Baguette,5.99,59
000000000001367974,Peiliai UNIWELL Brasio 2 vnt.,3.99,59
000000000001369139,"VETOCANIS Atbaidantis tirpalas šunims nuo erkių ir blusų, 2x1,2ml",5.69,59
000000000001371010,"Tamponai BELLA for Teens Regular, N16",2.69,59
000000000001371262,"Higieniniai įklotai ABENA SAN 3,PREMIUM 28 vnt./pak.",6.99,60
000000000001372125,"Kvapas namams ODORO Elements ""FLOWER POWER""",21.99,60
000000000001372126,"Kvapas namams ODORO Elements ""OVER THE MOON""",21.99,60
000000000001372156,"Purškiamasis kvapas AŠ MYLIU SAVE, 1 vnt. ",15.99,60
000000000001372162,"Kvepianti dekoratyvinė žvakė ODORO Elements ""FLOWER POWER""",15.99,60
000000000001373902,"Veido serumas NIVEA DERMA SKIN CLEAR REBALANCE & CLEAR, 30 ml",15.99,60
000000000001378113,NIVEA CELLULAR EXPERT FILLER SPINDESĮ SKATINANTIS serumas su vitaminu C,21.49,60
000000000001379387,NIVEA CELLULAR EXPERT FILLER stangrumą atskuriantis serumas,21.99,60
000000000001381091,"Keptuvė FISKARS, 24cm",49.99,60
000000000001382388,Dubenėlis AURORA CONRAN WHITE 11 cm,1.99,60
000000000001382391,Lėkštė AURORA CONRAN WHITE 18 cm,2.99,60
000000000001383934,"Vyriškos boksikės,PUMA,2 vnt.,juoda, XL",17.99,60
000000000001383936,"Vyriškos boksikės, PUMA, 2 vnt., džinso mėlyna spalva, dydis: M",17.99,60
000000000001383937,"Vyriškos boksikės, PUMA, 2 vnt., džinso mėlyna spalva, dydis: XL",17.99,60
000000000001383968,"Vyriškos boksikės, PUMA, 2vnt., raudona, tamsiai mėlyna spalva, dydis: L",17.99,60
000000000001383969,"Vyriškos boksikės, PUMA, 2 vnt., džinso mėlyna spalva, dydis: S",17.99,60
000000000001383972,"Vyriškos boksikės,PUMA, 2vnt., juoda, M",17.99,60
000000000001383977,"Vyriškos boksikės, PUMA, 2vnt., dydis: S",17.99,60
000000000001383979,"Vyriškos boksikės, PUMA, 2 vnt., juoda, žalia spalva, dydis: M",17.99,60
000000000001384808,Namų kvapas su lazdelėmis RAFFINĖ 120 ml,25.99,60
000000000001385200,Namų kvapas su lazdelėmis RICHE 120 ml,25.99,60
000000000001385361,Namų kvapas su lazdelėmis WINSO Ultimate Black  Black Vanilla 100ml,11.99,60
000000000001386121,"Šunų kramtalai LOVETT, 270g",2.39,60
000000000001386265,"Namų kvapas TDO Ayurveda, 200 ml",12.99,60
000000000001386327,"Namų kvapas su lazdel. AROMA 50ml,mango",6.99,60
000000000001386464,"Namų kvapas, SCENTIMENTS,angliška kriaušė ir frezija,100ml",12.99,60
000000000001386513,"Aromatinė žvakė WOODWICK 275g,kašmyras",30.99,60
000000000001386514,"Aromatinė žvakė WOODWICK 275g,laužas",30.99,60
000000000001387963,"NIVEA MEN SENSITIVE ""DAILY PROTECT"" DRĖKINAMASIS KREMAS SU SPF30 50 ml",15.79,60
000000000001387986,NIVEA LUMINOUS630® SKIN GLOW SKYSTAS NENUPLAUNAMAS ODOS ŠVEITIKLIS 100 ml,14.99,60
000000000001391636,NIVEA DERMA SKIN CLEAR MICELINIS VANDUO Į BĖRIMUS LINKUSIAI ODAI SU 5% SERUMO 400 ml,9.89,60
000000000001392131,"Namų kvapas su lazdelėmis,150ml,vanilė",16.99,60
000000000001392610,"Higieniniai įklotai KOTEX YOUNG ULTRASLIM, 40 vnt.",2.99,60
000000000001392866,Purškiamas kvapas PIERRE 250 ml,9.99,60
000000000001392884,Namų kvapas su lazdelėmis LIUSI 50 ml,13.99,60
000000000001395928,"Moteriškos pėdkelnės ORI CONTROL BODY 40 , 2 dydis, grafite",2.84,60
000000000001398054,"Moteriškos pėdkelnės ORI AZALI 50 , 2 dydis, nero ",3.14,60
000000000000179573,"KĖDAINIŲ KONSERVŲ FABRIKO marinuoti šitakiai, 480 g",2.37,60
000000000000198786,"Paukštienos žirklės FISKARS FUNCTIONAL, 1 vnt.",44.99,60
000000000000222370,"Moteriškos pėdkelnės IMG CONFORT 40 , 4 dydis, bronzo",1.54,60
000000000000411579,"Šepečio kibiras VILEDA ULTRAMAT, 1 vnt.",9.99,60
000000000000591911,"Peilių galąstuvas TESCOMA PRESTO, 1 vnt.",10.99,60
000000000000635497,NIVEA Klasikinis kremas visai šeimai 100ml,3.99,60
000000000000660488,"Moteriškos pėdkelnės PIERRE CARDIN BELFORT 40 VISONE 2 d., 1 vnt.",4.99,60
000000000000660511,"Moteriškos pėdkelnės PIERRE CARDIN CORSICA 40 NERO 2 d., 1 vnt.",5.69,60
000000000000660512,"Moteriškos pėdkelnės PIERRE CARDIN CORSICA 40 NERO 3 d., 1 vnt.",5.69,60
000000000000660513,"Moteriškos pėdkelnės PIERRE CARDIN CORSICA 40 NERO 4 d., 1 vnt.
",5.69,60
000000000000660514,"Moteriškos pėdkelnės PIERRE CARDIN CORSICA 40 VISONE 2 d., 1 vnt.",5.69,60
000000000000660515,"Moteriškos pėdkelnės PIERRE CARDIN CORSICA 40 VISONE 3 d., 1 vnt.
",5.69,60
000000000000660516,"Moteriškos pėdkelnės PIERRE CARDIN CORSICA 40 VISONE 4 d., 1 vnt.",5.69,60
000000000000660520,"Moteriškos kojinės PIERRE CARDIN LA ROCHELLE 20, NERO 2 d., 1 vnt.",7.49,60
000000000000660523,"Moteriškos kojinės PIERRE CARDIN LA ROCHELLE 20, VISONE 2 d., 1 vnt.",7.49,60
000000000000660525,"Moteriškos kojinės PIERRE CARDIN LA ROCHELLE 20, VISONE 4 d., 1 vnt.",7.49,61
000000000000665968,"Moteriškos puskojinės PIERRE CARDIN NIMES 40 NERO, univ.d., 1 vnt.",2.09,61
000000000000665969,"Moteriškos puskojinės PIERRE CARDIN NIMES 40 VISONE, univ.d., 1 vnt.
",2.09,61
000000000000666011,"Moteriškos pėdkelnės PIERRE CARDIN FLOREAL 20 NERO 2 d., 1 vnt.",4.49,61
000000000000666012,"Moteriškos pėdkelnės PIERRE CARDIN FLOREAL 20 NERO 3 d., 1 vnt.",4.49,61
000000000000666013,"Moteriškos pėdkelnės PIERRE CARDIN FLOREAL 20 NERO 4 d., 1 vnt.",4.49,61
000000000000666015,"Moteriškos pėdkelnės PIERRE CARDIN FLOREAL 20 VISONE 3 d., 1 vnt.
",4.49,61
000000000000666016,"Moteriškos pėdkelnės PIERRE CARDIN FLOREAL 20 VISONE 4 d., 1 vnt.",4.49,61
000000000000666020,"Moteriškos pėdkelnės PIERRE CARDIN LA MANCHE 40, NERO 2 d., 1 vnt.",4.99,61
000000000000666023,"Moteriškos pėdkelnės PIERRE CARDIN LA MANCHE 40, VISONE 2 d., 1 vnt.",4.99,61
000000000000682630,"Lėkštė LUMINARC SWEET LINE, 28 x 23 cm",5.99,61
000000000000696926,"Cilindrinė žvakė (Ø10x20 cm), 1 vnt.",11.99,61
000000000000707019,"Vyriškos kojinės FRIENDS, 39-42 dydis, 3 vnt.",10.99,61
000000000000707020,"Vyriškos kojinės FRIENDS, 43-46 dydis, 3 vnt.",10.99,61
000000000000768274,"Moteriškos pėdkelnės IMMAGINE Italiana Ledi20, 4,neut,TI,4",1.04,61
000000000000768276,"Moteriškos pėdkelnės IMMAGINE Italiana Ledi20, 3 d.,visone",1.04,61
000000000000770188,"Moteriškos puskojinės IMMAGINE Italiana Lasca20(2p), universalus,neut,TI,6",1.44,61
000000000000770198," Moteriškos kojinaitės IMMAGINE Italiana Alba20(2p), un,dain,TI,6",1.24,61
000000000000797416,Moteriškos pėdkelnės IMMAGINE Italiana Confort 40den 3 visone,1.54,61
000000000000797417,Moteriškos pėdkelnės IMMAGINE Italiana Confort 40den 4 visone,1.54,61
000000000000806507,"Moteriškos pėdkelnės IMMAGINE Italiana Ledi20, 2 d.,bronz,TI,3",1.04,61
000000000000806508,"Moteriškos pėdkelnės IMMAGINE Italiana Ledi20, 3,bronz,TI,5",1.04,61
000000000000823701,"Moteriškos pėdkelnės PIERRE CARDIN MARSEILLE 50 NERO 2 d., 1 vnt.",5.39,61
000000000000823762,"Moteriškos pėdkelnės PIERRE CARDIN MARSEILLE 50 NERO 3 d., 1 vnt.
",5.39,61
000000000000824851,"Švieži vaivorykštiniai upėtakiai (lot. O. mykiss), skrosti, 1 kg",5.99,61
000000000000837753,Šepetys Microwiper Abrasive SPONTEX,11.39,61
000000000000840100,"Birių produktų indas HAMBURG, 2500 ml, 1 vnt.",7.99,61
000000000000840239,"Birių produktų indas PLAST TEAM STOCKHOLM, 1000 ml, 1 vnt.",5.99,61
000000000000879526,"Sportinės kojinės, 3 poros, PUMA, dydis: 35- 38, spalva: juoda",7.99,61
000000000000879527,"Sportinės kojinės, 3 poros, PUMA, dydis: 39- 42, spalva: juoda",7.99,61
000000000000879529,"Sportinės kojinės, 3 poros, PUMA, dydis: 35- 38, spalva: balta",7.99,61
000000000000879530,"Sportinės kojinės, 3 poros, PUMA, dydis: 39- 42, spalva: balta",7.99,61
000000000000892177,"Moteriškos kojinaitės ORI Step20(2p), un,nature,TI,6",1.39,61
000000000000892179,"Moteriškos kojinaitės ORI Step20(2p), un,neut,TI,6",1.39,61
000000000000892182,"Moteriškos puskojinės ORI Star20(2p), universalus,neut,TI,6",1.59,61
000000000000896679,"Dieninis veido kremas NIVEA CELLULAR, 50 ml",19.99,61
000000000000915791,"Moteriškos pėdkelnės PIERRE CARDIN BELFORT 40 VISONE, 5 d., 1 vnt.",4.99,61
000000000000918392,"Moteriškos kojinaitės ORI Step40(2p), un,neut,TI,6",1.44,61
000000000000918399,"Moteriškos pėdkelnės ORI  CONFORTFIT 40,4,NEUT,TI,3",2.74,61
000000000000928622,"Gr.p.mak.rytiet.sk YATEKOMO, 61 g",1.01,61
000000000000928623,"Greitai paruošiami makaronai YATEKOMO barbekiu skonio, 82 g",1.01,61
000000000000937475,"KĖDAINIŲ lašišos užtepėlė su grilio prieskoniais, 280 g",1.49,61
000000000000940542,"Moteriškos pėdkelnės INCANTO COSMO 15, 5 dydis, 1 vnt.",3.99,61
000000000000956690,"Lėkštė LUMINARC DIWALI, 27 cm, 1 vnt.",3.49,61
000000000000956691,"Salotinė LUMINARC DIWALI, 21 cm, 1 vnt.",7.99,61
000000000000956699,"Moteriškos pėdkelnės IMG FORMING SLIM 40 , 2 dydis,nero",2.89,61
000000000000956700,"Moteriškos pėdkelnės IMG FORMING SLIM 40 , 3 dydis,nero",2.89,61
000000000000956702,"Moteriškos pėdkelnės IMG FORMING SLIM 40 , 2 dydis,neutro",2.89,61
000000000000956704,"Moteriškos pėdkelnės IMG FORMING SLIM 40 , 4 dydis,neutro",2.89,61
000000000000956706,"Moteriškos pėdkelnės IMG FORMING SLIM 40, 3 dydis,antraci",2.89,61
000000000000956707,"Moteriškos pėdkelnės IMG FORMING SLIM 40, 4 dydis,antraci",2.89,61
000000000000956708,"Moteriškos pėdkelnėsIMG FormingSlim70, 2 dydis, nero,TI,4",3.34,61
000000000000956714,"Moteriškos pėdkelnėsIMG FormingSlim70, atracite 2 dydis",3.34,62
000000000000956715,"Moteriškos pėdkelnėsIMG FormingSlim70, atracite 3 dydis",3.34,62
000000000000956716,"Moteriškos pėdkelnėsIMG FormingSlim70, atracite 4 dydis",3.34,62
000000000000967168,"Lėkštė LUMINARC CARINE, 26,5 cm",2.99,62
000000000000967169,"Lėkštė LUMINARC CARINE, 19,5 cm, 1 vnt.",2.69,62
000000000000967433,"Lėkštė LUMINARC CARINE, 26,5 cm, 1 vnt.",2.99,62
000000000000999189,"Moteriškos pėdkelnės IMMAGINE Italiana Ledi20, 5 d.,Neutro",1.04,62
000000000000999192,"Moteriškos pėdkelnės IMMAGINE Italiana Confort40, 5,neutro",1.54,62
000000000000999881,Peilių galąstuvas FISKARS,23.99,62
000000000000999883,"Skustukas FISKARS FIXED BLADE, 1 vnt.",12.99,62
000000000000999941,"Puodas VELVET TVS, 24 cm",30.99,62
000000000001001918,"Mentelė FISKARS, 1 vnt.",12.99,62
000000000001054672, Lupimo peilis UNIWELL,4.99,62
000000000001063458," Keptuvė UNIWELL, 28 cm",12.99,62
000000000001064012,"Moteriškos pėdkelnės IMMAGINE LOLA 40, 4 dydis, 1 vnt.",1.44,62
000000000001064045,Moteriškos pėdkelnės ORI  Attiva Body 40den 3 nero,1.99,62
000000000001064046,Moteriškos pėdkelnės ORI  Attiva Body 40den 4 nero,1.99,62
000000000001064048,Moteriškos pėdkelnės ORI  Attiva Body 40den 2 neutro,1.99,62
000000000001064049,Moteriškos pėdkelnės ORI  Attiva Body 40den 3 neutro,1.99,62
000000000001064050,Moteriškos pėdkelnės ORI  Attiva Body 40den 4 neutro,1.99,62
000000000001064051,Moteriškos pėdkelnės ORI  Attiva B.40den 5 neutro,1.99,62
000000000001064054,"Moteriškos pėdkelnės ORI ATTIVA BODY70, 4 dydis, ANTRACIT",2.14,62
000000000001064310,"Moteriškos pėdkelnės ORI  Attiva Body40, 4,antracite",1.99,62
000000000001064529,"Moteriškos pėdkelnės IMMAGINE MAMMA 40 NEUTRO S/M, 1 vnt.",2.84,62
000000000001064955,"Moteriškos pėdkelnės ORI Control Body70, 4 dydis, antracite",2.84,62
000000000001064956,"Moteriškos pėdkelnės ORI Control Body70, 2 dydis,nero",2.84,62
000000000001064958,"Moteriškos pėdkelnės ORI Control Body70, 4 dydis, nero",2.84,62
000000000001064964,"Moteriškos pėdkelnės ORI Sensual150, 3 dydis,nero",3.74,62
000000000001065021,"Keptuvė TVS ORIGINE, 28 cm",25.99,62
000000000001066121,"KĖDAINIŲ KONSERVŲ FABRIKO raudoni krienai, 250 g",1.13,62
000000000001072845,"Gili keptuvė su dangčiu VENEZIA, 28 cm, 1 vnt.",31.99,62
000000000001082777,"Peilis FISKARS ESSENTIAL, 21 cm, 1 vnt.",14.99,62
000000000001082778,"Išpjaustymo peilis FISKARS ESSENTIAL, 18 cm, 1 vnt.",17.99,62
000000000001082781,"Lupimo peilis FISKARS ESSENTIAL, 7 cm, 1 vnt.",7.99,62
000000000001087919,"Moteriškos pėdkelnės IMMAGINE Italiana Only20, 2,nature",1.49,62
000000000001087926,"Moteriškos pėdkelnės IMMAGINE Italiana Only20, 5,nero",1.49,62
000000000001087929,"Moteriškos pėdkelnės IMMAGINE Italiana Only20, 4,neutro",1.49,62
000000000001110518,Moteriškos pėdkelnės IMG Chance 150den 2 dydis nero,3.39,62
000000000001110524,Moteriškos pėdkelnės IMG Slim 100den 2 dydis nero,3.24,62
000000000001110534,"Moteriškos pėdkelnės IMMAGINE Italiana Only40, 5 d., nero",1.99,62
000000000001115133,NIVEA dieninis atkuriantis kremas visų tipų odai +55,11.19,62
000000000001126624,"Šakutė UNIWELL HELLEBORE, 1 vnt.",2.49,62
000000000001126625,"Šaukštas UNIWELL HELLEBORE, 1 vnt.",2.49,62
000000000001126626,"Šaukštelis UNIWELL HELLEBORE, 1 vnt.",2.49,62
000000000001135905,"Moteriškos pėdkelnės  ORI Cristal20, 2,nature",1.84,62
000000000001135909,"Moteriškos pėdkelnės ORI Cristal20, 2,nero",1.84,62
000000000001135910,"Moteriškos pėdkelnės  ORI Cristal20, 3,nero",1.84,62
000000000001135912,"Moteriškos pėdkelnės  ORI Cristal20, 5,nero",1.84,62
000000000001135913,"Moteriškos pėdkelnės  ORI Cristal20, 2,neutro",1.84,62
000000000001135914,"Moteriškos pėdkelnės  ORI Cristal20, 3,neutro",1.84,62
000000000001135915,"Moteriškos pėdkelnės  ORI Cristal20, 4,neutro",1.84,62
000000000001135916,"Moteriškos pėdkelnės  ORI Cristal20, 5,neutro",1.84,62
000000000001135930,"Moteriškos pėdutės ORI SNEAKER COT (2 poros), 1 vnt., 39-42,nero",2.74,63
000000000001135931,"Moteriškos pėdutės ORI SNEAKER COT (2 poros), 1 vnt., 35-38,nature",2.74,63
000000000001135941,"Moteriškos kojinaitės ORI Balerina Cot, 35-38,nero",2.49,63
000000000001135942,"Moteriškos kojinaitės ORI Balerina Cot, 39-42,nero",2.49,63
000000000001135943,"Moteriškos kojinaitės ORI Balerina Cot, 35-38,neutr",2.49,63
000000000001135959,"Moteriškos kojinaitės immagine Italiana Sneaker M, 35-38,nero",2.74,63
000000000001135965,"Moteriškos pėdutės IMMAGINE BALERINA M (2 poros), 2 vnt., 35-38,nero",2.34,63
000000000001135967,"Moteriškos pėdutės IMMAGINE BALERINA M (2 poros), 2 vnt., 35-38,nature",2.34,63
000000000001135971,"Moteriškos kojinaitės immagine Italiana Steps Cot, 35-38,nero",2.44,63
000000000001135972,"Moteriškos pėdutės IMMAGINE (2 poros), 2 vnt., 39-42,nero",2.44,63
000000000001135973,"Moteriškos pėdutės IMMAGINE (2 poros), 2 vnt., 35-38,nature",2.44,63
000000000001136726,"Vyriškos boksikės SEVEN LEMON, M dydis, 2 vnt., 2 vnt.",6.99,63
000000000001147499,Drabužių džiovyklė VILEDA „Premium 2 in 1“,49.99,63
000000000001156848,"Moteriškos pėdkelnės IMG MicroCharme80, 2 dydis, antracite",2.49,63
000000000001156849,"Moteriškos pėdkelnės IMG MicroCharme80, 3 dydis,antracite",2.49,63
000000000001165413,"Lėkštė AURORA WHITE HOME CLASSIC, 26,5cm",3.99,63
000000000001165415,"Lėkštė AURORA WHITE HOME COUPE, 26,5 cm, 1 vnt.",3.99,63
000000000001165416,"Lėkštė AURORA WHITE HOME COUPE, 20,5 cm, 1 vnt.",2.59,63
000000000001171046,"Atšaldyta kiaulienos mentė be kaulo ir odos, 1 kg",2.99,63
000000000001174726,"Puodų rinkinys BOLLIRE SALERNO, 6 vnt., 1 vnt.",109,63
000000000001179699,"Moteriškos kojinaitės IMMAGINE Italiana Lina20(2p.), universalus,nero",1.14,63
000000000001180101,"Vaikiškos kojinės SUNNY SIDE, 31-33, 3 poros, 3 vnt.",6.69,63
000000000001180102,"Vaikiškos kojinės SUNNY SIDE, 34-36, 3 poros, 3 vnt.",6.69,63
000000000001182360,"Lėkštė LUMINARC DIWALI, 25 cm, 1 vnt.",3.29,63
000000000001201539,"Moteriškos pėdkelnės IMMAGINE Italiana Fit Up 40den 2 d., neutro",3.19,63
000000000001219515,"Vienkartinių įrankių rinkinys ILAJA, 1 asm.",0.49,63
000000000001224472,"Kvapioji žvakė BOTANICA (vanilės, himalajinių magnolijų kv.), 1 vnt.",10.99,63
000000000001235176,"Vaikiškos kojinės FRIENDS, 3 poros, 22-24, 3 vnt.",8.29,63
000000000001235178,"Vaikiškos kojinės FRIENDS, 3 poros, 28-30, 3 vnt.",8.29,63
000000000001235179,"Vaikiškos kojinės FRIENDS, 3 poros, 31-33, 3 vnt.",8.29,63
000000000001235769,"Moteriškos pėdkelnės IMMAGINE CHARME NERO 2,50 dydis",2.14,63
000000000001238085,Moteriškos pėdkelnė ORI SENSUAL 70d NERO 2 dydis,2.49,63
000000000001238086,"Moteriškos pėdkelnėsORI SENSUAL 70d, NERO 3 dydis",2.49,63
000000000001238087,"Moteriškos pėdkelnėsORI SENSUAL 70d, NERO 4 dydis",2.49,63
000000000001238088,Moteriškos pėdkelnėsORI SENSUAL 70d NERO 5 dydis,2.49,63
000000000001254614,"Puodas su dangčiu GRANDFEU RED, 4,7 l",73.99,63
000000000001260903,"Vyriškos boksinukės SPARTA, juodos,S ",9.99,63
000000000001263435,Dubenėlis AURORA PEARL CLASSIC DARK 20cm,5.49,63
000000000001263436,Dubenėlis AURORA PEARL CLASSIC DARK 15cm,4.99,63
000000000001266271,"Moteriškos kojinės SEVEN LEMON, dydis 34-36, pilkos, 1 pora, 1 vnt.",1.39,63
000000000001267873,"Sportinės kojinės, 3 poros, PUMA, dydis: 35- 38, spalva: rausva",7.99,63
000000000001267875,"Sportinės kojinės, 3 poros, PUMA, dydis: 35- 38, spalva: tamsiai mėlyna",7.99,63
000000000001267877,"Sportinės kojinės, 3 poros, PUMA, dydis: 43-46, spalva: tamsiai mėlyna",7.99,63
000000000001269265,"Vyr. kojinės SEVEN LEMON, dydis 46-48, tams. mėlynos, 1 pora, 1 vnt.",1.79,63
000000000001272720,SANTOKU peilis FISKARS FUNCTIONAL FORM,28.99,63
000000000001272727,"Česnakų spaustukas FUNCTIONAL FORM, 1 vnt.",21.99,63
000000000001272730,"Picos pjaustyklė FISKARS FUNCTIONAL FORM, 1 vnt.",16.99,63
000000000001273749,"Puodelis LUMINARC GRAND CENTRAL, 250 ml",2.49,63
000000000001274613,"Vaikiškos kojinės, SEVEN LEMON, 1 pora, dydis 37-38, medvilnė",1.49,63
000000000001276232,Viskio taurės RCR Etna 330 ml 6 vnt.,35.99,63
000000000001276233,"Raudono Vyno taurės RCR Etna 280 ml, 6 vnt.",47.99,63
000000000001276731,"Cilindrinė žvakė (13 x 6,8 cm), 1 vnt.",5.69,63
000000000001277687,"Grindų plovimo rinkinys SPONTEX Magic Hook, 1 vnt.",29.99,64
000000000001277883,"Dubenėlis ILAJA CLEAR, 23 cm",6.99,64
000000000001278034,Stiklinės AURORA GAJA 260 ml 4 vnt.,9.99,64
000000000001283032,"Didelis virėjo peilis FISKARS, 1 vnt.",30.99,64
000000000001283033,Vidutinio dydžio virėjo peilis FISKARS,27.99,64
000000000001283035,"Virėjo peilis FISKARS, 1 vnt.",19.99,64
000000000001283038,"Lupimo peilis tiesiais ašmenimis FISKARS, 1 vnt.",15.99,64
000000000001283040,Silikoninis šaukštas FISKARS,12.99,64
000000000001285135,"Skridininės žvakės BOLSIUS, magnolijų kvapo, 8 vnt., 8 vnt.",5.19,64
000000000001285685,"Moteriškos pėdkelnės PIERRE CARDIN MARSEILLE 50 NERO 5 d., 1 vnt.
",5.39,64
000000000001286918,"Vaikiškos pusilgės kojinės PUMA, 3 poros, 27-30 d., 3 vnt.",7.99,64
000000000001286919,"Vaikiškos pusilgės kojinės PUMA, 3 poros, 31-34 d., 3 vnt.",7.99,64
000000000001286921,"Vaikiškos pusilgės kojinės PUMA, 3 poros, 27-30 d., 3 vnt.",7.99,64
000000000001286942,"Vaikiškos pusilgės kojinės PUMA, 3 poros, 3 spalvos, 31-34 d., 3 vnt.",7.99,64
000000000001286944,"Vaikiškos pusilgės kojinės PUMA, 3 poros, 27-30 d., 3 vnt.",7.99,64
000000000001286945,"Vaikiškos pusilgės kojinės PUMA, 3 poros, 31-34 d., 3 vnt.",7.99,64
000000000001288682,"Filtruojanti gertuvė AQUAPHOR City, 0,5 l, 1 vnt",11.99,64
000000000001292617,Dubenėlis AURORA PEARL SOHO DARK 22 cm,6.99,64
000000000001292714,Dubuo AURORA PEARL CLASSIC GREEN 20 cm,5.49,64
000000000001293075,Dubenėlis AURORA ATLANTIS 25 cm,9.99,64
000000000001293076,Dubenėlis AURORAPEARL SOHO GREEN 17cm,6.99,64
000000000001293158,Lėkštė makaronams AURORA PEARL DARK 27cm,9.99,64
000000000001293336,Lėkštė AURORA ATLANTIS 25 cm,9.99,64
000000000001293564,Lėkštė AURORA ATLANTIS 19 cm,6.99,64
000000000001293565,Dubenėlis AURORA PEARL SOHO CREAM 17 cm,6.99,64
000000000001295609,"Lėkštė PAMPILLE CLEAR, 19 cm",3.99,64
000000000001295610,"Lėkštė PAMPILLE CLEAR, 24 cm",4.49,64
000000000001296110,"Vyriškos trumpikės  SPARTA, M
",19.49,64
000000000001296111,"Vyriškos trumpikės SPARTA, art.212-49-4957, L",19.49,64
000000000001296112,"Vyriškos trumpikės SPARTA, XL",19.49,64
000000000001297937,Šepetys SPONTEX EASY MAX,23.03,64
000000000001300452,"Viščiukų broilerių sparnelių vidurinės dalys WELL DONE, 500 g",1.99,64
000000000001302671,"Aromatinė kortelė CANDLE FAMILY DALINUOSI LAIME, 1 vnt.",5.99,64
000000000001302704,"Aromatinė kortelė CANDLE FAMILY LINKIU SĖKMĖS, 1 vnt.",5.99,64
000000000001302705,"Aromatinė kortelė CANDLE FAMILY NUOSTABIOS AKIMIRKOS, 1 vnt.",5.99,64
000000000001302712,"Aromatinė kortelė CANDLE FAMILY MAŽI STEBUKLAI, 1 vnt.",5.99,64
000000000001309307,"Sojų vaško žvakė CANDLE FAMILY DORROTI, 1 vnt.",12.99,64
000000000001310581,"Šampano taurės RCR OPERA, 130 ml 6 vnt.",34.99,64
000000000001310764,"Moteriškos pėdkelnėsORI, ATTIVA BODY 70,neutro, 3 dydis",2.14,64
000000000001310772,"Moteriškos pėdkelnėsORI, ATTIVA BODY 70,neutro, 5 dydis",2.14,64
000000000001313857,"Gyvūnų antkaklis, 25MMx45-66CM, A-1057",2.79,64
000000000001313860,"Šunų petnešos LOVETT, 45-60 cm, 1 vnt.",10.49,64
000000000001313892,"Gyvūnų antkaklis, 20MMx35-50CM, A-1056",2.09,64
000000000001313895,"Gyvūnų pavadėlis LOVETT, 25 mm x 1,2 m, 1 vnt.",3.49,64
000000000001313896,"Šunų petnešos LOVETT, 75-100 cm, 1 vnt.",10.49,64
000000000001313902,"Pavadėlis LOVETT, 25 mm x 1,5 m, 1 vnt.",9.09,64
000000000001313904,"Šunų petnešos LOVETT, 55-80 cm, 1 vnt.",10.49,64
000000000001313912,"Kačių petnešų ir pavadėlių rinkinys LOVETT, 1 vnt.",3.84,64
000000000001320287,"Palmių vaško žvakė CANDLE FAMILY DIORA, 1 vnt.",6.99,64
000000000001321933,"Moterišk. pėdkelnės IMMAGINE TUTO NUDO NATURE, 20 den., 3 d., 1 vnt.",1.99,64
000000000001321934,"Moteriškos pėdkelnės IMMAGINE TUTO NUDO NATURE, 20 den.,5 d., 1 vnt.",1.99,64
000000000001321943,"Moteriškos pėdkelnės IMMAGINE TUTO NUDO NATURE, 20 den.,2 d., 1 vnt.",1.99,64
000000000001321944,"Moteriškos pėdkelnės IMMAGINE TUTO NUDO NATURE, 20 den.,4 d., 1 vnt.",1.99,65
000000000001321945,"Moteriškos pėdkelnės IMMAGINE TUTO NUDO NEUTRO, 20 den.,5 d., 1 vnt.",1.99,65
000000000001322471,"Moteriškos pėdkelnės IMMAGINE TUTO NUDO 20 NEUTRO 3 d., 1 vnt.",1.99,65
000000000001322492,"Moteriškos pėdkelnės IMMAGINE TUTO NUDO 20 NERO 2 d., 1 vnt.",1.99,65
000000000001322493,"Moteriškos pėdkelnės IMMAGINE TUTO NUDO 20 NERO 3 d., 1 vnt.",1.99,65
000000000001325503,Puodelis ILAJA Modern Latte 360ml,2.99,65
000000000001325522,Puodelis ILAJA Modern 360ml,2.99,65
000000000001326200,Lėkštė ILAJA Hazel Grey 25 cm,4.49,65
000000000001326310,Lėkštė ILAJA Hazel Grey 20 cm,3.99,65
000000000001326311,Dubenėlis ILAJA Hazel Grey 15 cm,3.99,65
000000000001328518,"Higieniniai įklotai ABENA LIGHT NORMAL, 12 vnt.",4.19,65
000000000001330051,"Namų kvapas su lazdelėmis CANDLE FAMILY ALLURE, 1 vnt.",12.99,65
000000000001330224,"Šepečio šluostė SPONTEX EASY MAX+, 1vnt",6.59,65
000000000001332941,Dubenėlis AURORA Modern White 19 cm,6.99,65
000000000001332962,Lėkštė AURORA Modern White 27 cm,6.99,65
000000000001333584,Vyno taurės AURORA FLEYA 500 ml 4 vnt.,18.99,65
000000000001334946,"Japoniškas peilis AZZA SANTOKU, 14 cm, 1 vnt.",32.99,65
000000000001335846,"Vyno taurės AURORA NOLA, 430 ml, 6 vnt., 6 vnt.",14.99,65
000000000001337457,Moteriškos pėdkelnės IMG RELAX 50 neutro 4 dydis,2.49,65
000000000001337458,Moteriškos pėdkelnės IMG RELAX 50 neutro 5 dydis,2.49,65
000000000001338104,Moteriškos pėdkelnės IMG RELAX 50 antracitas 5 dydis,2.49,65
000000000001338105,Moteriškos pėdkelnės IMG RELAC 50 neutro 3 dydis,2.49,65
000000000001338112,Moteriškos pėdkelnės IMG ONLY 70 bronzo 2 dydis,2.34,65
000000000001338113,Moteriškos pėdkelnės IMG ONLY 70 bronzo 3 dydis,2.34,65
000000000001338115,Moteriškos pėdkelnės IMG ONLY 70 nero 2 dydis,2.34,65
000000000001338119,Moteriškos pėdkelnės IMG RELAX 50 antracitas 4 dydis,2.49,65
000000000001338120,Moteriškos pėdkelnės IMG RELAX 50 nero 2 dydis,2.49,65
000000000001338121,Moteriškos pėdkelnės IMG RELAX 50 nero 4 dydis,2.49,65
000000000001338126,Moteriškos pėdkelnės IMG REALX 50 antracitas 3 dydis,2.49,65
000000000001338127,Moteriškos pėdkelnės IMG RELAX 50 NERO 3 dydis,2.49,65
000000000001338128,Moteriškos pėdkelnės IMG RELAX 50 NERO 5 dydis,2.49,65
000000000001338129,Moteriškos pėdkelnės IMG RELAX 50 NEUTRO 2 dydis,2.49,65
000000000001338133,"Moteriškos pėdkelnės IMG FIT UP 40 , 5 dydis, nero",3.19,65
000000000001338140,Moteriškos pėdkelnės ORI CONTROL BODY 70 ANTRAC. 5 dydis,2.84,65
000000000001338143,"Moteriškos pėdkelnės IMG FORMING SLIM 40 , 5 dydis, nero",2.89,65
000000000001339161,Moteriškos pėdkelnės IMMAGINE RELAX 70d NERO 2 dydis,2.64,65
000000000001339249,Moteriškos pėdkelnės MICRO CHANCE 3D 200 NERO 4 dydis,3.94,65
000000000001339250,Moteriškos pėdkelnėsIMMAGINE RELAX 70d ANTRACITE 3 dydis,2.64,65
000000000001339256,"Moteriškos pėdkelnės ORI MIRACLE NERO, 2 dydis, 40 denų, 1 vnt.",4.49,65
000000000001339282,Moteriškos pėdkelnės MICRO CHANCE 3D 200 NERO 3 dydis,3.94,65
000000000001339283,Moteriškos pėdkelnės IMMAGINE RELAX 70d ANTRACITE 2 dydis,2.64,65
000000000001339285,Moteriškos pėdkelnės IMMAGINE RELAX 70d NERO 3 dydis,2.64,65
000000000001339292,Moteriškos pėdkelnės IMMAGINE RELAX 70d NERO 4 dydis,2.64,65
000000000001339431,"Moteriškos pėdkelnės ORI MIRACLE 40 , 2 dydis, neutro",4.49,65
000000000001339946,Lėkštė ILAJA Simple 27 cm,3.49,65
000000000001342156,"Kvapni žvakė stikliniame indelyje,t.violetinė",2.39,65
000000000001346676,"Viskio taurės RCR OPERA, 300 ml, 6 vnt.",24.99,65
000000000001349027,Lėkštė AURORA Crest Brown 28 cm,9.99,65
000000000001349041,Dubenėlis AURORA CREST CREAMY 15 cm,5.99,65
000000000001349045,Lėkštė AURORA Crest Creamy 24 cm,6.99,65
000000000001351788,"Puodas su dangčiu, ILAJA, 16X9.5 cm",15.99,65
000000000001356371,Keptuvė 20 cm juoda,22.99,65
000000000001356456,"Puodas 18 cm, juodas",26.99,66
000000000001356462,"Puodas 20 cm, juodas",31.99,66
000000000001356463,Keptuvė 28 cm juoda,31.99,66
000000000001357791,"Padėkliukas, 43x30cm",3.99,66
000000000001361172,"Veido fluidas NIVEA LUMINOUS630CC MEDIUM, 40 ml",24.99,66
000000000001362067,Lėkštė AURORA Luz 27 cm,7.99,66
000000000001362078,Dubenėlis AURORA Luz 15 cm,6.99,66
000000000001362079,Lėkštė AURORA Luz 21 cm,6.99,66
000000000001362768,"Elementas DURACELL DLCR2, 1 vnt.",3.49,66
000000000001362959,"Elementai DURACELL LR1, 1,5V, 2 vnt.",1.74,66
000000000001362972,"Elementai klausos aparatui DURACELL 675PR44, 6 vnt.",3.49,66
000000000001363736,Lėkštė AURORA Stone Grey 15 cm,3.99,66
000000000001363737,Puodelis AURORA Stone Grey 420 ml,4.99,66
000000000001363738,Lėkštė AURORA Stone White 15 cm,3.99,66
000000000001363744,Gili lėkštė AURORA Stone Grey 20 cm,6.99,66
000000000001363745,Lėkštė AURORA Stone White 26 cm,6.99,66
000000000001363746,Gili lėkštė AURORA Stone White 20 cm,6.99,66
000000000001363769,Lėkštė AURORA Stone Grey 26 cm,6.99,66
000000000001363770,Lėkštė AURORA Stone Grey 20 cm,4.99,66
000000000001363771,Dubenėlis AURORA Stone Grey 15 cm,4.99,66
000000000001363772,Lėkštė AURORA Stone White 20 cm,4.99,66
000000000001363773,Dubenėlis AURORA Stone White 15 cm,4.99,66
000000000001364116,"Skalbiam. kapsulės PERSIL POWER CAPS UNIVERSAL, 29 skalb., 29 vnt.",9.59,66
000000000001366845,Moteriškos pėdkelnės IMMAGINE Italiana art. LEA 20 NERO 3 d.,1.49,66
000000000001366846,Moteriškos pėdkelnės IMMAGINE Italiana art. LEA 20 NEUTRO 4 d.,1.49,66
000000000001366847,Moteriškos pėdkelnės IMMAGINE Italiana art. LEA 20 VISONE 5 d.,1.49,66
000000000001366849,"Moteriškos pėdkelnės ORI SUIT BODY 40 , 2 dydis, nero",3.79,66
000000000001366850,"Moteriškos pėdkelnės ORI SUIT BODY 40, 4 dydis, antracite",3.79,66
000000000001366851,"Moteriškos pėdkelnės ORI SUIT BODY 40 , 4 dydis, neutro",3.79,66
000000000001366874,Moteriškos pėdkelnės IMMAGINE Italiana art. LEA 20 NERO 4 d.,1.49,66
000000000001366875,Moteriškos pėdkelnės IMMAGINE Italiana art. LEA 20 NEUTRO 2 d.,1.49,66
000000000001366876,Moteriškos pėdkelnės IMMAGINE Italiana art. LEA 20 NEUTRO 5 d.,1.49,66
000000000001366877,Moteriškos pėdkelnės IMMAGINE Italiana art. LEA 20 VISONE 3 d.,1.49,66
000000000001366879,"Moteriškos pėdkelnės ORI CROSS UP BODY 40, 3 dydis, d.gray",3.49,66
000000000001366881,"Moteriškos pėdkelnės ORI CROSS UP BODY 40, 4 dydis, neutro",3.49,66
000000000001366882,Moteriškos pėdkelnės IMMAGINE Italiana art. LEA 20 NERO 5 d.,1.49,66
000000000001366883,Moteriškos pėdkelnės IMMAGINE Italiana art. LEA 20 NEUTRO 3 d.,1.49,66
000000000001366884,Moteriškos pėdkelnės IMMAGINE Italiana art. LEA 20 VISONE 2 d.,1.49,66
000000000001366885,Moteriškos pėdkelnės IMMAGINE Italiana art. LEA 20 VISONE 4 d.,1.49,66
000000000001366886,"Moteriškos pėdkelnės ORI CROSS UP BODY 40 , 4 dydis, nero",3.49,66
000000000001366887,"Moteriškos pėdkelnės ORI CROSS UP BODY 40, 4 dydis, d.gray",3.49,66
000000000001366888,"Moteriškos pėdkelnės ORI CROSS UP BODY 40, 3 dydis, neutro",3.49,66
000000000001366889,"Moteriškos pėdkelnės ORI CROSS UP BODY 40, 5 dydis, neutro",3.49,66
000000000001366893,"Moteriškos pėdkelnės ORI SUIT BODY 40 , 5 dydis, nero",3.79,66
000000000001366895,"Moteriškos pėdkelnės SUIT BODY 40 NEUTRO, 5 dydis, 1 vnt.",3.79,66
000000000001366896,"Moteriškos pėdkelnės BEVERLY 50 NEW NERO, 4 dydis, 1 vnt.",3.79,66
000000000001366897,"Moteriškos pėdkelnės BEVERLY 50 NEW ANTRACITE, 2 dydis, 1 vnt.",3.79,66
000000000001366899,"Moteriškos pėdkelnės BEVERLY 50 NEW NEUTRO, 3 dydis, 1 vnt.",3.79,66
000000000001366901,"Moteriškos pėdkelnės ORI ACTION 40 , 4 dydis, nero",3.49,66
000000000001366902,"Moteriškos pėdkelnės ORI SUIT BODY 40 , 2 dydis, neutro",3.79,66
000000000001366903,"Moteriškos pėdkelnės ORI SUIT BODY 40 , 3 dydis, neutro",3.79,66
000000000001366906,"Moteriškos pėdkelnės BEVERLY 50 NEW ANTRACITE, 3 dydis, 1 vnt.",3.79,66
000000000001366907,"Moteriškos pėdkelnės BEVERLY 50 NEW NEUTRO, 2 dydis, 1 vnt.",3.79,67
000000000001366908,"Moteriškos pėdkelnės BEVERLY 50 NEW NEUTRO, 4 dydis, 1 vnt.",3.79,67
000000000001366910,"Moteriškos pėdkelnės ORI ACTION 40 , 5 dydis, nero",3.49,67
000000000001366911,"Moteriškos pėdkelnės ORI ACTION 40 , 3 dydis, neutro",3.49,67
000000000001366912,"Moteriškos pėdkelnės BEVERLY 50 NEW NERO, 3 dydis, 1 vnt.",3.79,67
000000000001366913,"Moteriškos pėdkelnės BEVERLY 50 NEW ANTRACITE, 4 dydis, 1 vnt.",3.79,67
000000000001366914,"Moteriškos pėdkelnės ORI ACTION 40 , 3 dydis, nero",3.49,67
000000000001366922,"Moteriškos pėdkelnės ORI ACTION 40 , 2 dydis, neutro",3.49,67
000000000001367182,"Moteriškos pėdkelnės ORI CONTROL FIT NEUTRO, 5 dyd., 40 den., 1 vnt.",2.74,67
000000000001367924,"Moteriškos pėdkelnės ORI AURORA 60 , 5 dydis, nero",2.74,67
000000000001367925,"Moteriškos pėdkelnės ORI AURORA 60 , 3 dydis, nero",2.74,67
000000000001367933,"Moteriškos pėdkelnės ORI AURORA 60 , 4 dydis, nero",2.74,67
000000000001369840,Puodelis AURORA Tan 470 ml,7.99,67
000000000001369940,Mėsos pasta šunims su jaut. WANPY 90 g,1.19,67
000000000001370149,"Birių produktų indas UNIWELL ACACIA 1,3L",7.99,67
000000000001370167,Lėkštė AURORA Zout Grey 25 cm,7.99,67
000000000001370188,Lėkštė AURORA Zout Grey 20 cm,4.49,67
000000000001371252,"Higieniniai įklotai ABENA SAN 2,PREMIUM 30 vnt./pak.",6.99,67
000000000001371256,"Vienk.suger.keln.BABOO, L dydis, 5vnt",4.99,67
000000000001371330,Miltelių žvakė SALDI MĖTA,19.99,67
000000000001371344,Miltelių žvakė BESPALVĖ,19.99,67
000000000001372155,"Sojų vaško žvakė AŠ MYLIU SAVE, 1 vnt.",19.99,67
000000000001373006,"Lėkštė AURORA CREAM, 26 cm",8.29,67
000000000001373008,Lėkštė AURORA CREAM 20 cm,6.79,67
000000000001373009,"Gili lėkštė AURORA CREAM, 20 cm",6.79,67
000000000001376436,"Keptuvė TEFAL So'light, 28cm",37.99,67
000000000001376518,"Gimtadienio žvakutė 0, ELEMENTS SENSE",0.79,67
000000000001378116,"Šunų žaislas LOVETT Strong,SG204017S",6.99,67
000000000001378125,"Šunų žaislas LOVETT Strong, NEWU139S",6.99,67
000000000001378132,"Šunų žaislas LOVETT Strong, ST193006S",6.99,67
000000000001380872,"Kojinės IMMAGINE, 43-46, kūno spalvos",3.99,67
000000000001380900,"Kojinės IMMAGINE, 39-41,balta",3.49,67
000000000001381412,"TESORI d'ORIENTE White Musk oro gaiviklis, 250 ml",8.99,67
000000000001382389,Dubenėlis AURORA CONRAN WHITE 13 cm,2.49,67
000000000001382392,Dubenėlis AURORA CONRAN WHITE 15 cm,2.99,67
000000000001382393,Dubenėlis AURORA CONRAN WHITE 20 cm,4.99,67
000000000001382402,Lėkštė AURORA CONRAN WHITE 21 cm,3.99,67
000000000001383430,"Vyriškos boksikės, PUMA, 2vnt., raudona, tamsiai mėlyna spalva, dydis: S",17.99,67
000000000001383567,"Keptuvė 24cm, UNIWELL",19.99,67
000000000001383582,"Keptuvė 28cm, UNIWELL",24.99,67
000000000001383585,"Keptuvė su dangčiu 28cm, UNIWELL",34.99,67
000000000001383586,"Puodas su dangčiu 18cm, UNIWELL",29.99,67
000000000001383587,"Prikaistuvis su dangčiu 18cm, UNIWELL",22.99,67
000000000001383935,"Vyriškos boksikės, PUMA, 2vnt., raudona, tamsiai mėlyna spalva, dydis: XL",17.99,67
000000000001383939,"Vyriškos boksikės, PUMA, 2 vnt., juoda, žalia spalva, dydis: S",17.99,67
000000000001383940,"Vyriškos boksikės, PUMA, 2 vnt., juoda, žalia spalva, dydis: XL",17.99,67
000000000001383961,"Vyriškos boksikės,PUMA, 2vnt., juoda, S",17.99,67
000000000001383974,"Vyriškos boksikės, PUMA, 2vnt., raudona, tamsiai mėlyna spalva, dydis: M",17.99,67
000000000001383976,"Vyriškos boksikės, PUMA, 2 vnt., džinso mėlyna spalva, dydis: L",17.99,67
000000000001383982,"Vyriškos boksikės, PUMA, 2 vnt., juoda, žalia spalva, dydis: L",17.99,67
000000000001384809,Namų kvapas su lazdelėmis RĖUSSI 215 ml,34.99,67
000000000001385215,Namų kvapas su lazdelėmis RICHE 215 ml,34.99,67
000000000001385225,Namų kvapas su lazdelėmis RĖUSSI 120 ml,25.99,68
000000000001385232,Namų kvapas su lazdelėmis RAFFINĖ 215 ml,34.99,68
000000000001385371,Namų kvapas su lazdelėmis WINSO Ultimate Black Oriental Oud 100ml,11.99,68
000000000001385377,Namų kvapas su lazdelėmis WINSO Ultimate Black Neroli 100ml,11.99,68
000000000001385378,Namų kvapas su lazdelėmis WINSO Ultimate White Velvet Orchid 100ml,11.99,68
000000000001385382,Namų kvapas su lazdelėmis WINSO Ultimate White Night in Paris 100ml,11.99,68
000000000001385424,Miltelių žvakė SENSO,19.99,68
000000000001386003,"Kojinės IMMAGINE, 39-41, juoda",3.49,68
000000000001386004,"Kojinės IMMAGINE,39-42, juoda",4.49,68
000000000001386246,"Purškiamas kvapas TDO Ayurveda, 250 ml",8.99,68
000000000001386264,Namų kvapas TDO White Musk 200 ml,12.99,68
000000000001386333,"Kvapni žvakė AROMA 230g, apelsinas",11.99,68
000000000001386334,"Kvapni žvakė AROMA 230g,braškė",11.99,68
000000000001386344,"Kvapni žvakė AROMA 230g,mango",11.99,68
000000000001387744,NIVEA Q10 ANTI-WRINKLE EXPERT KASDIENIS UV FLUIDAS SU SPF50 30 ml,21.49,68
000000000001388149,"Namų kvapas, SCENTIMENTS,linas ir jūra,100ml",12.99,68
000000000001388224,"Namų kvapas, SCENTIMENTS,bazilikas ir ąžuolas,100ml",12.99,68
000000000001392116,"Namų kvapas su lazdelėmis,150ml,vyšnia",16.99,68
000000000001392130,"Namų kvapas su lazdelėmis,150ml,zomša",16.99,68
000000000001392134,"Namų kvapas su lazdelėmis,150ml,žiedlapiai",16.99,68
000000000001392355,NIVEA DERMA SKIN CLEAR KASDIENIS UV FLUIDAS SU SPF50+ 40 ml,15.99,68
000000000001392892,Namų kvapas su lazdelėmis PIERRE 50 ml,13.99,68
000000000001394948,"Vytintas kumpis ESPUNA, nerūšinis gaminys, 200 g",5.49,68
000000000001395851,"Moteriškos pėdkelnės ORI CONTROL BODY 40 , 3 dydis, grafite",2.84,68
000000000001395865,"Moteriškos pėdkelnės ORI CONTROL BODY 40 , 4 dydis, grafite",2.84,68
000000000001395929,"Moteriškos pėdkelnės ORI CONTROL BODY 40 , 5 dydis, grafite",2.84,68
000000000001398082,"Moteriškos pėdkelnės ORI AZALI 50 , 3 dydis, nero ",3.14,68
000000000001398083,"Moteriškos pėdkelnės ORI AZALI 50 , 4 dydis, nero ",3.14,68
000000000001398092,"Moteriškos pėdkelnės ORI AZALI 50 , 5 dydis, nero ",3.14,68
000000000001398777,"Minkštinamosios skalbinių servetėlės DR.BECKMAN Magic Leaves Fabric Softener Sheets Floral Fresh, 14 vnt.",3.79,68
000000000001398796,"Skalbiklis DR. BECKMANN QUICK Power Wash Color Protect, 25 skalbimams, 800 ml",5.59,68
000000000001398841,"Skalbiklis DR. BECKMANN QUICK Power Wash Universal , 25 skalbimams, 800 ml",5.59,68
000000000001398842,"Skalbinių servetėlės ​​DR. BECKMANN Magic Leaves Laundry Detergent, 25 sk., 25 vnt.",5.29,68
000000000001398843,"Minkštinamosios skalbinių servetėlės DR.BECKMANN Magic Leaves Fabric Softener Sheets Summer Blossom, 14 vnt.",3.79,68
000000000001399026,"Marinuotos ančių kulšelės WELL DONE, 1 kg",11.99,68
