shop_name,title,price,image_small
Maxima,"Plautos morkos, 1 kg",0.29,https://cdn.barbora.lt/products/c19c320d-a3d6-4fa1-8454-6c5e09338908_s.png
Maxima,"Mandarinai, 1-4 d., 1 kg",1.49,https://cdn.barbora.lt/products/318e3764-9cee-437d-86d9-48cf1c4ebb08_s.png
Maxima,"Ilgavaisis agurkas, 220 g",0.95,https://cdn.barbora.lt/products/3285ca3f-1a09-4a0d-b3e2-568d35264d49_s.png
Maxima,"Persimonai, 1 kg",1.99,https://cdn.barbora.lt/products/718a24ba-4caa-43ea-936a-02da76dcd2d4_s.png
Maxima,"Avokadai READY TO EAT WELL DONE, 2 vnt., 2 vnt.",1.49,https://cdn.barbora.lt/products/66eadb2f-139f-416b-8c75-a6a126e3abd1_s.png
Maxima,"Didžiosios kriaušės CONFERENCE, 70-80 mm, 1 kg",1.69,https://cdn.barbora.lt/products/34f5c4d1-4936-43c7-b7dd-b2bd9f796f7f_s.png
Maxima,"Geltonieji kiviai, 500 g",1.59,https://cdn.barbora.lt/products/56d4519a-5173-4100-a5e8-3dd46e656b29_s.png
Maxima,"Česnakai, 1 kg",2.99,https://cdn.barbora.lt/products/322fc41a-d59e-4094-ba5a-6f2da3d4d8e6_s.png
Maxima,"Rauginti kopūstai LINKĖJIMAI IŠ KAIMO kibirėlyje, 800 g",1.69,https://cdn.barbora.lt/products/d3e1e289-be44-4adb-ac3b-96895be9e71c_s.png
Maxima,"Valgomasis graikiškas jogurtas ALMA, 4 % rieb., 370 g",1.39,https://cdn.barbora.lt/products/e460b71a-a692-4fe5-8749-935208ecf530_s.png
Maxima,"Žaliosios besėklės vynuogės, 500 g",2.19,https://cdn.barbora.lt/products/ed117a6d-d949-478f-9fa0-efdde131061f_s.png
Maxima,"Obuoliai CHAMPION, fasuoti, 65-75 mm, 1 kg",0.79,https://cdn.barbora.lt/products/f30d52e4-0e97-4c55-9608-6eefc4cb9d5a_s.png
Maxima,"Smulkiavaisiai pomidorai SUNSTREAM WELL DONE, 300 g",2.19,https://cdn.barbora.lt/products/6b2b84d1-32eb-4baa-91d4-1a2790fd552b_s.png
Maxima,"Majonezas HELLMANN'S ORIGINAL, 76 % rieb., 625 ml",2.99,https://cdn.barbora.lt/products/87877846-e3a8-4a5e-9ab4-2290dd0fcc7f_s.png
Maxima,"Dideli raudonieji greipfrutai, 1-2 d., 1 kg",1.39,https://cdn.barbora.lt/products/7bb9b9ec-ea7c-4c07-99ea-d3054fe9341d_s.png
Maxima,"Konservuoti kukurūzai BONDUELLE, 340 g",1.31,https://cdn.barbora.lt/products/496b9948-8493-41d0-90a4-8e80c2e86da6_s.png
Maxima,"Konservuoti žalieji žirneliai BONDUELLE, 660 g",1.55,https://cdn.barbora.lt/products/6b890346-7e34-46b9-89d3-65e9d9365923_s.png
Maxima,"Melionai HONEY DEW, 1 kg",1.49,https://cdn.barbora.lt/products/af78450e-be25-4c91-8337-ce81eca2854a_s.png
Maxima,"Žaliosios citrinos, 48-54 d., 1 kg",2.99,https://cdn.barbora.lt/products/04781508-8291-473e-b915-55407d2a0365_s.png
Maxima,"Varškės sūrelis MURR, sutirštinto pieno skonio, 28 % rieb., 40 g",0.59,https://cdn.barbora.lt/products/845b75b5-3c5c-4b34-b84e-07bad16d1251_s.png
Maxima,"Glaistytas varškės sūrelis MURR, maskarponės sk., 28 % rieb., 40 g",0.59,https://cdn.barbora.lt/products/47a25576-09e8-4230-a7a0-61dcff6cf329_s.png
Maxima,"Raudonosios vynuogės, 1 kg",2.39,https://cdn.barbora.lt/products/0a780151-a291-425b-9791-36be34ab0ffc_s.png
Maxima,"Didieji greipfrutai POMELO, 1 kg",0.69,https://cdn.barbora.lt/products/559431d8-0fe8-4ad7-be5c-85559f42bfe4_s.png
Maxima,"Imbierų šaknys, 1 kg",2.99,https://cdn.barbora.lt/products/7b13c6d7-627b-4320-92fe-0eedd5bf02ce_s.png
Maxima,"Šaldytos gruzdintos bulvytės FARM FRITES LONG & CRUNCHY, 600 g",2.79,https://cdn.barbora.lt/products/43e59162-682a-426f-85c1-0984be6fa1bc_s.png
Maxima,"Sausainiai SELGA CLASSIC, 180 g",1.15,https://cdn.barbora.lt/products/6c2546d5-156d-49db-8504-d846b4c7a8cd_s.png
Maxima,"Vytinta pjaustyta BERNŲ dešra, a. r., 90 g",1.91,https://cdn.barbora.lt/products/ec31e297-8719-4c72-8f19-390296610129_s.png
Maxima,"Tepamasis sūris WELL DONE, 57,5 %, 200 g, 200 g",1.49,https://cdn.barbora.lt/products/2d1542f6-ef21-4bb2-b74e-25f597fcd335_s.png
Maxima,"Gl. VILKYŠKIŲ sūrelis LESS SUGAR su sūria karam., 30 % rieb., 40 g",0.65,https://cdn.barbora.lt/products/e8a146cd-6a14-4a41-89e6-b55302aaf39f_s.png
Maxima,"Šaldytas prancūziškas batonas WELL DONE su česnakais, 350 g",1.69,https://cdn.barbora.lt/products/852c76dc-ad25-44ef-a7dc-f539848223c9_s.png
Maxima,"Sumuštinių duona BEATOS VIRTUVĖ su sėklomis, 400 g",1.75,https://cdn.barbora.lt/products/42ae81d5-e5e4-4cfb-845a-f9114c273c16_s.png
Maxima,"Kūčiukai BEATOS VIRTUVĖ, 200 g",1.39,https://cdn.barbora.lt/products/eca46771-0952-4a56-a9ab-a2e0ddadb8d8_s.png
Maxima,"VILKYŠKIŲ varškės užtepėlė su žalumynais, 18 % rieb., 150 g",0.99,https://cdn.barbora.lt/products/2e98cc94-0b78-478a-88ab-3305921df723_s.png
Maxima,"Vytinta BERNŲ dešra, a. r., 200 g",3.89,https://cdn.barbora.lt/products/cac1b107-fa13-4ca9-b302-7b57df9f4723_s.png
Maxima,"Rikota GRANAROLO, 45 % rieb. s. m., 250 g",1.29,https://cdn.barbora.lt/products/b3dd18f8-9427-421a-ba80-ef891202aeda_s.png
Maxima,"Sausainiai SELGA, šokolado skonio, 180 g",1.15,https://cdn.barbora.lt/products/f86f9bd8-c278-4ab9-9ff1-f429f712b3af_s.png
Maxima,"PIENIŠKAS batonas LIETUVOS KEPĖJAS, 330 g",0.59,https://cdn.barbora.lt/products/30b919de-e9d4-46c2-adec-6f1f24662224_s.png
Maxima,"Kosmetiniai vatos diskeliai DIVUS, 120 vnt., 120 vnt.",1.15,https://cdn.barbora.lt/products/6b329bbf-bb5a-490c-9db8-e3f807bf8c71_s.png
Maxima,"Gl. VILKYŠKIŲ sūrelis LESS SUGAR, vanilės skonio, 30 % rieb., 40 g",0.65,https://cdn.barbora.lt/products/fb399119-eb2a-4b18-abd2-61f7f1ef7d2c_s.png
Maxima,"Kepimo popierius UNIWELL, 30 lapų, 30 vnt.",1.79,https://cdn.barbora.lt/products/842ffe80-530b-488c-8c82-3879db71c9a5_s.png
Maxima,"Kukurūzų trapučiai SAULĖS GRŪDAS, 120 g",0.57,https://cdn.barbora.lt/products/9d21e1cd-b628-4f62-9407-0b7053627a68_s.png
Maxima,"Glaist. VILKYŠKIŲ varškės sūrelis su žemuogėmis, 23 % rieb., 40 g",0.59,https://cdn.barbora.lt/products/4baa6627-5a1c-4f16-9e9d-4964de4ca84e_s.png
Maxima,"Vytinta ispaniška dešra FUETEC su pelėsiu, I r., 170 g",3.59,https://cdn.barbora.lt/products/cb056372-e523-474c-9e4f-adfb055b9549_s.png
Maxima,"Kvapnūs šiukšlių maišai HOME EXPERT, 60 l, 10 vnt, 10 vnt.",1.19,https://cdn.barbora.lt/products/1dbada04-b3e1-4baa-81c0-3279e9122b4f_s.png
Maxima,"Kvietiniai KAUNO GRŪDŲ miltai EKSTRA, 405 D, 1.75 kg",1.39,https://cdn.barbora.lt/products/98b79f7d-0f07-4912-8cfa-5e8032dedf56_s.png
Maxima,"RAMBYNO tepamasis sūrelis MILDUTĖ, 50 % rieb. s. m., 175 g",1.99,https://cdn.barbora.lt/products/0261b803-eaf4-48ed-b47d-32aa3ca9a0b0_s.png
Maxima,"Glaistytas VILKYŠKIŲ varškės sūrelis LESS SUGAR, braškių sk., 30 %, 40 g",0.65,https://cdn.barbora.lt/products/29de5110-52c6-4704-a010-645712b94fc1_s.png
Maxima,"Sausainiai MILKA CHOCO MINI STARS, 150 g",1.65,https://cdn.barbora.lt/products/219f4dd7-df92-4f80-b50c-d90f8e044918_s.png
Maxima,"Minkšti kūčiukai VILNIAUS DUONA, 200 g",1.19,https://cdn.barbora.lt/products/1bfdc7f6-766e-4aba-a331-64d7ce300194_s.png
Maxima,"Konservuoti žalieji žirneliai BONDUELLE, 400 g",1.01,https://cdn.barbora.lt/products/cd0e2e68-66df-4196-a86e-4310a368b9b3_s.png
Maxima,"Glaistytas VILKYŠKIŲ vanilės sk. varškės sūrelis, 24 % rieb., 40 g",0.59,https://cdn.barbora.lt/products/b369bb15-bef7-41c0-95ea-1aae690fa3ee_s.png
Maxima,"Gazuotas apelsinų, granatų sulčių gėrimas SANPELLEGRINO, 330 ml",0.77,https://cdn.barbora.lt/products/7fa553d6-d6db-44a4-b4e1-50d8cb136148_s.png
Maxima,"	VILKYŠKIŲ glaistytas sūrelis MURR, braškinės panakotos sk., 29 %, 40 g",0.59,https://cdn.barbora.lt/products/aa6c1851-b199-4547-bbb8-6331ab674a32_s.png
Maxima,"Juoda raikyta duona BEATOS VIRTUVĖ su sėklomis, 300 g",1.59,https://cdn.barbora.lt/products/41697d12-d04a-447a-9719-b3b628681624_s.png
Maxima,"Šokoladinis batonėlis MANIJA su lazdynų riešutais, 49 g",0.89,https://cdn.barbora.lt/products/0bfbfc8a-7f0b-47bd-9987-b27f1dc43aa3_s.png
Maxima,"Konservuoti kukurūzai BONDUELLE KIDS, 170 g",0.95,https://cdn.barbora.lt/products/a0d03fc2-1139-43cd-9b5e-2439c62eb445_s.png
Maxima,"Tepamasis sūris WELL DONE su žolelėmis, 57,5 %, 200 g, 200 g",1.49,https://cdn.barbora.lt/products/fe9b32e6-09a0-4931-8e6e-9f44b74004f3_s.png
Maxima,"K. rūkytos dešrelės TARCZYNSKI KABANOSI su vištiena, II r., 105 g",1.49,https://cdn.barbora.lt/products/4a03ae72-fffd-47e4-9c95-f864eea3753c_s.png
Maxima,"Natūralus gazuotas mineralinis vanduo SAN PELLEGRINO, 1 l",1.07,https://cdn.barbora.lt/products/8c3f469c-33f8-4940-958d-fb0acc5a0df7_s.png
Maxima,"Šiukšlių maišai HOME EXPERT, 60 l, 25 vnt.",0.79,https://cdn.barbora.lt/products/6be74e63-530e-49f0-99e1-8e9ee7d73ce8_s.png
Maxima,"Cukraus milteliai DANSUKKER, 500 g",0.99,https://cdn.barbora.lt/products/7b8ec5bd-e5a9-4dca-bc69-1b806fff1048_s.png
Maxima,"Ausų krapštukai KOSMELUX, 200 vnt., 200 vnt.",0.85,https://cdn.barbora.lt/products/eadf2721-e0b8-4e75-9317-84f4386b871b_s.png
Maxima,"Takų prieskonių mišinys SANTA MARIA TEX MEX, 28 g",0.64,https://cdn.barbora.lt/products/4b66e411-088c-4171-9260-a60b35357a8e_s.png
Maxima,"Varškės sūrelis LESS SUGAR, karameliz. bananų sk., 30% rieb., 40 g",0.65,https://cdn.barbora.lt/products/f9327da1-5c66-4266-a07f-f7e9215c45ed_s.png
Maxima,"Šaldytas meksikietiškas daržovių mišinys HORTEX MEXICO MIX, 400 g",1.27,https://cdn.barbora.lt/products/22bfe347-9d62-4ce9-8f19-390fa65be6ec_s.png
Maxima,"Sūrio kamuoliukai su trumais WELL DONE PREMIUM, 40 % rieb., 24 g",1.49,https://cdn.barbora.lt/products/486dde38-6519-4d0d-b218-e4dc2d3871a2_s.png
Maxima,"Minkšti kūčiukai JDC, 200 g",1.29,https://cdn.barbora.lt/products/3715b007-1225-468a-89d2-0c9f0d8f6fd0_s.png
Maxima,"Persiladas SANTA MARIA, 35 g",0.49,https://cdn.barbora.lt/products/637d4377-bda3-413b-aa7d-5533fc0f7a42_s.png
Maxima,"Fasavimo maišeliai, 100 vnt., 1 vnt.",1.49,https://cdn.barbora.lt/products/fb2bbd12-6af6-48c9-9d5a-ccab6202dc92_s.png
Maxima,"Užrišami šiukšlių maišai, 60 l, 10 vnt. HOME EXPERT",1.79,https://cdn.barbora.lt/products/42c3553a-283b-4467-bbf7-30a9f41fff64_s.png
Maxima,"Šviežias viščiukas broileris be antibiotikų WELL DONE, 1 kg",3.99,https://cdn.barbora.lt/products/42e7072e-6f42-4c9e-bcb3-b29a22d52ac4_s.png
Maxima,"Sausainiai SELGA, sutirštinto pieno skonio, 180 g",1.15,https://cdn.barbora.lt/products/1fa5f270-5195-4c7a-9539-3d85db43d171_s.png
Maxima,"Imbieriniai sausainiai SELGA, 500 g",4.49,https://cdn.barbora.lt/products/83db57d1-186a-4826-b973-1f7946af7717_s.png
Maxima,"Gazuotas sulčių gėrimas SANPELLEGRINO, raud. apelsinų skonio, 330 ml",0.77,https://cdn.barbora.lt/products/a5d96cfd-a89f-40fe-876b-62a122b80ecf_s.png
Maxima,"Gazuotas gėrimas COCA COLA, 6 vnt., 1.98 l",3.38,https://cdn.barbora.lt/products/4c78bc41-9c99-4e51-b745-e9ed61d3c49b_s.png
Maxima,"Maži kūčiukai JDC, 200 g",1.69,https://cdn.barbora.lt/products/47bcf0b9-5b6c-4c9e-a9f4-ae602ba3ab82_s.png
Maxima,"Dantų siūlas JORDAN 3 IN 1 su laikikliu, 50 vnt.",2.99,https://cdn.barbora.lt/products/47388ea9-f29a-4cf1-a7b7-611e2e8897a4_s.png
Maxima,"Garuose ruošti avinžirniai BONDUELLE VAPEUR, 310 g",1.19,https://cdn.barbora.lt/products/8456ca7c-ef47-43ba-99b2-6d66b9124e3b_s.png
Maxima,"Gl. varškės sūrelis MURR, braškinės mačios sk., 30 % rieb., 40 g",0.65,https://cdn.barbora.lt/products/feab8af9-134a-44cf-8b6a-9e81ad591c00_s.png
Maxima,"Tepamasis varškės kremas VILKYŠKIŲ, 19 % rieb., 150 g",0.99,https://cdn.barbora.lt/products/9a3cadd7-e250-4ff9-9850-8ad6b35608f5_s.png
Maxima,"Maisto atliekų rūšiavimo šiukšlių maišai,25vnt., 25 vnt.",1.09,https://cdn.barbora.lt/products/f318d515-b50d-4acf-957e-425e403879b1_s.png
Maxima,"Sviestas su žolelėmis WELL DONE PREMIUM, 62 % rieb., 125 g",1.59,https://cdn.barbora.lt/products/0cfdb4d6-eefa-4b14-b885-d8b173a2adc5_s.png
Maxima,"Glaist. VILKYŠKIŲ varškės sūrelis su aguonomis, 25 % rieb., 40 g",0.59,https://cdn.barbora.lt/products/d2211f20-5e81-4093-8112-fdeedcef045f_s.png
Maxima,"Šaldytos bandelės WELL DONE su cinamonu, 350 g",2.99,https://cdn.barbora.lt/products/4820af9c-c249-440d-ac53-e6dbce6333ce_s.png
Maxima,"Virtas vištienos krūtinėlės kumpelis, 280 g, 280 g",2.09,https://cdn.barbora.lt/products/4345a72d-0e3d-422b-a246-d1e98520717f_s.png
Maxima,"Kepimo popierius UNIWELL, 12 m, 1 vnt.",1.49,https://cdn.barbora.lt/products/91fc7317-7e82-4b3a-8216-f2df8d3b7cf5_s.png
Maxima,"Glaistytas varškės sūrelis MURR, mačios skonio, 30 % rieb., 40 g",0.65,https://cdn.barbora.lt/products/7ad518a2-7f80-4687-a34b-03bf66ae3f77_s.png
Maxima,"Vištienos iešmeliai FIESTA su graikišku marinatu, 480 g",4.79,https://cdn.barbora.lt/products/c2d8c2b0-80b1-48b8-975f-502596e504f2_s.png
Maxima,"Malti džiūvėsiai GUDOBELĖ, 500 g",1.89,https://cdn.barbora.lt/products/ee03323a-d5c0-48b2-9980-80fefd80b4ac_s.png
Maxima,"Kepimo popierius UNIWELL, 10 m x 29 cm, 1 vnt.",1.3,https://cdn.barbora.lt/products/b41d2656-fc37-4761-8a20-b3e13ee455fc_s.png
Maxima,"Maltos višt. šlaun. mėsos,filė iešmeliai FIESTA kartvel. mar, 480 g",3.99,https://cdn.barbora.lt/products/aac4a28e-9b5a-4d16-b30a-9c67c41b277f_s.png
Maxima,"Kvapnūs užrišami šiukšlių maišai HOME EXPERT (40 l, 15 vnt.), 15 vnt.",1.99,https://cdn.barbora.lt/products/3f6593d5-e089-4583-8f87-038fbb051fa7_s.png
Maxima,"Šiukšlių maišai 60l/10vnt., HOME EXPERT, 30mk, Juodi",1.19,https://cdn.barbora.lt/products/a1db9397-6ecc-4fec-909e-214ee3c0eb38_s.png
Maxima,"RAMBYNO tepamasis sūrelis su kumpiu, 50 % rieb. s. m., 175 g",1.99,https://cdn.barbora.lt/products/7f39eec9-a1ce-4445-99d3-ca24bee15a0b_s.png
Maxima,"Gaz. apelsinų, kaktusų vais. sulčių gėrimas SAN PELLEGRINO, 330 ml",0.77,https://cdn.barbora.lt/products/d9e5ba98-4117-48c2-8a71-f437993d1198_s.png
Maxima,"Atšaldytos surimio lazdelės VIČI SNOW CRAB, 250 g",2.39,https://cdn.barbora.lt/products/e986af35-f76f-468d-9345-9f999b8b4752_s.png
Maxima,"Šaltai rūkytas ŠVARCVALDO kumpis WELL DONE, nerūš., 80 g",1.29,https://cdn.barbora.lt/products/efe6949e-3a46-427b-b3ef-1554854db851_s.png
Maxima,"Sūrio kamuoliukai WELL DONE PREMIUM, picos skonio, 39 %, 24 g",1.49,https://cdn.barbora.lt/products/0fca3599-9dfe-4485-9f16-89e37f368496_s.png
Maxima,"Ramunėlių žiedų arbata ŽOLYNĖLIS, 24 g",0.89,https://cdn.barbora.lt/products/c86efa60-4a59-442a-8d94-5482cce70091_s.png
Maxima,"Maistinė plėvelė UNIWELL, 30 m, 1 vnt.",0.89,https://cdn.barbora.lt/products/234cfed2-fb15-4d83-b45e-bf4e4630c23d_s.png
Maxima,"Virta kiaulienos dešra WELL DONE, a. r., 200 g",1.25,https://cdn.barbora.lt/products/e399cd5e-327c-4c4e-b4f1-4f2b1b6b96d5_s.png
Maxima,"Atšaldytos surimio lazdelės VIČI CLASSIC, 500 g",2.99,https://cdn.barbora.lt/products/656e005b-b052-46ca-86e0-9c7ab5da22dc_s.png
Maxima,"Glaistytas varškės sūrelis VILKYŠKIŲ MURR šokoladinės vyšnios sk., 28,5 % rieb., 40 g",0.59,https://cdn.barbora.lt/products/aa887856-55cd-4732-95fc-d42d4235106f_s.png
Maxima,"K. r. dešrelės TARCZYNSKI KABANOSI su kiauliena, II r., 105 g",1.49,https://cdn.barbora.lt/products/6951cedd-83f1-4b60-8e0e-7534657aee90_s.png
Maxima,"Sviestas su druska WELL DONE PREMIUM, 80 % rieb., 125 g",1.59,https://cdn.barbora.lt/products/3003cec5-6614-447f-bcee-0fea2bcc1e8e_s.png
Maxima,"Konservuotas kačių ėdalas FELIX su mėsa, 340 g",1.43,https://cdn.barbora.lt/products/9eb17462-505b-4e98-8ca9-b03d9b666c84_s.png
Maxima,"Gazuotas gėrimas COCA-COLA ZERO, 330 ml",1.02,https://cdn.barbora.lt/products/23e40859-1047-44ea-a893-bf8f72da1f67_s.png
Maxima,"Šokoladinis kiaušinis KINDER SURPRISE, 20 g",1.39,https://cdn.barbora.lt/products/0e4532c0-8858-42f6-83f6-3ad8d077a20c_s.png
Maxima,"Kepintų riešutų mišinys THE BEST OF ARIMEX DELUXE, 140 g",2.59,https://cdn.barbora.lt/products/72c7f7ac-afb6-4e85-8626-d0de66cbb8c4_s.png
Maxima,"Šald. kepamų daržov. mišinys HORTEX su itališk. prieskoniais, 400 g",1.56,https://cdn.barbora.lt/products/27d60480-3e33-4d16-a386-ea811de0ef50_s.png
Maxima,"Migdolų miltai WELL DONE, 300 g",3.99,https://cdn.barbora.lt/products/44f8f0b2-ae4d-47fa-9e41-f1f218389873_s.png
Maxima,"Aliuminio folija UNIWELL, 10 m x 29 cm, 1 vnt.",1.49,https://cdn.barbora.lt/products/39b88d54-ed8c-4a3a-9894-08b0c627f109_s.png
Maxima,"Užrišami šiukšlių maišai HOME EXPERT (60 l), 10 vnt.",1.29,https://cdn.barbora.lt/products/b3801079-2501-40d3-b8c8-1d25d1b5f7a3_s.png
Maxima,"Plikyta raikyta KLAIPĖDOS duona, 380 g",1.15,https://cdn.barbora.lt/products/50dd4385-de2e-4252-aec5-7dd940ec1851_s.png
Maxima,"Kalėdinis pyragas-panetonė WELL DONE, 500 g",3.99,https://cdn.barbora.lt/products/f2b90453-3646-43f1-b145-8d84c22df803_s.png
Maxima,"Konservuoti žalieji žirneliai BONDUELLE, 200 g",0.89,https://cdn.barbora.lt/products/072c5bb8-e20d-422a-bdff-e1a06887dce0_s.png
Maxima,"Garuose ruoštos baltosios pupelės BONDUELLE VAPEUR, 310 g",1.17,https://cdn.barbora.lt/products/06353d56-b55c-4360-b89d-7d7e117e2983_s.png
Maxima,"Indų ploviklis BALANCE, 450 ml",1.39,https://cdn.barbora.lt/products/f8a1bd3a-3555-42de-ae00-fcc582ee36ab_s.png
Maxima,"Šaldytos baltakojės blyšk. krevetės WELL DONE PREMIUM, 800 g",12.99,https://cdn.barbora.lt/products/26378386-605d-4673-a7b9-85a0d6adac7c_s.png
Maxima,"Vištienos prieskoniai SANTA MARIA, 30 g",0.49,https://cdn.barbora.lt/products/e499870d-53eb-4492-bf1c-1689ad66be85_s.png
Maxima,"Česnakų granulės SAUDA, 45 g",0.59,https://cdn.barbora.lt/products/4dc12c72-34f5-404f-a77d-b9b8ba8adc2e_s.png
Maxima,"Šaldyti aliaskinių rudagalvių menkių filė kepsneliai FINDUS, 250 g",2.15,https://cdn.barbora.lt/products/72725d1c-789f-46e3-b3eb-08c446da0830_s.png
Maxima,"Ekologiški česnakų milteliai SANTA MARIA, 46 g",1.64,https://cdn.barbora.lt/products/397add33-6244-4e9e-9024-b21e77fbf342_s.png
Maxima,"	VILKYŠKIŲ glaistytas sūrelis MURR, karamelės ir spragėsių sk., 29 %, 40 g",0.59,https://cdn.barbora.lt/products/d2bf31ac-82b3-4141-8dd1-0b0a32e8b9ba_s.png
Maxima,"Džiovintos datulės ARIMEX PREMIUM be kauliukų, 150 g",0.95,https://cdn.barbora.lt/products/1a0f10d8-3c19-48b2-bf77-84d68e5070c0_s.png
Maxima,"Maltos saldžiosios paprikos SANTA MARIA, 22 g",0.49,https://cdn.barbora.lt/products/eade74de-661e-4aca-825b-0241ef03d455_s.png
Maxima,"Viščiukų šlaunelių mėsos iešmeliai su prancūzišku marinatu, 480 g",4.79,https://cdn.barbora.lt/products/fb91025d-3f1f-49f3-8ce4-5a747e5a5a56_s.png
Maxima,"Maskarponės sūris WELL DONE, 80 % rieb. s. m., 250 g",1.99,https://cdn.barbora.lt/products/723916d3-089d-4fd4-97ad-26c761aa9d08_s.png
Maxima,"Juodasis šokoladas ROSHEN BITTER, 85 g",1.43,https://cdn.barbora.lt/products/fd681d5a-bd97-4fa0-bc4a-21412b5eb596_s.png
Maxima,"Lydytas RAMBYNO tep. sūrelis su baravykais, 50 % rieb. s. m., 175 g",1.99,https://cdn.barbora.lt/products/5ad22f8c-3b90-416a-9f75-28b679d20021_s.png
Maxima,"Masdamo sūris LANDANA, 45 % rieb. s. m., 1 kg",8.99,https://cdn.barbora.lt/products/02b82109-71eb-459c-92f1-508e389dbb97_s.png
Maxima,"Gazuotas sulčių gėrimas SANPELLEGRINO, apelsinų skonio, 330 ml",0.77,https://cdn.barbora.lt/products/20905700-c910-4a57-ad61-f0ce6a277880_s.png
Maxima,"Meduoliai, WELL DONE PREMIUM 200g, 200 g",1.99,https://cdn.barbora.lt/products/71128a44-5c8a-4c33-9075-14111cf375e9_s.png
Maxima,"Menkių kepenėlės WELL DONE PREMIUM, 250 g",3.29,https://cdn.barbora.lt/products/c711dbcd-3203-413a-b67b-5b73349fa1ac_s.png
Maxima,"Raudonosios pupelės BONDUELLE su aitriųjų paprikų padažu, 430 g",1.31,https://cdn.barbora.lt/products/763d2a4f-6bae-49eb-8f64-562d148d2aa8_s.png
Maxima,"STUDENTŲ MAISTAS su riešutais ir dž. vaisiais ARIMEX PREMIUM, 300 g",3.49,https://cdn.barbora.lt/products/ac652ac3-1423-4ea1-9e7e-343d76a336d1_s.png
Maxima,"Konserv. kačių ėdalas FELIX su žuvimi drebučiuose, 4 x 85 g, 340 g",1.43,https://cdn.barbora.lt/products/38ee63a9-575f-4a8b-ba08-1ad2696e71c7_s.png
Maxima,"Kūčiukai JDC, 500 g",2.99,https://cdn.barbora.lt/products/662b3281-f741-4389-9a03-bb0a6393d8ff_s.png
Maxima,"Visų grūdo dalių bemielė duona BEATOS VIRTUVĖ, 300 g",1.45,https://cdn.barbora.lt/products/a0706fff-3954-414b-aefa-e8b71f9604ea_s.png
Maxima,"Jog. gėrimas ACTIMEL ACTIKIDS, braškių sk., 4x100g, 1,4%rieb, 400 g",1.99,https://cdn.barbora.lt/products/70aeb7b0-28f5-48d0-af4c-3d3d00f47b6e_s.png
Maxima,"Bulvių traškučiai su trumais WELL DONE PREMIUM, 100 g",1.99,https://cdn.barbora.lt/products/9f2bfbd8-118d-4914-838b-3a422ff0e3e8_s.png
Maxima,"Vaikiški ausų krapštukai BELLA HAPPY, 56 vnt.",1.05,https://cdn.barbora.lt/products/700bdc0d-1936-41d3-acfb-4845a4389e1f_s.png
Maxima,"Vytinta JUBILIEJAUS dešra, a.r., 200 g",3.95,https://cdn.barbora.lt/products/0962053d-53cd-44be-b7b1-3a367e3f27e1_s.png
Maxima,"Svarainių arbatos koncentratas ŽOLYNĖLIS, 520 ml",4.19,https://cdn.barbora.lt/products/0abc0665-f1db-4c68-96a0-e3c5e074fd61_s.png
Maxima,"Sausainiai MILKA CHOCO JAFFA su aviečių skonio įdaru, 147 g",1.65,https://cdn.barbora.lt/products/9f515b92-5e02-4ff8-95e7-db999c8659aa_s.png
Maxima,"Skystasis muilas NEUTRAL, papildymas, 500 ml",4.49,https://cdn.barbora.lt/products/f543f8e0-edb7-4bef-9bd1-569fc37c9269_s.png
Maxima,"Kalėdinis pyragas-panetonė WELL DONE PREMIUM, 500 g",6.99,https://cdn.barbora.lt/products/7c3a4942-073c-4c38-a343-0679769de9b5_s.png
Maxima,"KLAIPĖDOS plikyta raikyta duona su saulėgrąžomis, 400 g",1.15,https://cdn.barbora.lt/products/130bd6cb-d045-4b29-a811-a16bfdd856fb_s.png
Maxima,"Ekologiška visų grūdo dalių ruginė duona TREJOS GIRNOS, 400 g",1.49,https://cdn.barbora.lt/products/307526f2-3f92-4ed0-b5ba-2f059ee8e4ba_s.png
Maxima,"Šokoladas MILKA TENDER WINTER, 90 g	",1.49,https://cdn.barbora.lt/products/6cb2f830-d100-4a27-ba08-06abbd9520ae_s.png
Maxima,"Nuluptos persikų puselės WELL DONE PREMIUM,  lengvame sirupe, be kauliukų 560 g",2.79,https://cdn.barbora.lt/products/c7bdb7af-2c17-4c45-b676-5015795861a1_s.png
Maxima,"Ferm. jogurto gėrimas ACTIMEL, braškių sk., 1,5%rieb.,4x100g, 400 g",1.99,https://cdn.barbora.lt/products/3a2e596f-c55e-4d9c-91fc-1865bba5dd81_s.png
Maxima,"Trupintas kietasis sūris DŽIUGAS MILD, brandintas 12 mėn., 40 % rieb. s. m., 100 g",1.49,https://cdn.barbora.lt/products/dead02b9-8bb9-46dd-8f91-d983e0e2dc02_s.png
Maxima,"Šaldyti maži sviestiniai kruasanai WELL DONE, 350 g",3.29,https://cdn.barbora.lt/products/c6e653a7-7769-4826-aebe-8a404b96910c_s.png
Maxima,"Vatos lapeliai Bella, 120 vnt.",1.85,https://cdn.barbora.lt/products/0a6d1852-55f5-420c-bae2-10fd7f7efe4e_s.png
Maxima,"Gazuotas sulčių gėrimas SAN PELLEGRINO, mandarinų skonio, 330 ml",0.77,https://cdn.barbora.lt/products/0531e587-16ad-4892-bd13-e1ddb9df0e92_s.png
Maxima,"Nealkoholinis pusiau saldus vyšnių vynas VORUTA WINTERSPICE, 750 ml",3.49,https://cdn.barbora.lt/products/bf3c98bf-84b9-44c7-a092-9edc8d843742_s.png
Maxima,"Imbieriniai sausainiai SELGA, 180 g",0.89,https://cdn.barbora.lt/products/19245765-9da7-482e-8f87-85558fe33f9d_s.png
Maxima,"Sausainiai MILKA CHOCO PAUSE, 260 g",1.95,https://cdn.barbora.lt/products/48a1c4ee-66b2-4b59-b34c-6d7eb560ae3c_s.png
Maxima,"Gazuotas gėrimas COCA-COLA, 330 ml, skardinė",1.02,https://cdn.barbora.lt/products/002ce99f-e86e-4d9f-8f0b-46967a1e6e71_s.png
Maxima,"Kedrinės pinijos ARIMEX, 50 g",2.39,https://cdn.barbora.lt/products/918050d0-e2b4-41f1-bfe0-1b9f190d2318_s.png
Maxima,"Saldainiai ROSHEN KORIVKA, 1 kg",2.81,https://cdn.barbora.lt/products/96d5eea3-a0e5-4292-bd7a-b2dcac2b6b8f_s.png
Maxima,"FRANKFURTO vištienos filė dešrelės, II r., 180 g",1.09,https://cdn.barbora.lt/products/3a9f6910-a7ce-4f0e-b004-2b9c345cfd76_s.png
Maxima,"Lėtai virti marin. kiaulienos šonkauliai su barbekiu padažu, 900 g",7.49,https://cdn.barbora.lt/products/2299712d-28d1-4bc7-9b1e-125576354d89_s.png
Maxima,"Virta UTENOS DAKTARIŠKA dešra, a. r., 600 g",2.99,https://cdn.barbora.lt/products/abbdc1a9-53db-4a42-a2af-dd00b04a6b47_s.png
Maxima,"Meduoliai SELGA su braškių ir obuolių įdaru, 250 g",2.69,https://cdn.barbora.lt/products/9a6ce4de-d453-48c9-9555-878dc5ea2937_s.png
Maxima,"Šaltalankių arbatos koncentratas ŽOLYNĖLIS, 520 ml",4.19,https://cdn.barbora.lt/products/39db6b25-a49d-4b37-8bc3-96ad88c5fd1b_s.png
Maxima,"Sūdyta skandinaviška silkių filė be aliejaus WELL DONE, 190 g",1.37,https://cdn.barbora.lt/products/95ef9027-d06c-4f12-99f3-dd2af07a89e2_s.png
Maxima,"Klasikinis SUSLAVIČIAUS pomidorų padažas, 500 g",1.48,https://cdn.barbora.lt/products/9bc79948-f8ad-4b2c-ab0c-97f8456c572c_s.png
Maxima,"Pjaustytas vytintas kumpis SERRANO ESPANA, a. r., 80 g",1.95,https://cdn.barbora.lt/products/1a12d2b5-ccc7-4592-ba16-1e1098944913_s.png
Maxima,"Dantų pasta LACALUT AKTIV, 75ml",3.95,https://cdn.barbora.lt/products/2992422a-84be-46cb-8898-27f01e197108_s.png
Maxima,"Glaistytas varškės sūrelis VILKYŠKIŲ kefyro skonio, 29 % rieb., 40 g",0.59,https://cdn.barbora.lt/products/160498cb-3420-4e69-a899-cb367648fe12_s.png
Maxima,"Traškios vištienos prieskonių mišinys SANTA MARIA, 50 g",0.94,https://cdn.barbora.lt/products/e314366c-59a7-4675-b3bc-0f42b924a659_s.png
Maxima,"Riešutų mišinys DIAMOND THE BEST OF ARIMEX, 300 g",5.19,https://cdn.barbora.lt/products/b159ab93-7055-4cc7-b35d-74d78d514ca2_s.png
Maxima,"Džiovinti mangai GĖRYBIŲ RAGAS, 500 g",3.99,https://cdn.barbora.lt/products/8cec3403-2c20-4a7f-9c69-4b6c6fa96571_s.png
Maxima,"Džiovintos slyvos ARIMEX, 200 g",1.79,https://cdn.barbora.lt/products/91ddb36b-e0fc-40d7-a264-075f2bb16927_s.png
Maxima,"Kvietinės tortilijos OLD EL PASO, 326 g",1.24,https://cdn.barbora.lt/products/78ea4ce4-4c8f-4363-9421-02789404c130_s.png
Maxima,"Šiukšlių maišai HOME EXPERT, 20 l, 20 vnt.",0.55,https://cdn.barbora.lt/products/01d54070-d836-4c04-9d38-c17ca6e7893c_s.png
Maxima,"Karštai rūkytos dešrelės TARCZYNSKI KABANOSI su sūriu, II r., 105 g",1.49,https://cdn.barbora.lt/products/0d8234d2-6c4e-495d-9fec-199c1ccc386b_s.png
Maxima,"Mini kūčiukai, 200 g",1.69,https://cdn.barbora.lt/products/13420a41-bdae-4123-85e7-e10db14d2722_s.png
Maxima,"Virtos rūkytos kiaul. ir višt. dešrelės BERLINKI, II r., 250 g",2.59,https://cdn.barbora.lt/products/9af9187d-3801-41f1-90b5-67dbd8ca941f_s.png
Maxima,"Konservuoti kukurūzai BONDUELLE, 340 g",1.67,https://cdn.barbora.lt/products/40b12540-ffcb-4aa7-9415-948c13edccd7_s.png
Maxima,"Virtos PIENIŠKOS dešrelės WELL DONE, a. r., 260 g",1.89,https://cdn.barbora.lt/products/c71fa147-d604-425c-994a-95d78527db62_s.png
Maxima,"KARALIŠKASIS mišinys ARIMEX, 300 g",3.59,https://cdn.barbora.lt/products/0d1ec129-fab6-4fcf-95dc-85d7b6e0f410_s.png
Maxima,"Lukštentos saulėgrąžos ARIMEX, 500 g",1.75,https://cdn.barbora.lt/products/a1b4a8e0-5020-4f75-974d-f0c13557169d_s.png
Maxima,"VILKYŠKIŲ varškės užtepėlė su česnakais, 18 % rieb., 150 g",0.99,https://cdn.barbora.lt/products/7bd580e7-9fd8-4539-85bb-cce17230849c_s.png
Maxima,"Žol. arbata ŽOLYNĖLIS su ramunėlių žiedais ir kmynų vaisiais, 20 vnt.",1.19,https://cdn.barbora.lt/products/4913b067-e35d-48f9-852c-a567d4c6c58d_s.png
Maxima,"Viščiukų blauzdelės FIESTA su česnakiniu marinatu ir kmynais, 850 g",3.49,https://cdn.barbora.lt/products/ca62d055-d964-45a6-8f85-0b0b993b4893_s.png
Maxima,"Takų su vištiena prieskonių mišinys SANTA MARIA CHICKEN TACO, 28 g",0.79,https://cdn.barbora.lt/products/953d97e9-1e02-4d1a-9bda-1adda2f80645_s.png
Maxima,"Raudonųjų lašišų ikrai ALASKA SEAFOOD, 95 g",4.99,https://cdn.barbora.lt/products/5a526de7-4510-4d37-bd7e-c7aa1565fe31_s.png
Maxima,"Pyragėlis su bananų skonio įdaru LANKELIS, 90 g",0.69,https://cdn.barbora.lt/products/8e20bc98-b169-4050-bb13-3dddbe9d9812_s.png
Maxima,"Sausainiai MILKA CHOC & CHOC, 150 g",1.95,https://cdn.barbora.lt/products/fce8995b-59df-457d-9765-7ba9169cc75e_s.png
Maxima,"Juodasis šokoladas (56 %) ROSHEN, 85 g",1.13,https://cdn.barbora.lt/products/9bedb99a-f9b0-4402-a56c-6ab6fd154b02_s.png
Maxima,"Traškios lazdelės SAULĖS GRŪDAS su sūriu, 125 g",0.69,https://cdn.barbora.lt/products/c8684c65-29e9-4cd2-9c47-50443734a1d9_s.png
Maxima,"Vytinta jautienos kumpinė dešra, a. r., 200 g",6.29,https://cdn.barbora.lt/products/085096b6-8c29-4211-90c6-8eba77d83241_s.png
Maxima,"Imbierinių sausainių tešla, šviežia, 500 g",2.99,https://cdn.barbora.lt/products/d3f109d1-bdb3-49c7-9a76-c2f6b0935b76_s.png
Maxima,"Virtas pjaustytas forminis kumpis WELL DONE, a. r., 200 g",1.75,https://cdn.barbora.lt/products/925fe3b1-f54f-4e7a-82f8-528bdd92f0a5_s.png
Maxima,"BASMATI ryžiai GRALLA SELLA PREMIUM, 800 g",1.73,https://cdn.barbora.lt/products/b5fd4427-87ef-4668-b8e0-eb7ec8e64d76_s.png
Maxima,"Ferm. jogurto gėrimas ACTIMEL, uogų sk., 1,5 % rieb., 4x100g, 400 g",1.99,https://cdn.barbora.lt/products/b22a068b-a5dc-45f2-bdfe-5c9f00b73c5a_s.png
Maxima,"Šaldytos spanguolės WELL DONE, 400 g",1.49,https://cdn.barbora.lt/products/222b6918-a153-4bf6-bb0c-77496537721e_s.png
Maxima,"Kosmetiniai ovalūs vatos diskeliai DIVUS, 70 vnt., 70 vnt.",0.69,https://cdn.barbora.lt/products/aecc8b32-f3b6-4fd0-89b0-5f73ada46f73_s.png
Maxima,"Ožkų sūris WELL DONE PREMIUM pjaustytas, ne mažiau kaip 50 % rieb., 120 g",2.49,https://cdn.barbora.lt/products/030c804c-c90b-4751-ba51-f9a47f9a0038_s.png
Maxima,"Pelėsinis lydytas sūris MEMEL BLUE, 40 % rieb. s. m., 140 g",1.49,https://cdn.barbora.lt/products/8ac16bc9-b085-4ac0-a38e-9515932ad0e6_s.png
Maxima,"Šiukšlių maišai HOME EXPERT, 30 l, 20 vnt.",0.39,https://cdn.barbora.lt/products/e84a3c96-9eda-4398-b133-b538c27e1d62_s.png
Maxima,"Čiobrelių arbata ŽOLYNĖLIS, 30 g",0.89,https://cdn.barbora.lt/products/9f5283c2-2aae-41c2-a955-069ae05c5861_s.png
Maxima,"Fachitų prieskonių mišinys SANTA MARIA TEX MEX, 28 g",0.64,https://cdn.barbora.lt/products/98b437e7-1354-4a28-8af0-4b5b1875a41c_s.png
Maxima,"Juoda duona su sėklomis, 390 g",1.29,https://cdn.barbora.lt/products/4033dfb5-e783-4aa4-96fe-69a3e2b0e0f8_s.png
Maxima,"Žolelių ir česnakų mišinys SANTA MARIA, 28 g",0.69,https://cdn.barbora.lt/products/2863d957-0c6d-4434-b335-b964f8cb1b85_s.png
Maxima,"Užrišami šiukšlių maišai, 40 l, 15 vnt. HOME EXPERT",1.79,https://cdn.barbora.lt/products/bbddf3f5-1d0f-462f-9c26-889be7e99066_s.png
Maxima,"Maltas cinamonas SANTA MARIA, 22 g",0.69,https://cdn.barbora.lt/products/4312c92b-832a-4e16-84d5-fe4e7a61d7d2_s.png
Maxima,"Kvietiniai EKSTRA miltai, 405 D, 900 g",0.89,https://cdn.barbora.lt/products/c3e39b57-c879-4983-98b9-5a2668983b35_s.png
Maxima,"Vaisinis ferm. jogurto gėrimas ACTIMEL, 1,5% rieb., 4 x 100g, 400 g",1.99,https://cdn.barbora.lt/products/7751db9b-5599-4fde-b5b8-c7a1f3c1a69c_s.png
Maxima,"Baltos bolivinės balandos GRALLA, 400 g",2.09,https://cdn.barbora.lt/products/da3784ed-7551-48e1-b4fc-b40416f59681_s.png
Maxima,"Aguonos ALVO, 150 g",0.99,https://cdn.barbora.lt/products/23192a70-fbdd-44d9-830c-65388bae69f4_s.png
Maxima,"Pelėsinis sūris MEMEL BLUE, 50 % rieb. s. m., 100 g",1.79,https://cdn.barbora.lt/products/c2338b98-1482-4f30-a73c-4ff3b3e5bbd1_s.png
Maxima,"Šaltai rūkytas pjaustytas JUODASIS kumpis, a. r., 110 g",2.49,https://cdn.barbora.lt/products/4165567e-f706-4845-a5c1-bd90dd19308a_s.png
Maxima,"Trikampiai kukurūzų trapučiai SAULĖS GRŪDAS, pomidorų skonio, 60 g",0.75,https://cdn.barbora.lt/products/d4e3baff-7921-445d-8072-f36d37ad64d2_s.png
Maxima,"Glaistyta spurga su spalvotais pabarstukais (atitirpinta), 55 g",0.79,https://cdn.barbora.lt/products/9f6a92c6-5ff3-4922-9e6d-18fa6a8a1388_s.png
Maxima,"Maltas cinamonas SAUDA, 35 g",0.38,https://cdn.barbora.lt/products/5e7e029b-23bf-4975-b143-c38bf6fe2465_s.png
Maxima,"Tikra ruginė duona LIETUVOS KEPĖJAS, 730 g",1.89,https://cdn.barbora.lt/products/0840d787-2e0f-4125-81de-0dfb088a0d98_s.png
Maxima,"Bulvių prieskoniai SANTA MARIA, 30 g",0.49,https://cdn.barbora.lt/products/77597af8-21be-4368-8cf2-17f63eb51017_s.png
Maxima,"Vaisinė arbata ŽOLYNĖLIS su braškėmis ir mangais, 40 g",1.31,https://cdn.barbora.lt/products/e70dc18c-2ac8-4acd-a167-0f52205e78a3_s.png
Maxima,"Valgomasis graikiškas jogurtas ALMA, 4 % rieb., 180 g",0.89,https://cdn.barbora.lt/products/9a04b396-3591-4e39-ba40-305d39329af2_s.png
Maxima,"Pieninio šokolado saldainiai SORINI, 100 g	",1.89,https://cdn.barbora.lt/products/d037f906-734c-444c-9fd0-a9c100b1cdc2_s.png
Maxima,"Šaldymo maišeliai UNIWELL, 1 l, 1 vnt.",1.79,https://cdn.barbora.lt/products/dfaf1093-4029-4d3b-93d2-c2b74d5ff2a0_s.png
Maxima,"Žaliosios alyvuogės ITLV be kauliukų, 300 g",1.86,https://cdn.barbora.lt/products/6395905d-55e3-46b0-ab39-07a634cdde8a_s.png
Maxima,"Virtas vištienos šlaunelių mėsos kumpelis, a. r., 280 g",2.09,https://cdn.barbora.lt/products/73e848b3-d7be-439f-afa7-750911c8b46d_s.png
Maxima,"Atšaldytos surimio lazdelės VIČI CLASSIC, 150 g",1.07,https://cdn.barbora.lt/products/b547419b-cf40-4351-b927-f061b2df750f_s.png
Maxima,"Graikiniai riešutai ARIMEX, 100 g",1.19,https://cdn.barbora.lt/products/2152564f-3fef-4200-8ffa-06db7c51ec5f_s.png
Maxima,"Juodoji arbata TWININGS EARL GREY, 50 g",3.17,https://cdn.barbora.lt/products/7dd57b35-6fd9-4bcf-8f48-ab83f6e53170_s.png
Maxima,"SUSLAVIČIAUS garstyčios, 160 g",0.77,https://cdn.barbora.lt/products/6ba3d840-c55d-4747-9348-68ec8db4cc75_s.png
Maxima,"Keptos, sūdytos pistacijos PREMIUM ARIMEX, 500 g",8.29,https://cdn.barbora.lt/products/ba8615c0-2e68-4647-aaec-53779f7b2d7f_s.png
Maxima,"Grikiai WELL DONE, 8 x 100 g, 800 g",1.29,https://cdn.barbora.lt/products/6b709099-371e-4a95-b197-00543e124f64_s.png
Maxima,"Šaldyta imbierinė sausainių tešla LIETUVOS KEPĖJAS, 500 g",2.99,https://cdn.barbora.lt/products/7c448dab-e2d5-4f23-a655-4734e0b428b3_s.png
Maxima,"Kotletų prieskoniai SANTA MARIA, 28 g",0.49,https://cdn.barbora.lt/products/7da951a5-bdc3-4e7b-9a04-55686b6c5dbe_s.png
Maxima,"Garuose ruoštos raudonosios pupelės BONDUELLE VAPEUR, 310 g",1.19,https://cdn.barbora.lt/products/88868e29-1536-4ed8-bd7e-ed6a713c06f0_s.png
Maxima,"Džiovintos slyvos THE BEST OF ARIMEX, 140 g",1.79,https://cdn.barbora.lt/products/6759deb8-2637-431f-a880-c871c08f0979_s.png
Maxima,"Šaldyti sviestiniai kruasanai WELL DONE, 360 g",2.89,https://cdn.barbora.lt/products/878aba6d-f42b-4d1e-a3e1-446db7e15482_s.png
Maxima,"Šaldytas uogų mišinys HORTEX su avietėmis, 300 g",2.68,https://cdn.barbora.lt/products/84bdf5c1-59b4-4bb6-904e-ce75b801215c_s.png
Maxima,"Aliuminio folija UNIWELL, 10 m x 41 cm, 1 vnt.",2.99,https://cdn.barbora.lt/products/f32a87e1-bf66-4d5f-ac10-06734a1727d0_s.png
Maxima,"Šokoladinis batonėlis MANIJA su žemės riešutais, 49 g",0.89,https://cdn.barbora.lt/products/7c7c1514-456d-49e5-bcb5-7025c9398e20_s.png
Maxima,"Raudonieji lęšiai GRALLA, 400 g",0.83,https://cdn.barbora.lt/products/83b07026-ac87-457e-a5f2-29f6e89ac67f_s.png
Maxima,"Šaldytos nevirtos baltakojės krevetės SUNRISE su uodegėlėmis, 800 g",11.99,https://cdn.barbora.lt/products/e5340a16-d1c2-4709-8c84-c77e36581d7a_s.png
Maxima,"Karamelizuoti svogūnai WELL DONE PREMIUM, 200 g",2.39,https://cdn.barbora.lt/products/a3cb9892-c9b4-4c59-a755-68c8acf5acaf_s.png
Maxima,"Virtos TIGRIUKO dešrelės, a. r., 250 g",1.65,https://cdn.barbora.lt/products/2a946078-f4b0-4e33-a8cd-eed527c9338b_s.png
Maxima,"Sausainiai MILKA CHOCO COOKIES su pieninio šokolado gabal., 135 g",1.65,https://cdn.barbora.lt/products/57c3a1e5-973c-4a96-919b-8d99b372ca8e_s.png
Maxima,"Kmynai SAUDA, 100 g",0.69,https://cdn.barbora.lt/products/ea21fac1-7d5f-4aa8-bb4a-f653359da6af_s.png
Maxima,"Šaldytas daržovių mišinys HORTEX SPRING VEGETABLES, 400 g",1.19,https://cdn.barbora.lt/products/62aebb08-b3e1-49d1-948d-6549c869081d_s.png
Maxima,"Imbieriniai sausainiai ANNA'S, 300 g",3.49,https://cdn.barbora.lt/products/62a1ff78-a646-48c2-9133-9e05c8ae2e35_s.png
Maxima,"Sausai marinuoti MEKSIKIETIŠKI kiaulienos sprand. kepsneliai, 400 g",4.49,https://cdn.barbora.lt/products/3f747206-f0bc-4683-89b3-13b1b100dd13_s.png
Maxima,"Makaronai DELVERDE TAGLIATELLE, Nr. 82, 250 g",0.84,https://cdn.barbora.lt/products/2d94c41d-7841-4135-9302-8eff8bcf3019_s.png
Maxima,"Gabalinis tualetinis muilas NEUTRAL, 100 g",1.25,https://cdn.barbora.lt/products/e23f79d3-4c25-43de-898e-95ac0ffcaa63_s.png
Maxima,"Kvapnūs užrišami šiukšlių maišai HOME EXPERT (20 l), 20 vnt.",1.79,https://cdn.barbora.lt/products/e2693b76-b687-4175-8def-2fa8586a584d_s.png
Maxima,"Kalėd. pyragas-panetonė su limončelo įd. WELL DONE PREMIUM, 900 g",11.99,https://cdn.barbora.lt/products/2298fca8-fade-4bc7-a1a9-dfc91b8495fb_s.png
Maxima,"Žolelių arbata ŽOLYNĖLIS SUŠALUS, 20 x 1,5 g, 20 vnt.",1.49,https://cdn.barbora.lt/products/c489671e-d660-41fc-a2d9-afbb9a6c1d3c_s.png
Maxima,"Marcipaninis batonėlis LAIMA, 40 g	",0.79,https://cdn.barbora.lt/products/75348859-3d4b-4926-abed-756b754be318_s.png
Maxima,"Silpnai sūdyta LIETUVIŠKA silkių filė NORVELITA, 210 g",1.39,https://cdn.barbora.lt/products/85eb21d0-84d5-4958-a0a7-7886660b1d27_s.png
Maxima,"Vanilinis cukrus SAUDA, 100 g",0.48,https://cdn.barbora.lt/products/88d60bb6-4aa2-4cc3-b868-13a4a0d2689e_s.png
Maxima,"BASMATI ryžiai GRALLA PREMIUM, 800 g",1.73,https://cdn.barbora.lt/products/d954bad2-ec37-470d-96c1-3c01e04d7e03_s.png
Maxima,"Čederis riek. VINTAGE WELL DONE, brand. 12 mėn., 48% rieb.s.m., 160 g",2.99,https://cdn.barbora.lt/products/5633935f-09f7-4925-b65e-bfdc7f07f55b_s.png
Maxima,"Paukštienos prieskoniai SAUDA, 100 g",0.55,https://cdn.barbora.lt/products/d049f701-8d79-49c5-9ff7-faf74e0ccdb8_s.png
Maxima,"Vytintas BAJORŲ kumpis, a. r., 1 kg",9.99,https://cdn.barbora.lt/products/d745851c-521b-4d22-8ade-abcee0c66655_s.png
Maxima,"Pipirmėčių lapų arbata ŽOLYNĖLIS, 30 g",0.89,https://cdn.barbora.lt/products/aa33a23d-a134-4eea-ae8b-36ef29063d33_s.png
Maxima,"Traškios lazdelės SAULĖS GRŪDAS su visų grūdo dalių miltais, 125 g",0.69,https://cdn.barbora.lt/products/523229aa-3f11-4042-a89b-9cb30ec616a9_s.png
Maxima,"EKSTRA manų kruopos, 0.5 kg",0.69,https://cdn.barbora.lt/products/d8d26a5e-071e-498c-97bd-bd43af278643_s.png
Maxima,"Riešutų mišinys ARIMEX PREMIUM, 300 g",4.75,https://cdn.barbora.lt/products/5ff7ec97-7b54-4982-b0d7-3bae9f4f48fd_s.png
Maxima,"Laurų lapai SAUDA, 40 g",0.55,https://cdn.barbora.lt/products/4a539fcc-d8c9-4c4c-8a95-f2691a18965f_s.png
Maxima,"Ypač grynas alyvuogių aliejus LA ESPANOLA, 750 ml",6.99,https://cdn.barbora.lt/products/b71fb292-cf16-48ef-8a2d-3d86a7717955_s.png
Maxima,"Šiukšlių maišai (100 l, 25 vnt.), 25 vnt.",2.19,https://cdn.barbora.lt/products/7d4746e4-a4e7-4a45-ab66-b6991a6de67a_s.png
Maxima,"Sūrio kamuoliukai WELL DONE PREMIUM, pesto padažo sk., 41 %, 24 g",1.49,https://cdn.barbora.lt/products/60d60551-3157-43d3-a2a0-cc329750314e_s.png
Maxima,"Trikampiai kukurūzų trapučiai SAULĖS GRŪDAS, svogūnų skonio, 60 g",0.75,https://cdn.barbora.lt/products/050a92b0-f0e5-459f-9fb0-09749aff4e06_s.png
Maxima,"Šiukšlių maišai HOME EXPERT, 35 l, 66 x 50 cm, 30 vnt, 30 vnt.",0.99,https://cdn.barbora.lt/products/25bd99d9-16db-44d3-b61f-1a4bc8c1137b_s.png
Maxima,"Užrišami šiukšlių maišai HOME EXPERT (35 l), 15 vnt.",1.29,https://cdn.barbora.lt/products/2a845d2d-e48a-47be-bd15-c5211f3b2ae9_s.png
Maxima,"Bulvių traškučiai su Himalajų druska WELL DONE PREMIUM, 100 g",1.99,https://cdn.barbora.lt/products/b22612c6-5bf4-495c-a741-5f2c6a346f22_s.png
Maxima,"Krapai SANTA MARIA, 7 g",0.49,https://cdn.barbora.lt/products/eb5231e7-e4dc-44da-83c9-0c2a0c788518_s.png
Maxima,"Garuose ruošti lęšiai BONDUELLE VAPEUR, 310 g",1.43,https://cdn.barbora.lt/products/c8680949-c9e6-4664-a707-df15ae817e40_s.png
Maxima,"Skystasis skalbiklis RINGUVA PLIUS 3in1 (universalus), 2 l",5.79,https://cdn.barbora.lt/products/d75f4cd5-72cc-4a97-8405-f9edf3d1b482_s.png
Maxima,"Konservuotos baltosios pupelės BONDUELLE pomidorų padaže, 430 g",1.07,https://cdn.barbora.lt/products/db3813f2-8f23-4a9a-a610-d6b3302d7f0f_s.png
Maxima,"Čiobreliai SANTA MARIA, 10 g",0.49,https://cdn.barbora.lt/products/87de948e-e409-4bfe-a28a-a2938aa951e4_s.png
Maxima,"Pyragas AGUONINIS VAINIKAS, 450 g",3.49,https://cdn.barbora.lt/products/a3409466-47c1-43db-bdfd-e54f82ad1c1b_s.png
Maxima,"Kepintų ir sūdytų riešutų mišinys ARIMEX, 300 g",1.79,https://cdn.barbora.lt/products/f74a53d2-5dc5-4340-ad36-dd16f2dc8684_s.png
Maxima,"STRACCIATELLA skonio ledai WELL DONE PREMIUM, 275 g",2.99,https://cdn.barbora.lt/products/94a2d7e1-0a4c-4230-894b-becbeacee173_s.png
Maxima,"Grikiai WELL DONE, 400 g",0.65,https://cdn.barbora.lt/products/cded48f4-1c6d-417f-9830-6c993bc7c80f_s.png
Maxima,"Malti juodieji pipirai SAUDA, 100 g",1.6,https://cdn.barbora.lt/products/030b7a68-b504-4e3b-b8ea-6997725b35f4_s.png
Maxima,"Šaldytos salotos VIP HORTEX, 400 g",1.48,https://cdn.barbora.lt/products/0ba60d51-82e4-4e36-90bf-45260a5c4127_s.png
Maxima,"Maltos aguonos ALVO, 200 g",1.49,https://cdn.barbora.lt/products/22389b8a-4910-4431-9ebe-9f9b93d90dd5_s.png
Maxima,"Tortilijos OLD EL PASO be glitimo, 216 g",2.24,https://cdn.barbora.lt/products/c4106174-a9f3-408c-a3e8-3114a1ef9cf9_s.png
Maxima,"Pieninis šokoladas KINDER, 50 g",1.19,https://cdn.barbora.lt/products/1797d061-cf93-4783-b417-bb7be802606e_s.png
Maxima,"Bulvių prieskoniai VEGETA, 20 g",0.48,https://cdn.barbora.lt/products/e517a17d-0b15-4979-8234-88fb668b3a08_s.png
Maxima,"Popieriniai kosmetiniai vatos pagaliukai DIVUS, 300 vnt., 300 vnt.",0.99,https://cdn.barbora.lt/products/4e19a525-2135-49ab-b438-d2bb0d6a9266_s.png
Maxima,"Kosmetiniai vatos pagaliukai BELLA, 200 vnt.",1.79,https://cdn.barbora.lt/products/db0a7417-d723-4560-a1e6-ddbfbe7f4d19_s.png
Maxima,"Šaltai rūkyta ŠVARCVALDO šoninė WELL DONE, I r., 80 g",1.39,https://cdn.barbora.lt/products/456ec684-0412-4afa-ad1f-c7166786b4c3_s.png
Maxima,"Tepamasis sūris WELL DONE, česnakų sk., 57,5 % rieb. s. m., 200 g",1.49,https://cdn.barbora.lt/products/97e6ce61-0309-4ff0-952a-69260568a3b5_s.png
Maxima,"Gazuotas gėrimas FANTA Apelsinų Zero, 330 ml, depozitnė tara, 330 ml",1.02,https://cdn.barbora.lt/products/e9590d89-2137-46d1-85e4-c57edfde9398_s.png
Maxima,"Gazuotas gėrimas SPRITE Zero, 330 ml, depozitnė tara, 330 ml",1.02,https://cdn.barbora.lt/products/93d327cb-f52a-498e-ae3e-1a7b6aeea742_s.png
Maxima,"Grikiai WELL DONE, 800 g",1.29,https://cdn.barbora.lt/products/568e1e9e-4924-45cf-9ec4-b91612d27952_s.png
Maxima,"Kvapnūs užrišami šiukšlių maišai HOME EXPERT (60 l), 12 vnt.",1.99,https://cdn.barbora.lt/products/17d96975-3908-4db7-9423-f1dbf6d2d2e5_s.png
Maxima,"Konservuotas kačiukų ėdalas FELIX su mėsa padaže, 340 g",1.43,https://cdn.barbora.lt/products/34748c1a-8970-45c8-a1ea-4c32ca7943a0_s.png
Maxima,"Maasdam sūris WELL DONE PREMIUM 45%, riek.,120 g",2.09,https://cdn.barbora.lt/products/7256e991-f770-4644-b4f8-6a9a1f3e0d50_s.png
Maxima,"WC valiklis-gaiviklis BREF COLOR AKTIV FRESH FLOWER (3vnt.), 150 g",4.19,https://cdn.barbora.lt/products/43bfd29d-6137-402d-8187-55e47faaaca5_s.png
Maxima,"Skystasis muilas NIDA su medaus ir migdolų ekstraktu, papil., 500 ml",1.89,https://cdn.barbora.lt/products/92505e0d-3c99-4ef9-8bf9-aaec2dc0d76e_s.png
Maxima,"Šviežia atlantinių lašišų filė medaus ir garstyčių marinate, 250 g",6.29,https://cdn.barbora.lt/products/7a10ff53-eebd-4d8e-89c4-4854d4b1c862_s.png
Maxima,"Prieskonių mišinys SANTA MARIA TEX MEX CHILI CON CARNE, 28 g",0.79,https://cdn.barbora.lt/products/10817b3d-5f1b-487b-81fd-974d8c7539f7_s.png
Maxima,"Riešutų ir džiovintų uogų mišinys THE BEST OF ARIMEX HARMONY, 140 g",2.39,https://cdn.barbora.lt/products/26f5cb0e-9e34-4b30-a9fa-e83fa90445c4_s.png
Maxima,"Vištienos marinatas SANTA MARIA, 75 g",0.49,https://cdn.barbora.lt/products/52a72363-d9f6-47e6-8f16-4b2bf663d535_s.png
Maxima,"Daržovių traškučiai su druska WELL DONE PREMIUM, 100 g",1.99,https://cdn.barbora.lt/products/6a670de5-afc1-4ff7-af84-b98e18561ffa_s.png
Maxima,"Klasikiniai grietininiai ledai POLS, 75 g",1.49,https://cdn.barbora.lt/products/1703b2f3-aa69-4310-9d33-e0adc6298f58_s.png
Maxima,"Karameliniai saldainiai ROSHEN SWEET DROP, 1 kg",3.29,https://cdn.barbora.lt/products/d4ad2ee8-a0a2-404a-910d-aacf248266c2_s.png
Maxima,"Konservuotas kačių ėdalas FELIX su mėsa padaže, 4 x 85 g, 340 g",1.43,https://cdn.barbora.lt/products/23bc206a-a7f3-4ad9-8d7c-6ecb9addc8dd_s.png
Maxima,"Visų grūdo dalių ruginė duona, 800 g, 800 g",1.95,https://cdn.barbora.lt/products/8a8592b3-93ad-4e38-9d10-ccd06ec784b8_s.png
Maxima,"Gazuotas gėrimas FANTA ORANGE, 330 ml",1.02,https://cdn.barbora.lt/products/8cfa3a1b-3ea1-4e7d-821d-a6ea35322297_s.png
Maxima,"Sūris su trumais WELL DONE PREMIUM, 50 % rieb. s. m., 180 g",4.29,https://cdn.barbora.lt/products/e9369912-aae7-4b16-a72d-732341ebefd1_s.png
Maxima,"Gazuotas gėrimas SPRITE, 330 ml",1.02,https://cdn.barbora.lt/products/8f6accb2-065e-43eb-a8fd-f255da073222_s.png
Maxima,"Makaronų padažas su pomidorais, keptais baklažanais ir sūdyta rikota WELL DONE PREMIUM, 300 g",2.99,https://cdn.barbora.lt/products/6efe43c7-59a8-4678-bef4-d2578a9ce6ae_s.png
Maxima,"Tepamasis RAMBYNO sūrelis su kietuoju sūriu, 50% rieb. s. m., 175 g",1.99,https://cdn.barbora.lt/products/0aff0689-a663-4b9a-9895-e4391c7eb63b_s.png
Maxima,"Saulėje džiovinti pomidorai WELL DONE PREMIUM, aliejuje, 530 g",3.99,https://cdn.barbora.lt/products/9e84704a-1dd6-42f8-8646-11f1a54adb51_s.png
Maxima,"Meduolių prieskoniai SANTA MARIA, 30 g",0.69,https://cdn.barbora.lt/products/14e5fe73-1224-4a36-8b6c-8a40e7b72a87_s.png
Maxima,"Makaronai DELVERDE FUSILLI Nr. 29 (sraigteliai), 500 g",1.09,https://cdn.barbora.lt/products/2d2d7ce6-127a-49aa-bef2-63e340c02ec8_s.png
Maxima,"Karštai rūkytas VILNIAUS servelatas, a. r., 100 g",1.05,https://cdn.barbora.lt/products/021fd4f6-cb31-4a16-b498-01f781d03126_s.png
Maxima,"Atšaldytos surimio lazdelės VIČI CLASSIC, 300 g",1.91,https://cdn.barbora.lt/products/2341f5ab-1997-42e2-a366-aac2137d791a_s.png
Maxima,"Zefyrai LAIMA, vanilės skonio, 200 g",1.32,https://cdn.barbora.lt/products/bb2fb16b-8f1e-4dc2-8782-2e6f09b663b0_s.png
Maxima,"Šiukšlių maišai 30l/20vnt.,HOME EXPERT, Juodi",1.29,https://cdn.barbora.lt/products/6350beec-37a2-4a4b-9cbe-ebdb88bae63a_s.png
Maxima,"Žolelių arbata ŽOLYNĖLIS NERVUS, 30 g",1.49,https://cdn.barbora.lt/products/8e64f990-965a-449d-880c-c3cb3270e472_s.png
Maxima,"Kečiupas HELLMANN'S CLASSIC, 485 g",1.79,https://cdn.barbora.lt/products/4fd26e07-270e-419e-bf48-0081ee6ad717_s.png
Maxima,"Viduržemio jūros prieskoninių žolelių mišinys SANTA MARIA, 12 g",0.49,https://cdn.barbora.lt/products/0bab6cb4-cdd2-4a92-9ff8-077c975b5f44_s.png
Maxima,"Mediniai dantų krapštukai, 200 vnt. Su minkšta dėžute",0.29,https://cdn.barbora.lt/products/3fc81431-a7c0-4964-805f-902fde521722_s.png
Maxima,"Pyragėliai CHOCO BROWNIE MILKA, 150 g",2.09,https://cdn.barbora.lt/products/c9e14fcd-a67b-4d2d-a987-75a55eb1c1a0_s.png
Maxima,"Indų ploviklis BALANCE, 900 ml",2.79,https://cdn.barbora.lt/products/0420dd24-327f-43b6-ae5e-8a8ac1e1e00e_s.png
Maxima,"Šokoladiniai vamzdeliai MILKA CHOCO LILA STIX, 112 g",1.65,https://cdn.barbora.lt/products/013224b7-3466-4128-9fe5-3c78a0d06fbc_s.png
Maxima,"Trašk.džiovint.sūrio kam. DŽIUGAS, grietinėl., svog.sk., 45%, 40 g",1.19,https://cdn.barbora.lt/products/9bce3192-7c13-4088-ba65-8e22bbe89558_s.png
Maxima,"Švelnus kečupas HELLMANN'S, 840 g",2.39,https://cdn.barbora.lt/products/e69300bd-75c5-4e41-9de5-4fdd6552a41e_s.png
Maxima,"Juodieji pipirai SANTA MARIA (žirneliai), 22 g",0.74,https://cdn.barbora.lt/products/57df700e-1502-4f78-8231-0f679c4cac7a_s.png
Maxima,"Dantų siūlas ORAL-B ESSENTIAL, mėtų skonio, 50 m.",2.39,https://cdn.barbora.lt/products/f2eb4907-df98-4fa9-a2fc-fbc1fe41b0bf_s.png
Maxima,"Kepti sūrio gabaliukai CAJUN JON-CHEDAR, 43 % rieb. s. m., 80 g",1.69,https://cdn.barbora.lt/products/d1512a37-902b-496d-bd3c-e51c3b344980_s.png
Maxima,"Lazdynų riešutai ARIMEX, 300 g",5.99,https://cdn.barbora.lt/products/2433a24d-5a85-42fb-b69e-9c85beb23941_s.png
Maxima,"Baltasis akytasis šokoladas ROSHEN AERATED, 80 g",1.01,https://cdn.barbora.lt/products/bd65855b-a1ee-4ab0-8c88-59a41c20c6dd_s.png
Maxima,"Konservuotas kačių ėdalas FELIX su žuvimi, 340 g",1.43,https://cdn.barbora.lt/products/2d4d6696-53e0-429d-8545-5b504ee1389c_s.png
Maxima,"Šviesi plikyta KLAIPĖDOS duona be pridėtinio cukraus, 400 g",1.09,https://cdn.barbora.lt/products/366da195-9a5c-4c28-a356-447056dce096_s.png
Maxima,"Dižono garstyčios WELL DONE PREMIUM, 210 g",1.79,https://cdn.barbora.lt/products/f957d420-348e-4abb-ab38-41b359639b4d_s.png
Maxima,"Šaldyti rudagalvių menkių piršteliai FINDUS, 420 g",2.99,https://cdn.barbora.lt/products/eada5a38-c873-4bdd-a1c5-fbc23e07bf3d_s.png
Maxima,"Salotų mišinys ROYAL WELL DONE, 100 g",0.89,https://cdn.barbora.lt/products/9b73d94b-fe69-4d3f-bf87-80911c21f574_s.png
Maxima,"Juodos alyvuogės be kauliukų WELL DONE, 270 g",1.39,https://cdn.barbora.lt/products/7438e86f-46d2-41ae-a607-5b4b7470e1df_s.png
Maxima,"Lukštentos moliūgų sėklos ARIMEX, 300 g",2.39,https://cdn.barbora.lt/products/c132554e-7adb-47a5-8728-29b02617cc78_s.png
Maxima,"Vaflių ritinėliai SELGA su obuolių sk. įdaru, cinamono sk., 160 g",1.65,https://cdn.barbora.lt/products/1efeb52d-83c8-47e5-a4ac-2b12c219b29f_s.png
Maxima,"Kvapnūs šiukšlių maišai HOME EXPERT, 35 l, 15 vnt, 15 vnt.",1.19,https://cdn.barbora.lt/products/eeaa0661-c5df-4e1c-8154-317343aa071c_s.png
Maxima,Ledinukas JOHNY BEE CANDY CANE 28g,0.49,https://cdn.barbora.lt/products/046102f4-c119-400b-99c7-073ea934fc61_s.png
Maxima,"Ek. visų grūdo d. makaronai DELVERDE FUSILLI,Nr.146(sraigt.), 500 g",1.19,https://cdn.barbora.lt/products/1cac5789-0940-4186-a7d6-1f4c94e61efb_s.png
Maxima,"Sausainiai JAFFA su obuolių, cinamono ir šokolado įdaru, 300 g",2.29,https://cdn.barbora.lt/products/7f1728c7-1440-4ab7-bcfc-f10f7d98292a_s.png
Maxima,"Maisto plėvelė UNIWELL, 50 m x 29 cm",1.99,https://cdn.barbora.lt/products/e222ca8c-0bf2-48a6-83d0-f0f8a434d9bb_s.png
Maxima,"Žaliosios alyvuogės ITLV su citrinų įdaru, 300 g",1.86,https://cdn.barbora.lt/products/aa2c57b7-2c91-4895-867d-c89081826c0e_s.png
Maxima,"Universalieji prieskoniai VEGETA, 75 g",0.55,https://cdn.barbora.lt/products/a3219b72-2a1a-48c6-a441-d723a58c563a_s.png
Maxima,"Atšaldytos krabų skonio lazdelės iš surimio WELL DONE, 300 g",1.69,https://cdn.barbora.lt/products/9d2aa8ae-9ad5-415f-a14a-0f805976d56d_s.png
Maxima,"Džiovintų daržovių mišinys (stambios frakcijos) SAUDA, 100 g",0.69,https://cdn.barbora.lt/products/f9a6b9d8-aa6f-48da-9d88-b5b7f84efaf2_s.png
Maxima,"Šviesi duona SCHAR PAN BLANCO be glitimo, 250 g",1.88,https://cdn.barbora.lt/products/3a6e1333-ecbf-4f01-8ad5-f5b50fa175bd_s.png
Maxima,"Prieskoniai VEGETA auksinei vištienai kepti, 20 g",0.48,https://cdn.barbora.lt/products/eae98278-1b1a-4fdf-9043-a3fa4485604f_s.png
Maxima,"Kačių ėdalas FELIX drebučiuose su mėsa, 320 g",1.55,https://cdn.barbora.lt/products/6f9f3d7c-5941-4308-b75b-6bb30ddc8fe2_s.png
Maxima,"Sausai brand. jautienos nugarinės kepsnys WELL DONE PREMIUM, 220 g",7.99,https://cdn.barbora.lt/products/c2bd503f-04a7-4f9d-8a75-5ac75e6e8fdd_s.png
Maxima,"Virtas liežuvio vyniotinis, a. r., 1 kg",8.19,https://cdn.barbora.lt/products/37f3ab22-29cd-421a-8415-a24e8285da08_s.png
Maxima,"Anakardžiai THE BEST OF ARIMEX, 250 g",4.79,https://cdn.barbora.lt/products/202a659d-01d4-46e8-a7dc-86c826b4fdfc_s.png
Maxima,"Ant. paštetas su juod. serb. WELL DONE PREMIUM, nerūš. gam., 80 g",1.69,https://cdn.barbora.lt/products/5b3c0423-c468-4cea-83a6-489802f09ae9_s.png
Maxima,"Vienkartiniai Puodeliai ILAJA WHITE, 230 ml 20 vnt.",1.49,https://cdn.barbora.lt/products/72cdbdc8-6aca-4152-9934-fbe48142d3fe_s.png
Maxima,"Figos šokolade WELL DONE PREMIUM, 120 g",3.99,https://cdn.barbora.lt/products/12867884-c113-4e18-9261-3d9c7d8610fa_s.png
Maxima,"Skustuvo galvutės VENUS Breeze, 8vnt.",22.99,https://cdn.barbora.lt/products/66079802-bc8a-4565-9c9c-672922f36505_s.png
Maxima,"Karštai rūkytos KABANOS kiaulienos dešrelės, II r., 220 g",2.39,https://cdn.barbora.lt/products/bdd572a9-dbeb-4616-8760-e6c693621fff_s.png
Maxima,"RAMBYNO lydytas tepamas sūrelis su juodaisiais trumais, 50 % rieb. s. m., 160 g",1.99,https://cdn.barbora.lt/products/89b26d72-b9a8-44b1-a3b9-76874165427c_s.png
Maxima,"Kačių ėdalas su paukštiena SHEBA, 1.02 kg",4.89,https://cdn.barbora.lt/products/33dc80ff-b3f1-4f2e-bce1-351ae43cfd23_s.png
Maxima,"Ikrų užtepėlė su lašiša WELL DONE, 160 g",1.99,https://cdn.barbora.lt/products/4cfc1892-8fb1-4c38-aa19-e7b4991fa65b_s.png
Maxima,"Karis SANTA MARIA, 25 g",0.49,https://cdn.barbora.lt/products/d57573ed-24fa-4c3c-b112-6d4dfe783dea_s.png
Maxima,Kepimo popierius karšto oro gruzdintuvėms,3.99,https://cdn.barbora.lt/products/ed84190c-132e-47b4-8a7f-cdcf88f2b2b6_s.png
Maxima,"Spagečiai DELVERDE, Nr. 4, 500 g",1.09,https://cdn.barbora.lt/products/635c0019-d73c-4646-82e7-3613c6694ac6_s.png
Maxima,"Sausai brand. jautienos antrekoto kepsnys WELL DONE PREMIUM, 220 g",7.99,https://cdn.barbora.lt/products/6c141281-28be-40e7-a24c-49c2c7156562_s.png
Maxima,"Kūčiukai JDC, 200 g",1.29,https://cdn.barbora.lt/products/429da798-4387-4a92-b0cb-60f25366c897_s.png
Maxima,"Kačių ėdalas SHEBA su žuvimi padaže, 340 g",2.3,https://cdn.barbora.lt/products/217668d8-de13-4e97-9be9-ba1a0de98e33_s.png
Maxima,"Kietasis sūris MEMEL PRUSSIA (riekelės), 45 % rieb. s. m., 150 g",1.99,https://cdn.barbora.lt/products/b50a1c7a-27ea-4c73-bea9-3b3239df8878_s.png
Maxima,"Apvaliagrūdžiai ryžiai GRALLA PREMIUM, 800 g",1.67,https://cdn.barbora.lt/products/84c0f74b-c74f-4e8c-b6d2-ded6c749c8b6_s.png
Maxima,"Cukrinių pabarstukų rinkinys DR.OETKER, 110 g",2.19,https://cdn.barbora.lt/products/249e8995-c569-4e7e-a341-fb861e40c9eb_s.png
Maxima,"Greitai paruošiami aštrūs ramenai SAM YANG CARBONARA, 130 g",1.79,https://cdn.barbora.lt/products/cad0a479-8bfa-4a4f-9544-c43e032d6832_s.png
Maxima,"Kamambero sūris WELL DONE PREMIUM, 45 % rieb. s. m., 150 g",1.99,https://cdn.barbora.lt/products/6afbdb5c-27b2-44b7-8a88-5786f0079b13_s.png
Maxima,"Mangų ir pasiflorų skonio jogurtin. ledai WELL DONE PREMIUM, 275 g",2.99,https://cdn.barbora.lt/products/16e08806-1db1-4ff4-8841-caa29139f0c5_s.png
Maxima,"Sūrūs šaukšteliai OLD TOWN BAKERY, 200 g",3.69,https://cdn.barbora.lt/products/4b1c0ade-f912-4f5b-9b37-aeab75e3d8aa_s.png
Maxima,"Žolelių arbata ŽOLYNĖLIS su melisų lapais ir liepų žiedais, 20 vnt.",1.19,https://cdn.barbora.lt/products/6fdcaa88-e7d5-4815-b6c2-6843c275e87f_s.png
Maxima,"Distiliuotas vanduo ROTZ, 4 l, 4 l",2.49,https://cdn.barbora.lt/products/acbff62e-497a-419b-abbf-32cf5bb3783c_s.png
Maxima,"Virtos dešrelės WELL DONE, a. r., 520 g",3.39,https://cdn.barbora.lt/products/6b876b65-f424-4999-9410-375bea6ead8b_s.png
Maxima,"Tepamas varškės kremas VILKYŠKIŲ  kefyro skonio, 15 % rieb., 150 g",0.99,https://cdn.barbora.lt/products/285e487b-fca8-4431-989b-0713c2a117a6_s.png
Maxima,"Šiukšlių maišai su rankenėlėmis (100 l, 10 vnt.), 10 vnt.",1.79,https://cdn.barbora.lt/products/a0ffa6cb-4537-4076-950e-99ac194fc866_s.png
Maxima,"Juodasis šokoladas WELL DONE PREMIUM SEA SALT, 100 g",2.79,https://cdn.barbora.lt/products/e1c14aea-e3aa-40d9-ad46-034ff1611e91_s.png
Maxima,"Vaisinė arbata ŽOLYNĖLIS su obuoliais ir cinamonu, 50 g",1.31,https://cdn.barbora.lt/products/1a0de3a6-cd82-4115-8cf2-048649345c74_s.png
Maxima,"Sausainiai SELGA, karamelės skonio, 180 g",1.15,https://cdn.barbora.lt/products/fb1dc03a-88af-4b62-9c65-4355a88b51e7_s.png
Maxima,"Didžiosios razinos JUMBO ARIMEX, 200 g",1.39,https://cdn.barbora.lt/products/f764dfdc-07f1-4a76-aa57-f2d9deb33213_s.png
Maxima,"Konservuotas visavertis kačių ėdalas SHEBA CUISINE, 4 x 85 g, 340 g",2.3,https://cdn.barbora.lt/products/808938cb-22bc-4440-838d-d485d8e62378_s.png
Maxima,"Sausai marinuotas kiaulienos sprandinės šašlykas BIOVELA, 800 g",6.49,https://cdn.barbora.lt/products/77186be2-be6a-4f17-a684-c6fb9b230e54_s.png
Maxima,"Razinos ARIMEX, 200 g",0.99,https://cdn.barbora.lt/products/1d745bc2-e33d-4c45-a3eb-edfdac77a463_s.png
Maxima,"Tepamasis RAMBYNO sūrelis su žalumynais, 50 % rieb. s. m., 175 g",1.99,https://cdn.barbora.lt/products/dec52b56-9a02-49dc-b9ed-c9e40f2ed1ef_s.png
Maxima,"Šaldymo maišeliai UNIWELL, 3 l, 1 vnt.",1.99,https://cdn.barbora.lt/products/c149d575-a9a6-4732-a961-dcb98604023c_s.png
Maxima,"Vaisinė arbata ŽOLYNĖLIS su mėtomis ir citrusiniais vaisiais, 50 g",1.31,https://cdn.barbora.lt/products/955d7fa7-ebab-43fa-b4de-5bb70c5aed8f_s.png
Maxima,"Vaisinė arbata ŽOLYNĖLIS su citrinomis ir imbiero šaknimi, 40 g",1.31,https://cdn.barbora.lt/products/7fcbdbf6-1da3-4902-97c8-f9c6eefbf82f_s.png
Maxima,"Gelsvauodegių tunų filė sūryme WELL DONE PREMIUM, 190 g",4.19,https://cdn.barbora.lt/products/fbff3076-c53b-482d-9d88-195c970de29d_s.png
Maxima,"Užtepėlė WELL DONE PREMIUM su džiovintais pomidorais ir rikota, 190 g",1.69,https://cdn.barbora.lt/products/c3bb1f09-27f5-47d6-80ef-caf65c8f8344_s.png
Maxima,"Kosmetiniai vatos pagaliukai BELLA, 160 vnt.",1.49,https://cdn.barbora.lt/products/9aae46c9-e7a0-4079-9cc9-71a43aa02700_s.png
Maxima,"Skystasis muilas EXO LINE, melionų kvapo, 1 l",1.45,https://cdn.barbora.lt/products/9d8f9439-14a5-4e39-bfa3-591797e0e7de_s.png
Maxima,"Greitai užšaldyti kalėdiniai pyragėliai su grybų įdaru, 400 g",2.49,https://cdn.barbora.lt/products/903e295a-a3ea-4ec1-afe3-fe15287c2187_s.png
Maxima,"Pekaninės karijos THE BEST OF ARIMEX, 250 g",5.39,https://cdn.barbora.lt/products/c3347df7-9ecf-41a7-98af-d74f1efbdb81_s.png
Maxima,"Raudonųjų apelsinų marmeladas WELL DONE PREMIUM, 360 g",2.69,https://cdn.barbora.lt/products/c5d873f4-8403-4469-af4d-4728d29fa42a_s.png
Maxima,"SENOLIŲ ruginė duona, 500 g",1.19,https://cdn.barbora.lt/products/9cae76d0-eefd-40f9-a92e-fa9c39e24e3b_s.png
Maxima,"Kepamosios dešrelės BRATWURST, a. r., 330 g",2.39,https://cdn.barbora.lt/products/065236d5-8695-4456-8075-92d6113e0a55_s.png
Maxima,"Šiukšlių maišai(140L,10vnt) HOME EXPERT, 40m",1.89,https://cdn.barbora.lt/products/042a9416-dd5e-42f4-b755-3c3037fc2dbd_s.png
Maxima,"Kepimo popierius UNIWELL, 6 m x 29 cm, 1 vnt.",0.79,https://cdn.barbora.lt/products/a94c09ae-b7e5-495c-8d78-f52ffb9d871a_s.png
Maxima,"Konservuotas kačių ėdalas FELIX su mėsa padaže, 340 g",1.43,https://cdn.barbora.lt/products/729cd16f-3486-4209-ae46-797939279059_s.png
Maxima,"Šald. migd. sausainiai MACAROONS WELL DONE PREMIUM, 12 vnt., 144 g",3.99,https://cdn.barbora.lt/products/63e5f6c2-9b2e-4f1d-9fb3-6b04baf1a215_s.png
Maxima,"Aliuminio folija UNIWELL, 30 m, 1 vnt.",3.49,https://cdn.barbora.lt/products/71e85191-e99e-49da-808b-624fe8d3cb98_s.png
Maxima,"Kietasis sūris DŽIUGAS (riekelės), brandintas 12 mėn., 40 % rieb. s. m., 150 g",1.79,https://cdn.barbora.lt/products/364c7fb5-300f-4f0b-84fe-2a5e0d2f1a68_s.png
Maxima,"Traškios lazdelės KLASIKINĖS SAULĖS GRŪDAS, 125 g",0.69,https://cdn.barbora.lt/products/2d777433-9105-4986-b19f-8c06cbd371f7_s.png
Maxima,"BASMATI ryžiai HIMALAYAN CROWN, 800 g",2.99,https://cdn.barbora.lt/products/577c8481-6ce3-4304-9bb8-d52b396e3d95_s.png
Maxima,"Česnakinis mėsos ir vištienos marinatas SANTA MARIA BBQ, 75 g",0.49,https://cdn.barbora.lt/products/4524fe77-8286-44ab-8559-8bbd59ebcf8d_s.png
Maxima,"Maltas Ceilono cinamonas WELL DONE, 50 g",1.39,https://cdn.barbora.lt/products/585cb8ef-c50f-435b-bc5f-863006df69cf_s.png
Maxima,"Imbieriniai sausainiai plastikinėje dėžutėje ANNAS, 400 g",4.99,https://cdn.barbora.lt/products/90bb129f-9cae-40cd-9c72-f59f2552b5c1_s.png
Maxima,"Sėklų mišinys duonai ARIMEX, 100 g",0.77,https://cdn.barbora.lt/products/8c0e6ec8-2467-4f7e-b6fd-a6c4bb1fa509_s.png
Maxima,"Skystasis muilas PALMOLIVE OLIVE & MILK, papildymas, 500 ml",3.29,https://cdn.barbora.lt/products/b4336e75-2c08-4c65-a713-64d124d71e29_s.png
Maxima,"Nealkoholinis UTENOS alaus kokteilis RADLER, greipfrutų sk., 500 ml",0.65,https://cdn.barbora.lt/products/43abc530-6f68-46bb-a3ed-fddbfbbdba7b_s.png
Maxima,"Sausainiai ANNA'S MUUMI, mėlynių ir vanilės skonio, 150 g",1.99,https://cdn.barbora.lt/products/595fd5aa-9357-4f79-995c-deff94641362_s.png
Maxima,"Kūčiukai CUKRINIAI AVINĖLIAI, 200 g",1.79,https://cdn.barbora.lt/products/9d75e25d-a8f9-403d-af57-5896c56cf76e_s.png
Maxima,"Šiukšlių maišai su rankenėlėmis (80 l , 10 vnt.), 10 vnt.",1.69,https://cdn.barbora.lt/products/5e599f3f-ad0b-42a3-9d99-12045240457e_s.png
Maxima,"Ruginės duonos traškučiai LINKOSUO, grietinės skonio, 150 g",1.99,https://cdn.barbora.lt/products/17684fd5-7eb9-4459-a66d-81143ea4a40b_s.png
Maxima,"Sausainiai MILKA CHOCO GRAINS, 126 g",1.35,https://cdn.barbora.lt/products/c6ee3901-4908-4831-b2d8-cd262d054158_s.png
Maxima,"Lėtai virta anties puselė su obuoliais ir spanguolių glaistu WELL DONE PREMIUM, 1 kg",7.49,https://cdn.barbora.lt/products/e19e983c-4f4e-4418-b697-23faa0bcd4ac_s.png
Maxima,"Picų prieskoniai SANTA MARIA, 5 g",0.49,https://cdn.barbora.lt/products/5f9415e0-0db0-4595-9814-86c4f1bef587_s.png
Maxima,"Provanso žolelės SANTA MARIA, 6 g",0.49,https://cdn.barbora.lt/products/6b86a5b2-c865-449e-a910-5c5a84180e38_s.png
Maxima,"Kepimo popierius UNIWELL, 6 m x 38 cm, 1 vnt.",1.29,https://cdn.barbora.lt/products/ff6f1158-4c0e-4747-a7ea-837215f0812c_s.png
Maxima,"Kepimo maišeliai su spasutukais UNIWELL, 8 vnt., 8 vnt.",1.49,https://cdn.barbora.lt/products/379a7b72-c36e-455e-b020-12ed61a9725d_s.png
Maxima,"Konservuotas kačių ėdalas SHEBA su paukštiena, 340 g",2.3,https://cdn.barbora.lt/products/1a338ddd-ad90-43c3-b3f1-d06c8a894f53_s.png
Maxima,"Juod.alyvuogės be kauliukų ITLV, 280 g",1.68,https://cdn.barbora.lt/products/0a56d12c-54ed-42b5-8651-357a5a07a1a4_s.png
Maxima,"Spanguolių arbatos koncentratas ŽOLYNĖLIS, 520 ml",4.19,https://cdn.barbora.lt/products/2427301f-80c1-4fb1-a1fc-f69c485d5713_s.png
Maxima,"Šviežios kiaulienos plonosios dešrelės WELL DONE, 400 g",2.09,https://cdn.barbora.lt/products/6cfbf2ef-a3b0-49fa-83f2-7e009eb3b1b5_s.png
Maxima,"Šaldyta atlantinių lašišų filė NOWACO su oda, 250 g",5.49,https://cdn.barbora.lt/products/d96c0783-8aea-4d30-8887-7eaca0881c1d_s.png
Maxima,"Grybų užtepėlė su silke WELL DONE PREMIUM, 180 g",2.99,https://cdn.barbora.lt/products/af1b43ff-59ec-4f44-83cf-d35c3dbfaa9e_s.png
Maxima,"Duonos traškučiai BON CHANCE, grietinės ir svogūnų skonio, 240 g",1.79,https://cdn.barbora.lt/products/5c0b4530-417d-41b4-ac77-2fcc8ec072fa_s.png
Maxima,"Kinrožių ir juodųjų serbentų arbata ŽOLYNĖLIS, 50 g",1.31,https://cdn.barbora.lt/products/a70c702f-a2ec-4df0-bbc3-bc37c002f27c_s.png
Maxima,"WC valiklis-gaiviklis BREF, 150 g",3.65,https://cdn.barbora.lt/products/18f2f028-1641-459f-9f0e-67a93bedddd3_s.png
Maxima,"Kvietinės tortilijos OLD EL PASO, 350 g",1.69,https://cdn.barbora.lt/products/84a2f713-a6fe-4403-b940-c9dccb782d1c_s.png
Maxima,"Nealkoholinis UTENOS alaus kokteilis RADLER, mangų skonio, 500 ml",0.65,https://cdn.barbora.lt/products/b422285c-f8f5-408d-a668-586ba3891d96_s.png
Maxima,"Klasikinis SUSLAVIČIAUS pomidorų kečupas, 500 g",1.68,https://cdn.barbora.lt/products/650d37cf-b4b8-445e-a736-dff360ea1516_s.png
Maxima,"Mėsos prieskoniai SANTA MARIA su priesk. žolel. ir česnakais, 20 g",0.49,https://cdn.barbora.lt/products/fbbdb47f-81bb-467f-8945-2ce89ab2a987_s.png
Maxima,"Gabalinis tualetinis muilas PALMOLIVE OLIVE & MILK, 90 g",0.99,https://cdn.barbora.lt/products/87d65d27-4a5c-4b4a-8a2b-79768df77e28_s.png
Maxima,"Lukštentos moliūgų sėklos ARIMEX, 100 g",1.29,https://cdn.barbora.lt/products/874d332b-ff2b-42f0-a9c9-5d408302d570_s.png
Maxima,"Virtos kiaulienos sardelės WELL DONE, a. r., 400 g",2.39,https://cdn.barbora.lt/products/c6d62b87-2c66-4234-b131-4a4c174c6d80_s.png
Maxima,"Apelsinų skiltelės šokolade WELL DONE PREMIUM, 150 g",4.79,https://cdn.barbora.lt/products/a2d62e28-82d7-4660-9091-cb359051d067_s.png
Maxima,"Konservuoti žalieji žirneliai BONDUELLE su morkomis, 400 g",1.19,https://cdn.barbora.lt/products/7057001e-06a3-434b-a783-34f90ea564c8_s.png
Maxima,"Salotų mišinys HARMONY WELL DONE, 100 g",0.89,https://cdn.barbora.lt/products/06d592d1-03c3-4991-8bfb-4e4ca599ebea_s.png
Maxima,"Pjaustyti artišokai WELL DONE PREMIUM su prieskoniais, aliejuje, 530 g",3.99,https://cdn.barbora.lt/products/6bc3209c-2033-4b10-82ea-624f0497dd59_s.png
Maxima,"Malti imbierai SANTA MARIA, 20 g",0.49,https://cdn.barbora.lt/products/96d5b4b8-d9a4-4eb6-b1dd-eb0843fecb92_s.png
Maxima,"Bambukiniai dantų krapštukai, 300 vnt., 300 vnt.",0.75,https://cdn.barbora.lt/products/83daf3de-6139-48f4-9dab-4aedb18cb7dc_s.png
Maxima,"Kepintų riešutų mišinys ARIMEX PREMIUM, 250 g",4.19,https://cdn.barbora.lt/products/ced3547f-628b-448c-abdc-b4bd07cacfd8_s.png
Maxima,"Šokoladinis apelsinas TERRY'S, apelsinų skonio, 145 g	",3.99,https://cdn.barbora.lt/products/e7789d2c-3b26-41ed-81c0-86633fa371a9_s.png
Maxima,"Makaronų padažas WELL DONE PREMIUM su pomidorais, skrudintomis pistacijomis ir rikota, 300 g",3.49,https://cdn.barbora.lt/products/89c54b49-5172-44b6-b310-41facd3dbe0a_s.png
Maxima,"Ekologiškas skalbiklis BALANCE (universalusis), 1.5 l",6.09,https://cdn.barbora.lt/products/71c706b4-fce9-49de-9661-a1d2c590a4c9_s.png
Maxima,"Zefyrai LAIMA, mėlynių skonio, 200 g",1.32,https://cdn.barbora.lt/products/b5385276-cb70-430f-af38-6d7c3f7c6f1f_s.png
Maxima,"Vištienos prieskoniai SANTA MARIA, 90 g",1.07,https://cdn.barbora.lt/products/6dd4a7c5-c255-4012-96fa-6b15e3d32992_s.png
Maxima,"Kepimo milteliai SAUDA, 100 g",0.45,https://cdn.barbora.lt/products/6638071a-fff2-48ae-8651-690735fd248d_s.png
Maxima,"Citrinų ir imbierų arbatos koncentratas ŽOLYNĖLIS, 520 ml",4.19,https://cdn.barbora.lt/products/87e96b0c-e315-403e-9cf3-0a9736987006_s.png
Maxima,"Vytinta dešra su trumais FUET WELL DONE PREMIUM, 150 g",2.49,https://cdn.barbora.lt/products/cda1cfd4-3b57-4e79-915e-5782db00d29c_s.png
Maxima,"K. r. vištienos ir kiaulienos KABANOS dešrelės, II r., 220 g",2.39,https://cdn.barbora.lt/products/a1c7f38d-885a-47f5-aae8-b360cc120355_s.png
Maxima,"Sausai marinuoti ISPANIŠKI kiaulienos sprandinės kepsneliai, 400 g",4.49,https://cdn.barbora.lt/products/abd10b3a-ebb2-4f8a-81e4-b005ffa983e7_s.png
Maxima,"Guminukai HARIBO FROHE WEIHNACHTE, 200 g	",1.79,https://cdn.barbora.lt/products/989524d3-a08a-4995-a7db-9e9601371f7d_s.png
Maxima,"Riešutų ir džiovintų uogų mišinys THE BEST OF ARIMEX VELVET, 140 g",2.39,https://cdn.barbora.lt/products/31c5316d-3162-41b2-a97b-cb4cea3e4cdb_s.png
Maxima,"Plakta grietinėlė PRESIDENT, 20 %, 250 g",1.99,https://cdn.barbora.lt/products/c32f8c0a-fd07-46e3-b928-fe854cb69c97_s.png
Maxima,"Konservuoti smulkūs žirneliai su morkomis BONDUELLE KIDS, 200 g",0.81,https://cdn.barbora.lt/products/a9fafde0-d22e-41f9-aec3-88583faea511_s.png
Maxima,"Juodieji pipirai žirneliais SAUDA, 100 g",1.6,https://cdn.barbora.lt/products/cfc1a40c-f0ac-46d0-82b6-e6f4f669285b_s.png
Maxima,"Juodasis šokoladas ROSHEN su sūdytais migdolais, 85 g",1.13,https://cdn.barbora.lt/products/d7b8ff9d-7459-42d4-bd7d-2b5c666f266f_s.png
Maxima,"Dušo želė PALMOLIVE NATURALS MACADAMIA, 500 ml",4.29,https://cdn.barbora.lt/products/623f47ff-f09e-439c-b31e-760c5069bb8f_s.png
Maxima,"Čederio sūris WELL DONE PREMIUM su karamelizuotų svogūnų čatniu, 48% rieb.s.m., 200 g",3.99,https://cdn.barbora.lt/products/63371a5b-58d5-40c6-bb80-347263a0704c_s.png
Maxima,"Džiovintos vyšnios ARIMEX, 100 g",2.29,https://cdn.barbora.lt/products/0faedf40-5757-40e3-b723-b117142c70e3_s.png
Maxima,"Viščiukų sparneliai FIESTA su česnakiniu marinatu ir kmynais, 850 g",3.49,https://cdn.barbora.lt/products/914b62ab-1923-4cbf-a1f4-d38b0fa1781b_s.png
Maxima,"Rūgštūs guminukai ROSHEN YUMMI GUMMI SOUR BELTS, 70 g",0.47,https://cdn.barbora.lt/products/975a9524-13f7-4c74-9804-5f0196f0d742_s.png
Maxima,"Ryžių užkandis CHAZZ SWEET CHILLI, 100 g",1.39,https://cdn.barbora.lt/products/20c70d67-8094-41db-80fd-64fca47ed80e_s.png
Maxima,"Sūriu įdarytos raudonos vyšninės paprikos WELL DONE PREMIUM, rapsų aliejuje, 250 g",3.69,https://cdn.barbora.lt/products/0084530b-6235-4bcc-9a57-9e1f412b66ee_s.png
Maxima,"Gvazdikėliai SANTA MARIA, 10 g",0.59,https://cdn.barbora.lt/products/1cea45fc-c4e3-478e-b29b-b7d91978c294_s.png
Maxima,"Prieskonių mišinys SAUDA (PERSILADAS), 80 g",0.62,https://cdn.barbora.lt/products/72a0862d-0e3a-426d-9082-eae616b93b94_s.png
Maxima,"Meduoliai FAZER su šokoladiniu glaistu, 175 g",1.65,https://cdn.barbora.lt/products/143fe2fd-457d-4dab-a30e-e161103cfd04_s.png
Maxima,"Gabalinis tualetinis muilas DOVE ORIGINAL, 90 g",1.25,https://cdn.barbora.lt/products/021e2dec-3279-4ee9-9226-1097bd8cf13c_s.png
Maxima,"Vištienos šašlykas FIESTA pipiriniame marinate, 680 g",4.49,https://cdn.barbora.lt/products/674ba93f-0047-452e-bb79-4394a67d18bc_s.png
Maxima,"Užspaudžiami maišeliai, 15 vnt., 15 vnt.",0.89,https://cdn.barbora.lt/products/39ae9e62-3b9e-4da9-9382-1fd9fe6e5729_s.png
Maxima,"Mot. vienkartiniai skustuvai GILLETTE VENUS, 6 vnt.",4.49,https://cdn.barbora.lt/products/43d0e7ee-de70-49f8-bb8f-66efed4d01c6_s.png
Maxima,"Anakardžiai ARIMEX, 300 g",4.15,https://cdn.barbora.lt/products/8e973038-230b-4dc0-8811-0eb2470f5548_s.png
Maxima,"Poliarinės duonelės STREET FOOD, 4 vnt., 180 g",1.69,https://cdn.barbora.lt/products/36343f5a-e8bd-468a-80cf-1cc1fdbcdfe9_s.png
Maxima,"Žolelių arbata ŽOLYNĖLIS imunitetui, 40 g",1.49,https://cdn.barbora.lt/products/9df51316-28c6-4f3b-8ac3-0b0aca69e9b1_s.png
Maxima,"Skystasis muilas PALMOLIVE MILK & HONEY, papildymas, 500 ml",3.29,https://cdn.barbora.lt/products/e0208dc0-05fc-4ba0-b211-420992cf1817_s.png
Maxima,"Šlapias tualetinis popierius BELLA NO1, 60 vnt.",1.95,https://cdn.barbora.lt/products/0a5d3668-e6f1-4185-bbb6-63152a9ef561_s.png
Maxima,"ŽOLYNĖLIO vaisinė arbata VASAROS SKONIS su miško uogomis, 20 vnt.",1.31,https://cdn.barbora.lt/products/ea516fb5-ecb0-4d1a-a86a-46905823848e_s.png
Maxima,"Brand. jautienos nugarinės kepsnys NEW YORK STRIP be kaulo, 240 g",7.49,https://cdn.barbora.lt/products/ae7a3a1f-5cab-402c-98d8-89e80c77c2a4_s.png
Maxima,"Imbieriniai sausainiai ANNA'S KALĖDINIAI NAMELIAI, 3 vnt., 250 g",3.99,https://cdn.barbora.lt/products/5dde3a8b-c7d4-412c-933a-fd4d9ad57d12_s.png
Maxima,"Pieninis šokoladas ROSHEN AERATED, 80 g",1.01,https://cdn.barbora.lt/products/305eb6bf-5a08-4a37-b396-8d9761d32a37_s.png
Maxima,"Dantų pasta LACALUT SENSITIVE, 75ml",3.99,https://cdn.barbora.lt/products/2f0ac0a3-ffa5-46bc-8950-720785e83655_s.png
Maxima,"Gazuotas mineralinis vanduo SAN PELLEGRINO, 500 ml",0.75,https://cdn.barbora.lt/products/c9ce7a3b-efec-4959-94fa-3a8567abe3a6_s.png
Maxima,"Drėgnosios antibakterinės servetėlės GO WIPES D-PANTH,60 vnt, 60 vnt.",2.39,https://cdn.barbora.lt/products/d069afc2-1e7c-445d-8e5d-651461132e99_s.png
Maxima,"Pekaninės karijos ARIMEX, 100 g",2.39,https://cdn.barbora.lt/products/6392a16e-c1bd-4410-a208-59c989e741d5_s.png
Maxima,"Antibakterinės servetėlės CLEANIC, 15 vnt.",0.99,https://cdn.barbora.lt/products/b2c55ed7-ed89-4606-b5b2-686bc6000987_s.png
Maxima,"Nealkoholinis baltas vynas VORUTA Winterspice su imbierais,0,75l ",3.49,https://cdn.barbora.lt/products/e9e20737-3a1b-46d7-b5e3-fab1d57e22a5_s.png
Maxima,"Žemės riešutai traškioje luobelėje JĖGA su svogūnais, 200 g",1.19,https://cdn.barbora.lt/products/cdb05471-ead1-47d9-bae7-26e1750e65a7_s.png
Maxima,"Sausainiai „Kalėdiniai elniukai“, 200 g",1.99,https://cdn.barbora.lt/products/032de843-434b-4bd3-ab52-4ada7d67fb8d_s.png
Maxima,"VILNIAUS DUONOS arbatiniai traškučiai IMK, 300 g",1.49,https://cdn.barbora.lt/products/088da93f-91d9-4a17-b6b9-87758e366d18_s.png
Maxima,"Sūdyta silkių filė WELL DONE aliejuje, 450 g",2.03,https://cdn.barbora.lt/products/42f480dc-879b-4a16-9461-8550ca761500_s.png
Maxima,"Skandinaviška silkių filė WELL DONE, 700 g",3.17,https://cdn.barbora.lt/products/7b1b95c8-e2b2-492f-aebc-b3d767aa95d3_s.png
Maxima,"Šaldyti kubeliais pjaustyti baravykai ADEX LT, 300 g",5.49,https://cdn.barbora.lt/products/d9297cca-7c15-4a2c-a105-422c5f506527_s.png
Maxima,"Konservuotas kačių ėdalas FELIX su triušiena, 85 g",0.43,https://cdn.barbora.lt/products/50913370-cf8d-495f-bc2d-d577f1a789dc_s.png
Maxima,"Ryžių užkandis CHAZZ, pomidorų skonio, 100 g",1.39,https://cdn.barbora.lt/products/b2ace2a4-72da-42fe-949b-77b3c9451307_s.png
Maxima,"Meduoliai FAZER, pieninio šokolado ir apelsinų skonio, 175 g",1.65,https://cdn.barbora.lt/products/33565f62-56b4-46de-8397-077251e55153_s.png
Maxima,"Šaldytos krevetės BUTTERFLY WELL DONE PREMIUM, 225 g",2.99,https://cdn.barbora.lt/products/b8898f38-ce3f-47e2-880d-538b1dac4b23_s.png
Maxima,"SKANDINAVIŠKA atlantinių silkių filė NORVELITA, 210 g",1.39,https://cdn.barbora.lt/products/054d48e2-82aa-418a-94a8-caebf2f3bc54_s.png
Maxima,"Popieriniai rankšluosčiai GRITE WHITE RABBIT (2 sluoksnių), 1 vnt.",5.29,https://cdn.barbora.lt/products/baf77c52-86fe-4ab0-a96c-988a31b40ec0_s.png
Maxima,"Imbierinė tešla su medumi ir mandarinais, 500 g",2.99,https://cdn.barbora.lt/products/2968f8be-c6b9-48e7-b5ac-e8be8319a144_s.png
Maxima,"Bio.skaidūs šiukšlių maišai,10L,10vnt.",1.39,https://cdn.barbora.lt/products/aef09936-d6b7-42d7-a186-4614b8ae1da0_s.png
Maxima,"Popieriniai sumuštinių maišeliai LET'S COOK, 50 vnt., 50 vnt.",0.99,https://cdn.barbora.lt/products/253b466f-fcb3-419d-9795-e4d9112a3f39_s.png
Maxima,"Dantų šepetėlis JORDAN CLEAN SMILE SOFT, 1 vnt.",1.69,https://cdn.barbora.lt/products/cda40288-5248-4086-9e63-d5bb14ca8a56_s.png
Maxima,"Virtos pieniškos dešrelės, 250 g",1.65,https://cdn.barbora.lt/products/5c19418c-d1d2-41ff-a275-11c6bb226ca7_s.png
Maxima,"Saldžios rūkytos raudonosios paprikos SAUDA, 60 g",0.83,https://cdn.barbora.lt/products/e2935885-f7e0-43f6-ae62-6d92117fc557_s.png
Maxima,"Šiukšlių maišai HOME EXPERT, 60 l, 77 x 60 cm, 18 vnt, 18 vnt.",0.99,https://cdn.barbora.lt/products/8a7f9463-1a15-4cdd-a039-4d869b8c2642_s.png
Maxima,"Brandintas gaudos sūris WELL DONE PREMIUM, pjaustytas, ne mažiau kaip 48 % rieb. s. m., 120 g",2.49,https://cdn.barbora.lt/products/e45fe791-48bc-43e0-8132-7ac62d647625_s.png
Maxima,"Mini kūčiukai GARDĖSIS, 200 g",1.69,https://cdn.barbora.lt/products/5b948901-2090-41b3-8573-ab61f9424c67_s.png
Maxima,"Lydytas sūris su trumais VILVI MEMEL BLUE, 40 % rieb., 140 g",1.49,https://cdn.barbora.lt/products/80fddf4a-b36a-4176-9c70-6375aaaa8e7e_s.png
Maxima,"Bertoletijų riešutai ARIMEX, 100 g",2.85,https://cdn.barbora.lt/products/f9803186-32a4-4fab-84c0-bd4cca978124_s.png
Maxima,"Džiovinti abrikosai ARIMEX, 300 g",4.89,https://cdn.barbora.lt/products/7465bc0f-bfdb-480c-bdb9-210e5449a82b_s.png
Maxima,"Bulvių prieskoniai SANTA MARIA, 350 g",2.49,https://cdn.barbora.lt/products/e8d4b1b3-b9ff-49fe-8674-8fea45a8a2bb_s.png
Maxima,"Rozmarinai SANTA MARIA, 15 g",0.49,https://cdn.barbora.lt/products/9363a902-c10b-41cd-a002-9a97538b9dbb_s.png
Maxima,"Zefyrai LAIMA, aviečių skonio, 200 g",1.32,https://cdn.barbora.lt/products/cce1724f-e183-48ae-9199-2d099c43598e_s.png
Maxima,"Nealk. UTENOS alaus kokteilis RADLER, aviečių ir citrinų sk., 500 ml",0.65,https://cdn.barbora.lt/products/2b2892a9-827e-4804-92ba-402e7495cdfe_s.png
Maxima,"Kepimo aliejus LA ESPANOLA, 1 l",3.89,https://cdn.barbora.lt/products/583d8cd7-8451-490c-be83-db319f007122_s.png
Maxima,"Trikampio formos kukurūzų trapučiai SAULĖS GRŪDAS, RANCH skonio, 60 g",0.75,https://cdn.barbora.lt/products/3e477c89-e761-4610-9da6-8a1d5316008b_s.png
Maxima,"Graikiniai riešutai ARIMEX, 300 g",3.49,https://cdn.barbora.lt/products/f0298726-9c4c-4fa9-97f3-ad92ef26c959_s.png
Maxima,"Natūralus jogurtinis gėrimas ACTIMEL, 4 x 100 g, 1,5 % rieb., 400 g",1.99,https://cdn.barbora.lt/products/81f59f90-0a90-4f61-a452-98dacc34f2f2_s.png
Maxima,"Kepintos ir sūdytos pistacijos ARIMEX PREMIUM, 250 g",4.18,https://cdn.barbora.lt/products/6fa796f8-e3d4-4e9c-a8cc-b0ab32ba2db6_s.png
Maxima,"Indaplovių gelis BALANCE, 500 ml",4.19,https://cdn.barbora.lt/products/a0fe8ac0-90b8-44d0-8e98-06a0542c21fa_s.png
Maxima,"Džiovintos petražolės SAUDA, 50 g",0.62,https://cdn.barbora.lt/products/a7a16828-9883-4332-84d8-0f6dac3dc3c0_s.png
Maxima,"Vaisinė arbata ŽOLYNĖLIS su persikais ir citrinomis, 20 vnt.",1.31,https://cdn.barbora.lt/products/0ed51248-8b45-4dc8-8bb3-4a21d7ffa76d_s.png
Maxima,"Glaistytas vanilinis plombyras POLS, 75 g",1.49,https://cdn.barbora.lt/products/cdc85cd2-050e-46c5-a2df-cbcfb10bee86_s.png
Maxima,"Daržovių traškučiai CHAZZ, jūros druskos skonio, 75 g",1.35,https://cdn.barbora.lt/products/71481ffb-1d40-42ee-a062-015f584c6c6b_s.png
Maxima,"Sūdyta lašiša WELL DONE PREMIUM, 500 g",11.99,https://cdn.barbora.lt/products/d447078b-2435-4a31-b577-c3cc9139e328_s.png
Maxima,"Liofilizuotos avietės baltajame šokolade WELL DONE PREMIUM, 80 g",3.19,https://cdn.barbora.lt/products/3247f322-d1e3-4633-9a63-f9fef2102bbe_s.png
Maxima,"Maltos mėsos prieskoniai SAUDA, 100 g",0.55,https://cdn.barbora.lt/products/78dc439c-4acd-445c-8bd9-b24f0e2cf97f_s.png
Maxima,"Vaikiška dantų pasta JORDAN vaisių skonio,6-12 metų, 50 ml",2.79,https://cdn.barbora.lt/products/d5235135-f9ad-4a70-b926-606280d9c708_s.png
Maxima,"MOTULĖS tamsi duona, 450 g",1.59,https://cdn.barbora.lt/products/65c7d629-9765-464b-a810-4625a79d9bd6_s.png
Maxima,"Imbieriniai kūčiukai JDC, 180 g",1.69,https://cdn.barbora.lt/products/963e7556-13b7-4f7c-ae35-d1a7c0263e37_s.png
Maxima,"Šaldytas grybų mišinys HORTEX JULIENNE, 400 g",3.19,https://cdn.barbora.lt/products/eba9d310-88af-4d00-ba60-bae05dfe5e2b_s.png
Maxima,"K. r. dešrelės TARCZYNSKI KABANOSI su vištiena. II r., 50 g",0.79,https://cdn.barbora.lt/products/62a6cec5-e0e4-41f1-b140-cdd1e4fc7fd7_s.png
Maxima,"Maisto dekoravimo glajus DR. OETKER, baltas, 140 g",2.09,https://cdn.barbora.lt/products/97b10587-101b-4232-8c2a-2638d72541fe_s.png
Maxima,"Sūrio skonio lazdelės WELL DONE PREMIUM, 100 g",1.99,https://cdn.barbora.lt/products/73b6d0d3-1652-49fe-999e-fb6acdb5633f_s.png
Maxima,"Traškios lazdelės SAULĖS GRŪDAS su svogūnais, 125 g",0.69,https://cdn.barbora.lt/products/8595da94-ff97-4362-bb23-65403352c56f_s.png
Maxima,"Druska SANTA MARIA, 92 g",0.79,https://cdn.barbora.lt/products/b2d05aa8-0f8f-4c43-aec3-d7b2f125e19e_s.png
Maxima,"Maltos aguonos be cukraus ALVO, 300 g",2.39,https://cdn.barbora.lt/products/1c5c5565-37c5-403f-aade-7fce8a3edc98_s.png
Maxima,"Mėsos prieskoniai SANTA MARIA, 35 g",0.54,https://cdn.barbora.lt/products/9dcbc1c9-e57e-48bc-83cb-9fbfb89bb38a_s.png
Maxima,"Dantų pasta LACALUT WHITE, 75ml",4.79,https://cdn.barbora.lt/products/d4d1e61d-3746-41ec-95d7-cda6a5f9c751_s.png
Maxima,"Užrišami šiukšlių maišai HOME EXPERT (20 l), 20 vnt.",1.69,https://cdn.barbora.lt/products/fe24679a-b9a1-4816-bdc6-abd50d264f03_s.png
Maxima,"Prieskonių mišinys VEGETA, 250 g",1.74,https://cdn.barbora.lt/products/358b0c9e-0a9d-46c0-bfcd-1817d960ac87_s.png
Maxima,"K.r. dešrelės TARCZYNSKI KABANOSI su aitr. paprikomis, IIr., 105 g",1.49,https://cdn.barbora.lt/products/587279a4-e789-438b-987a-d2772e95455b_s.png
Maxima,"Duonos traškučiai BON CHANCE, trijų rūšių sūrio skonio, 120 g",1.19,https://cdn.barbora.lt/products/4c97ad0b-1c74-4dd3-a1e3-49f8df64cc22_s.png
Maxima,"Duonos traškučiai BON CHANCE, grietinės, svogūnų laiškų sk., 120 g",1.19,https://cdn.barbora.lt/products/1d1671e5-3e23-4725-b9bd-b3b329bdfe66_s.png
Maxima,"Džiovinti krapai SAUDA, 15 g",0.38,https://cdn.barbora.lt/products/c8397efc-807a-4eab-9abb-cceec914a8ed_s.png
Maxima,"Ruginės duonos traškučiai LINKOSUO, česnakų skonio, 150 g",1.99,https://cdn.barbora.lt/products/98168445-28b8-4597-bd9f-05fc9deb7add_s.png
Maxima,"Konservuotas kačių ėdalas FELIX su vištiena, 85 g",0.43,https://cdn.barbora.lt/products/812cab15-fae4-483d-aad0-67d275b0bb7f_s.png
Maxima,"Imbieriniai sausainiai ANNA'S, apelsinų skonio, 300 g",2.99,https://cdn.barbora.lt/products/d121518e-03df-4bc6-a3f9-b38396711862_s.png
Maxima,"Bulvių traškučiai LAY'S, sūrio ir spanguolių skonio, 130 g",1.69,https://cdn.barbora.lt/products/cbaee1d8-516b-416d-aec8-0046ccfa44ff_s.png
Maxima,"Anakardžiai ARIMEX, 100 g",1.59,https://cdn.barbora.lt/products/ce9b211e-b8c8-4694-97de-1640feab14f1_s.png
Maxima,"Ypač tyras alyvuogių aliejus LA ESPANOLA, 1 l",9.29,https://cdn.barbora.lt/products/3c256d48-87c5-42e1-8356-45f3c969ea54_s.png
Maxima,"Sausainiai SELGA, bananų skonio, 180 g",1.15,https://cdn.barbora.lt/products/8dbf1477-c81f-4e3d-be34-1052061df4f5_s.png
Maxima,"BASMATI ryžiai MITHAS, 1 kg",3.25,https://cdn.barbora.lt/products/34cdd0d8-29ab-4319-9201-e08c59b7f2d6_s.png
Maxima,"Užrišami šiukšlių maišai HOME EXPERT, 70 l, 12 vnt.",1.99,https://cdn.barbora.lt/products/9205e52c-65c9-451f-ac45-6339edd84076_s.png
Maxima,"Brandintas jautienos antrekoto kepsnys RIB EYE be kaulo, 240 g",7.49,https://cdn.barbora.lt/products/e8a3c861-8412-41d4-b53a-eb6794e80012_s.png
Maxima,"Kalifornijos migdolai THE BEST OF ARIMEX, 250 g",4.19,https://cdn.barbora.lt/products/f7e84880-2437-427d-b01c-a256664ae203_s.png
Maxima,"Saldainiai LAIMA MILK TOFFEE, 1 kg",7.69,https://cdn.barbora.lt/products/f81896d6-b0f4-4203-bbc5-afa4956e3d16_s.png
Maxima,"Mėlynas glajus, 100 g",1.29,https://cdn.barbora.lt/products/639cd912-bec4-44c5-8312-d58bf925ba95_s.png
Maxima,"Dantų pasta COLGATE CAVITY PROTECTION WHITENING, 75 ml",1.59,https://cdn.barbora.lt/products/a24f2960-f46a-4f1e-a449-5857649dca2f_s.png
Maxima,"Pjaustytas vytintas čiorisas ESPANA, I r., 80 g",1.39,https://cdn.barbora.lt/products/614ad8a9-a9c8-4701-9f74-9987d3e1e959_s.png
Maxima,"Skystasis muilas NIDA su bruknių ekstraktu, papildymas, 500 ml",1.89,https://cdn.barbora.lt/products/c2255254-3cff-4aa8-a25d-74b2ad1ed590_s.png
Maxima,"SKANDINAVIŠKA silkių filė, 1.3 kg",5.99,https://cdn.barbora.lt/products/907f2269-c15b-4817-a410-d1439662f327_s.png
Maxima,"Skystas muilas PALMOLIVE NATURALS Coconut & Milk, 500 ml",3.49,https://cdn.barbora.lt/products/6d5420a9-fb5d-4e48-861f-4822e3464b99_s.png
Maxima,"Minkšti kūčiukai su juoduoju šokoladu JDC, 180 g",1.89,https://cdn.barbora.lt/products/e8e3dc76-2cf5-49c0-a1b2-411101c9e55b_s.png
Maxima,"Kepti sūrio gabaliukai TZATZIKI, CHILLI JON-CHEDAR, 42 % rieb. s. m., 80 g",1.69,https://cdn.barbora.lt/products/63cf4c33-b010-4e79-9429-f6f11f5ce71d_s.png
Maxima,"Prieskoninių daržovių mišinys VEGETA NATUR be maisto priedų, 150 g",1.32,https://cdn.barbora.lt/products/8f528478-afdb-47f4-bc8a-c837be3b20f9_s.png
Maxima,"Ožkų ir karvių pieno sūris GUDBRANDSDALEN TINE, 35% rieb.s.m, 250 g",3.99,https://cdn.barbora.lt/products/21101ae4-c452-49c1-a3e8-c55246b08435_s.png
Maxima,"Bulvyčių prieskoniai VEGETA, 20 g",0.48,https://cdn.barbora.lt/products/921e4164-60f8-46b4-a5fc-d040bea60b23_s.png
Maxima,"Juodosios alyvuogės KALAMATA WELL DONE, 220 g",1.65,https://cdn.barbora.lt/products/be499ce3-9062-4a31-8d41-ea30ebe2dfeb_s.png
Maxima,"Juodasis akytasis šokoladas ROSHEN AERATED, 80 g",1.01,https://cdn.barbora.lt/products/3bc45d1d-419d-4925-872a-7e984b86ef18_s.png
Maxima,"Mini čioriso ir FUET Vytintų dešrelių rinkinys WELL DONE PREMIUM, 140 g",2.89,https://cdn.barbora.lt/products/31ac0047-4cc0-4fb8-883d-7229405a4cbe_s.png
Maxima,"Trikampiai kukurūzų trapučiai SAULĖS GRŪDAS, BBQ skonio, 60 g",0.75,https://cdn.barbora.lt/products/dd9f6ec0-ccb6-4357-a66a-4116047ace31_s.png
Maxima,"OMG Bubble Tea dovanų dėžutė – 4 gėrimai (265 ml)

 ",6.99,https://cdn.barbora.lt/products/f890456e-89f3-4ae2-85ed-64ba509c84c9_s.png
Maxima,"VILNIAUS DUONOS arbatiniai traškučiai IMK, 250 g",1.39,https://cdn.barbora.lt/products/21aec857-247a-4f74-8fda-7bd8c6ad93cc_s.png
Maxima,"Sirupų rinkinys MONIN kavai, 50 ml x5",8.99,https://cdn.barbora.lt/products/096b66c9-a0c2-49e8-a90c-c1ea2f6d6881_s.png
Maxima,"Kūčiukai LIETUVOS KEPĖJAS, 300 g",1.79,https://cdn.barbora.lt/products/08ba56fd-fdcc-4cac-bc4e-6451d5a6d7ac_s.png
Maxima,"Saldainių rinkinys ROSHEN. KALĖDINIS VAINIKAS, 350 g	",3.49,https://cdn.barbora.lt/products/5185ffec-c6c6-4280-8d93-05e254111ab3_s.png
Maxima,"Kepimo rankovė 3 m x 29 cm, 1 vnt.",0.69,https://cdn.barbora.lt/products/275b296b-de5d-4851-9c88-e40b02d9d096_s.png
Maxima,"Vatos pagalvėlės BELLA COTTON, 140 vnt.",1.59,https://cdn.barbora.lt/products/10ac8544-acec-43a7-9a32-a08d5fd3d1e7_s.png
Maxima,"Sūdyta silkių filė WELL DONE su marinuotais svogūnais, 200 g",1.31,https://cdn.barbora.lt/products/a64dc1a4-4967-4978-aa62-4fbffcb8e688_s.png
Maxima,"Slyvos su juoduoju šokoladu RŪTA, 120 g",3.49,https://cdn.barbora.lt/products/6076625d-8fba-47d1-bc9e-d2faa2ce6e4f_s.png
Maxima,"Garstyčios su medumi WELL DONE PREMIUM, 235 g",1.79,https://cdn.barbora.lt/products/4120e9c4-fa81-4fba-9963-73fc2fe4e09b_s.png
Maxima,"Vištienos prieskoniai SANTA MARIA, 275 g",2.44,https://cdn.barbora.lt/products/647f2789-ea48-4839-ac28-393423b716da_s.png
Maxima,"Pieninio šokolado saldainiai su pieniniu kremu SORINI, 1 kg",11.99,https://cdn.barbora.lt/products/b2b0ff17-6443-437d-9c5b-c4b40df62d98_s.png
Maxima,"Spanguolės su juoduoju šokoladu RŪTA, 100 g",2.79,https://cdn.barbora.lt/products/137cfc81-5985-42ef-a5ec-1c7de7cff0c0_s.png
Maxima,"Užrišami šiukšlių maišai HOME EXPERT, 100 l, 10 vnt.",1.89,https://cdn.barbora.lt/products/dae6d0bd-d6c1-43aa-99f4-0e5a82b15624_s.png
Maxima,"Žolelių arbata ŠALTUKUI PASPAUDUS, vaikams, 30 g",1.19,https://cdn.barbora.lt/products/5d371f89-5327-4471-a8eb-8ed9da465fba_s.png
Maxima,"Sausainiai MILKA su pien. šokolado gab. ir pieninio šok. įd., 156 g",1.95,https://cdn.barbora.lt/products/696d5b47-3df5-4ac2-9bbf-358458a6c87c_s.png
Maxima,"Makaronai DELVERDE (geldelės), 500 g",1.19,https://cdn.barbora.lt/products/580a1eea-917a-4afa-8b88-7655bd2df7fe_s.png
Maxima,"Sausainiai VARPELIAI, 200 g",1.99,https://cdn.barbora.lt/products/960106ef-003f-4e7b-b082-522ce01a1059_s.png
Maxima,"Kepintos ir sūdytos pistacijos THE BEST OF ARIMEX, 100 g",2.29,https://cdn.barbora.lt/products/c9b37774-e5ca-436b-94ea-dafd8502362f_s.png
Maxima,"Saldainių rinkinys CELEBRATIONS, 550 g	",10.99,https://cdn.barbora.lt/products/474445de-1745-406a-a83d-78efe957d078_s.png
Maxima,"Skystasis spalvotų audinių skalbiklis RINGUVA PLIUS, 2 l",5.49,https://cdn.barbora.lt/products/598870bb-c3b9-4c0b-9c6a-d03d90d98f6e_s.png
Maxima,"Buritų prieskonių mišinys SANTA MARIA TEX MEX, 28 g",0.64,https://cdn.barbora.lt/products/b2bed79e-02cb-43a4-9a43-186bc21bbb46_s.png
Maxima,"Imbieriniai sausainiai ANNA'S, irisų skonio, 150 g",1.99,https://cdn.barbora.lt/products/0c2dd501-6614-49fc-84b5-54700722d24c_s.png
Maxima,"KETO duona su sėklomis be glitimo, 180 g",1.99,https://cdn.barbora.lt/products/c9b267b0-3ca3-44cd-bf0b-49afcf98ac8e_s.png
Maxima,"Sausainiai su sūriu WELL DONE PREMIUM, 80 g",1.59,https://cdn.barbora.lt/products/700fca30-4e01-45a2-9e45-a45d1f3ca5c0_s.png
Maxima,"Ypač švelnus alyvuogių aliejus LA ESPANOLA, 500 ml",4.95,https://cdn.barbora.lt/products/25972372-face-4a78-abb7-538ccb2c5059_s.png
Maxima,"Konserv. kačių ėdalas FELIX su žuvimi padaže,4x85g, 340 g",1.43,https://cdn.barbora.lt/products/32fc5777-56cd-4516-b9ea-878ecfa3a025_s.png
Maxima,"Bulguras GRALLA, 400 g",0.77,https://cdn.barbora.lt/products/71ab3800-7e30-46c3-9cbb-083c87e756f5_s.png
Maxima,"Citrininis pyragas, 375 g",2.69,https://cdn.barbora.lt/products/87cf751b-96c1-480b-a9d4-ebef5b526e19_s.png
Maxima,"Smulkintas pelėsinis sūris MEMEL BLUE, 50 % rieb. s. m., 100 g",1.59,https://cdn.barbora.lt/products/65bda014-af15-4e51-9c7d-1450eb478f38_s.png
Maxima,"Kuminas SANTA MARIA, 20 g",0.59,https://cdn.barbora.lt/products/a1592d76-4718-4e6b-9fd2-ce3c242194ab_s.png
Maxima,"Saldainiai PERGALĖ MAGIC OF WINTER, 180 g	",2.99,https://cdn.barbora.lt/products/0cb381e2-ff1e-4a27-a4af-18a60739dfc6_s.png
Maxima,"Sausainiai MILKA CHOCO JAFFA su apelsinų skonio įdaru, 147 g",1.65,https://cdn.barbora.lt/products/76a72554-c317-4692-932a-ed28a50d1b74_s.png
Maxima,"Maskarponė be laktozės GRANAROLO, 41 % rieb. s. m., 250 g",2.29,https://cdn.barbora.lt/products/58263b3e-438e-4b42-8acc-91d85a9eb4aa_s.png
Maxima,"Dantų pasta COLGATE MAX FRESH COOLING CRYSTALS, 75 ml",3.49,https://cdn.barbora.lt/products/38b8286c-f207-44ba-92b1-f121b3b5b108_s.png
Maxima,"Kūčiukai su kanapių ir aguonų sėklomis, 180 g",1.29,https://cdn.barbora.lt/products/77da68fb-21ca-4417-b30a-4212fb91679c_s.png
Maxima,"Drėgnosios antibakterinės servetėlės GOWIPES, 50 vnt., 50 vnt.",2.99,https://cdn.barbora.lt/products/1b4c92de-04d6-4db2-a2de-2546a9b6c271_s.png
Maxima,"Sūdyta silkių filė WELL DONE su baravykais, 200 g",1.31,https://cdn.barbora.lt/products/df856af8-f04e-4d46-af2d-9de98bf13c94_s.png
Maxima,"Grybų užtepėlė su šamu WELL DONE PREMIUM, 180 g",3.99,https://cdn.barbora.lt/products/a3f45b76-729a-45ae-b5fe-31af03e9ebfb_s.png
Maxima,"Citrininiai žuvies prieskoniai SANTA MARIA, 23 g",0.57,https://cdn.barbora.lt/products/d3d4d87a-3de9-4fe4-9d18-86b3e5dc1e82_s.png
Maxima,"Bananų traškučiai SEEBERGER, 150 g",1.79,https://cdn.barbora.lt/products/9f7c2448-cdce-4b3a-b9cc-2410690f3e30_s.png
Maxima,"Atšaldytos surimio lazdelės VIČI KAMA, 180 g",1.79,https://cdn.barbora.lt/products/43067374-6b34-46dc-9a6c-38fcdd6b6c01_s.png
Maxima,"Skystasis muilas EXO LINE, papajų kvapo, 1 l",1.45,https://cdn.barbora.lt/products/b4cb3283-607d-4a6c-b2d5-9e3e7177d3d2_s.png
Maxima,"Šokoladinis Kalėdų Senelis MILKA, 45 g	",1.59,https://cdn.barbora.lt/products/99fb1b8d-1cda-43f3-9b5d-3137759915c3_s.png
Maxima,"Juodasis šokoladas WELL DONE PREMIUM GINGER & BLACKBERRY, 100 g",2.79,https://cdn.barbora.lt/products/19fce228-2ffb-4c58-93e8-64d0a8e41bcb_s.png
Maxima,"Malti juodieji pipirai SANTA MARIA, 16 g",0.74,https://cdn.barbora.lt/products/0c98df24-08ee-4ed8-8404-b01663a551ac_s.png
Maxima,"Gelsvauodegių tunų filė alyvuogių aliejuje WELL DONE PREMIUM, 190 g",4.19,https://cdn.barbora.lt/products/dbfcded3-002c-42ba-90d8-5bcee958c4cf_s.png
Maxima,"Universalusis marinatas SANTA MARIA BBQ, 75 g",0.47,https://cdn.barbora.lt/products/729f0de7-7a02-4e56-9847-8b64aac98fe4_s.png
Maxima,"Kepsnių prieskoniai SANTA MARIA, 30 g",0.49,https://cdn.barbora.lt/products/ad9e6038-1e04-44de-ae62-4e6a1c6e89a1_s.png
Maxima,"Int. hig. prausiklis MARGARITA su alavijais, 400 ml",3.49,https://cdn.barbora.lt/products/801d4e41-cd0c-4a6d-b543-b686d5854af6_s.png
Maxima,"Takų prieskoniai SANTA MARIA su aitriosiomis paprikomis, 28 g",0.84,https://cdn.barbora.lt/products/d5d1f311-7a98-4801-a10c-b213fd5e5762_s.png
Maxima,"Šaldyta rudagalvių menkių filė FINDUS su citrinom. ir žolel., 250 g",2.21,https://cdn.barbora.lt/products/f523043a-6fd8-446c-a866-6adc6887d2dd_s.png
Maxima,"Avižinė BIRŽŲ duona be gliuteno, 210 g",2.39,https://cdn.barbora.lt/products/dacdc8c4-f27d-4b25-a345-425f3d3c247d_s.png
Maxima,"Šaldyta imbierinė tešla LIETUVOS KEPĖJAS su medumi, 500 g",2.99,https://cdn.barbora.lt/products/b65e9744-72b1-4cfc-9046-273fe499d189_s.png
Maxima,"Šiukšlių maišai HOME EXPERT STRONG (50 l), 10 vnt.",1.29,https://cdn.barbora.lt/products/678b2c8a-65e7-4b88-a090-51de1d540247_s.png
Maxima,"Itališki maltos mėsos prieskoniai SANTA MARIA, 32 g",0.59,https://cdn.barbora.lt/products/c1411017-baae-42de-b329-51f79bf937ff_s.png
Maxima,"Gabalinis tualetinis muilas PALMOLIVE Naturals, 90 g",0.99,https://cdn.barbora.lt/products/1257b3c3-0d5a-445e-996b-33b0eb9c2772_s.png
Maxima,"Skalbinių minkštiklis BALANCE su medvilnės ekstraktu, 1.5 l",3.59,https://cdn.barbora.lt/products/28ac3d06-64e2-4a3b-8f39-ab5695646479_s.png
Maxima,"Gabalinis tualetinis muilas PALMOLIVE MILK & HONEY, 90 g",0.99,https://cdn.barbora.lt/products/901bd0c6-cb60-49a6-a711-0103bd28e67f_s.png
Maxima,"Cinamoninis cukrus DR. OETKER, 20 g",0.29,https://cdn.barbora.lt/products/5c6af0b0-561a-4751-91b6-81babd1efc2e_s.png
Maxima,"Biskvitinis pyragaitis MILKA CAKE & CHOC, 175 g",1.95,https://cdn.barbora.lt/products/bd802a40-2655-441c-b265-f670eaf19f5c_s.png
Maxima,"Duonos traškučiai BON CHANCE su česnakinių prieskon. mišiniu, 240 g",1.79,https://cdn.barbora.lt/products/84b8352c-4aa1-4f51-a3b2-45df7935b206_s.png
Maxima,"Pieninis šokoladas LACMI, 90 g",1.13,https://cdn.barbora.lt/products/690839f3-d5de-4557-93f4-fe52fdd34129_s.png
Maxima,"Cinamono lazdelės WELL DONE, 25 g",0.89,https://cdn.barbora.lt/products/7351d581-5db2-4371-b744-70e1ad110fdf_s.png
Maxima,"Didžiosios auksinės razinos JUMBO GOLDEN ARIMEX, 200 g",1.99,https://cdn.barbora.lt/products/d19c5129-b9ce-4fa6-a927-30005a785f80_s.png
Maxima,"Valgomieji grietininiai KARALIŠKI ledai su romu ir razinomis, 430 g",4.14,https://cdn.barbora.lt/products/58c55216-b74d-4356-b91c-bf391de000b8_s.png
Maxima,"Dantų siūlas CLEANPIK EASY su laikikliu, 50 vnt.",1.89,https://cdn.barbora.lt/products/a7478331-d384-4eec-84f7-38079966803f_s.png
Maxima,"Žolelių arbata ŽOLYNĖLIS BRONCHOHERBA, 20 x 1,5 g, 30 g",1.49,https://cdn.barbora.lt/products/c12fc9f5-fbaa-4011-b36c-83dad02bcfc8_s.png
Maxima,"Persiladas SANTA MARIA, 48 g",0.74,https://cdn.barbora.lt/products/83c68296-3816-4b32-9f1d-3a56d91f7c86_s.png
Maxima,"Alaus kokteilis Utenos Radler Lime&Mint Nealk. 0,0% 0,5L sk",0.65,https://cdn.barbora.lt/products/5beaf643-706b-4b12-9879-46600b9cd0db_s.png
Maxima,"Vatos lapeliai BELLA, 80 vnt.",1.39,https://cdn.barbora.lt/products/d7c83ab5-ae1e-4d6c-93db-8d379451e85b_s.png
Maxima,"Ekologiška ruginė juoda duona su daigintais grūdais, 400 g",1.59,https://cdn.barbora.lt/products/fc92a4f4-4e96-4262-be72-bee1bf1be57a_s.png
Maxima,"Karšto vyno prieskoniai WELL DONE, 40 g",0.99,https://cdn.barbora.lt/products/d00b6e6e-9cfe-42e1-87f6-09a1146ffc82_s.png
Maxima,"Saldainiai ROSHEN BONBONITA FRUITS, 1 kg",2.51,https://cdn.barbora.lt/products/03df61e6-3942-4071-b217-46366de13615_s.png
Maxima,"Konservuoti kukurūzai BONDUELLE su žirneliais, 150 g",0.83,https://cdn.barbora.lt/products/eb4e5b5c-6582-41a9-aee0-2240e7b93b10_s.png
Maxima,"Makaronų lizdai DELVERDE FETTUCCINE, Nr. 81, 250 g",0.84,https://cdn.barbora.lt/products/e0cb7163-2ecd-4bc2-a587-94018cdee937_s.png
Maxima,"Vatos lapeliai CLEANIC SOFT & COMFORT, 133 vnt.",1.79,https://cdn.barbora.lt/products/c08b4479-5ce6-4bdc-8c8f-0c5a01903a7f_s.png
Maxima,"Skystasis muilas PALMOLIVE ALMOND, papildymas, 500 ml",3.29,https://cdn.barbora.lt/products/c50589ea-c5bd-4a38-8f45-92c5de0876ed_s.png
Maxima,"Karštai rūkytas saliamis BIOVELA EKSTRA, a. r., 200 g",1.89,https://cdn.barbora.lt/products/9c34a340-4e91-4c01-8b5b-0d28101e4fb6_s.png
Maxima,"Nuluptos persikų puselės WELL DONE PREMIUM, lengvame sirupe, be kauliukų, 1,65 kg",5.99,https://cdn.barbora.lt/products/e0e505f3-e6c5-4920-b48f-394b707e75aa_s.png
Maxima,"Sūdyta silkių filė su žolelėmis, be aliejaus WELL DONE, 190 g",1.37,https://cdn.barbora.lt/products/7fc6b9fd-0e41-426e-9480-677474941524_s.png
Maxima,"Šokoladiniai krepšeliai REESE‘S DJ SANTA, 62 g",2.39,https://cdn.barbora.lt/products/ddbda217-44d9-40a1-beb6-58312708e73e_s.png
Maxima,"Antienos paštetas su kiviais WELL DONE PREMIUM, nerūš. gam., 80 g",1.69,https://cdn.barbora.lt/products/3665b7df-2480-446e-8a69-b992f74417e1_s.png
Maxima,"Mišinys salotoms ruošti ARIMEX, 150 g",1.65,https://cdn.barbora.lt/products/56843cc1-b557-4654-a2fd-bb1aeec46bd6_s.png
Maxima,"Petražolės SANTA MARIA, 4 g",0.49,https://cdn.barbora.lt/products/7f410def-34b4-44e5-972f-a8310cf5bec5_s.png
Maxima,Vandens pakuotė San Pellegrino (6 x 1.0),6.44,https://cdn.barbora.lt/products/907c44c6-5aa3-4894-aafb-c509780880e1_s.png
Maxima,"Žolelių arbata ŽOLYNĖLIS SAPNAS, 20 vnt.",1.49,https://cdn.barbora.lt/products/ff315086-453d-40e8-be44-2346cf2c60e0_s.png
Maxima,"Šokoladinis batonėlis ROSHEN su krembriulė skonio įdaru, 43 g",0.41,https://cdn.barbora.lt/products/865f1154-20b9-4896-b771-70bda8e566ed_s.png
Maxima,"Skystasis kreminis muilas ZELIONAJA APTEKA, migdolų kvapo, 460 ml",1.59,https://cdn.barbora.lt/products/0f872a65-b239-45f5-a082-f70e54326297_s.png
Maxima,"Bulvių traškučiai LAY'S, obuolių ir karamelės skonio, 130 g, 130 g",1.69,https://cdn.barbora.lt/products/16488460-eebd-4b8a-9e45-dd94a04e3f6c_s.png
Maxima,"Biri juodoji arbata TWININGS EARL GREY TEA, 100 g",3.77,https://cdn.barbora.lt/products/b6ab5fa7-ee41-4ba1-a92b-5f805bc790d8_s.png
Maxima,"Kiaulienos prieskoniai SAUDA, 100 g",0.55,https://cdn.barbora.lt/products/2767dba7-4900-4734-84a2-7f653d8c58d1_s.png
Maxima,"Medinė mentelė, 1 vnt.",0.99,https://cdn.barbora.lt/products/51778fe1-6aef-4794-87ec-8d6b81af7e50_s.png
Maxima,"Ikrų užtepėlė su krevetėmis WELL DONE, 160 g",1.99,https://cdn.barbora.lt/products/d0fc88b1-91b4-47d2-87da-8ed5dd9d173d_s.png
Maxima,"Sausainiai GINGERBREAD OREO, 154 g, 154 g",1.99,https://cdn.barbora.lt/products/e2ad5fe6-f37e-49cd-aad5-753f83b97c04_s.png
Maxima,"Žalioji arbata TWININGS PURE GREEN, 50 g",3.17,https://cdn.barbora.lt/products/fc442d4c-5842-41b2-bbd1-7218b8106afc_s.png
Maxima,"Kosmetiniai bambukiniai krapštukai KOSMELUX, 100 vnt., 100 vnt.",0.55,https://cdn.barbora.lt/products/663dcc0b-7133-4b06-a0d2-cc45609bd5be_s.png
Maxima,"Vytintas saliamis WELL DONE PREMIUM su trumais, pjaustytas, nerūšinis gaminys, 80 g",2.79,https://cdn.barbora.lt/products/adefe317-4f88-40d9-aa75-6107e6b541d6_s.png
Maxima,"Lėtai virti šonkauliai BIOVELA, terijakio skonio, 900 g",7.49,https://cdn.barbora.lt/products/8d5dc391-b0cd-4887-9dd7-149dc460a19f_s.png
Maxima,"Skystasis skalbiklis PERWOLL COLOR, 40 skalb., 2 l",8.55,https://cdn.barbora.lt/products/ee050d94-5c29-4ce3-b283-c7c77e79320e_s.png
Maxima,"Jogurt. gėrimas ACTIMEL+, persik. ir pasifl. sk., 4 x 100 g, 400 g",2.19,https://cdn.barbora.lt/products/8e6e6159-8206-4e02-aa70-5e5094436f4c_s.png
Maxima,"Varškės sūrelis JUMS, vanilės skonio, 24,4 % rieb., 38 g",0.39,https://cdn.barbora.lt/products/7d1e4f5f-5e75-4c1d-97ca-8067f0af58a8_s.png
Maxima,"Konservuoti kukurūzai BONDUELLE, 670 g",2.09,https://cdn.barbora.lt/products/696cd588-1601-4f47-b96c-0048a9631bb3_s.png
Maxima,"Paukštienos priesk  Vegeta, 20 g",0.48,https://cdn.barbora.lt/products/591636a9-e0b4-4571-9906-a2578c350849_s.png
Maxima,"Žolelių arbata ŽOLYNĖLIS SPALVOTAS SAPNAS, 30 g",1.19,https://cdn.barbora.lt/products/9762ad41-b03b-4ffe-ac1f-8faed88196a7_s.png
Maxima,"Vatos diskeliai CLEANIC PURE EFFECT, 120 vnt., 120 vnt.",1.27,https://cdn.barbora.lt/products/8583042c-e6bf-4fb7-a06f-ce9097f78890_s.png
Maxima,"Greitai užšaldyti kalėdiniai virtinukai su aguonų įdaru, 500 g",1.99,https://cdn.barbora.lt/products/62c108d4-4d8e-4c9e-acea-0a1b6569fff0_s.png
Maxima,"Sausas kačių ėdalas FRISKIES su jautiena, vištiena ir darž., 1 kg",3.21,https://cdn.barbora.lt/products/34b8654c-2789-47b2-be58-7360ca121cf5_s.png
Maxima,"Duonos traškučiai BON CHANCE su grietine ir svogūnais, 120 g",1.19,https://cdn.barbora.lt/products/1c15d7fc-cea1-4480-8b20-236c6cc0fc80_s.png
Maxima,"Daržovių padažas SUSLAVIČIAUS, 500 g",1.72,https://cdn.barbora.lt/products/03112ebd-989d-42d0-b3f1-416113e50aba_s.png
Maxima,"Šald. aliask. rudag. menkių filė lazdelės FINDUS FISH&CHIPS, 364 g",2.49,https://cdn.barbora.lt/products/db747573-5813-4f07-9a1f-3905fe9d7b95_s.png
Maxima,"Šiukšlių maišai(160L,10vnt)HOME EXPERT, 50m",3.49,https://cdn.barbora.lt/products/c7dfd119-6175-42da-a662-4b1f2676e446_s.png
Maxima,"Rytietiškas marinatas SANTA MARIA BBQ (TERIYAKI), 75 g",0.47,https://cdn.barbora.lt/products/3667b29e-f198-4e89-bc1d-e1e6440615aa_s.png
Maxima,"SUSLAVIČIAUS pomidorų padažas be krakmolo, 500 g",1.46,https://cdn.barbora.lt/products/b6c83237-ff63-4c8d-b984-5f4db87f50fa_s.png
Maxima,"SUSLAVIČIAUS krienai, 140 g",0.9,https://cdn.barbora.lt/products/9e7eb323-7199-40dc-939c-953370f072b7_s.png
Maxima,"Karamelinis pyragas, 400 g",2.69,https://cdn.barbora.lt/products/49039996-146c-4c80-ac5a-b21c076a59d1_s.png
Maxima,ECODENTA balinamoji dantų pasta su mėtų aliejumi ir šalavijų ekstraktu 100 ml,3.65,https://cdn.barbora.lt/products/22b0fa35-0b34-4948-b81d-eac97488cadc_s.png
Maxima,"Gabalinis tualetinis muilas PALMOLIVE MILK&ROSE, 90 g",0.99,https://cdn.barbora.lt/products/d91ea238-2eb9-4324-8942-b6effd0930fb_s.png
Maxima,"Dantų pasta ELMEX SENSITIVE, 75 ml",5.99,https://cdn.barbora.lt/products/72de3f4d-4040-4012-94c5-21568ab04a35_s.png
Maxima,"K. r. dešrelės TARCZYNSKI KABANOSI su kiauliena, II r., 50 g",0.79,https://cdn.barbora.lt/products/ccae8442-f839-4c11-b12b-d602fcd1a545_s.png
Maxima,"Raudonojo kario prieskonių mišinys SANTA MARIA, 32 g",0.82,https://cdn.barbora.lt/products/c7c47224-8edf-4281-94fd-ce2cb5c8be18_s.png
Maxima,"Indiškų prieskonių TIKKA MASALA mišinys SANTA MARIA, 35 g",0.69,https://cdn.barbora.lt/products/5af6ee28-417a-4418-9212-1364a75503a2_s.png
Maxima,"Skystasis muilas NIDA su vaisių ekstraktais, 500 ml",2.19,https://cdn.barbora.lt/products/8d5ca4e3-fdc7-4f6c-8e76-3c4536013abb_s.png
Maxima,"Ryžiai GRALLA PREMIUM JASMINE, 800 g",1.67,https://cdn.barbora.lt/products/6ba4f886-07ec-4857-9099-0c2054271172_s.png
Maxima,"Šviežios vištienos dešrelės su žolelėmis WELL DONE, 400 g",2.49,https://cdn.barbora.lt/products/4696b9a8-f2ea-4092-94c5-d5ada3e2295c_s.png
Maxima,"Sūrus užkandis PRINGLES ORIGINAL, 185 g, 185 g",1.99,https://cdn.barbora.lt/products/4b046a27-f759-4105-bc6a-925460b0aeaa_s.png
Maxima,"Žemės riešutai traškioje luobelėje JĖGA su paprikomis, 200 g",1.19,https://cdn.barbora.lt/products/4a635061-1254-4436-9eed-efe6413868f9_s.png
Maxima,"Kvapieji pipirai SAUDA, 100 g",1.53,https://cdn.barbora.lt/products/fcc2ba8e-ec2e-401a-a369-9777dd4bbc90_s.png
Maxima,"Karštai rūkyta sausai sūdyta KLEBONIŠKA nugarinė, a. r., 1 kg",13.49,https://cdn.barbora.lt/products/b3e0ab84-dcec-483d-be58-65ca7a95262a_s.png
Maxima,"Makadamijos SEEBERGER, 80 g",3.79,https://cdn.barbora.lt/products/b3fae2b6-db3b-48c0-b395-95614bcb60fe_s.png
Maxima,"Zefyrai LAIMA (spanguolių skonio), 200 g",1.32,https://cdn.barbora.lt/products/9804e4ac-be46-4bb6-8c7d-df6f946942b4_s.png
Maxima,Dušo želė PALMOLIVE THERMAL SPA MIN.M.500 ml,5.89,https://cdn.barbora.lt/products/b89560e1-099a-470b-9e3a-3185cef35b15_s.png
Maxima,"Varškė PRESIDENT, 4 % rieb., 1 kg",2.79,https://cdn.barbora.lt/products/4183697c-fa59-4a76-9d4f-020d3e14615c_s.png
Maxima,"Juodasis šokoladas RŪTA PASAKIŠKŲ ŠVENČIŲ!, 90 g",2.99,https://cdn.barbora.lt/products/b32857eb-bc26-46ac-908a-958143bfa445_s.png
Maxima,"Čederio sūris su trumais ir česnak. WELL DONE PREMIUM, 48 %, 150 g",3.99,https://cdn.barbora.lt/products/9b0150e8-80f4-4be9-aaee-d0aa11207430_s.png
Maxima,"KLASIKINIS SUSLAVIČIAUS kečupas, 1.25 kg",3.17,https://cdn.barbora.lt/products/1ae39fe9-c3b6-4375-abb3-65d4195c09f5_s.png
Maxima,"Lašišinių žuvų raudonieji ikrai IKROFF, 95 g",6.99,https://cdn.barbora.lt/products/83966f1c-fa9a-4972-a800-179385fbf67b_s.png
Maxima,"Mar. silkių filė gab. su troškintomis paprikomis ir alyvuog., 300 g",1.73,https://cdn.barbora.lt/products/827384db-8cbe-4309-b4f1-9a6366d0a3cd_s.png
Maxima,"Jogurt. gėrimas ACTIMEL+, braškių ir granat. sk., 4 x 100 g, 400 g",2.19,https://cdn.barbora.lt/products/1a500ade-43d7-4fc8-b0db-2d96f4d8a55e_s.png
Maxima,"Keptų bulvių prieskoniai SAUDA, 100 g",0.55,https://cdn.barbora.lt/products/ecf7356b-e6f2-47ee-9fa5-0842d4a0b438_s.png
Maxima,"Migdolai ARIMEX, 300 g",4.45,https://cdn.barbora.lt/products/8c826a22-04a8-4072-a53e-babeb62985db_s.png
Maxima,"Ekologiškas skystasis vaikų drabužių skalbiklis BALANCE, 1 l",4.49,https://cdn.barbora.lt/products/4e6442b2-3133-4e4e-9a2f-54eb71db1ac2_s.png
Maxima,"Karšto vyno prieskoniai SANTA MARIA, 37 g",0.79,https://cdn.barbora.lt/products/b1cafe50-2c64-43e2-b0d2-400b613b3fb3_s.png
Maxima,"Mėsainių padažas HELLMANN'S, 250 ml",1.89,https://cdn.barbora.lt/products/944c6f4d-df73-44fc-81ea-10ee84b18b45_s.png
Maxima,"Drėgnos servetėlės ​​CLEANIC CLEAN&FRESH, 200 vnt., 200 vnt.",2.49,https://cdn.barbora.lt/products/765b0d6f-b1c6-4edc-994c-495d7c82fd22_s.png
Maxima,"Dušo želė PALMOLIVE THERMAL SPA PAMPERING OIL, 500 ml",5.89,https://cdn.barbora.lt/products/4df382d2-e5c7-4b65-87f3-dd77afa52ba2_s.png
Maxima,"Drėgnosios antibakterinės servetėlės RŪTA su pantenol.,15vnt, 15 vnt.",0.39,https://cdn.barbora.lt/products/eeb8adac-ec30-430f-b58a-4553f9922e0a_s.png
Maxima,"Konservuotos žaliosios alyvuogės be kauliukų WELL DONE, 450 g",1.69,https://cdn.barbora.lt/products/6918f394-a115-47ee-ae0a-a0fb265e90f6_s.png
Maxima,"Sūdyta silkių filė WELL DONE aliejuje, 240 g",1.37,https://cdn.barbora.lt/products/636beecb-7519-4886-a19d-c57c14dde12b_s.png
Maxima,"Skystasis skalbiklis PERWOLL COLOR BLOSSOM, 40 skalb., 2 l",8.55,https://cdn.barbora.lt/products/4e4fef79-ec1f-44c7-aa09-13aab11e1e32_s.png
Maxima,"Džiovintos spanguolės ARIMEX, 100 g",1.35,https://cdn.barbora.lt/products/9bd4d9f5-5b97-44eb-9e08-9afc7c184b19_s.png
Maxima,"Šiukšlių maišai su rankenėlėmis (120 l, 10 vnt.), 10 vnt.",1.89,https://cdn.barbora.lt/products/4a10968b-3dfa-4a4b-8c33-455694e64dd9_s.png
Maxima,"Kepimo rankovė UNIWELL, 3 m x 41 cm, 1 vnt.",1.39,https://cdn.barbora.lt/products/d5e0856f-f959-4682-977a-8b9e6856040d_s.png
Maxima,"Maltas cinamonas SANTA MARIA, 40 g",1.09,https://cdn.barbora.lt/products/531077c7-769a-42e6-ba66-dffc083b4fde_s.png
Maxima,"Dantų pasta JORDAN „FRESH BREATH“, 75 ml",2.99,https://cdn.barbora.lt/products/c942b3b8-0064-4401-ae61-b8c678c7234b_s.png
Maxima,"Citrinpipiriai SANTA MARIA, 70 g",1.24,https://cdn.barbora.lt/products/bac3dbc3-b432-48da-a57f-ed116a5c9428_s.png
Maxima,"Džiovintos ožerškio uogos ARIMEX, 100 g",1.79,https://cdn.barbora.lt/products/1413cc03-7431-4589-95c0-97be4bc15460_s.png
Maxima,"Saldainiai ROSHEN ANIS, anyžių skonio, 126 g",0.53,https://cdn.barbora.lt/products/15f32f2e-4fec-4dc6-aa5c-2b7241857b02_s.png
Maxima,"Avinžirniai GRALLA, 400 g",0.77,https://cdn.barbora.lt/products/ccf6928d-2e06-4e86-85d6-20dc67db689d_s.png
Maxima,"Reljefinis juodasis šokoladas RŪTA SĖKMĖS!, 45 g",1.99,https://cdn.barbora.lt/products/0ef618ea-7b39-425f-9dc0-3b03e690e66e_s.png
Maxima,"Vaisinė arbata VASAROS SKONIS su žemuogėmis, 50 g",1.31,https://cdn.barbora.lt/products/9e0eb859-a0d9-44ac-af2e-d62e0bc4b5fd_s.png
Maxima,"Žemės riešutai traškioje luobelėje JĖGA, grietin., svog. sk., 200 g",1.19,https://cdn.barbora.lt/products/fe994d57-2dd6-421f-bb18-9709018c8986_s.png
Maxima,"Makadamijos ARIMEX, 100 g",2.99,https://cdn.barbora.lt/products/71c07300-ce92-406b-ae0d-06044bdc5622_s.png
Maxima,"Gabalinis tualetinis muilas PALMOLIVE HYGIENE PLUS ALOE VERA, 90 g",0.99,https://cdn.barbora.lt/products/6c7dab87-fd19-4b68-a697-8faf0090de1d_s.png
Maxima,"Kepinti anakardžiai THE BEST OF ARIMEX, 140 g",2.75,https://cdn.barbora.lt/products/c9dd8b63-8a49-4fac-aab1-16184382a0fd_s.png
Maxima,"FELIX sriuba katėms su mėsa (jautiena, vištiena, ėriena) 6*48 g",2.09,https://cdn.barbora.lt/products/f9780423-8172-4e11-8e50-b6cf0d2e7795_s.png
Maxima,"Aguonų masė Helio, 850 g",2.49,https://cdn.barbora.lt/products/4559e57f-8871-436a-a266-329c1035b7b7_s.png
Maxima,"Žieminis automobilio stiklų ploviklis -25 °C, 4L",6.99,https://cdn.barbora.lt/products/539ccd78-9cf0-4fe2-a157-8613586465bb_s.png
Maxima,"Gabalinis tualetinis muilas DOVE COCONUT, 90 g",1.25,https://cdn.barbora.lt/products/97af1208-d094-415b-819e-5b49b83d09c6_s.png
Maxima,"Kūdikių servetėlės PAMPERS Harmonie Aqua, 3x48 vnt.",7.39,https://cdn.barbora.lt/products/9a2a9a5f-1f53-4728-9be2-2f7ebab4e3e1_s.png
Maxima,"Salotų mišinys DELICIOUS WELL DONE, 100 g, 100 g",0.89,https://cdn.barbora.lt/products/d713acf6-b877-4d17-80f3-acdcca4208fe_s.png
Maxima,"Varškės sūrelis JUMS, kakavos skonio, 24,4 % rieb., 38 g",0.39,https://cdn.barbora.lt/products/c991faee-a455-4af4-aadc-ce54e41a34fb_s.png
Maxima,"Plaukų šampūnas HEAD&SHOULDERS Classic Clean, 400 ml",8.49,https://cdn.barbora.lt/products/e90705b7-4198-49e7-aa20-1818653a562d_s.png
Maxima,"Trintų pomidorų padažas SUSLAVIČIAUS, 500 g",1.72,https://cdn.barbora.lt/products/70cc15d7-b2ff-434e-bcbf-a8798e5472b7_s.png
Maxima,"Atšildytos nevirtos baltakojų krevečių uodegėlės WELL DONE, 300 g",5.99,https://cdn.barbora.lt/products/83e1905b-faa8-4792-811e-022eaf7aa06f_s.png
Maxima,"Popieriniai kosmetiniai vatos pagaliukai DIVUS, 200 vnt., 200 vnt.",0.89,https://cdn.barbora.lt/products/ac839f62-479b-4fd1-bebe-2c025a349f9b_s.png
Maxima,"Sausainių dekoravimo rinkinys DR. OETKER, 379 g",3.99,https://cdn.barbora.lt/products/e9d848d8-e148-49ef-9694-cf10cd8d15d4_s.png
Maxima,"Skystasis skalbiklis PERWOLL SPORT, 40 skalb., 2 l",8.55,https://cdn.barbora.lt/products/666de676-f4cb-45bc-a632-5d32ab25dd38_s.png
Maxima,"Pabarstukų rinkinys DR.OETKER RUDOLPH, 115 g",2.19,https://cdn.barbora.lt/products/0c255210-8d88-415c-9a58-e0c691230302_s.png
Maxima,"Svogūnų ir granatų čatnis WELL DONE PREMIUM, 170 g",1.99,https://cdn.barbora.lt/products/43e7b3f9-8260-49f1-9bff-cb4577583a4a_s.png
Maxima,"Kepti sūrio gabaliukai BBQ JON-CHEDAR, 43 % rieb. s. m., 80 g",1.69,https://cdn.barbora.lt/products/e7c28714-a088-40f6-9c20-63e45ce5b55d_s.png
Maxima,"Džiovinti obuoliai ARIMEX, 200 g",2.09,https://cdn.barbora.lt/products/994b14b4-255e-4840-8eb4-f4c7f1851236_s.png
Maxima,"Šaldytos geltonosios šparaginės pupelės HORTEX, 450 g",1.75,https://cdn.barbora.lt/products/efde531f-2bee-4c2c-9847-a7ecb01dfe90_s.png
Maxima,"Makaronų prieskoniai SANTA MARIA, 22 g",0.49,https://cdn.barbora.lt/products/56ce6b02-d50a-437e-89ca-aef1d7d05da2_s.png
Maxima,"V. r. karkų vyniotinis ROKIŠKIO MĖSINĖ, I r., 1 kg",8.49,https://cdn.barbora.lt/products/12bdd59c-f8a0-447a-b8cb-4358da6c88de_s.png
Maxima,"Raikyta duona MULTIGRANO SCHAR be glitimo, 250 g",2.58,https://cdn.barbora.lt/products/9ff0372f-6622-42c5-91e1-7a6d268b1f6f_s.png
Maxima,"Gabalinis tualetinis muilas PALMOLIVE ALMOND & MILK, 90 g",0.99,https://cdn.barbora.lt/products/1d020e01-a098-4380-bfe3-6d4fa4730c32_s.png
Maxima,"Šviežiu sūriu įdaryti abrikosai WELL DONE PREMIUM, 250 g",2.99,https://cdn.barbora.lt/products/8000b03c-2f77-4756-b0e2-bda0e21a380d_s.png
Maxima,"SKIN627 lakštinė veido kaukė gaivinamoji su kolagenu ir peptidais, 22 ml",1.59,https://cdn.barbora.lt/products/a598cc6d-f199-4906-a871-38d9f2a67e57_s.png
Maxima,"Trumų skonio bulvių traškučiai CHAZZ, 90 g",1.39,https://cdn.barbora.lt/products/9235fad4-0aea-4550-b6d9-4c65c06ff38b_s.png
Maxima,"Kiaulienos KABANOS dešrelės su sūriu TARCZYNSKI, II r., 95 g",1.29,https://cdn.barbora.lt/products/b29811b9-ac6a-4cd1-8712-8b896b8f58be_s.png
Maxima,"Sausainiai su česnakais ir petražolėmis WELL DONE PREMIUM, 75 g",1.59,https://cdn.barbora.lt/products/b97f1a9e-2bfb-420b-9ba7-f269a8b5966b_s.png
Maxima,"Juodosios alyvuogės ITLV SUPER be kauliukų, 350 g",1.94,https://cdn.barbora.lt/products/32fa5aa7-eb7d-431e-abfb-6ce9be8ccc22_s.png
Maxima,"Kūd. dantų šepetėlis-kramtukas JORDAN, 0-2 m., ypač minkštas, 1 vnt.",2.89,https://cdn.barbora.lt/products/69e1d4e8-0b62-4462-9ed5-131e8cddb7f5_s.png
Maxima,"Džiovintos spanguolės SEEBERGER, 125 g",2.09,https://cdn.barbora.lt/products/64ba8604-0d0d-4c02-84a6-cbd8ccd21adb_s.png
Maxima,"Saldainiai su marcipanu MOZART KUGELNS, 300g",6.39,https://cdn.barbora.lt/products/74e68515-dfe8-4f7a-b2f4-ac9295420b78_s.png
Maxima,"Konservuotas visavertis kačių ėdalas SHEBA DUETT, 340 g",2.3,https://cdn.barbora.lt/products/b02e824b-e693-4fa2-8fcb-49b4d392f08e_s.png
Maxima,Dantų pasta LACALUT aktiv,4.99,https://cdn.barbora.lt/products/c2bad718-41c8-4707-bf08-f2302ef8d040_s.png
Maxima,Filtravimo kasetė AQUAPHOR MAXFOR B25,5.99,https://cdn.barbora.lt/products/cc36d76d-ed05-4d36-9359-370553d8957c_s.png
Maxima,"Šaldytos graikiškos daržovės HORTEX kepmui, 400 g",2.04,https://cdn.barbora.lt/products/a381b2e8-ac5b-4510-bc32-0a2e8f4c726b_s.png
Maxima,"Žalieji lęšiai GRALLA, 400 g",0.83,https://cdn.barbora.lt/products/8d3329d1-c446-465e-a93e-570edb37cf5f_s.png
Maxima,"Dantų pasta COLGATE TRIPLE ACTION, 125 ml",3.29,https://cdn.barbora.lt/products/5b3f11a1-2864-48d4-861e-bfed7104c12e_s.png
Maxima,"FELIX sriuba katėms su žuvimis (menkėmis, tunais, plekšnėmis) 6*48 g",2.09,https://cdn.barbora.lt/products/f0174d14-c639-462b-afe4-155ffc615676_s.png
Maxima,"Dantų šepetėlis LACALUT SENSITIVE, 1 vnt.",2.23,https://cdn.barbora.lt/products/bad4a7a5-1269-4c1b-bf20-080a53594551_s.png
Maxima,"Virtas KLEBONIŠKAS liežuvio vyniotinis, a. r., 1 kg",7.59,https://cdn.barbora.lt/products/8d22a4ba-be81-47f7-8220-49c3380bc9e6_s.png
Maxima,"Skystasis muilas NIDA su gintaro ekstraktu, papildymas, 500 ml",1.89,https://cdn.barbora.lt/products/36408a3c-5dd6-493b-baa4-ec7fa3d67c86_s.png
Maxima,"Migdolai ARIMEX be luobelių, 100 g",1.79,https://cdn.barbora.lt/products/51627bc8-d58e-4b0d-b79f-78c878aed1b7_s.png
Maxima,"Smulkinti česnakai SANTA MARIA 25 g, 25 g",0.59,https://cdn.barbora.lt/products/c231b517-d0ac-43f9-9c13-242f0ef3b517_s.png
Maxima,"Drėgnos servetėlės SIRENA, 15 vnt.",0.35,https://cdn.barbora.lt/products/e62607d1-17e6-4238-aec1-e32c6b9b4835_s.png
Maxima,"Dantų siūlas JORDAN EVERYDAY, 60 m.",2.79,https://cdn.barbora.lt/products/ab3bd57f-acd0-4f8a-a729-096f9b9e524a_s.png
Maxima,"Visų grūdo dalių makaronai (sraigteliai) WELL DONE, 500 g",0.69,https://cdn.barbora.lt/products/fa923d36-36d1-4604-8bfa-deb936175f5e_s.png
Maxima,"Šokoladinė figūrėlė MALTESERS REINDEER, 29 g",0.99,https://cdn.barbora.lt/products/dc9e7834-8778-4075-96b7-39591f92f698_s.png
Maxima,"Šiukšlių maišai(240l,5vnt) HOME EXPERT, 50mk",2.79,https://cdn.barbora.lt/products/00545a10-8a92-435d-b531-46b1ae4a7ce9_s.png
Maxima,"Popierinės keksiukų formelės ILAJA, 50 vnt., 50 vnt.",1.49,https://cdn.barbora.lt/products/10e62e7a-4be5-47f3-bc84-5fe894a740f6_s.png
Maxima,"Indiškų prieskonių GARAM MASALA mišinys SANTA MARIA, 33 g",0.79,https://cdn.barbora.lt/products/bee4bb7f-bf00-485e-859f-fcfa10c3dbd0_s.png
Maxima,"Žolelių arbata RELAX ŽOLYNĖLIS su kanapėmis, 30 g",1.49,https://cdn.barbora.lt/products/33acec2a-77f1-4c3e-ab19-5a8cb62220d9_s.png
Maxima,"Karštai rūkytos MEDŽIOTOJŲ dešrelės be antibiotikų, a. r., 250 g",2.09,https://cdn.barbora.lt/products/2046dd6d-56e0-4e67-9afc-3bfa3c93f390_s.png
Maxima,"Vytinta TERIYAKI jautiena, a. r., 40 g",2.79,https://cdn.barbora.lt/products/fe4a4045-1c8b-486f-b446-6d0a7afc120f_s.png
Maxima,"Krekerių asorti WELL DONE PREMIUM, 220 g",4.99,https://cdn.barbora.lt/products/1a87fb9d-2b19-4a5a-a8aa-b72a078c1222_s.png
Maxima,"Dantų pasta JORDAN „WHITE SMILE“, 75 ml",2.99,https://cdn.barbora.lt/products/1da872e0-d22c-4d8a-af88-fccc34aa2b57_s.png
Maxima,"Meduoliai FAZER, 175 g",1.49,https://cdn.barbora.lt/products/2e9a18da-a468-45bd-8500-8bf43a447caf_s.png
Maxima,"Šokoladinis Kalėdų Senelis SMARTIES, 50 g",1.39,https://cdn.barbora.lt/products/8556b7df-7d7c-4a47-ad61-bc64c153e6bf_s.png
Maxima,"SKIN627 lakštinė veido kaukė drėkinamoji su hialuronu ir skvalanu, 22 ml",1.59,https://cdn.barbora.lt/products/56771767-c7d8-4c89-b43c-639e184aa8b8_s.png
Maxima,"Vanilinis plombyras KLASIKA su razinomis, 70 g",0.79,https://cdn.barbora.lt/products/4a24ad12-5a80-4c21-8692-7b39e9bcc786_s.png
Maxima,"Migdolai ARIMEX, 100 g",1.89,https://cdn.barbora.lt/products/f427812e-33ab-4b4a-b49a-082f7c28df47_s.png
Maxima,"Higieniniai paketai ALWAYS Ultra Secure Night, S4, 24 vnt.",5.59,https://cdn.barbora.lt/products/ad24facc-95b4-4e01-a7bb-7cd2d8464173_s.png
Maxima,"Kūdikių servetėlės PAMPERS Sensitive, Plastic Free, 4x52 vnt.",6.99,https://cdn.barbora.lt/products/a9a13b82-28df-4d5b-a2cb-c3b615be87b5_s.png
Maxima,"Saldus aitriųjų paprikų marinatas SANTA MARIA, 75 g",0.47,https://cdn.barbora.lt/products/b21b836e-10c4-4762-b25c-a042da129ff0_s.png
Maxima,"Dušo želė NEUTRAL, 250 ml",3.99,https://cdn.barbora.lt/products/1dd53021-1ae9-43ab-9c21-79db33037db2_s.png
Maxima,"Smulkintos kalendros SANTA MARIA, 20 g",0.54,https://cdn.barbora.lt/products/b9aaed2c-a9be-4fff-8c09-bd004fe3a840_s.png
Maxima,"Duonos traškučiai BON CHANCE su sūriu ir česnakais, 240 g",1.79,https://cdn.barbora.lt/products/69b74945-0374-4ad0-b7f7-e5b59f2159cb_s.png
Maxima,"KAKĖS MAKĖS dantų pasta ECODENTA vaikams, 75 ml",3.19,https://cdn.barbora.lt/products/593ef2a3-2c85-4ae1-8446-6a7081836b86_s.png
Maxima,"Žolelių arbata ŽOLYNĖLIS GASTRUS, 30 g",1.49,https://cdn.barbora.lt/products/2e20bb9b-7242-48c7-8dbe-e8e2d39b0a47_s.png
Maxima,"Salotų prieskoniai VEGETA, 20 g",0.48,https://cdn.barbora.lt/products/983861ab-80b4-41e6-82e1-7eb9583f2191_s.png
Maxima,"Žalioji arbata TWININGS, citrinų skonio, 40 g",3.17,https://cdn.barbora.lt/products/6673a2e0-5453-4138-bdfb-e2b4bf3c0e1a_s.png
Maxima,"Sausai marinuoti BRAZILIŠKI kiaulienos šoninės kepsneliai, 300 g",4.19,https://cdn.barbora.lt/products/b18f7ac0-d54e-462e-8eee-6945107ad0a8_s.png
Maxima,"Juodasis kartusis šokoladas (70 %) LAIMA, 90 g",1.6,https://cdn.barbora.lt/products/88f584ea-b818-4550-9c6d-50fde95c066a_s.png
Maxima,"Rūkytas čederio sūris WELL DONE PREMIUM, 48 % rieb. s. m., 160 g",2.99,https://cdn.barbora.lt/products/f57a74f6-771d-46b6-8440-bbf5da43c228_s.png
Maxima,"Makaronai DELVERDE FARFALLE Nr. 222 (kaspinėliai), 500 g",1.09,https://cdn.barbora.lt/products/4add758c-d0a2-4c43-99ad-d59bd093a62b_s.png
Maxima,"Šventinis aguonų gėrimo mišinys ALVO, 250 g",1.99,https://cdn.barbora.lt/products/1abae999-f170-4c7f-95f1-94706ced177a_s.png
Maxima,"Originalus SUSLAVIČIAUS pomidorų padažas be pridėtinio, 490 g",1.55,https://cdn.barbora.lt/products/16d51619-1c51-4308-81d7-54b63ff10235_s.png
Maxima,"Pjaustyta vytinta dešra ESPANA EXTRA, I r., 80 g",1.45,https://cdn.barbora.lt/products/3d40974e-b96f-4597-a761-11208c3006bb_s.png
Maxima,"Vanilinis plombyras KLASIKA VANILLA, 65 g",0.79,https://cdn.barbora.lt/products/000f9b57-4151-4a9b-8228-81a549bb44f2_s.png
Maxima,"Ekologiški visų grūdo dalių spagečiai DELVERDE, Nr. 141, 500 g",1.19,https://cdn.barbora.lt/products/1f441178-34d3-4bd3-b774-554bca61fb30_s.png
Maxima,"Purškiamasis ypač tyras alyvuogių aliejus LA ESPANOLA, 200 ml",3.59,https://cdn.barbora.lt/products/f9ff011b-f1c7-4681-bbb2-44770e7cd515_s.png
Maxima,"Maistinė plėvelė UNIWELL, 20 m x 0,29 m, 1 vnt.",0.89,https://cdn.barbora.lt/products/5a5cc294-ae32-4df5-8a2a-d680a1d461c6_s.png
Maxima,"Ciberžolės SAUDA, 30 g",0.55,https://cdn.barbora.lt/products/d625d1b8-7b46-42a3-baee-674c7a8698d1_s.png
Maxima,"Maltos rūkytos paprikos SANTA MARIA, 37 g",1.34,https://cdn.barbora.lt/products/08be0425-714c-4f1e-b009-4fbf3830a62c_s.png
Maxima,"Žalios alyvuogės be kauliukų WELL DONE, 280 g",1.39,https://cdn.barbora.lt/products/6a161f75-87df-417c-8996-67e944554d25_s.png
Maxima,"Saldainių rinkinys ROSHEN. KALĖDINĖ EGLUTĖ, 300 g	",2.69,https://cdn.barbora.lt/products/d7180101-15be-425f-bac4-d50a608b28dd_s.png
Maxima,"Šokoladiniai saldainiai MILKA BONBONS OREO, 86 g	",2.99,https://cdn.barbora.lt/products/d3eb5c8f-2a8b-4fa6-b189-a5d5cf05624b_s.png
Maxima,"Virta DAKTARIŠKA kiaulienos dešra WELL DONE, a. r., 300 g",1.99,https://cdn.barbora.lt/products/6896d6bc-6bf7-4c79-bc77-1f4a9987495b_s.png
Maxima,"Burekas su sūriu ir špinatais, 85 g",0.69,https://cdn.barbora.lt/products/47dfc4c1-eadd-4091-949b-e4f9ec9f092a_s.png
Maxima,"Kvapnūs šiukšlių maišai,60l,10vnt.,63x72",2.49,https://cdn.barbora.lt/products/69aed304-b6aa-4fa2-8ec0-0121a3d257ac_s.png
Maxima,"Kepinti sūdyti anakardžiai ARIMEX, 100 g",1.65,https://cdn.barbora.lt/products/c8c5c69a-2d07-4971-a40c-8d90180a4178_s.png
Maxima,"Vaikiškas dantų šepetėlis JORDAN, minkštas, 3-5 m., 1 vnt.",2.89,https://cdn.barbora.lt/products/bec52971-8703-4027-a49e-7964dd59f244_s.png
Maxima,"Vaikiški makaronai WELL DONE (gyvūnėlių formos), 500 g",0.69,https://cdn.barbora.lt/products/689c6566-07f0-4514-a9a0-aad82114edc5_s.png
Maxima,"Juodosios alyvuogės griežinėliais WELL DONE, 220 g",1.25,https://cdn.barbora.lt/products/ad437612-d4b0-4521-b3a9-08e46e8d8477_s.png
Maxima,"Besėklės razinos SEEBERGER, 200 g",1.89,https://cdn.barbora.lt/products/05ab4ec3-9ec5-4c1b-990e-7d6a62df9174_s.png
Maxima,"Sriubos prieskoniai SAUDA, be druskos, 50 g",0.59,https://cdn.barbora.lt/products/f39efe71-d1ef-4521-8992-a2ba795f311a_s.png
Maxima,"Džiovintų vaisių mišinys ARIMEX PREMIUM, 300 g",2.75,https://cdn.barbora.lt/products/9d639af6-ee9a-4940-ac96-3ec3d170937b_s.png
Maxima,"Vaikiška dantų pasta JORDAN vaisių skonio,0-5 metai, 50 ml",2.79,https://cdn.barbora.lt/products/4bf1b9d1-4a46-4a8e-8022-10ff06e4454a_s.png
Maxima,"ŽOLYNĖLIO DZŪKIJOS žolelių arbata, 30 g",1.13,https://cdn.barbora.lt/products/774137b5-58a0-40ee-8aca-32fa5ff1206f_s.png
Maxima,"Biskvitiniai pyragaičiai MILKA TENDER MOO, 140 g",1.95,https://cdn.barbora.lt/products/f1d1d16f-e596-4bd2-a796-d329bae38e66_s.png
Maxima,"Valgomieji KARALIŠKI karameliniai ledai su lazdynų riešutais, 420 g",4.14,https://cdn.barbora.lt/products/9914eb03-38e4-45fd-8327-dc594bf477cf_s.png
Maxima,"Dantų šepetėliai JORDAN ULTRALITE SOFT, 2 vnt., 2 vnt.",3.79,https://cdn.barbora.lt/products/6252270d-de01-41f9-b5d3-be01c271fed4_s.png
Maxima,"Kepintų riešutų miš. su džiovintais vaisiais ARIMEX PREMIUM, 250 g",2.99,https://cdn.barbora.lt/products/4e0b40d0-3e7a-4fdb-b544-2a10395dab21_s.png
Maxima,"Šokoladiniai KALĖDŲ SENELIAI KIT KAT, 3 vnt., 51 g",2.29,https://cdn.barbora.lt/products/8f4166bf-ebcb-48c8-94ad-3d1974124b37_s.png
Maxima,"Apelsinų žievelės su juoduoju šokoladu RŪTA, 100 g",3.99,https://cdn.barbora.lt/products/184747d5-2125-400c-8b63-6fb81d36d36e_s.png
Maxima,"Skutimosi putos GILLETTE Sensitive, 200+100ml",3.69,https://cdn.barbora.lt/products/e2ddc4b9-a70d-4608-ab5c-342f539c8560_s.png
Maxima,"Maltos mėsos prieskoniai SANTA MARIA, 30 g",0.49,https://cdn.barbora.lt/products/ba845641-231a-4db6-840b-431394a79085_s.png
Maxima,"Kepsnių prieskoniai SAUDA, 100 g",0.55,https://cdn.barbora.lt/products/1e4fb400-f833-4414-a99a-aa26858d29f7_s.png
Maxima,"Varškės sūrio užkandis TARTARE L'APERITIF PROVENCE,70% rieb., 100 g",2.99,https://cdn.barbora.lt/products/906c2f29-247f-43fc-a2e7-bc3768f35a24_s.png
Maxima,"Gabalinis tualetinis muilas PALMOLIVE BLACK ORCHID, 90 g",0.99,https://cdn.barbora.lt/products/cad00446-02d9-490f-9290-8922d3dbb4ab_s.png
Maxima,"Aštrus SUSLAVIČIAUS pomidorų padažas su 5 rūšių pipirais, 500 g",1.72,https://cdn.barbora.lt/products/facc1fc1-a48a-40c0-b76b-4a2eff5ca47e_s.png
Maxima,"WC valiklis-gaiviklis BREF POWER AKTIV LEMON, 150 g",3.65,https://cdn.barbora.lt/products/ce528717-7893-4c95-8388-42aca8fbdfa8_s.png
Maxima,"Konservuotas visavertis kačių ėdalas FRISKIES, 12 x 85 g, 1.02 kg",3.49,https://cdn.barbora.lt/products/374b955c-f505-4bda-85af-0fdbe6c7a212_s.png
Maxima,"Med. vienkartinės šakutės ILAJA, 10 vnt.",0.99,https://cdn.barbora.lt/products/1bd32509-fd9c-48ff-b278-e1dd5fb49789_s.png
Maxima,"Med.vienkartiniai šaukštai ILAJA, 10 vnt",0.99,https://cdn.barbora.lt/products/921555a3-9fe0-427b-802b-2711c18d0769_s.png
Maxima,"Saldainiai PERGALĖ SWEET WINTER, 1 kg",5.49,https://cdn.barbora.lt/products/9d50e522-ec40-43ac-b51c-5fbe9ea167e5_s.png
Maxima,"Čederio sūris VINTAGE WELL DONE PREMIUM, 48 % rieb. s. m., 200 g",3.99,https://cdn.barbora.lt/products/a1113a4d-db3b-4c78-97f2-a9d40447053b_s.png
Maxima,"Lėtai virti jaučių šonkauliai WELL DONE PREMIUM, 450 g",6.99,https://cdn.barbora.lt/products/0f5c5ec4-9582-4883-9e2a-655600293d61_s.png
Maxima,"Juodojo šokolado triufeliai WELL DONE PREMIUM, 100 g",3.59,https://cdn.barbora.lt/products/a5704b72-dfb7-48e4-bda1-c268e0918b6f_s.png
Maxima,"Šaldyta citrininė morenginė tartaletė WELL DONE PREMIUM, 480 g",5.99,https://cdn.barbora.lt/products/5d1b4c45-290a-43ff-a6e8-8ea09ef66f80_s.png
Maxima,"Šaldyta riešutų tartaletė, WELL DONE PREMIUM, 420 g",5.99,https://cdn.barbora.lt/products/709e8fb7-2ce2-45c9-bc01-a2c3cde64aba_s.png
Maxima,"Kepimo milteliai SANTA MARIA, 45 g",0.74,https://cdn.barbora.lt/products/e29de1a4-05c4-4378-afcf-b33cfd9c4618_s.png
Maxima,"Kvietiniai tortilijų laiveliai OLD EL PASO, 193 g",1.49,https://cdn.barbora.lt/products/078ece92-6170-4b80-8312-952b0248a098_s.png
Maxima,"Šokoladinis plombyras POLS, 75 g",1.49,https://cdn.barbora.lt/products/d8df6bd1-01a5-4374-a254-d8c292097ca5_s.png
Maxima,"Originalus SUSLAVIČIAUS pomidorų kečupas be pridėtinio, 480 g",1.81,https://cdn.barbora.lt/products/ffef920b-b1a4-41b2-b64e-b9351eb44512_s.png
Maxima,"Indaplovių skalavimo skystis BALANCE, 450 ml, 450 ml",3.05,https://cdn.barbora.lt/products/9978de95-08b5-42f9-a0dc-0057d3d04f8c_s.png
Maxima,"Pjaustyta vytinta dešra TOLEDO ESPANA, I r., 80 g",1.69,https://cdn.barbora.lt/products/71c7f8ee-f2d3-4d97-8364-1ae718c538c8_s.png
Maxima,"Artišokų užtepėlė WELL DONE PREMIUM, 190 g",1.69,https://cdn.barbora.lt/products/59ddbbff-5758-431e-b3e9-b4e95fa31b8c_s.png
Maxima,"Juodasis šokoladas WELL DONE PREMIUM ALMOND & ORANGE, 100 g",2.79,https://cdn.barbora.lt/products/b05b301c-52b1-4f08-9c83-c90931ee3d9b_s.png
Maxima,"Vaisinė arbata ŽOLYNĖLIS su obuoliais ir spanguolėmis, 20 vnt.",1.31,https://cdn.barbora.lt/products/db501e4d-643a-40b9-8ea1-2c530f8d7f4b_s.png
Maxima,"Duonos traškučiai BON CHANCE su česnakais, 120 g",1.19,https://cdn.barbora.lt/products/8fb2e577-b631-4160-9195-0493f34372af_s.png
Maxima,"Malti juodieji pipirai SAUDA, 30 g",0.76,https://cdn.barbora.lt/products/6638f083-19e7-417c-9a41-aec8b6a3a263_s.png
Maxima,"MARGARITOS KAKĖS MAKĖS vonios putos vaikams, 250 ml",2.89,https://cdn.barbora.lt/products/f2896126-2620-425d-9d2c-f12e516ef1e9_s.png
Maxima,"Sausas kačių ėdalas FRISKIES su vištiena ir daržovėmis, 1 kg",3.21,https://cdn.barbora.lt/products/e07dce3c-a4ed-44ea-be85-c14adcb90e84_s.png
Maxima,"Vaisinė arbata ŽOLYNĖLIS su imbieru ir citrinomis, 100 g",2.39,https://cdn.barbora.lt/products/30663c33-da8c-435f-b00f-6bbbb0ec718a_s.png
Maxima,"Zefyrai LAIMA MAIGUMS aplieti šokoladu, vanilės skonio, 175 g",2.09,https://cdn.barbora.lt/products/3bb642c8-45ef-456a-b6b2-a1af937b0e8e_s.png
Maxima,"Barbekiu padažas HELLMANN'S, 430 ml",2.27,https://cdn.barbora.lt/products/7a47b696-246f-4095-beb8-56bc32386d75_s.png
Maxima,"Pieninis šokoladas MILKA su imbierų skonio sausainiais, 300 g	",3.99,https://cdn.barbora.lt/products/4115396f-2952-4ecf-b978-f94251bad712_s.png
Maxima,"Konservuotas kačiukų ėdalas SHEBA KITTEN padaže, 340 g",2.3,https://cdn.barbora.lt/products/e393204c-9be3-4ac9-8edd-a55100045618_s.png
Maxima,"Šokoladinis pyragas, 400 g",2.69,https://cdn.barbora.lt/products/89eecb63-b9a8-45eb-8eae-7a27a1e241c9_s.png
Maxima,"Saulėje džiovinti pomidorai su kaparėliais WELL DONE PREMIUM, aliejuje, 530 g",3.99,https://cdn.barbora.lt/products/92e982b8-90ea-4343-beeb-369de56618a0_s.png
Maxima,"Kons. lup. kriauš.pus. sirupe 570 g(LT), 570 g",2.99,https://cdn.barbora.lt/products/c318fc3c-e8f1-4f44-9a72-e0f5059c7964_s.png
Maxima,"Moteriški vienkartiniai skustuvai BIC TWIN LADY SENSITIVE, 5 vnt.",2.49,https://cdn.barbora.lt/products/4d434d33-7cfd-40ef-a854-101683f4770f_s.png
Maxima,"Intymios higienos servetėlės ""Bella Medica"", 20 vnt.",1.09,https://cdn.barbora.lt/products/b883cc6f-1236-4f3c-97d3-f36e30c282b1_s.png
Maxima,"ECODENTA daugiafunkcis burnos skalavimo skystis su šalavijų, alavijų ekstraktais ir mėtų aliejumi 500 ml",5.55,https://cdn.barbora.lt/products/0bdf729e-7fcf-438a-8c5f-bb17e1078638_s.png
Maxima,"Bolivinių balandų ir daržovių mišinys BONDUELLE, 250 g",2.27,https://cdn.barbora.lt/products/c79de187-cecf-47d6-b824-1ae3f7977030_s.png
Maxima,"Gazuotas apelsinų, granatų sulčių gėrimas SAN PELLEGRINO, 6x0.33 ",4.64,https://cdn.barbora.lt/products/1aa34142-7f51-4edd-92e1-d8b72c7f5aea_s.png
Maxima,"Juodoji arbata TWININGS ENGLISH BREAKFAST, 50 g",3.17,https://cdn.barbora.lt/products/76887a12-7b98-408c-ac80-852e4efe5b4a_s.png
Maxima,"Lūpų balzamas NEUTROGENA, 4,8 g",3.99,https://cdn.barbora.lt/products/f2a9a742-055a-4e3b-9b37-c040c8276418_s.png
Maxima,"Lėtai virta marinuota plėšoma kiaulienos sprandinė, 780 g",7.99,https://cdn.barbora.lt/products/2b5e539f-bd3e-4869-855e-974db3642e4c_s.png
Maxima,"Puršk. dėmių valiklis RESQ, 450 ml",3.49,https://cdn.barbora.lt/products/80bc89fc-8172-45c2-878b-79fe0e596cdb_s.png
Maxima,"Dantų pasta COLGATE TRIPLE ACTION, 75 ml",2.39,https://cdn.barbora.lt/products/c3589ef0-2c91-417d-8fa4-79f88d0486a5_s.png
Maxima,"Skystasis skalbiklis PERWOLL BLACK, 40 skalb., 2 l",8.55,https://cdn.barbora.lt/products/bcb7d2b2-0c7d-46d3-b4b3-f3aa8686dc0d_s.png
Maxima,"Puskietis sūris su žaliuoju pesto BASIRON, 50 % rieb. s. m., 1 kg",16.99,https://cdn.barbora.lt/products/4d42c74a-90b5-436f-af07-f13e257d0486_s.png
Maxima,"Šviežiu sūriu įdarytos datulės WELL DONE PREMIUM, 250 g",2.99,https://cdn.barbora.lt/products/eb052b24-27f5-4665-a1cd-f1d504ad7c41_s.png
Maxima,"Dantų pasta PARODONTAX CLASSIC, 75 ml",5.29,https://cdn.barbora.lt/products/095b2a1f-d886-4c52-aee2-3d22eb938879_s.png
Maxima,"Ekologiškas spalv. audinių skystasis skalbiklis BALANCE, 1.5 l",6.09,https://cdn.barbora.lt/products/8c7067bb-415d-4f5d-8c15-810f8bb2ee2e_s.png
Maxima,"Šviečiančios apyrankės, 10 vnt., 10 vnt.",0.77,https://cdn.barbora.lt/products/7d3b9113-4037-46c8-afdb-83e81d3ea7f3_s.png
Maxima,"Puskietis sūris su kmynais BASIRON, 50 % rieb. s. m., 1 kg",16.99,https://cdn.barbora.lt/products/ef5927fb-07bd-44d5-9490-4071ef1778c9_s.png
Maxima,"Kiaulienos kumpio rinkinys WELL DONE PREMIUM, nerūšinis, 1 vnt.",24.99,https://cdn.barbora.lt/products/0112d65c-d918-4325-b4aa-08026fc19252_s.png
Maxima,"Rožių puokštė (11 vnt.), 11 vnt. ",3.39,https://cdn.barbora.lt/products/b9c427c5-9d71-4ac1-8f0c-40c8b1a9f505_s.png
Maxima,"Zefyras ant pagaliuko FIZZY, 35 g",1.19,https://cdn.barbora.lt/products/3bdcd92f-7bc5-44d3-bf08-8001fa59ed00_s.png
Maxima,"Virta DAKTARIŠKA dešra, 300 g",1.69,https://cdn.barbora.lt/products/5aa3c24a-1e13-46cc-a664-11c49e41ba38_s.png
Maxima,"Karštai rūkytos dešrelės KABANOS su čederiu, II r., 90 g",1.49,https://cdn.barbora.lt/products/f51daf49-4e9d-4020-85e9-272af93419be_s.png
Maxima,"Miltų mišinys SCHAR MEHL FARINE be glitimo, 1 kg",3.49,https://cdn.barbora.lt/products/bd52dcd8-d661-4d8a-bd78-bda91a798dbf_s.png
Maxima,"Mar. silkių filė gabaliukai su marin. agurkais garst. padaže, 300 g",1.73,https://cdn.barbora.lt/products/cc00dd68-fc61-4c25-af9e-f6e623972227_s.png
Maxima,"Razinos ARIMEX, 500 g",2.19,https://cdn.barbora.lt/products/e162a2b4-bc29-408b-9322-281a148ff818_s.png
Maxima,"Skystasis muilas NIDA su medaus ir migdolų ekstraktu, 500 ml",2.19,https://cdn.barbora.lt/products/5bab53f7-cb93-4853-a1d6-87a008aadd4e_s.png
Maxima,"Maltos ciberžolės SANTA MARIA, 20 g",0.49,https://cdn.barbora.lt/products/9e81874e-fbde-4a3f-8d66-796bf77b68b2_s.png
Maxima,"Vaisinė arbata ŽOLYNĖLIS su ananasais ir kriaušėmis, 40 g",1.31,https://cdn.barbora.lt/products/fd32f1f4-2884-469e-9e69-6feaa1e614bd_s.png
Maxima,"Vytintas jautienos batonėlis, a. r., 25 g",1.19,https://cdn.barbora.lt/products/fded6ad4-2900-4d28-97c9-179f786871f9_s.png
Maxima,"Vytintų užkandžių rinkinys su trumais WELL DONE PREMIUM, nerūšinis, 120 g",4.99,https://cdn.barbora.lt/products/da7f012d-96fb-4ca9-875f-d2a7f6bfc496_s.png
Maxima,"Intymios higienos servetėlės MARGARITA su vaistažolėmis, 20 vnt.",2.79,https://cdn.barbora.lt/products/1f1da6be-10fb-4f59-9f01-373fbdf0a967_s.png
Maxima,"Vytinta TRADICINĖ jautiena DORA, a. r., 40 g",3.19,https://cdn.barbora.lt/products/0de40356-44a4-4b9d-93da-ef4defc41a9a_s.png
Maxima,"Pieštukinis dezodorantas OLD SPICE Whitewater, 50ml",3.15,https://cdn.barbora.lt/products/658a280e-2701-4e26-b3cd-5b94c547a31a_s.png
Maxima,"Mėsos prieskoniai SANTA MARIA, 70 g",0.79,https://cdn.barbora.lt/products/14f7b74f-e87d-4df7-a623-7395c9b72a25_s.png
Maxima,"Česnakinė druska SANTA MARIA, 77 g",0.69,https://cdn.barbora.lt/products/0e46d6ff-57ce-4326-a9ca-7e073cfe5910_s.png
Maxima,"Šald. aliask. rudag. menkių filė kepsneliai FINDUS su žolel., 225 g",2.15,https://cdn.barbora.lt/products/d3416e98-31c9-43eb-9eb0-d585b4aba66a_s.png
Maxima,"Dantų siūlas JORDAN EXPAND FRESH, 25 m.",3.49,https://cdn.barbora.lt/products/096df739-0953-42ef-a986-fb75a6a65a3d_s.png
Maxima,"Energinis gėrimas CULT ORIGINAL, 500 ml",1.39,https://cdn.barbora.lt/products/0783b1d7-3d38-42e7-926c-3440f0edea83_s.png
Maxima,Suspaudžiantis šviečiantis žaislas Magic Boba,2.39,https://cdn.barbora.lt/products/178c7f89-6ae9-46af-bb54-8f6af8ea8c28_s.png
Maxima,"Higieniniai paketai ALWAYS Ultra Normal Plus, S1, 40 vnt.",5.59,https://cdn.barbora.lt/products/03c77b8b-6594-454b-8ca7-933f34c97460_s.png
Maxima,"Universalieji prieskoniai VEGETA, 200 g",1.32,https://cdn.barbora.lt/products/df8dbe5b-aa5d-48bc-a8d8-dc49e395c704_s.png
Maxima,"ŽOLYNĖLIO žolelių arbata ČIOBRELIŲ ŽOLĖ, 50 g",0.89,https://cdn.barbora.lt/products/275de41f-e31a-43a7-b5de-46b97d9a91a8_s.png
Maxima,"Kepimo popierius SAGA, 24 lapai, 24 vnt.",3.29,https://cdn.barbora.lt/products/8683509c-c167-4602-8d64-ecab871f8b6b_s.png
Maxima,"ŽOLYNĖLIO SUVALKIJOS žolelių arbata, 40 g",1.13,https://cdn.barbora.lt/products/4eb8b1bf-e7de-4c3e-b115-9ac0636cbc59_s.png
Maxima,"Kiaušininiai makaronai DELVERDE FETTUCCINE, Nr. 89, 250 g",0.79,https://cdn.barbora.lt/products/923d72a3-4cfe-487a-8c88-0c1125dc422b_s.png
Maxima,"Kačių ėdalas FELIX TASTY SHREDS su įvairia mėsa, 4 x 80 g, 320 g",1.55,https://cdn.barbora.lt/products/b12f0579-1a85-4db7-be26-c8583582410b_s.png
Maxima,"Skystasis muilas PALMOLIVE BLACK ORCHID, papildymas, 500 ml",3.29,https://cdn.barbora.lt/products/3bbac9f0-79cd-4a48-9aa1-d216327f7c38_s.png
Maxima,"Duonos traškučiai BON CHANCE, grybų skonio, 120 g",1.19,https://cdn.barbora.lt/products/57eb9c58-b4ae-4a11-98e3-a3720ef5e16d_s.png
Maxima,"Indų ploviklis BALANCE su alavijų ekstraktu, 450 ml",1.39,https://cdn.barbora.lt/products/dde7c669-9a82-4ad6-840e-efc6f61e51af_s.png
Maxima,"Enčiladų prieskonių mišinys SANTA MARIA, 28 g",0.79,https://cdn.barbora.lt/products/e9005c53-47a0-4a93-afdc-894b2f55f4dc_s.png
Maxima,"Imbierai su juoduoju šokoladu RŪTA, 120 g",3.49,https://cdn.barbora.lt/products/2463dc2f-db96-4886-b173-f653f9aa5b11_s.png
Maxima,"Mediniai dantų krapštukai, 200 vnt. Su kieta dėžute",0.49,https://cdn.barbora.lt/products/723871e2-01cf-4bf8-8b12-ee915aef059d_s.png
Maxima,"Skystasis spalvotų audinių skalbiklis RINGUVA PLIUS, 1 l",3.25,https://cdn.barbora.lt/products/55c3eaeb-7632-4ab7-846d-720859e35abe_s.png
Maxima,"Vaikiška dantų pasta ELMEX Junior, 75 ml",6.29,https://cdn.barbora.lt/products/b389b1cd-3833-4fc1-8e84-75101fded59e_s.png
Maxima,"Bulvių prieskoniai SANTA MARIA, 100 g",0.99,https://cdn.barbora.lt/products/247cadfd-5241-463e-b7bb-87ca0c41a295_s.png
Maxima,"Duona SCHAR SURDEGSBROT (be glitimo), 240 g",3.84,https://cdn.barbora.lt/products/8edd2ce1-34c6-4121-ae1f-a2112df38079_s.png
Maxima,"Sūdyta silkių filė WELL DONE su prieskoniais aliejuje, 240 g",1.37,https://cdn.barbora.lt/products/a2169dba-25e9-4a80-9179-87c7cfa12a23_s.png
Maxima,"Kramtomieji saldainiai SKITTLES FRUITS, 152 g",1.49,https://cdn.barbora.lt/products/f1421029-732f-41f2-a8fd-8bfc28c76f29_s.png
Maxima,"Gaudos sūris su graikiniais riešutais WELL DONE, 50 % rieb., 200 g",3.69,https://cdn.barbora.lt/products/3d9fe4b8-de9b-449f-a268-db7d03325187_s.png
Maxima,"TIKRA juoda duona su kmynais, raikyta, 500 g",1.35,https://cdn.barbora.lt/products/d359d52c-fefc-4058-a490-4f6467416d76_s.png
Maxima,"Skutimosi želė NIVEA MEN SENSITIVE jautriai odai, 200 ml",6.69,https://cdn.barbora.lt/products/adc8b18d-77f5-4342-822a-a896a5e0d06d_s.png
Maxima,"Šaldytos baltakojės blyškiosios krevetės SUNRISE, 225 g",4.79,https://cdn.barbora.lt/products/128949e0-ab53-48e9-86f5-9ffbf43f4441_s.png
Maxima,MARGARITA Naikinantis kvapus rankų muilas su alavijų ekstraktu 400ml,3.19,https://cdn.barbora.lt/products/9fc77d4a-4cb3-4473-91de-fdedfd308172_s.png
Maxima,"Ekologiškos lukštentos moliūgų sėklos ARIMEX, 200 g",1.95,https://cdn.barbora.lt/products/3a0e99ef-0d19-4007-bca8-29bd8b46c41b_s.png
Maxima,"Vytintas kiaulienos kumpis IBERICO WELL DONE PREMIUM, nerūš., 90 g",7.99,https://cdn.barbora.lt/products/3e166e46-f77c-42f1-9b33-741435ac65ba_s.png
Maxima,"Migdolų kvapo skystas muilo papildymas, DIVUS, 1L",1.99,https://cdn.barbora.lt/products/0d156ead-8137-4f32-a5fe-bd0c0f3cdf3d_s.png
Maxima,"Šokoladinis apelsinas TERRY'S, 145 g	",3.99,https://cdn.barbora.lt/products/d02713f2-9c1d-4b5b-8d12-64c1c6e7bd09_s.png
Maxima,"Higieniniai įklotai ALWAYS Normal, Odour Lock, 80 vnt.",4.99,https://cdn.barbora.lt/products/626e8730-a4ed-4922-9275-c479ed2c2648_s.png
Maxima,"Augalinis dešros pakaitalas WELL WELL, 100 g",1.59,https://cdn.barbora.lt/products/59efed24-cd0d-433c-b171-b4b74cc54887_s.png
Maxima,"Kajeno paprikos SANTA MARIA, 30 g",0.84,https://cdn.barbora.lt/products/885fa46a-2a32-4c1d-a735-87071a021257_s.png
Maxima,"Šiukšlių maišai VORTEX DRAWSTR, 60 l, 10 vnt., 1 vnt.",2.29,https://cdn.barbora.lt/products/6aacf7eb-8423-4467-aa6a-0df38e79a6d9_s.png
Maxima,"Duonelės skrudinti FAZER STREET FOOD, 330 g",2.39,https://cdn.barbora.lt/products/16ac6d45-5808-4348-888a-7fb8e6347e11_s.png
Maxima,"Saldainiai RŪTA STEBUKLŲ NAMELIS, 80 g",2.95,https://cdn.barbora.lt/products/3cfa850e-179c-4db0-a3eb-9d27defaacd3_s.png
Maxima,"Dantų šepetėlis JORDAN ADVANCED SOFT, 1 vnt.",1.99,https://cdn.barbora.lt/products/88fcd7d2-447e-4ba9-a69f-29bad54f07f2_s.png
Maxima,"Kramtomieji saldainiai SKITTLES FRUITS, 38 g",0.59,https://cdn.barbora.lt/products/e58481d8-8661-4b86-9edc-1c631996c82e_s.png
Maxima,"Žolelių arbata ŽOLYNĖLIS LENGVUMĖLIS, 30 g",1.19,https://cdn.barbora.lt/products/cbef7b45-8a84-4611-b277-dd5a891b2531_s.png
Maxima,"Pieštukinis dezodorantas OLD SPICE Wolfthorn, 50ml",3.15,https://cdn.barbora.lt/products/f78bb617-4550-478e-8165-55193b59b1fc_s.png
Maxima,"Sauskelnės-kelnaitės PAMPERS Pants, Mega Pack, 5 dydis, 96 vnt.",29.39,https://cdn.barbora.lt/products/aac595ff-3556-4cf3-88ef-f75734512130_s.png
Maxima,"Laurų lapai SANTA MARIA, 4 g",0.74,https://cdn.barbora.lt/products/752bd384-3feb-45df-8fcd-2c979ebe2e33_s.png
Maxima,"Plaukų šampūnas GARNIER , 400 ml",4.08,https://cdn.barbora.lt/products/a1da25b7-1c5a-4a0f-aa3a-576bf5f76613_s.png
Maxima,"Kiaulienos prieskoniai VEGETA, 20 g",0.48,https://cdn.barbora.lt/products/89b78d91-c17b-40cc-ba3d-c37c6b075e95_s.png
Maxima,"Pyragėliai CHOCO BROOKIE MILKA, 132 g",2.09,https://cdn.barbora.lt/products/618efabc-0602-4a32-9d88-dfdbfc04ffc3_s.png
Maxima,"Karštai rūkyta pjaustyta KROKUVOS dešra BIOVELA, I r., 180 g",1.49,https://cdn.barbora.lt/products/c6c886a3-2bb8-431e-b397-4b1bca88c369_s.png
Maxima,"Virtas KLEBONIŠKAS vištienos vyniotinis, I r., 330 g",2.99,https://cdn.barbora.lt/products/1f7ea795-42cf-4d63-83eb-7bbdd3764d0e_s.png
Maxima,"Greitai paruošiamas aštrus ramenas SAM YANG, sūrio skonio, 140 g",1.79,https://cdn.barbora.lt/products/5cc68359-a111-409e-bf2d-fe7766158634_s.png
Maxima,"Apelsinų marmeladas WELL DONE PREMIUM, 340 g",2.69,https://cdn.barbora.lt/products/03b2231d-16df-4e6e-8293-32dfdfa6d941_s.png
Maxima,"Lazdelės GRISSINI WELL DONE PREMIUM, 120 g",2.39,https://cdn.barbora.lt/products/17b7a42a-9db7-42cf-92a2-815281688e8b_s.png
Maxima,"Prieskoniai VEGETA, 500 g",2.79,https://cdn.barbora.lt/products/d12a6702-c685-4b20-98c2-3c289529c2b5_s.png
Maxima,"Kmynų sėklos SAUDA, 300 g",2.09,https://cdn.barbora.lt/products/4068ab72-9d3e-47e0-b5ec-e0ef3ac908ca_s.png
Maxima,"Aliuminio folija UNIWELL, 10 m x 29 cm",1.99,https://cdn.barbora.lt/products/b4dc863a-ed6f-4fd5-98f5-b8d0cd98cc1f_s.png
Maxima,"Gabalinis tualetinis muilas DOVE CREAM OIL, 90 g",1.25,https://cdn.barbora.lt/products/57a7503a-12cb-4ee4-904f-85a878953cc1_s.png
Maxima,"Sūdyta silkių filė WELL DONE su prieskoniais aliejuje, 450 g",2.03,https://cdn.barbora.lt/products/16d01278-43ae-428a-af68-9496a9f845f9_s.png
Maxima,"Sausai brandintas jautienos antrekotas BIOVELA, 220 g",7.49,https://cdn.barbora.lt/products/220db5ad-3b1a-483b-ac97-d0739aea95c0_s.png
Maxima,"Mentės rinkinys WELL DONE PREMIUM, 1 vnt.",39.99,https://cdn.barbora.lt/products/1f33f4b8-5773-414e-a12f-8b9d6fedf64f_s.png
Maxima,"Trumų padažas WELL DONE PREMIUM, 180 g",2.79,https://cdn.barbora.lt/products/0ba07160-1d9d-48b4-a428-17337b7039e5_s.png
Maxima,"K. rūk. kiaul. dešrelės su grybais TARCZYNSKI KABANOS, II r., 90 g",1.49,https://cdn.barbora.lt/products/b4bc5217-8251-4928-8f11-e9eaa019825c_s.png
Maxima,"Vaikiška dantų pasta ELMEX, 50 ml",4.59,https://cdn.barbora.lt/products/3bc7e45d-71d6-4456-8eb4-e6de2941fa89_s.png
Maxima,"Malti juodieji pipirai SANTA MARIA, 36 g",1.39,https://cdn.barbora.lt/products/cb9a9740-795e-4d16-b926-f8e93c41c448_s.png
Maxima,"Raudonėliai SANTA MARIA, 5 g",0.79,https://cdn.barbora.lt/products/3382109b-2873-46a6-849f-5ba58c8a0888_s.png
Maxima,"Kačių skanėstas FELIX PLAY TUBES su vištiena ir kepenėlėmis, 50 g",1.19,https://cdn.barbora.lt/products/af9ca9a0-cfdd-498d-8682-99a26f04c4cc_s.png
Maxima,"Sausai brandinta jautienos nugarinė BIOVELA, 220 g",6.99,https://cdn.barbora.lt/products/78d489f3-9b9b-4e78-885b-1fbfa5c65381_s.png
Maxima,"Makaronai DELVERDE (rigatoniai), 500 g",1.09,https://cdn.barbora.lt/products/381bdc8f-d950-4005-b118-f29df2233965_s.png
Maxima,"Mimoletės sūris WELL DONE PREMIUM, 12 mėn., 40 % rieb. s. m., 150 g",2.79,https://cdn.barbora.lt/products/4dca2afe-a18b-4181-abc5-9c718ef2c6ba_s.png
Maxima,"Kvapnūs užrišami šiukšlių maišai HOME EXPERT (40 l), 12 vnt.",1.79,https://cdn.barbora.lt/products/89640c0e-5e24-4270-8ba8-8297acc4f34b_s.png
Maxima,"Skystasis šilko ir vilnos skalbiklis RINGUVA PLIUS, 1 l",3.29,https://cdn.barbora.lt/products/ccf8da3b-f142-49ba-83e8-e7c6b3d39d9c_s.png
Maxima,"Gabalinis tualetinis muilas DOVE PINK, 90 g",1.25,https://cdn.barbora.lt/products/79707246-a4fe-4c8d-9872-c5dc7a3a6306_s.png
Maxima,"Aitriųjų paprikų dribsniai SANTA MARIA, 28 g",1.04,https://cdn.barbora.lt/products/af3095d6-37e7-4719-8c28-424df88afaca_s.png
Maxima,"Salotų mišinys WELL DONE LATTUGHINI, 100 g",0.89,https://cdn.barbora.lt/products/f4bf28ce-f51d-41b6-9f64-e472c210743f_s.png
Maxima,"Žaliosios alyvuogės ITLV su krevečių įdaru, 300 g",1.86,https://cdn.barbora.lt/products/c7f6ce00-d57f-4a20-a228-0f300ec23d74_s.png
Maxima,"Kepinti, sūdyti žemės riešutai ARIMEX, 500 g",2.29,https://cdn.barbora.lt/products/40e2eecd-5495-43f6-86af-fec453440bec_s.png
Maxima,"Arbatžolių sietelis UNIWELL, 1 vnt.",1.49,https://cdn.barbora.lt/products/55078cf8-1156-4d18-929d-64467c158abe_s.png
Maxima,"Prieskoniai VEGETA mocarelos salotoms ruošti, 20 g",0.48,https://cdn.barbora.lt/products/6f49bdce-c3df-43ea-a0bd-eb4f9634990c_s.png
Maxima,"Vonios druska AQUA AMBER 7 ŽOLĖS, 500 g",1.59,https://cdn.barbora.lt/products/c5241cf5-9f66-49d2-85da-ed9e0cc7066a_s.png
Maxima,"Virtas kumpis su trumais WELL DONE PREMIUM, 110 g",2.19,https://cdn.barbora.lt/products/0cda5073-c254-46ed-a20d-82ed71a82473_s.png
Maxima,"Higieniniai įklotai BELLA PANTY SOFT, 60 vnt.",2.09,https://cdn.barbora.lt/products/9ec13cd5-26e2-495a-bf94-b63661aba3e2_s.png
Maxima,"Užrišami šiukšlių maišai HOME EXPERT, 35 l, 14 vnt., 14 vnt.",1.89,https://cdn.barbora.lt/products/6975c567-cc70-4e80-b83e-af897662bd38_s.png
Maxima,"Popierinės keksiukų formelės (50 vnt.), 50 vnt.",1.49,https://cdn.barbora.lt/products/47487a1e-a18d-4840-a182-1edb345270bf_s.png
Maxima,"Aliuminio folija UNIWELL, 20 m x 29 cm, 1 vnt.",2.99,https://cdn.barbora.lt/products/34785701-5e8d-40f4-8551-a8b034414024_s.png
Maxima,"Vaisinė arbata ŽOLYNĖLIS su kriaušėmis ir gvazdikėliais, 40 g",1.31,https://cdn.barbora.lt/products/2ff0a0e7-f1b5-48bf-abd8-746cf7eccb4e_s.png
Maxima,"Dantų pasta COLGATE CAVITY PROTECTION, 75 ml",1.79,https://cdn.barbora.lt/products/86a9d983-3319-4896-b6e4-67ab8f590f1a_s.png
Maxima,"Ekologiški grikiai WELL DONE, 400 g",1.29,https://cdn.barbora.lt/products/09ca4158-5f6a-4a80-bd0e-cd9c56ac3c34_s.png
Maxima,"Marinuotų silkių filė WELL DONE su daržovėmis, 300 g",1.73,https://cdn.barbora.lt/products/65a37e93-cffa-4b77-94c2-848ea6ac6808_s.png
Maxima,"Alyvuogės WELL DONE PREMIUM, įdarytos apelsinais, 360 g",2.99,https://cdn.barbora.lt/products/a8032148-4072-46ce-88ba-00d043e445c9_s.png
Maxima,"Penkių rūšių pipirų mišinys SANTA MARIA, 25 g",0.84,https://cdn.barbora.lt/products/71d65048-ecf5-4255-b681-6a260217ddca_s.png
Maxima,"Vanilinis cukrus SANTA MARIA, 20 g",0.64,https://cdn.barbora.lt/products/e9e78684-0607-4d92-9ed8-d611c2e4ea7c_s.png
Maxima,"Meksikietiški vištienos prieskoniai SANTA MARIA, 27 g",0.49,https://cdn.barbora.lt/products/97112c75-2b4d-4875-95ee-5e4baaedfb1d_s.png
Maxima,"Sauskelnės PAMPERS Premium Care, Value Pack, 4 dydis, 52 vnt.",14.99,https://cdn.barbora.lt/products/9c4c02ef-8011-4bd3-b180-e2948a02a22d_s.png
Maxima,Dušo žėlė PALMOLIVE Olive Milk 750ml,7.99,https://cdn.barbora.lt/products/d768dfad-0749-47ac-b2ce-bb6a82fe383f_s.png
Maxima,"Žolelių arbata ŽOLYNĖLIS MAITINANČIOMS MAMYTĖMS, 20 x 1,5 g, 30 g",1.49,https://cdn.barbora.lt/products/5f23a9a1-5d5a-447d-87bd-522a97fceb30_s.png
Maxima,ECODENTA daugiafunkcė dantų pasta su 7 žolelių ekstraktų 100 ml,3.65,https://cdn.barbora.lt/products/992c83e0-0cef-4d7e-a2d9-06c252d7a99d_s.png
Maxima,"Sūrūs riestainukai""SCHAR"", 60 g",1.32,https://cdn.barbora.lt/products/709409dd-a28d-46ce-b234-30fde6462ca4_s.png
Maxima,"Šaldytos avietės šokolade SCHO FRU LADE, 130 g",4.49,https://cdn.barbora.lt/products/46e95a5c-dc5f-419e-b585-ac2cb9007279_s.png
Maxima,Svarainių tyrė arbatai MASHIE 500ml,5.59,https://cdn.barbora.lt/products/412d2037-6fbc-43e0-bb03-912258161e29_s.png
Maxima,"Sausainiai su juod. ir žal. alyvuogėmis WELL DONE PREMIUM, 60 g",1.59,https://cdn.barbora.lt/products/004e6985-498b-4c2d-afd5-86460eacb918_s.png
Maxima,"Troškinių prieskoniai SANTA MARIA, 40 g",0.54,https://cdn.barbora.lt/products/05fe00b4-cf17-4db9-bfd2-7e6333923dff_s.png
Maxima,"Bazilikai SANTA MARIA, 6 g",0.59,https://cdn.barbora.lt/products/48426e54-fdb1-4315-b481-5cc74afc2c75_s.png
Maxima,"Guminukai ROSHEN YUMMI GUMM WORMS, 70 g",0.47,https://cdn.barbora.lt/products/fee22c1c-1f54-4c70-bb31-2aa23db159ac_s.png
Maxima,"Distiliuotas vanduo ROTZ ,1 l",1.19,https://cdn.barbora.lt/products/e872bb03-3f37-4f6d-9dff-aa4fe5324579_s.png
Maxima,MARGARITA Dušo želė su svarainių ekstraktu 500ml,4.55,https://cdn.barbora.lt/products/4dc8b60f-a288-4e5c-abc3-fc7d7843a491_s.png
Maxima,"Juodos duonos traškučiai BON CHANCE su česnak. priesk.mišin., 120 g",1.19,https://cdn.barbora.lt/products/05856524-b23b-429b-980a-06fa8869a819_s.png
Maxima,"Juodoji arbata TWININGS LADY GREY, 50 g",3.17,https://cdn.barbora.lt/products/3d5ee56d-aa0d-4527-9602-7b7b4cb48177_s.png
Maxima,"Sausainiai su parmezano sūriu ir žolelėmis WELL DONE PREMIUM, 75 g",1.59,https://cdn.barbora.lt/products/8fe5ed81-f172-4b39-a0d6-10b5429b5c8f_s.png
Maxima,Dantų pasta COLGATE MAX WHITE CRYSTALS 125 ml,4.99,https://cdn.barbora.lt/products/ed3b2a05-016f-480a-9572-1d41c094ad91_s.png
Maxima,"WC valiklis-gaiviklis BREF COLOR AKTIV EUCALYPTUS (3 vnt.), 150 g",4.19,https://cdn.barbora.lt/products/14e158f2-e808-4cbe-b342-870fb1b6a090_s.png
Maxima,"Mėsos prieskoniai SANTA MARIA, 290 g",2.74,https://cdn.barbora.lt/products/929b8a40-9a8e-4998-a7d1-b4dcceacf41d_s.png
Maxima,"Baltasis akytasis šokoladas ROSHEN AERATED su karamele, 80 g",1.01,https://cdn.barbora.lt/products/168578d8-e2c2-40d9-88ac-23f0cc6adffd_s.png
Maxima,"Žolelių ir vaisinės arbatos rinkinys ŽOLYNĖLIS, 91 g",4.79,https://cdn.barbora.lt/products/2b3386fc-3c6c-4b29-b410-a0644efa5271_s.png
Maxima,"Riešutų ir razinų mišinys ARIMEX, 1 kg",8.09,https://cdn.barbora.lt/products/af56eb68-8673-4247-bd66-0a4f6d1ccde3_s.png
Maxima,"Zefyras LAIMA, braškių skonio, 200 g, 200 g",1.32,https://cdn.barbora.lt/products/291c3ca8-8b00-42c3-bbaf-b4623398167a_s.png
Maxima,"Atšaldytos surimio lazdelės VIČI ROYALE, 120 g",1.61,https://cdn.barbora.lt/products/b9f64562-c3c8-47b9-9e9e-02648ffbb4a9_s.png
Maxima,"Juodieji pipirai žirneliais SAUDA, 28 g",0.76,https://cdn.barbora.lt/products/26bbb0ff-5d06-4b93-8e6f-bae07340b727_s.png
Maxima,"Miltų mišinys SCHAR FARINA (be glitimo), 500 g",1.99,https://cdn.barbora.lt/products/135aaa47-3719-4097-a58d-b6a6e3a924fe_s.png
Maxima,"Stiklinis indas maisto produktams laikyti UNIWELL, 520 ml, 1 vnt.",4.99,https://cdn.barbora.lt/products/fa257c6b-42b2-4e79-8525-ee26fffb5d82_s.png
Maxima,"Kačių skanėstas FELIX MIXED GRILL, 60 g",1.19,https://cdn.barbora.lt/products/49c226cc-dd50-4562-aad0-a555351ae43a_s.png
Maxima,"Ekologiškos lukštentos saulėgrąžų sėklos ARIMEX, 200 g",0.99,https://cdn.barbora.lt/products/48ec05f2-4580-4643-a9f8-813255df95a9_s.png
Maxima,"Ekol. intymios higienos prausiklis BALANCE su augal. ekstr., 275 ml",2.09,https://cdn.barbora.lt/products/05cfb6d1-32cc-46b1-a503-d4adf8c919a2_s.png
Maxima,"Virtos vištienos dešrelės su sūriu BERLINKI, II r., 250 g",2.59,https://cdn.barbora.lt/products/0f0787f0-adc3-4712-8bbe-a4e87fea268b_s.png
Maxima,"Nealkoholinis UTENOS alaus kokteilis RADLER, melionų skonio, 500 ml",0.65,https://cdn.barbora.lt/products/f70f5148-c038-4844-b51e-6432e3ace2f2_s.png
Maxima,"Šokoladinis KALĖDŲ SENELIS KIT KAT, 45 g",1.49,https://cdn.barbora.lt/products/ffaf8c78-8fc3-4610-a6e0-16510684aa68_s.png
Maxima,"Sūris su alyvuogėmis ir pomidorais WELL DONE PREMIUM, pjaustytas, 48 % rieb., 120 g",2.09,https://cdn.barbora.lt/products/53545680-6e76-4ccd-9f46-ec2c8b017f25_s.png
Maxima,"Saldainių rinkinys PERGALĖ MAGIC OF WINTER MILK, 114 g	",2.49,https://cdn.barbora.lt/products/213b46c4-525d-4243-a5b1-dbed2ecfe357_s.png
Maxima,"Moteriško skustuvo galvutės GILLETTE VENUS SMOOTH, 4 vnt., 4 vnt.",12.89,https://cdn.barbora.lt/products/ee2200e9-42e7-4780-acb6-f02730d09a58_s.png
Maxima,"Saldainiai ROSHEN CRABS su žemės riešutų įdaru, 1 kg",2.87,https://cdn.barbora.lt/products/9bbca508-7d9a-48b5-8690-1902f42bcf7f_s.png
Maxima,"Sauskelnės PAMPERS Premium Care, Value Pack, 3 dydis, 60 vnt.",14.99,https://cdn.barbora.lt/products/5ab8be1e-4c5e-4094-ba8b-1389f629b21f_s.png
Maxima,"Džiovintos krapų viršūnėlės SAUDA, 50 g",0.55,https://cdn.barbora.lt/products/d6fb4931-8720-46ad-af5a-93f4fde46a59_s.png
Maxima,"Drėgnosios intymios higienos servetėlės GENTLE DAY, 10 vnt.",2.29,https://cdn.barbora.lt/products/7d01919e-eeba-48a8-b8cc-883159459b60_s.png
Maxima,"Džiovinti mairūnai SAUDA, 10 g",0.38,https://cdn.barbora.lt/products/17c6698a-968f-4f46-bd0f-ef9f7b678701_s.png
Maxima,"Ypač grynas alyvuogių aliejus LA ESPANOLA, 250 ml",2.99,https://cdn.barbora.lt/products/e57bdc55-69c4-4397-a10b-b74b579f1d1c_s.png
Maxima,"Sūrio padažo mišinys SANTA MARIA TEX MEX, 16 g",0.64,https://cdn.barbora.lt/products/21620452-9496-4147-81e5-373da3c90e07_s.png
Maxima,"Švelnusis SUSLAVIČIAUS pomidorų kečupas, 500 g",1.68,https://cdn.barbora.lt/products/59845035-b2a8-437e-8436-0ab373f1fe70_s.png
Maxima,"Česnakinis žolelių padažas HELLMANN'S, 250 ml",1.83,https://cdn.barbora.lt/products/0fbd4e1c-385a-4ae7-b2c9-701ca283d474_s.png
Maxima,"Plombyriniai ledai POLS, be laktozės, 75 g",1.49,https://cdn.barbora.lt/products/6ebe9e60-a7be-4a6f-ab33-59beb249fbdc_s.png
Maxima,"Duonos džiūvėsėliai SCHAR be glitimo, 300 g",2.79,https://cdn.barbora.lt/products/47d383aa-b30e-4383-ad86-58a7e054080c_s.png
Maxima,"Saldainiai BECKY’S, vaisių skonio, 30 g",1.99,https://cdn.barbora.lt/products/9cb52007-b963-4aec-a941-14dc9dd96a1c_s.png
Maxima,"Vienkartiniai skustuvai GILLETTE II, 5 vnt.",1.89,https://cdn.barbora.lt/products/d4817ff6-fbb6-4d00-b340-9b775de142c6_s.png
Maxima,"Džiovintos datulės SEEBERGER, 200 g",2.89,https://cdn.barbora.lt/products/b486a8db-064b-4dc9-95c1-e36a1ac606e1_s.png
Maxima,"Moteriška skutimosi želė GILLETTE SATIN CARE, 200 ml",6.19,https://cdn.barbora.lt/products/302b877f-26ec-47e5-bc00-c7720849bc11_s.png
Maxima,"Paukštienos prieskoniai SAUDA, be druskos, 50 g",0.59,https://cdn.barbora.lt/products/495b1e77-a147-4156-b50e-32148a849155_s.png
Maxima,"Virta rūkyta sausai sūdyta KLEBONIŠKA šoninė,a.r., 1 kg",9.99,https://cdn.barbora.lt/products/ec06af9d-182e-45f9-a466-e74b2ba80475_s.png
Maxima,"Maisto plėvelė UNIWELL, 20 m x 28 cm, 1 vnt.",0.89,https://cdn.barbora.lt/products/0790f929-de54-4fae-b4dd-8322f174d203_s.png
Maxima,"Švelnus SUSLAVIČIAUS pomidorų kečupas, 1 kg",2.59,https://cdn.barbora.lt/products/617182f0-918d-4e4b-98d3-c3d62a028499_s.png
Maxima,"Lūpų balzamas GREEN FEEL'S, 5 g",1.99,https://cdn.barbora.lt/products/5f3cc4a2-a635-4d74-a87f-6352bc864106_s.png
Maxima,"Karštai rūkytas VILNIAUS servelatas, a. r., 280 g",2.55,https://cdn.barbora.lt/products/8e15b569-9653-4afd-8198-f95b6a4bc201_s.png
Maxima,"Džiovinti mangų griežinėliai THE BEST OF ARIMEX, 200 g",4.19,https://cdn.barbora.lt/products/6d9f6fbb-95e3-45bd-acde-3b59667246d9_s.png
Maxima,"Džiovintos spanguolės sultyse THE BEST OF ARIMEX, 140 g",2.39,https://cdn.barbora.lt/products/b699b6aa-c109-4c3d-a94a-786c9ad2b812_s.png
Maxima,"Trumų padažas WELL DONE PREMIUM su miško grybais, 180 g",2.79,https://cdn.barbora.lt/products/c3b27e56-5008-4b15-a1d2-5776e7f40811_s.png
Maxima,"Saldainių rinkinys WELL DONE PREMIUM su pistacijų kremu, 185 g",5.99,https://cdn.barbora.lt/products/0e6ebab8-1c88-4c7c-86be-2b4b46c062e3_s.png
Maxima,"Akmens druska SANTA MARIA malūnėlyje, 140 g",2.24,https://cdn.barbora.lt/products/b7d1ba6a-2b82-4ca4-b052-e1b2214a14f0_s.png
Maxima,"Vaikiškas dantų šepetėlis JORDAN, minkštas, 6-9 m., 1 vnt.",2.89,https://cdn.barbora.lt/products/9b844c5c-9d3e-45b3-93f9-23e3f564068d_s.png
Maxima,"Universalus skystasis skalbiklis RINGUVA PLIUS 3 IN 1, 1 l",3.49,https://cdn.barbora.lt/products/d471116c-4404-4d58-b1f5-acef8cb79a69_s.png
Maxima,ECODENTA gaivinamoji dantų pasta nuo apnašų su spanguolių ekstraktu 100 ml,3.65,https://cdn.barbora.lt/products/02a0e7c1-130a-4f9c-a524-a668f7e62a70_s.png
Maxima,"Vyriška dušo želė PALMOLIVE REFRESHING3IN1, 500 ml",6.29,https://cdn.barbora.lt/products/aa490595-9258-4f9c-af97-902f1ec92537_s.png
Maxima,"Pupelės BONDUELLE barbekiu padaže, 430 g",1.19,https://cdn.barbora.lt/products/c46980a2-b49e-49f7-912f-3c4a0d14c0bb_s.png
Maxima,"Skystasis muilas NEUTRAL, 250 ml",3.59,https://cdn.barbora.lt/products/fd2fe611-8f04-491a-a020-eb167ef56687_s.png
Maxima,"Sojų varškė BERIEF, 400 g",2.49,https://cdn.barbora.lt/products/4b9f6de3-9b2a-4b6c-8e00-a76328108349_s.png
Maxima,"Kūdikių šampūnas-prausiklis BALANCE 2in1, 240 ml",2.99,https://cdn.barbora.lt/products/d2271d65-1c29-425f-a50b-1057c1ad677b_s.png
Maxima,"Vienkartinės lėkštės ILAJA WHITE, 23cm, 40 vnt.",2.49,https://cdn.barbora.lt/products/ed3916d4-72bd-4796-af7d-5e0a38c2a498_s.png
Maxima,"Miltų mišinys amerikietiškiems blyneliams CITY TASTE, 400 g, 400 g",1.19,https://cdn.barbora.lt/products/4d7c80fd-5f17-4759-873b-659fe5dfde27_s.png
Maxima,"Energinis gėrimas CULT BLUEBERRY CAKE, 500 ml",1.39,https://cdn.barbora.lt/products/33a11986-c696-42e2-a7d9-93dd76132265_s.png
Maxima,"Kiaulių liežuvių ir ausų vyniotinis, a. r., 350 g",3.29,https://cdn.barbora.lt/products/af0aceaf-580e-423c-8181-2d4452b95594_s.png
Maxima,"Makaronai (sraigteliai) WELL DONE, 500 g",0.69,https://cdn.barbora.lt/products/c8f17a54-3c5a-4289-9311-18844a45d7ff_s.png
Maxima,"Vytintos kiaulienos lazdelės CLASSIC, a. r., 70 g",2.45,https://cdn.barbora.lt/products/1d346fcb-b268-47da-a2da-f2b6d134f2a2_s.png
Maxima,ELSEVE  kondicionierius 400 ml,4.39,https://cdn.barbora.lt/products/4ce7d590-9b1d-4b51-b440-d82b436c4c43_s.png
Maxima,"Skystas skalbiklis PERWOLL Light Colors&White, 40 sk.",8.55,https://cdn.barbora.lt/products/71d49523-0d00-47e4-ab3f-d5cabe92bf79_s.png
Maxima,"Vytintas saliamis WELL DONE PREMIUM, SALAMETTO MILANO, nerūšinis gaminys, 180 g",2.69,https://cdn.barbora.lt/products/501fb873-2816-413e-9909-5e303285153e_s.png
Maxima,"Mažosios virtos sardelės WELL DONE, I r., 450 g",2.79,https://cdn.barbora.lt/products/c5ae58ae-2b9c-4f2e-89e0-0f922b6157c4_s.png
Maxima,"WC valiklis-gaiviklis BREF POWER AKTIV Flowers, 3x50g",3.59,https://cdn.barbora.lt/products/876e1dc5-8350-44b9-9267-416cf4d4b934_s.png
Maxima,"Lėtai virta žąsies krūtinėlė su spanguolių padažu WELL DONE PREMIUM, 1 kg",23.99,https://cdn.barbora.lt/products/c6dd523a-21b2-47f3-9f08-59217bba6989_s.png
Maxima,"Džiovintos figos SEEBERGER, 200 g",3.55,https://cdn.barbora.lt/products/95489d0e-1ebb-489c-b3c3-da870dada707_s.png
Maxima,"Malti kvapieji pipirai SAUDA, 100 g",1.53,https://cdn.barbora.lt/products/4e577281-820d-4615-9d6e-3f3f843d9eec_s.png
Maxima,"Grūdėtosios SUSLAVIČIAUS garstyčios, 170 g",0.96,https://cdn.barbora.lt/products/a6ba1772-a1a7-4b0f-a263-698d16c3835a_s.png
Maxima,"Citrininiai grietininiai ledai POLS su citrinų sk. glaistu, 75 g",1.49,https://cdn.barbora.lt/products/27581186-2624-4d97-8ff3-d4a84493b541_s.png
Maxima,"Miltinis mišinys CITY TASTE vafliams kepti, 400 g",1.19,https://cdn.barbora.lt/products/50620b35-6bbe-4378-9bfb-4f7c9e79f389_s.png
Maxima,"Vienkartiniai puodeliai ILAJA CRAFT,300ml 20vnt.",2.49,https://cdn.barbora.lt/products/71ca9f79-ea28-40ac-83d1-550d907427fa_s.png
Maxima,"Bulguro ir daržovių mišinys BONDUELLE, 250 g",2.27,https://cdn.barbora.lt/products/544d1b72-017c-4a6a-9cb3-a697fb271575_s.png
Maxima,"Saldžioji paprika su sūrio įdaru WELL DONE PREMIUM, 250 g",3.69,https://cdn.barbora.lt/products/cb0631cc-c827-4d7c-9eec-60e1284d8015_s.png
Maxima,"Dušo želė PALMOLIVE OLIVE & MILK, 250 ml",3.69,https://cdn.barbora.lt/products/d41896a0-a113-4db4-a7bd-5ca81558cf2b_s.png
Maxima,"Virtuvinės žirklės UNIWELL, 1 vnt.",2.99,https://cdn.barbora.lt/products/72eea36a-8126-4e6e-8d6d-680c251bb1df_s.png
Maxima,"Skystasis juodų audinių skalbiklis RINGUVA PLIUS, 1 l",3.29,https://cdn.barbora.lt/products/70b92384-2a03-4355-a0ab-149b4503449d_s.png
Maxima,"Skystasis muilas NIDA su bruknių ekstraktu, 500 ml",2.19,https://cdn.barbora.lt/products/3cd1d6d1-0612-4020-bb82-6bee289a1de3_s.png
Maxima,"Skystasis muilas GREEN FEEL'S, 400 ml",2.79,https://cdn.barbora.lt/products/9349fab6-a45e-486e-8986-e7a43f29324c_s.png
Maxima,"Duona SCHAR MAESTRO VITAL (be glitimo), 350 g",3.56,https://cdn.barbora.lt/products/6d13e48c-bb74-4b4a-b3c7-d65d31dc8766_s.png
Maxima,"Traškios duonelės SCHAR FETTE CROCCANTI (be glitimo), 150 g",1.95,https://cdn.barbora.lt/products/969645fb-2aa8-4de3-b6b2-f137c3a6ff4e_s.png
Maxima,"ŽOLYNĖLIO AUKŠTAITIJOS žolelių arbata, 40 g",1.13,https://cdn.barbora.lt/products/978defab-bc9e-43ab-b7c0-837e9a0772f5_s.png
Maxima,"Citrinpipiriai SANTA MARIA, 33 g, 33 g",0.89,https://cdn.barbora.lt/products/0714a870-9846-4eb9-9f80-caa64eb36526_s.png
Maxima,"ELSEVE šampūnas, 400ml",4.39,https://cdn.barbora.lt/products/e37428dc-3869-45e6-a310-f8ae5705491e_s.png
Maxima,"Energinis gėrimas CULT GAME CHANGER, 500 ml",1.39,https://cdn.barbora.lt/products/6e4423bf-6109-4d78-a362-56cfda96b6ae_s.png
Maxima,"Persikų puselės su apelsinų griež. sirupe WELL DONE PREMIUM, 560 g",2.99,https://cdn.barbora.lt/products/34f50d08-e570-4cbe-8e13-523965051c89_s.png
Maxima,"Balt. sūris STILTON su mangais, imb. WELL DONE PREMIUM, 48 %, 150 g",2.99,https://cdn.barbora.lt/products/d070bb67-0b62-4b50-ad36-537a15515277_s.png
Maxima,"Sausainiai su čederiu ir svogūnais WELL DONE PREMIUM, 75 g",1.59,https://cdn.barbora.lt/products/dea2f7b8-7676-4fe4-a837-6620ae214e0c_s.png
Maxima,"Lazdelės GRISSINI su trumais WELL DONE PREMIUM, 120 g",2.59,https://cdn.barbora.lt/products/c00c1f65-a39d-41f4-beca-4fe1f57ec86d_s.png
Maxima,"Ypač tyras purškiamas alyvuogių aliejus MANTOVA CHRISTMAS, 200 ml",3.99,https://cdn.barbora.lt/products/93a88671-b5a2-44d7-9cbd-c27987f8e756_s.png
Maxima,"Higieniniai paketai ALWAYS Ultra Super Plus, S2, 32 vnt.",5.59,https://cdn.barbora.lt/products/f4385629-a7c9-40c9-88c8-f5a2248d6934_s.png
Maxima,"Riešutų mišinys SEEBERGER, 150 g",3.99,https://cdn.barbora.lt/products/6954a871-a6d4-4574-9791-d3b7426bb162_s.png
Maxima,"Prieskonių mišinys SANTA MARIA TOM KHA sriubai virti, 30 g",0.79,https://cdn.barbora.lt/products/c0d21e4a-450b-4c1d-b7c7-19b5e8f847e7_s.png
Maxima,"Avižiniai sausainiai be glitimo AVENA - OAT BISCUITS, 0.13 kg",2.09,https://cdn.barbora.lt/products/07fc849d-6ebb-4aee-8268-8362cc769a94_s.png
Maxima,NIVEA BLACKBERRY SHINE puoselėjamasis lūpų balzamas ,2.59,https://cdn.barbora.lt/products/02c8a9cc-73f8-44cd-aa4b-e5d45294c4f5_s.png
Maxima,"Tamsi duona SCHAR PAN RUSTICO, be glitimo, 250 g",2.37,https://cdn.barbora.lt/products/be56411b-c06f-49f4-b390-509acba3e831_s.png
Maxima,"Kūno kremas BIODERMA, 500 ml",19.99,https://cdn.barbora.lt/products/2bcd8024-f8c0-4e07-991f-883d851356c7_s.png
Maxima," Kavos filtrai, 80 vnt., UNIWELL",1.99,https://cdn.barbora.lt/products/97dc05f9-421f-42c6-83bd-d043653ca768_s.png
Maxima,"Saldainių rinkinys CELEBRATIONS, 350 g",6.39,https://cdn.barbora.lt/products/9edb25f4-8905-441c-b5e3-958b06e54f62_s.png
Maxima,"Šašlykų prieskoniai SAUDA, 100 g",0.55,https://cdn.barbora.lt/products/197c65be-5d4d-45cd-8457-2548aa7099df_s.png
Maxima,"NIVEA Rutulinis dezodorantas PEARL & BEAUTY moterims, 50 ml",4.79,https://cdn.barbora.lt/products/1eb48f55-116a-44c7-912b-8f50ae63611c_s.png
Maxima,"Žemės riešutai traškioje luobelėje JĖGA, sūrio, svogūnų sk., 200 g",1.19,https://cdn.barbora.lt/products/ef4c0474-cef2-4307-a3ce-47910aaa56dd_s.png
Maxima,"ŽOLYNĖLIO žolelių arbata MEDETKŲ ŽIEDAI, 30 g",0.95,https://cdn.barbora.lt/products/0e8265b2-c69d-4da5-8d57-107748116932_s.png
Maxima,"Nelukštentos kepintos ir sūdytos moliūgų sėklos ARIMEX, 300 g",2.39,https://cdn.barbora.lt/products/23b719a8-0cba-444f-bdda-233cdb349d9f_s.png
Maxima,"Drėgnosios servetėlės PURE 3-IN-1 (makiažui valyti), 25 vnt.",1.55,https://cdn.barbora.lt/products/c2af3fc3-e4e9-42ca-85a9-20b6e0b5959d_s.png
Maxima,"Ledukų šald.maišel. LET'S COOK, 192 kub.",0.59,https://cdn.barbora.lt/products/e8cda918-27e8-4640-9013-933a085144da_s.png
Maxima,"Dušo želė GREEN FEEL'S, 400 ml",3.99,https://cdn.barbora.lt/products/5780d88d-f416-4b2f-996e-4bf8f27b296e_s.png
Maxima,"Dantų pasta JORDAN „SENSITIVE“, 75 ml",2.99,https://cdn.barbora.lt/products/e0bc233a-ad6a-400d-9ced-736b57cc969c_s.png
Maxima,MARGARITA Drėkinamasis rankų muilas su braškių aromatu ir alavijų geliu PAPILDAS 1l,5.09,https://cdn.barbora.lt/products/4fdf650f-5bca-4fa8-bb82-7a55903ae665_s.png
Maxima,"Muskatai SANTA MARIA, 10 g",0.84,https://cdn.barbora.lt/products/2b3238c5-a777-493b-b4a9-8cd525bbd0ba_s.png
Maxima,"Burnos skalavimo skystis LISTERINE COOLMINT, 1 l",9.99,https://cdn.barbora.lt/products/944f3507-bfd4-4426-a1d4-2a62c3b35b00_s.png
Maxima,"Stiklinis indas maisto produktams laikyti UNIWELL, 800 ml, 1 vnt.",6.99,https://cdn.barbora.lt/products/28f5889a-7826-4ab1-8489-512dfa13f66a_s.png
Maxima,"Kačių skanėstas FELIX PARTY OCEAN MIX, 60 g",1.19,https://cdn.barbora.lt/products/1e9dd9a0-89aa-4b27-8768-2bc47ccca1a7_s.png
Maxima,"Kačių užkandis FELIX PARTY, 60 g",1.19,https://cdn.barbora.lt/products/74e49cdc-4df2-45ee-a012-b06b886fa060_s.png
Maxima,"Malti kardamonai SANTA MARIA, 35 g",2.59,https://cdn.barbora.lt/products/d0ecf1b6-a3c8-4220-92db-8234785f0b8f_s.png
Maxima,"Žuvų prieskoniai VEGETA, 20 g",0.48,https://cdn.barbora.lt/products/c5d58ce4-78c1-4b4c-92f8-6f6078c0df1d_s.png
Maxima,"Lėtai virta kiaulės karka alaus marinate, 1 kg",7.49,https://cdn.barbora.lt/products/114fbbc7-cecc-452f-8e80-e6ede2261ba0_s.png
Maxima,"Tortilijų traškučiai NACHIPS OLD EL PASO, 185 g",0.99,https://cdn.barbora.lt/products/9ffd971c-93cb-48c5-81f0-ad2cfd540e60_s.png
Maxima,"Užtepėlė PATIFU su grybais, 100 g",1.19,https://cdn.barbora.lt/products/67ca6df2-bfe0-4003-843f-40f797116454_s.png
Maxima,"Daržovių traškučiai CHAZZ, grietinėlės ir svogūnų skonio, 75 g",1.35,https://cdn.barbora.lt/products/4308d49b-8bae-4fbb-aeec-d23d8dc5ca28_s.png
Maxima,"Žirnių dešrelės WELL WELL, 200 g",2.29,https://cdn.barbora.lt/products/1e8d6499-2ace-43ab-b7de-9d1a144f9c35_s.png
Maxima,"Ilgagrūdžiai ryžiai GRALLA, 800 g",1.01,https://cdn.barbora.lt/products/8efec69b-1183-4432-93b4-8f3939634fe3_s.png
Maxima,"Lazanijos lakštai DELVERDE ONDINE, Nr. 106, 500 g",1.24,https://cdn.barbora.lt/products/34191f1f-c514-4db5-aa28-81ef85dbf345_s.png
Maxima,"Šokoladinės figūrėlės SMARTIES, 3 vnt., 56.1 g",2.29,https://cdn.barbora.lt/products/26daecc4-610f-4b2f-b659-2cec69494ee8_s.png
Maxima,"Česnakinė druska SANTA MARIA, 40 g",0.49,https://cdn.barbora.lt/products/a71a13f4-534d-4137-b3d7-0d978ba2cf3b_s.png
Maxima,"Žalioji arbata TWININGS GUNPOWDER, 100 g",3.77,https://cdn.barbora.lt/products/00ebc6fc-16eb-4fe8-8324-90e66746e310_s.png
Maxima,"Juodieji pipirai SANTA MARIA TELLICHERRY PEPPER malūnėlyje, 70 g",3.44,https://cdn.barbora.lt/products/ae960e57-e826-4d0a-89b9-ec39f49ac9e6_s.png
Maxima,"Kepimo rankovė UNIWELL, 6 m, 1 vnt.",1.49,https://cdn.barbora.lt/products/6deed53c-3ece-4aed-b719-46be0c8ab796_s.png
Maxima,"Plovo prieskonių mišinys SAUDA, 50 g",1.11,https://cdn.barbora.lt/products/c257b38a-f0de-4900-ac07-42eaf0033edc_s.png
Maxima,"Bazilikai SANTA MARIA, 12 g",0.74,https://cdn.barbora.lt/products/bb815f90-b9fa-4d54-bd26-c26ec509f3ff_s.png
Maxima,"Higieniniai paketai BELLA PERFECTA ULTRA BLUE, 20 vnt.",2.39,https://cdn.barbora.lt/products/a7948cf5-b382-4a56-9716-47b577ce01bd_s.png
Maxima,"Čederio sūrio skonio bulvių traškučiai CHAZZ, 90 g",1.39,https://cdn.barbora.lt/products/7e1558fd-e1d3-4059-b353-7e9629df02d5_s.png
Maxima,"Pieninis akytasis šokoladas LACMI su ryžių traškučiais, 85 g",1.13,https://cdn.barbora.lt/products/9d545095-fca2-46e9-b795-d3cd24e900ec_s.png
Maxima,"KKF grybų mišrainė, 380 g",2.39,https://cdn.barbora.lt/products/acb7edec-0375-42f4-b285-bf31fc0de6a0_s.png
Maxima,"Ekologiški visų grūdo dalių makaronai DELVERDE (fetučiniai), 250 g",0.84,https://cdn.barbora.lt/products/510baff4-64eb-4585-bf36-f879ad3e79b0_s.png
Maxima,"Skystojo muilo papildymas PALMOLIVE SENSORIAL ESCAPE LEV&B., 500 ml",3.49,https://cdn.barbora.lt/products/e1bdb82d-f2dd-4a87-bd25-d80fafbe8f30_s.png
Maxima,Imbiero ir citr. uogų tyrė MASHIE 500ml,5.59,https://cdn.barbora.lt/products/3d2a026a-84b3-4a7c-8893-2e1f54961af1_s.png
Maxima,"Trumų padažas su sūriu WELL DONE PREMIUM, 180 g",2.79,https://cdn.barbora.lt/products/9d530b0a-895b-4363-85a1-bfd0ed4bb60b_s.png
Maxima,"Grūsti juodieji pipirai SANTA MARIA, 18 g",0.74,https://cdn.barbora.lt/products/081a62b4-47eb-4cb2-8e41-35d13dd75acd_s.png
Maxima,"Šokoladinis Kalėdų Senelis KINDER, 55 g",2.39,https://cdn.barbora.lt/products/d8ac4b5a-2065-4e69-ae16-c4eb7f6d5960_s.png
Maxima,"Vyriškas kūno ir plaukų prausiklis NIVEA MEN SPORT, 250 ml",4.19,https://cdn.barbora.lt/products/5da34525-876e-45b9-8db1-d9b62b95994c_s.png
Maxima,"Ekologiški migdolai ARIMEX, 150 g",2.39,https://cdn.barbora.lt/products/0a9f11f0-89ba-4e5f-9237-c1c8e1b96847_s.png
Maxima,"Pieninis šokoladas LACMI su neskaldytais lazdynų riešutais, 90 g",1.31,https://cdn.barbora.lt/products/44bd578b-e477-4865-9a0c-b9241f6ac509_s.png
Maxima,"Citrinpipiriai SANTA MARIA, 55 g",1.14,https://cdn.barbora.lt/products/df24836f-465c-4736-a85d-489341740585_s.png
Maxima,"Universalieji prieskoniai VEGETA NATUR, 300 g",2.58,https://cdn.barbora.lt/products/103d83b1-90b1-489f-9557-b0e675fa04ed_s.png
Maxima,"Energinis gėrimas su vaisių sultimis CULT JUICY OCEAN, 500 ml",1.39,https://cdn.barbora.lt/products/728ceb68-a09c-4833-acea-6b9a00382d99_s.png
Maxima,"Puskietis sūris su meškiniais česnakais BASIRON, 50 %, 1 kg",16.99,https://cdn.barbora.lt/products/845ba68f-6d76-4f0f-82b8-d6bda27594ee_s.png
Maxima,"Moteriškas pieštukinis dezodorantas DOVE INVISIBLE DRY, 50 ml",3.99,https://cdn.barbora.lt/products/d494198e-56fd-4971-b516-3626785f7541_s.png
Maxima,"Saldainių dovanėlė RŪTA STEBUKLINGAS SALDAINIS, 90 g",3.19,https://cdn.barbora.lt/products/9d300387-8b2c-448c-adb9-360a1f3b19b5_s.png
Maxima,"Vištienos prieskonių mišinys THAI WOK SANTA MARIA, 30 g",0.79,https://cdn.barbora.lt/products/c693078b-dc6f-4f90-8e1e-cd3f4a0cce88_s.png
Maxima,"Plaukų balzamas GARNIER FRUCTIS, 200 ml",3.19,https://cdn.barbora.lt/products/8d137360-f04e-4b5d-84ae-93b38af4231f_s.png
Maxima,"Plaukų šampūnas GARNIER FRUCTIS, 400 ml",4.08,https://cdn.barbora.lt/products/14b26618-6d76-4f91-9b48-54ca2cc2b393_s.png
Maxima,"Balta duona SCHAR be glitimo, 300 g",3.56,https://cdn.barbora.lt/products/ba7d1da7-3985-42f4-99e2-e2a353c5cacb_s.png
Maxima,"Duonos traškučiai BON CHANCE su medumi ir garstyčiomis, 120 g",1.19,https://cdn.barbora.lt/products/7647c5bf-8310-446d-86ef-0cfdc58b045e_s.png
Maxima,"Prieskonių mišinys INDIAN MANGO CURRY SANTA MARIA, 41 g",1.64,https://cdn.barbora.lt/products/4ff2e629-ac6a-4085-a420-3094c6164552_s.png
Maxima,"ŽOLYNĖLIO ŽEMAITIJOS žolelių arbata, 30 g",1.13,https://cdn.barbora.lt/products/2722b60d-bf8c-48d1-9b8a-615c29038d68_s.png
Maxima,"Pieninio šokolado saldainiai MILKA SNOWBALLS OREO, 112 g	",4.79,https://cdn.barbora.lt/products/d5e50a9c-5abb-4c94-aafe-60e37758bfe9_s.png
Maxima,"Lėtai virti marin. kiaulienos šonkauliai su barbekiu padažu, 500 g",5.99,https://cdn.barbora.lt/products/79215914-04ea-4189-8c8c-5d7dc2db0d78_s.png
Maxima,"Kietasis sūris MEMEL PRUSSIA, 45 % rieb. s. m., 1 kg",12.99,https://cdn.barbora.lt/products/de56e1a7-d90e-4059-b784-80a8657bf3f0_s.png
Maxima,"SUSLAVIČIAUS salotų padažas su alyvuogių aliejumi, 320 g",1.26,https://cdn.barbora.lt/products/9a0bf0a4-9e2d-4a9b-bc82-cb94c18a3597_s.png
Maxima,"Intymiosios higienos prausiklis NEUTRAL, 250 ml",3.99,https://cdn.barbora.lt/products/b95779af-60a8-4abd-bca4-ef7097001db1_s.png
Maxima,KILIG MOISTURIZING intensyviai plaukus drėkinantis kondicionierius 200 ml,4.25,https://cdn.barbora.lt/products/b9874b60-dbc1-43d2-9070-7a8446be784b_s.png
Maxima,"Speltos ir daržovių mišinys BONDUELLE, 250 g",2.27,https://cdn.barbora.lt/products/8511a5f4-fd5f-4304-a6d6-bc48fdae6d5f_s.png
Maxima,"Žaliosios alyvuogės WELL DONE, įdarytos migdolais, 220 g",1.59,https://cdn.barbora.lt/products/ea6d0943-54b6-49aa-82e6-f8882610a939_s.png
Maxima,"Vaikų šampūnas-prausiklis NEUTRAL KIDS, 250 ml",3.89,https://cdn.barbora.lt/products/7b58fcec-975e-47ee-b42a-63fca2f9c97c_s.png
Maxima,"SKIN627 lakštinė veido kaukė stangrinamoji su retinoliu ir perlais, 22 ml",1.59,https://cdn.barbora.lt/products/4b94e850-4812-47b9-95f8-493615f859d7_s.png
Maxima,"Takų prieskonių mišinys su sūriu SANTA MARIA, 28 g",0.64,https://cdn.barbora.lt/products/406d51fc-7c16-4cb4-812a-e615284dc525_s.png
Maxima,"Sausasis plaukų šampūnas BATISTE ORIGINAL, 200 ml",5.59,https://cdn.barbora.lt/products/92f3ce52-8585-47d2-98d6-7b017c3121a9_s.png
Maxima,"Atšildyti didieji jūriniai ešeriai (lot. Sebastes marinus), 1 kg",6.99,https://cdn.barbora.lt/products/f48e0a3a-6d9d-4802-a3fb-33a78e650b8e_s.png
Maxima,"Karis SANTA MARIA, 34 g",0.84,https://cdn.barbora.lt/products/57b8554d-329f-4794-8cb0-365f75462ffb_s.png
Maxima,"Avokadų padažas OLD EL PASO GUACAMOLE, 320 g",1.64,https://cdn.barbora.lt/products/1964a095-937a-4050-a29f-47f6a615ecde_s.png
Maxima,"Sausas kačių ėdalas FRISKIES su lašiša ir daržovėmis, 1 kg",3.21,https://cdn.barbora.lt/products/691e00b4-e503-4ff2-a7ad-1a7ee17341c7_s.png
Maxima,"Dėmių valiklis su šepetėliu RESQ, 200 ml",2.29,https://cdn.barbora.lt/products/3cec4ff4-1259-4263-bf6c-5640ce086a02_s.png
Maxima,"Karštai rūkytos BIOVELOS MEDŽIOTOJŲ dešrelės, A. r., 250 g",2.29,https://cdn.barbora.lt/products/dd6497d2-47c6-4cee-b54e-4427de4e8b7b_s.png
Maxima,"HAS PD Plastilino rinkinys, 4 vnt., asort.",3.59,https://cdn.barbora.lt/products/a0d23304-0ea9-4e6f-8b97-ffb342edb623_s.png
Maxima,Pliušinis kvepiantis žaislas-siurprizas Sweet pups,1.79,https://cdn.barbora.lt/products/f9592355-4751-40b4-9d5f-547c3319a594_s.png
Maxima,"Juodosios alyvuogės su prieskoniais WELL DONE PREMIUM, 360 g",2.99,https://cdn.barbora.lt/products/e0c419a2-4bd9-466d-a2fb-db0153dd87ae_s.png
Maxima,"Baltasis sūris STILTON su spanguol. WELL DONE PREMIUM, 48 %, 150 g",2.79,https://cdn.barbora.lt/products/33e126c1-9fb0-4fd2-aad3-e1cca03426b1_s.png
Maxima,"Kvapieji pipirai SANTA MARIA (žirneliai), 15 g",0.69,https://cdn.barbora.lt/products/28399d81-0f10-4ab2-81ac-c18fbf191f36_s.png
Maxima,"Sriubų ir padažų prieskoniai SANTA MARIA, 25 g",0.54,https://cdn.barbora.lt/products/436948b9-8592-4d17-9511-799c4d417d00_s.png
Maxima,"Biri juodoji arbata TWININGS ENGLISH BREAKFAST TEA, 100 g",3.77,https://cdn.barbora.lt/products/6ad83361-7f73-48c1-b811-0399c179dd19_s.png
Maxima,"NIVEA MEN ANTI DANDRUFF šampūnas nuo pleiskanų vyrams, 250 ml",4.79,https://cdn.barbora.lt/products/ff3ed2ec-198a-4e1a-b06d-ac3aa632b14c_s.png
Maxima,"Gabalinis tualetinis muilas PALMOLIVE FEEL THE MASSAGE, 90 g",0.99,https://cdn.barbora.lt/products/dacf7b58-d7d7-4669-a9ae-bb552931aa78_s.png
Maxima,"Skutimosi gelis SATIN CARE Pure and Delicate, 200ml",5.09,https://cdn.barbora.lt/products/7492a694-a28f-4517-b61e-a8bb3eb2b74e_s.png
Maxima,"Švelnus SUSLAVIČIAUS pomidorų padažas su 5 rūšių žolelėmis, 500 g",1.72,https://cdn.barbora.lt/products/30d05206-fc2a-449e-be19-758a231e2dbd_s.png
Maxima,"Hermetiškas indelis BORGONOVO IGLOO, 15 cm, 800 ml, 1 vnt.",4.99,https://cdn.barbora.lt/products/090c63be-7d41-434b-ab92-bbf7c39a9659_s.png
Maxima,"Pabarstukų rinkinys DR.OETKER GLAMOUR, 115 g",2.19,https://cdn.barbora.lt/products/f62d8d3f-4b88-4a14-b85b-054a0de4e77d_s.png
Maxima,"Toskanietiški sausainiai WELL DONE PREMIUM, 200 g",5.99,https://cdn.barbora.lt/products/c3f097c7-c45d-4b81-a102-0c7a925be97a_s.png
Maxima,"Universalusis prieskonių mišinys be druskos SAUDA, 250 g",1.25,https://cdn.barbora.lt/products/5495187e-28fa-4d34-b73c-29b59260386e_s.png
Maxima,"Skystasis muilas DOVE SILK, papildymas, 500 ml",4.79,https://cdn.barbora.lt/products/a26e53bd-3701-4160-b5fc-aa4334a73f3e_s.png
Maxima,"Birių produktų indas UNIWELL SQUARE, 750 ml, 1 vnt.",2.49,https://cdn.barbora.lt/products/e809661c-a2b9-4bbd-9c84-0a4814ac2f2a_s.png
Maxima,"Mišinys su atogrąžų vaisiais ARIMEX, 200 g",1.79,https://cdn.barbora.lt/products/1642d12f-ad75-4376-bf64-fd925606a5d4_s.png
Maxima,"Dantų pasta ELMEX CARIES PROTECTION, 75 ml",6.49,https://cdn.barbora.lt/products/c159b4b9-e871-4d58-9654-6e0067ce9ab3_s.png
Maxima,"Picos padas SCHAR be glitimo, 300 g, 300 g",4.19,https://cdn.barbora.lt/products/01e76ffa-268a-4f2c-a64b-6462d1b38e33_s.png
Maxima,"Ekologiški anakardžiai ARIMEX, 150 g",2.99,https://cdn.barbora.lt/products/f7e5caac-ad84-44da-924f-c3a953dd2b95_s.png
Maxima,"Puskietis sūris su raudonuoju pesto BASIRON, 50% rieb. s. m., 1 kg",16.99,https://cdn.barbora.lt/products/dacee0d8-c4e8-4c2b-9483-5bc481a1d361_s.png
Maxima,"Virtos mini dešrelės WELL DONE, aukščiausia rūšis, 450 g",2.79,https://cdn.barbora.lt/products/24edde1b-aa78-4483-876e-5a2f57dc55ab_s.png
Maxima,"Pieninis šokoladas RŪTA MAŽŲ STEBUKLŲ!, 18 g",0.49,https://cdn.barbora.lt/products/3b345467-330e-4de3-b363-536750ce43e5_s.png
Maxima,"Lazdelės GRISSINI su rozmarinais WELL DONE PREMIUM, 120 g",2.39,https://cdn.barbora.lt/products/f0d4417f-463e-4444-be66-cf4a5361fb4f_s.png
Maxima,"Skustuvo galvutės GILLETTE FUSION, 4 vnt.",20.79,https://cdn.barbora.lt/products/7fe8d82d-e0eb-4e2a-8aba-5ce153662173_s.png
Maxima,"Skystasis baltų audinių skalbiklis RINGUVA PLIUS, 1 l",3.25,https://cdn.barbora.lt/products/6434e3d1-70b5-4680-93ec-e292dec46329_s.png
Maxima,MARGARITA Kreminis rankų muilas su migdolų ir ramunėlių ekstraktais PAPILDAS 400ml,2.99,https://cdn.barbora.lt/products/012005c2-ebd0-401e-b5e2-56902c5dc99b_s.png
Maxima,"Pankolio sėklos SAUDA, 40 g",0.34,https://cdn.barbora.lt/products/d2319844-471b-434c-a032-c2f7140dd431_s.png
Maxima,"Vonios putos NIDA su medaus ir migdolų ekstraktais, 750 ml",2.19,https://cdn.barbora.lt/products/09c33f5f-6eb6-47a7-aab8-40e0128b6cda_s.png
Maxima,"Šaltai rūkyta KLEBONIŠKA kiaulienos nugarinė, a. r., 1 kg",10.99,https://cdn.barbora.lt/products/5e97e2ac-6fb3-4dac-b063-797dcd37b0ca_s.png
Maxima,"Drėgnosios antibakterinės servetėlės GO WIPES D-PANTH,15vnt, 15 vnt.",0.79,https://cdn.barbora.lt/products/776258b5-5f0c-4a56-8ecd-f69c8807d8e4_s.png
Maxima,"Vytintas jautienos TRADICINIS, 100 g",5.59,https://cdn.barbora.lt/products/bc78ef0f-74bf-429c-ad15-9e3f07d1f777_s.png
Maxima,"Konservuotas kačių ėdalas SHEBA NATURE'S su paukštiena, 340 g",2.3,https://cdn.barbora.lt/products/f3b27135-902f-4f34-a6ab-086ea4027d25_s.png
Maxima,"Šokoladiniai saldainiai PERGALĖ MARC DE CHAMPAGNE, 114 g	",2.79,https://cdn.barbora.lt/products/55aa269f-00f3-4eda-a152-2d0e8866ed80_s.png
Maxima,"Šaldytos tradicinės burgundiškos sraigės WELL DONE PREMIUM, 100 g",4.49,https://cdn.barbora.lt/products/8083982b-ae13-465e-933f-23eac018ad17_s.png
Maxima,"Dantų šepetėlis JORDAN CLEAN BETWEEN ULTRA SOFT, 1 vnt.",2.69,https://cdn.barbora.lt/products/315411d3-9147-4dda-8530-d05e447f7d08_s.png
Maxima,"Duonos traškučiai BON CHANCE su sūriu ir česnakais, 120 g",1.19,https://cdn.barbora.lt/products/5e8eb2fd-dc92-49ea-b13d-e683062585f2_s.png
Maxima,"Ekologiškas universalusis paviršių valiklis BALANCE, 500 ml",1.89,https://cdn.barbora.lt/products/f28d13b2-c89b-467c-b6d8-ea49730d279f_s.png
Maxima,"Vienkartiniai skustuvai GILLETTE BLUE 3 Plus Comfort, 6+2 vnt.",8.99,https://cdn.barbora.lt/products/ed00b64d-31ba-4907-91e5-0e6e3a130381_s.png
Maxima,"Citrininiai pipirai SAUDA, 40 g",0.62,https://cdn.barbora.lt/products/44a4fb39-9f8b-4dc1-851c-866f8f7800eb_s.png
Maxima,"Plaukų šampūnas GARNIER , 250 ml",2.89,https://cdn.barbora.lt/products/78a29ab4-39e3-43a6-bfaa-7ddc4e4d1ada_s.png
Maxima,"Micelinis vanduo BIODERMA, 500 ml",16.59,https://cdn.barbora.lt/products/3f08b3a8-5df5-4637-8f86-82c001dec3af_s.png
Maxima,"Dantų pasta COLGATE TOTAL ORIGINAL, 75 ml",4.49,https://cdn.barbora.lt/products/b587952e-92ea-40c1-98be-8a92e15ba15d_s.png
Maxima,"Moteriškas rutulinis dezodorantas GARNIER INVISIBLE, 50 ml",4.99,https://cdn.barbora.lt/products/028ad368-feb6-45a8-b9ef-d2f6460c515c_s.png
Maxima,"Energinis gėrimas CULT ANIME ICE, 500 ml",1.39,https://cdn.barbora.lt/products/1fe5d58f-819b-4077-8c2c-4ab5aa10598c_s.png
Maxima,"Užtepėlė su pomidorais WELL DONE PREMIUM, 190 g",1.69,https://cdn.barbora.lt/products/7ebd40bf-2682-4024-a526-6db78fb93123_s.png
Maxima,"Sūriu įdarytos figos WELL DONE PREMIUM, rapsų aliejuje, 250 g",2.99,https://cdn.barbora.lt/products/ce14bf06-9304-4275-88de-9afe6d90cb4e_s.png
Maxima,"Alavijų kvapo skystas muilo papildymas, DIVUS, 1L",1.99,https://cdn.barbora.lt/products/cce7f7c2-a1be-4674-924f-b50d69596d79_s.png
Maxima,"Gazuotas gėrimas COCA COLA CHERRY, 330 ml",1.02,https://cdn.barbora.lt/products/a28229a6-453a-4961-b1ea-01612f9a9643_s.png
Maxima,"Skystasis muilas PALMOLIVE ALMOND & MILK, 300 ml",2.79,https://cdn.barbora.lt/products/62673208-234e-479d-9741-f71856e64e13_s.png
Maxima,"NIVEA Dušo želė CREME SOFT, 250 ml",4.19,https://cdn.barbora.lt/products/d8c636bb-aabf-4683-b0ec-a8d572ca72dc_s.png
Maxima,"Žuvies prieskoniai su krapais, 25 g",0.49,https://cdn.barbora.lt/products/1cb8732c-da5a-4881-b66f-177e887a63f8_s.png
Maxima,"Žemės riešutai traškioje luobelėje JĖGA, barbekiu skonio, 200 g",1.19,https://cdn.barbora.lt/products/acfe3ede-636d-4185-9125-2ada01389c37_s.png
Maxima,"Žieminis langų skystis SOLID BY KAUFTEC PRO -15 ⁰C, 4 l, 4 l",4.89,https://cdn.barbora.lt/products/3c653daa-bd14-4622-9d51-0c7502293a78_s.png
Maxima,"Skystasis muilas PALMOLIVE HYGIENE KITCHEN ODOR, 500 ml",3.29,https://cdn.barbora.lt/products/2e25037d-4e11-4d10-baf5-6bd684ed9eeb_s.png
Maxima,"Burnos skalavimo skystis DIVUS WHITE, 500 ml",1.39,https://cdn.barbora.lt/products/66260451-a4f0-474f-8935-21f9172fa5dd_s.png
Maxima,"Dantų šepetėlis JORDAN CLEAN SMILE MEDIUM, 1 vnt.",1.65,https://cdn.barbora.lt/products/4967ad90-a888-47b3-8668-a7c290a314e8_s.png
Maxima,"Karštai rūkytos atlantinių lašišų pažiaunės, 1 kg",2.59,https://cdn.barbora.lt/products/ff93997c-e756-474e-b087-c5cbb7261ab9_s.png
Maxima,"Klasikinis SUSLAVIČIAUS pomidorų kečupas, 1 kg",2.59,https://cdn.barbora.lt/products/746fe490-284e-40f7-b843-23594d4afa19_s.png
Maxima,"Dantų pasta JORDAN „CARIES DEFENSE“, 75 ml",2.99,https://cdn.barbora.lt/products/3540b48f-4dbc-4c42-9904-fefc73a16f93_s.png
Maxima,"SUSLAVIČIAUS ORIGINALUS trintų pomidorų padažas, 480 g",2.2,https://cdn.barbora.lt/products/d1bdb777-6ef4-4285-a9c2-91b78aa41619_s.png
Maxima,"Žolelių arbata ŽOLYNĖLIS su kanapių ir pipirmėčių lapais, 30 g",1.19,https://cdn.barbora.lt/products/d5e8b9ba-5e50-4fd9-981c-4487a1b1e6c6_s.png
Maxima,ECODENTA ypač gaivi ir remineralizuojanti dantų pasta su Vytautas mineraliniu vandeniu 100 ml,5.29,https://cdn.barbora.lt/products/34112ae8-05d4-4499-83e2-e684e301cbf4_s.png
Maxima,"Indų ploviklis BALANCE su soda, 450 ml",1.39,https://cdn.barbora.lt/products/c684d597-9aa6-4270-b6b1-af32d581f1a9_s.png
Maxima,"Traškios lazdelės SAULĖS GRŪDAS su sezamais, 125 g",0.69,https://cdn.barbora.lt/products/232e34c1-5071-4ac7-98a1-f26f9c8fc37a_s.png
Maxima,"Nealkoholinė putojanti arbata THE SPARKLING TEA ROSALIA, 750 ml",9.99,https://cdn.barbora.lt/products/a29438a9-bf2d-4afb-833c-0bce0c536673_s.png
Maxima,"Nealkoholinė putojanti arbata THE SPARKLING TEA ALBA, 750 ml",9.99,https://cdn.barbora.lt/products/77680361-8742-4b09-85bb-15c40acfeb4f_s.png
Maxima,"Žaliosios alyvuogės ITLV su sūrio įdaru, 300 g",1.86,https://cdn.barbora.lt/products/47b826bf-be05-41bd-9f76-9bba32a904fa_s.png
Maxima,"Žaliosios alyvuogės ITLV su omarų įdaru, 300 g",1.86,https://cdn.barbora.lt/products/5b38e734-ad9a-474f-b8ce-0211843107e5_s.png
Maxima,"Žuvies prieskoninių žolelių mišinys SANTA MARIA, 15 g",0.49,https://cdn.barbora.lt/products/ef273b63-d83b-4519-9a81-b288d2cda7aa_s.png
Maxima,"NIVEA ORIGINAL puoselėjamasis lūpų balzamas, 4,8 g",3.65,https://cdn.barbora.lt/products/06206c74-5b48-47a5-b06d-e218623154a6_s.png
Maxima,"Žuvies prieskoniai SAUDA, 100 g",0.55,https://cdn.barbora.lt/products/4faf3a92-b778-4835-b4e9-a6c5b0be968e_s.png
Maxima,"Sauskelnės PAMPERS Premium Care, Mega Box, 3 dydis, 120 vnt.",25.89,https://cdn.barbora.lt/products/97b7c0cc-1dcf-4880-9f6a-f4d336ed053f_s.png
Maxima,"Lazanijos lakštai DELVERDE, Nr. 109 (su kiaušiniais), 500 g",1.59,https://cdn.barbora.lt/products/bec4aca6-86de-4230-a86c-dba114ef4b4b_s.png
Maxima,"Saldžiųjų kukurūzų ir pupelių mišinys BONDUELLE, 170 g",1.07,https://cdn.barbora.lt/products/c71b49e3-840d-485b-9700-e90353687331_s.png
Maxima,"Burnos skalavimo skystis NIDA su pipirmėčių aliejumi, 500 ml",3.29,https://cdn.barbora.lt/products/2c246234-d5c1-47df-bb05-2ae0b5044f1c_s.png
Maxima,"Becukris Juodas šokoladas VALOR 85%, 100 g",2.99,https://cdn.barbora.lt/products/9c01def7-a724-4bb2-b035-b7faa15edda4_s.png
Maxima,"Arbata TWININGS, aviečių ir granatų skonio, 20 vnt.",3.29,https://cdn.barbora.lt/products/f3d3107f-c07e-4360-85c3-b2e52166b0c3_s.png
Maxima,"Karštai rūkytas saliamis BIOVELA, I r., 280 g",2.09,https://cdn.barbora.lt/products/517ac037-cf82-4085-98a8-470aca4f2ebe_s.png
Maxima,"Virtas KLEBONIŠKAS GASPADINĖS vyniotinis, a. r., 330 g",3.09,https://cdn.barbora.lt/products/91a5cc76-92a5-4a72-b2b5-141723e5fcae_s.png
Maxima,"KARALIŠKASIS mišinys su kepintais riešutais ARIMEX PREMIUM, 250 g",3.59,https://cdn.barbora.lt/products/387b1e15-d6ef-43ae-ae34-b7f7dca8ff1f_s.png
Maxima,Vaikiška dantų pasta LACALUT KIDS (nuo 2 iki 6 metų),3.99,https://cdn.barbora.lt/products/c99f7b51-23ed-4c03-9d86-d54edbafe984_s.png
Maxima,"Žaliosios alyvuogės WELL DONE, įdarytos citrinomis, 235 g",1.25,https://cdn.barbora.lt/products/dcb253bd-1cc6-44a1-a5a0-5e8bfd50ed39_s.png
Maxima,"Baltos pupelės GRALLA, 400 g",0.89,https://cdn.barbora.lt/products/18194830-67a8-411d-b8b6-21a6364fa7b0_s.png
Maxima,"Makaronai (rageliai) WELL DONE, 500 g",0.69,https://cdn.barbora.lt/products/2df7cebb-1944-443b-8a96-6c704e66ab2e_s.png
Maxima,"Nagų lako valiklis su acetonu, DIVUS 50ml",0.69,https://cdn.barbora.lt/products/9a4c1102-542e-4ff3-8a3e-e9e6c2730b71_s.png
Maxima,"Dantų pasta COLGATE MAX WHITE SPARKLE DIAMONDS, 75 ml",3.49,https://cdn.barbora.lt/products/d9a2c674-7ed3-4969-b91a-9526bc077c49_s.png
Maxima,"Vyt. atl. lašišų (Salmo salar) atraižėlės su citrinpipiriais, 1 kg",5.99,https://cdn.barbora.lt/products/58340f86-3782-44d8-87ad-ec76eff3e9a9_s.png
Maxima,"Šaldytos braškės šokolade SCHO FRU LADE, 130 g",4.49,https://cdn.barbora.lt/products/8378ea9c-d69f-4513-a5f1-1d099d2fe557_s.png
Maxima,"Dantų siūlas ORAL B Pro-Expert Advanced, Deep Clean, 25 m",3.09,https://cdn.barbora.lt/products/336990ba-06a0-4b68-89e6-2def0594d80d_s.png
Maxima,"Želatina SANTA MARIA, 25 g",0.69,https://cdn.barbora.lt/products/3afc8905-c8f8-4088-a08b-ab92bc1d03c4_s.png
Maxima,"Bambukinis kilimėlis sušiams gaminti AJI, 1 vnt.",2.29,https://cdn.barbora.lt/products/75a9fb9c-ad82-4000-be74-b54280be3e44_s.png
Maxima,"Makaronų lizdai DELVERDE TAGLIATELLE, Nr. 134 (su špinatais), 250 g",0.84,https://cdn.barbora.lt/products/0b125f76-028f-444a-91f0-103ca862d57b_s.png
Maxima,"Gabalinis tualetinis muilas PALMOLIVE GREEN TEA & CUCUMBER, 90 g",0.99,https://cdn.barbora.lt/products/0995ec31-4222-44aa-9cdc-1ccdb22690a6_s.png
Maxima,"Riešutų ir razinų mišinys SEEBERGER, 150 g",2.89,https://cdn.barbora.lt/products/ab22ee55-671b-4a8b-8503-50009f4639ef_s.png
Maxima,"Gabalinis tualetinis muilas DOVE GENTLE EXFOLIATING, 90 g",1.25,https://cdn.barbora.lt/products/8476d6e2-fb10-4527-8015-d1de137bdb34_s.png
Maxima,"Ožkų pieno sūris su papajomis EL PASTOR, 54 % rieb. s. m., 1 kg",19.69,https://cdn.barbora.lt/products/afe22e7c-be50-44d1-ae44-325ddd5706aa_s.png
Maxima,"Graikiniai riešutai FAMILY PACK ARIMEX, 600 g",6.35,https://cdn.barbora.lt/products/f9356f62-c6e7-4942-83c2-d932af0498cc_s.png
Maxima,"Džiovintos slyvos FAMILY PACK ARIMEX, 800 g",6.45,https://cdn.barbora.lt/products/04f0da72-c3d3-4a47-9d0f-c10b692e4cab_s.png
Maxima,"ROKIŠKIO MĖSINĖS virtas liežuvio vyniotinis, a. r., 350 g",3.09,https://cdn.barbora.lt/products/562d96ac-fe79-4f67-ad2a-fdcec67f4d01_s.png
Maxima,"SENSODYNE PRONAMEL JUNIOR vaik.dantų pasta, 6-12m, 50ml",4.29,https://cdn.barbora.lt/products/a1ac0acd-cb9a-4953-9d33-034e1544151c_s.png
Maxima,"SKIN627 lakštinė veido kaukė maitinamoji su keramidais ir pantenoliu, 22 ml",1.59,https://cdn.barbora.lt/products/73cbaaf5-f342-4cd8-a495-d4dabab9feb7_s.png
Maxima,"Amareto sk. persikų pus. su migdolais WELL DONE PREMIUM, 560 g",2.99,https://cdn.barbora.lt/products/2ac05f67-11c0-4914-991d-af8a5fae79b0_s.png
Maxima,"Skutimosi gelis SATIN CARE Dry Skin, 200ml",6.19,https://cdn.barbora.lt/products/e7d07bb6-ecb3-4e52-ae33-5ed01f251670_s.png
Maxima,"Higieniniai paketai BELLA CLASSIC, 20 vnt.",1.05,https://cdn.barbora.lt/products/cbaea5f7-0520-4f7c-940b-58a0e73b9e43_s.png
Maxima,"Užrišami šiukšlių maišai HOME EXPERT, 55 l, 12 vnt.",1.89,https://cdn.barbora.lt/products/7b35fc79-9a97-4e5e-9d44-c6d7f4130ef9_s.png
Maxima,"Vaikiškas šampūnas MARGARITA KAKĖS MAKĖS (BE AŠARŲ), 250 ml",4.09,https://cdn.barbora.lt/products/03ef297d-d1ed-4823-97b0-72b5b37a63ad_s.png
Maxima,"Vanilinis cukrus SAUDA, 60 g",0.38,https://cdn.barbora.lt/products/03c762c9-1bd6-4a32-a4ec-529aede7fb69_s.png
Maxima,"Intymios higienos prausiklis NIDA su gintaro ekstraktu, 500 ml",2.99,https://cdn.barbora.lt/products/79edb33d-e65e-4f96-a736-3636ebdba87f_s.png
Maxima,"Saldainiai ROSHEN YUMMI GUMM BEARS, 70 g",0.47,https://cdn.barbora.lt/products/aaae8cd8-c976-4d12-9c89-130b42f9a121_s.png
Maxima,"Sauskelnės PAMPERS Premium Care, Value Pack, 2 dydis, 68 vnt.",14.69,https://cdn.barbora.lt/products/6934a6b2-f1bc-4eab-98b0-a06aeac45776_s.png
Maxima,"Vytintas SERRANO kumpis ESPANA, pjaustytas, a.r., 500 g",11.89,https://cdn.barbora.lt/products/691401b0-4c9e-4ab9-b163-9e2b1c450291_s.png
Maxima,"Gabalinis tualetinis muilas DOVE FRESH REFRESH, 90 g",1.25,https://cdn.barbora.lt/products/1010871a-5931-4345-9247-5816644dbe5e_s.png
Maxima,"Švelnus padažas OLD EL PASO CHUNKY SALSA DIP, 312 g",1.64,https://cdn.barbora.lt/products/17254e9e-be8a-4fab-ad0f-4bfc7d13efb2_s.png
Maxima,"Virta karštų sumuštinių dešra be antibiotikų, a. r., 300 g",1.69,https://cdn.barbora.lt/products/4dc6496e-f800-4861-9c8d-81ff5cbab8b8_s.png
Maxima,"Šokoladiniai saldainiai AFTER EIGHT, 65 g",2.29,https://cdn.barbora.lt/products/f5f624bc-62e3-417c-acdf-92a33c1a2676_s.png
Maxima,"Kiaušininiai makaronai WELL DONE TAGLIATELLE, 500 g",1.39,https://cdn.barbora.lt/products/0013f71a-38fe-4811-9861-524268aa94cf_s.png
Maxima,"Karštai rūkytos sardelės BIOVELA, a. r., 570 g",3.59,https://cdn.barbora.lt/products/d4fb4713-a2da-42d8-aab1-2837182193b6_s.png
Maxima,"Kiaulienos paštetas su migd. WELL DONE PREMIUM, nerūš. gam., 300 g",2.99,https://cdn.barbora.lt/products/b15e0d0b-b39b-43c1-bb58-5e8a729485c5_s.png
Maxima,"SOSTINĖS saldainiai PERGALĖ CHRISTMAS, 400 g	",8.49,https://cdn.barbora.lt/products/4e287cdf-6eef-4883-a1ce-d30c4a410eac_s.png
Maxima,"Dantų šepetėlis COLGATE ZIG ZAG MEDIUM, 1 vnt.",1.69,https://cdn.barbora.lt/products/0e71266e-895c-45c3-b29f-fc1a543b6db3_s.png
Maxima,"Dantų protezų valiklis COREGA TABS BIO FORMULA, 30 vnt.",5.29,https://cdn.barbora.lt/products/3200f555-52b0-44fb-8ec9-338cfd6c5805_s.png
Maxima,"Varškės sūrio užkandis TARTARE L'APERITIF ITALIE, 70 % rieb., 100 g",2.99,https://cdn.barbora.lt/products/c9380959-6c05-487a-b2b2-506d464bd375_s.png
Maxima,"Kmynai SANTA MARIA, 20 g",0.49,https://cdn.barbora.lt/products/80e87e41-4a8a-47eb-b018-3f89dc86da38_s.png
Maxima,"Skustuvo galvutės GILLETTE FUSION, 8vnt.",39.99,https://cdn.barbora.lt/products/09bcdef4-b081-4096-8adf-2809ce833db4_s.png
Maxima,"Džiovintos slyvos SEEBERGER SOFT, 200 g",3.79,https://cdn.barbora.lt/products/ac2a660b-ec21-42c7-b239-ea266cac7425_s.png
Maxima,"Džiovintos spanguolės ARIMEX, 300 g",3.59,https://cdn.barbora.lt/products/7f4f1913-c282-4f7b-929d-ff3cf976ed4c_s.png
Maxima,"Gabalinis tualetinis alyvuogių muilas PAPOUTSANIS, 125 g",1.45,https://cdn.barbora.lt/products/ef9a734c-d282-4863-89d7-9587c44b2208_s.png
Maxima,"Duona SCHAR MAESTRO CEREALE (be glitimo), 300 g",3.63,https://cdn.barbora.lt/products/245a1eb2-e874-4a99-89a3-574c2dc5a0f1_s.png
Maxima,"Žolelių mišinys SANTA MARIA, 29 g",0.79,https://cdn.barbora.lt/products/5ecef8a2-d17b-43e5-bd95-0e1ae3cd17c9_s.png
Maxima,MARGARITA Šampūnas su dilgėlių ekstraktu normaliems ir riebiems plaukams 400ml,4.25,https://cdn.barbora.lt/products/8aa184f7-90e2-4d0d-9221-f713a2ac3426_s.png
Maxima,"Anakardžių puselės ARIMEX, 600 g",6.35,https://cdn.barbora.lt/products/5320925f-d5ed-463a-9f5a-5ea9cbdd911a_s.png
Maxima,"Kačių ėdalas FELIX FANTASTIC su lašiša, 85 g",0.43,https://cdn.barbora.lt/products/fcc55f3b-6965-40b8-b44b-f7bc5f93fbbc_s.png
Maxima,"Vaisinė arbata vaikams ŽOLYNĖLIS su miško uogomis, 40 g",1.31,https://cdn.barbora.lt/products/d4d9fe9f-f72f-4af5-8b8c-c99c9f9577c2_s.png
Maxima,"Energinis gėrimas CULT BUBBLE GUM, 500 ml",1.39,https://cdn.barbora.lt/products/cf9bf891-3da6-476d-8d0d-1b0f6c3c33b0_s.png
Maxima,"Juodasis šokoladas LAIMA VILNIUS, 90 g",1.6,https://cdn.barbora.lt/products/f18c0479-e920-4512-88e5-8eb47817c6e7_s.png
Maxima,"Kokosų miltai WELL DONE, 300 g",1.49,https://cdn.barbora.lt/products/f01ca546-8a5e-44bd-94a3-cfee8e3a95b7_s.png
Maxima,"Vaikiškas muilas UTI PUTI su alavijų ekstraktu, 75 g",0.65,https://cdn.barbora.lt/products/17cc7947-95cc-449c-863b-5cde8d3c9c06_s.png
Maxima,"Makaronai (spagečiai) WELL DONE, 500 g",0.89,https://cdn.barbora.lt/products/7aa67f24-1510-4e87-9b1f-5416a343aadb_s.png
Maxima,"Keptas kiaulių kepenų vyniotinis BEATOS VIRTUVĖ, a. r., 400 g",3.69,https://cdn.barbora.lt/products/e9ae58d9-b63d-4f98-b5f1-3bdc9984f632_s.png
Maxima,"Sviestiniai sausainiai SCHAR, be glitimo, 165 g",2.44,https://cdn.barbora.lt/products/5d22fa0a-66bb-4388-b864-02cdbde79bea_s.png
Maxima,"Saldumynų rinkinys RŪTA, 320 g",15.99,https://cdn.barbora.lt/products/5058e01a-a2c5-4313-870c-baffc226f1fb_s.png
Maxima,"Kepimo popierius SAGA, 20 m, 20 m.",3.99,https://cdn.barbora.lt/products/85f78087-f245-4c2c-a37d-361e8a891acc_s.png
Maxima,"Šašlykų prieskoniai SANTA MARIA, 100 g",0.99,https://cdn.barbora.lt/products/046620d1-4e96-4506-8511-675e127f1673_s.png
Maxima,"Valgomieji ledai KAR KAR, spragėsių su karamele skonio, 90 g",1.29,https://cdn.barbora.lt/products/6228bcdc-3ebd-4d5b-a16c-0c235088fea4_s.png
Maxima,"Vytinta sausai sūdyta KLEBONIŠKA sprandinė, a.r., 1 kg",13.99,https://cdn.barbora.lt/products/08d2837e-a93d-4be4-bae3-c541e1d31d1d_s.png
Maxima,"Puskietis fermentinis sūris LILIPUTAS, 50 % rieb. s. m., 500 g",9.99,https://cdn.barbora.lt/products/7a433a04-54ab-40fa-8485-8da6dbd47d32_s.png
Maxima,"Vaisinė arbata ŽOLYNĖLIS su obuoliais ir cinamonu, 100 g",2.39,https://cdn.barbora.lt/products/baedbd02-084e-467a-ae4b-ee4428f62839_s.png
Maxima,"Gaudos sūris JERSEY X.O. WELL DONE  PREMIUM, 50 % rieb. s. m., 180 g",3.69,https://cdn.barbora.lt/products/14a1c3fa-304a-418c-ad02-dd654f5d482b_s.png
Maxima,"Sūriu įdaryti patisonai YELLOBELL WELL DONE PREMIUM, rapsų aliejuje, 250 g",3.69,https://cdn.barbora.lt/products/3b94f0a1-d519-4d92-8982-bc10238c2e60_s.png
Maxima,"Ypač grynas alyvuogių aliejus WELL DONE PREMIUM su trumais, 250 ml",4.99,https://cdn.barbora.lt/products/ebaf72b5-4b94-4cf6-a44d-5dbc2e1f9571_s.png
Maxima,"Spagečiai WELL DONE PREMIUM, grybų skonio, 250 g",2.19,https://cdn.barbora.lt/products/fe480bd0-388c-484e-bf38-f8f4a4b9d9ff_s.png
Maxima,"Skystasis muilas PALMOLIVE MILK & OLIVE, 300 ml",2.79,https://cdn.barbora.lt/products/febc11fa-23da-4df9-a2db-f0af191ea5c5_s.png
Maxima,"Prieskonių mišinys PROVANSO ŽOLELĖS SAUDA, 20 g",0.69,https://cdn.barbora.lt/products/b023336a-f0bf-4521-ac23-6c7219ba3257_s.png
Maxima,"Džiovinti mangai SEEBERGER, 100 g",3.89,https://cdn.barbora.lt/products/b6b7d4f1-d7e1-48a9-97ed-37a50e7f4c5e_s.png
Maxima,"KAKĖS MAKĖS burnos skalavimo skystis ECODENTA vaikams, 250 ml",3.49,https://cdn.barbora.lt/products/3961d35f-1200-4621-aa65-d17d14aa6e6e_s.png
Maxima,"Dušo gelis OLD SPICE Whitewater, 400ml",3.45,https://cdn.barbora.lt/products/bae6605d-6246-470a-887a-5b3a8e66b223_s.png
Maxima,"Šaldyta žuvų filė su tešlos plutele NOWACO su česnak. padažu, 800 g",6.84,https://cdn.barbora.lt/products/52391e19-067e-46bc-a35f-b97b7011aa9f_s.png
Maxima,"Šokoladinis kiaušinis KINDER SUPRRISE MAXI su staigmena, 100 g",4.99,https://cdn.barbora.lt/products/eeb6ac77-b917-43a0-ad88-fa2f9dab2aa7_s.png
Maxima,"Skystasis muilas GREEN FEEL'S, 400 ml",2.79,https://cdn.barbora.lt/products/9b2b9905-19b4-4617-a2ff-07c75174b7b2_s.png
Maxima,"Dušo želė GREEN FEEL'S, 400 ml",3.99,https://cdn.barbora.lt/products/160ca3df-93ef-4bf8-abee-237596e83a95_s.png
Maxima,"Cepelinmaišis, 1 vnt.",2.99,https://cdn.barbora.lt/products/703e98ef-9c57-408e-8fa4-67e282db0068_s.png
Maxima,"Vatos padeliai CLEANIC NATURALS, 40 vnt., 40 vnt.",2.35,https://cdn.barbora.lt/products/d2faecf8-34cc-4b19-b597-d0e9405a8896_s.png
Maxima,"Muilas vaikams TINDI jautriai odai, 90 g",1.59,https://cdn.barbora.lt/products/0658466f-f21c-407f-9fd8-2207793aeea8_s.png
Maxima,"Valgomieji ledai KLASIKA, mangų skonio, 85 g",0.79,https://cdn.barbora.lt/products/2e9bcb1b-4603-43d1-93ad-e8f6500f4220_s.png
Maxima,"KLEBONIŠKAS Vištienos vyniotinis su abrikosais, I.r., 330 g",2.99,https://cdn.barbora.lt/products/48d249c8-d077-43db-a150-dd361c87f9b8_s.png
Maxima,"Kepinti sūdyti riešutai WELL DONE PREMIUM, 210 g",4.99,https://cdn.barbora.lt/products/ee97829c-7824-441f-8518-609c5516005e_s.png
Maxima,"Viso grūdo ruginė duona su saulėgrąžomis EKO, 400 g",1.49,https://cdn.barbora.lt/products/2f16473c-15a1-491e-9182-d723cef6e7e3_s.png
Maxima,"Higieniniai paketai ALWAYS Ultra Normal, S1, 10 vnt.",1.99,https://cdn.barbora.lt/products/4996d1fe-cd2d-4d96-80f7-d3ef4505b42c_s.png
Maxima,"Medvilniniai ausų krapštukai JOHNSON'S BABY, 100 vnt., 100 vnt.",2.89,https://cdn.barbora.lt/products/cdc307c2-b017-4ece-b81f-cdcdbfb9d43b_s.png
Maxima,"Šaldyta ilgųjų jūrinių lydekų filė SUNRISE be odos, 0.75 kg",5.89,https://cdn.barbora.lt/products/dc0c42ac-6209-4901-bd51-fa1682a3b403_s.png
Maxima,"Vyriška dušo želė PALMOLIVE ENERGIZING3IN1, 500 ml",6.29,https://cdn.barbora.lt/products/d551d4f5-e408-4171-9d8c-3a36f5de4f82_s.png
Maxima,"Saldainių rinkinys FERRERO COLLECTION, 269 g",11.99,https://cdn.barbora.lt/products/784aa0cc-a8df-47f0-9e0b-6ac5a5a76dbe_s.png
Maxima,"Juodasis šokoladas LAIMA VILNIUS, 20 g",0.55,https://cdn.barbora.lt/products/807071b2-fd6a-42c8-88a3-559615f19510_s.png
Maxima,"Dantų šepetėlis JORDAN TARGET SENSITIVE ULTRA SOFT, 1 vnt.",3.39,https://cdn.barbora.lt/products/61fee2d4-796c-4ed6-9ebd-644b5705833c_s.png
Maxima,"Česnakiniai pipirai SANTA MARIA, 70 g",1.29,https://cdn.barbora.lt/products/bcb3ee82-ea6b-4938-8510-27ff844d88eb_s.png
Maxima,"Šunų skanėstas ADVENTUROS (gabaliukai), 90 g",0.99,https://cdn.barbora.lt/products/b013b78e-fce0-411d-8091-23c44b173560_s.png
Maxima,MARGARITA akių makiažo valiklis su alavijų ekstraktu 150ml,4.79,https://cdn.barbora.lt/products/623fb791-cb76-4cfe-b29d-dc84bd3e222b_s.png
Maxima,"Juodosios pupelės BONDUELLE INSPIRATION, 200 g",1.43,https://cdn.barbora.lt/products/1af95485-2a58-4b5c-a280-3ec84f5fed09_s.png
Maxima,"Šprotų rinkinys RIGA, 800 g",11.99,https://cdn.barbora.lt/products/56b30fb6-35a4-4b0b-b62f-428654054b90_s.png
Maxima,"Bulvių prieskoniai SANTA MARIA, 57 g",0.79,https://cdn.barbora.lt/products/b1a8e7dc-28c2-481e-897c-c0b53f15d29e_s.png
Maxima,"Valgomieji KARALIŠKI vaniliniai ledai, 385 g",4.14,https://cdn.barbora.lt/products/15034d62-d7f5-405a-b82a-657fceaeaa36_s.png
Maxima,"Tarpdančių šepetėliai JORDAN BRUSH BETWEEN, XS / 0,4 mm, 10 vnt.",5.79,https://cdn.barbora.lt/products/aed5579d-e498-4237-950d-99bfaba72161_s.png
Maxima,"Kepinių klijai DR. OETKER, 100 g",2.19,https://cdn.barbora.lt/products/84ac4cdd-170c-4f81-8843-10f35762a11e_s.png
Maxima,"Spagečiai WELL DONE Nr. 5, 500 g",0.69,https://cdn.barbora.lt/products/13b05cf9-f4c6-44da-bcf3-529603503b8c_s.png
Maxima,"Vytinta kiauliena, a. r., 70 g",2.55,https://cdn.barbora.lt/products/1513cf60-aa29-453f-985e-9db58ca2020f_s.png
Maxima,"SAPONERIA NESTI SOGNO BLU tualetinis muilas, 125 g",1.39,https://cdn.barbora.lt/products/4f5ef061-59ba-423a-b241-317e61892c11_s.png
Maxima,"Juodasis šokoladas LAIMA LUKSS (87 %), 90 g",2.37,https://cdn.barbora.lt/products/7439ed8c-ee9c-4618-b7b9-0bc43f7ff6b7_s.png
Maxima,"Keksiukas SCHAR, abrikosų skonio, be glitimo, 50 g",1.18,https://cdn.barbora.lt/products/1ae147ec-10e5-49de-82b3-35ea749a95b6_s.png
Maxima,"Virtas KLEBONIŠKAS kiaulienos vyniotinis, a. r., 330 g",2.99,https://cdn.barbora.lt/products/fdf052c1-1024-4fa8-a5a5-56549a86c009_s.png
Maxima,"MARGARITA maitinamasis lūpų balzamas su pieno baltymais ir medaus ekstraktu 3,7 g",2.49,https://cdn.barbora.lt/products/b7ea3898-ce81-4fc2-8523-ce59487872dc_s.png
Maxima,"Dantų pasta LACALUT BASIC, 75 ml",2.29,https://cdn.barbora.lt/products/7afd6b19-0283-493f-b6ad-1eee8d3e990d_s.png
Maxima,"Saldainiai ROSHEN ROXIUKAS, 100 g",0.89,https://cdn.barbora.lt/products/05a15dc4-9fcc-4d86-92a9-69140d3ff0a9_s.png
Maxima,"Mot.vienkartiniai skustuvai GILLETTE VENUS SIMPLY3, 4 vnt.",5.49,https://cdn.barbora.lt/products/8807af38-e57c-4b44-86eb-fa06220d16cc_s.png
Maxima,"Skystasis muilas GENERA su arganų aliejumi, 1 l",2.44,https://cdn.barbora.lt/products/0b0b0505-174e-4924-8c71-76e3c7ce292d_s.png
Maxima,"Saldainiai NOMEDA su imbierais ir melionais, 1 kg",8.99,https://cdn.barbora.lt/products/aeee8db7-4bb8-4cd4-8447-47027fb0cde4_s.png
Maxima,"Vienkartinės lėkštės ILAJA WHITE, 18 cm 40vnt.",1.99,https://cdn.barbora.lt/products/83e9b724-cdc7-4526-bd2d-aa74231ece78_s.png
Maxima,"Ekologiškų paprikų milteliai SANTA MARIA, 36 g",1.64,https://cdn.barbora.lt/products/f4cc65a5-b4be-4594-81f8-df5153d213dd_s.png
Maxima,"Pieštukinis dezodorantas OLD SPICE Oasis, 50ml",3.15,https://cdn.barbora.lt/products/22a7f497-cb4e-468b-8055-d704353c3ec5_s.png
Maxima,"Skystasis skalbiklis PERWOLL DELICATES WOOL&SILK, 40 skalb., 2 l",8.55,https://cdn.barbora.lt/products/c28154df-544e-4209-bb21-2377ec66d26b_s.png
Maxima,"Vytinta marmurinė jautiena DORA, a. r., 70 g",3.39,https://cdn.barbora.lt/products/3e4713fe-430f-4be8-9f2c-65b42b3d4755_s.png
Maxima,"Kvapnūs šiukšlių maišai,35L,15vnt.,53x60",2.49,https://cdn.barbora.lt/products/30718900-5a4e-4f7a-bd68-0f8c154a26d0_s.png
Maxima,"Maltos mėsos prieskoniai SAUDA, be druskos, 50 g",0.59,https://cdn.barbora.lt/products/ebc99f18-e0c4-4d53-8964-bd2f5e04565b_s.png
Maxima,"Sauskelnės PAMPERS Premium Care, Value Pack, 5 dydis, 44 vnt.",14.99,https://cdn.barbora.lt/products/7d7d897f-a908-4b53-a5ff-27739eff6f51_s.png
Maxima,"Birių produktų indas UNIWELL SQUARE, 1,2 l, 1 vnt.",3.49,https://cdn.barbora.lt/products/761799a6-eb9b-44c4-b077-df6b77659aad_s.png
Maxima,"Hermetiškas indelis BORGONOVO IGLOO, 11 cm, 320 ml, 1 vnt.",2.49,https://cdn.barbora.lt/products/4c69db9b-4bcc-4aab-810a-f4135f735ff1_s.png
Maxima,"Sausasis plaukų šampūnas BATISTE FRESH, 200 ml",4.99,https://cdn.barbora.lt/products/0f48dc56-b5d0-414f-8023-357040b84ef3_s.png
Maxima,"MARGARITOS KAKĖS MAKĖS prausiklis vaikams, 250 ml",2.89,https://cdn.barbora.lt/products/6c27a0cc-eadd-42bd-97f5-3dbf09843703_s.png
Maxima,"Padažo AMERICAN RANCH mišinys SANTA MARIA TEX MEX, 14 g",0.69,https://cdn.barbora.lt/products/c4f1d717-aa8c-4a08-a34c-f4e434f49b8f_s.png
Maxima,"Maltos mėsos prieskoniai SANTA MARIA, 80 g",1.07,https://cdn.barbora.lt/products/85d7ffab-3005-4dd9-821d-2722ffea3b51_s.png
Maxima,"Dantų šepetėlis ORAL-B Allrounder Black, Medium, 1 vnt.",1.15,https://cdn.barbora.lt/products/324fff93-70b9-4cce-ad63-86dc24ec53f5_s.png
Maxima,"Š. r. sauso sūd. KLEBONIŠKA nugarinė su čiobreliais, a. r., 1 kg",11.99,https://cdn.barbora.lt/products/e1c9a17b-ab48-47e4-9e37-0a5598d27812_s.png
Maxima,"Skystojo muilo papildymas DOVE ORIGINAL, 750 ml",5.99,https://cdn.barbora.lt/products/b3b5d606-bed1-4a22-9165-b1fa8161d0de_s.png
Maxima,"Vaisinė arbata ŽOLYNĖLIS su žemuogėmis, 100 g",2.39,https://cdn.barbora.lt/products/4d3a2b0d-1c6a-476a-85c5-2a0c7cabf039_s.png
Maxima,"Žaliosios alyvuogės WELL DONE, įdarytos krevetėmis, 235 g",1.25,https://cdn.barbora.lt/products/9fcba1dd-081e-450e-a7e0-a059e6c9cf87_s.png
Maxima,Vyriškas dušo gelis OLD SPICE WHITEWATER;1l,7.35,https://cdn.barbora.lt/products/13f38f69-4b85-42c2-b329-505910c3acf4_s.png
Maxima,"Tepalas BEPANTHOL BABY, 30 g",6.19,https://cdn.barbora.lt/products/04617f47-c90c-4b19-b9a9-6529bb6ffc72_s.png
Maxima,"Higieniniai įklotai ALWAYS Long, Fresh Scent, 64 vnt.",4.99,https://cdn.barbora.lt/products/774a6b2e-c4ab-4cfc-bdfe-ad31bc00d6b0_s.png
Maxima,"Valgomieji ledai POLS su kramtomąja guma, braškių skonio, 56 g",1.49,https://cdn.barbora.lt/products/ae39e2ca-51eb-4705-af9c-dc9f6669d351_s.png
Maxima,"Surimio lazdelių rinkinys su majonezu, 330 g",3.49,https://cdn.barbora.lt/products/da5c1c33-0fd1-4bd5-8928-057f0e19f0d2_s.png
Maxima,"Vištienos ir kepsnių prieskoniai SANTA MARIA malūnėlyje, 75 g",2.24,https://cdn.barbora.lt/products/aa6b6255-8f50-4e47-868b-0fa748f9b0d2_s.png
Maxima,"Šviesūs tortų papločiai DANCE SPONGE CAKE LIGHT, 0.4 kg",2.69,https://cdn.barbora.lt/products/7a799616-b13b-47a0-9167-816f182d7668_s.png
Maxima,"Sauskelnės PAMPERS Premium Care, Mega Box, 4 dydis, 104 vnt.",25.89,https://cdn.barbora.lt/products/0601dba8-7f36-40b3-af19-75ecb835b541_s.png
Maxima,"Dantų siūlas DR. SMITH, 50 m.",1.1,https://cdn.barbora.lt/products/1f082652-f9f3-4fa0-8f33-ff0cd4c79b10_s.png
Maxima,"Universalusis prieskonių mišinys SAUDA, 1000 g",1.88,https://cdn.barbora.lt/products/53776226-b6ca-4f2e-8dd8-b23e0352abdc_s.png
Maxima,"Alstremerijų puokštė, 7 vnt.",4.49,https://cdn.barbora.lt/products/cc7fc328-36e7-4719-b2bb-2aafe39c3871_s.png
Maxima,"Vonios putos MARGARITA (KAKĖ MAKĖ), 250 ml",3.99,https://cdn.barbora.lt/products/e68d9c9f-1b68-420f-885e-82296e499331_s.png
Maxima,"Ekologiški graikiniai riešutai ARIMEX, 150 g",2.69,https://cdn.barbora.lt/products/f3841e2e-4913-465a-9f86-def2b8c1a222_s.png
Maxima,"Arbatinis šaukštelis UNIWELL LANE, 1 vnt.",0.99,https://cdn.barbora.lt/products/d289f5cf-58dd-46b6-88ae-c8522bb3017f_s.png
Maxima,"Vaikiškas tarpdančių siūlas JORDAN su laikikliu, vaisių sk., 36 vnt.",3.99,https://cdn.barbora.lt/products/60f2eb1b-ce9d-4df4-a7dd-addd5c0a1fbb_s.png
Maxima,"Skystasis muilas GENERA su alavijų ekstraktu, 500 ml",1.63,https://cdn.barbora.lt/products/4807cd4e-1659-4a1e-9c83-cc7d2f020f3f_s.png
Maxima,"Universalieji prieskoniai SANTA MARIA, 350 g",2.84,https://cdn.barbora.lt/products/c92192de-cd43-4bd7-b2fb-04bb3d3cb5ac_s.png
Maxima,"Žaidimas PAGAUK ŽUVĮ, 1 vnt.",4.99,https://cdn.barbora.lt/products/bfc9d699-a56b-49a0-8740-46951ddf2c5d_s.png
Maxima,"Sauskelnės-kelnaitės PAMPERS Pants, Maxi Pack, 5 dydis, 42 vnt.",13.29,https://cdn.barbora.lt/products/0b410f69-387a-465b-9636-b34cbae61dd5_s.png
Maxima,"Konservuotas kačių ėdalas FRISKIES su jautiena, 4 x 85 g, 340 g",1.32,https://cdn.barbora.lt/products/71dc8833-a87c-469b-98af-b90dad455efd_s.png
Maxima,"Dantų šepetėliai COLGATE ZIG ZAG, 3 vnt., 3 vnt.",3.49,https://cdn.barbora.lt/products/994b1ca0-bb04-41c2-b5fe-a616fe87877e_s.png
Maxima,"Drėgnosios antibakterinės servetėlės CLEANIC AQUA, 40 vnt., 40 vnt.",1.79,https://cdn.barbora.lt/products/b4673cc6-6128-492e-8de0-a3c689b2da49_s.png
Maxima,MARGARITA Antiperspirantas nuo prakaito su alavijų geliu 50ml,3.69,https://cdn.barbora.lt/products/004bcc14-f049-4a17-9691-0a0aff81286a_s.png
Maxima,"Valgomieji ledai BEN&JERRY'S su sausainiais ir kremu, 388 g",4.99,https://cdn.barbora.lt/products/06f735e1-7d47-4d36-9121-85859af38320_s.png
Maxima,"Makaronai DELVERDE RISO Nr. 66, 500 g",1.09,https://cdn.barbora.lt/products/4c420329-074b-4d67-9932-104ee8f17cf5_s.png
Maxima,"Skystasis muilas PALMOLIVE MILK & HONEY, 300 ml",2.79,https://cdn.barbora.lt/products/a6f5aaa4-3953-4c0c-a27c-42d41d4725be_s.png
Maxima,"Alyvuogių aliejus ECTRA VIRGIN LA ESPANOLA, 500 ml",5.19,https://cdn.barbora.lt/products/d05e7486-b65c-4c98-8150-c6dd51633e5d_s.png
Maxima,"Vyriška dušo želė PALMOLIVE EXTREME WAVE, 250 ml",3.69,https://cdn.barbora.lt/products/160a92ad-ce24-4713-be9d-b1dc1099abd2_s.png
Maxima,"Intymios higienos prausiklis SMILĖ (su alavijais), 300 ml",1.88,https://cdn.barbora.lt/products/53c82e8d-51b5-4ca4-80d8-e04759b36736_s.png
Maxima,"Karameliniai saldainiai TOFFIFEE SANTA, 375 g	",6.99,https://cdn.barbora.lt/products/d933250f-b80a-445c-8e47-54a515fd2600_s.png
Maxima,"WC valiklis BREF 10xEFFECT MAX WHITE ARCTIC, 700 ml",2.49,https://cdn.barbora.lt/products/9c7e53b9-d3e1-48b4-8c57-940768a2fcf4_s.png
Maxima,"Dantų šepetėlis JORDAN GREEN CLEAN SOFT, 1 vnt.",3.29,https://cdn.barbora.lt/products/a81334f5-1942-4219-bd12-74dba0547b2c_s.png
Maxima,"Šaldytas meksikietiškas patiekalas HORTEX, 450 g",2.92,https://cdn.barbora.lt/products/42247481-0dd2-47e2-bf9b-efad9866c9a5_s.png
Maxima,"Sirupų rinkinys MONIN kokteiliams, 50 ml x5",8.99,https://cdn.barbora.lt/products/2e70a3ae-ccf5-4b35-86a2-a38a7f3347c9_s.png
Maxima,"Drėgnosios antibakterinės servetėlės GO WIPES MINIONS,15vnt., 15 vnt.",0.79,https://cdn.barbora.lt/products/358eaaea-d9c5-4be2-87c4-92226350dad2_s.png
Maxima,"Vaisinė arbata TWININGS su braškių ir mangų gabaliukais, 40 g",3.29,https://cdn.barbora.lt/products/922271e9-c40f-4345-a12a-c3891c0fe931_s.png
Maxima,"Virta DAKTARIŠKA TIGRIUKO dešra, 300 g",1.79,https://cdn.barbora.lt/products/459646f2-79f9-4918-ab41-1a5ca3c47fc5_s.png
Maxima,"Šaldyti žuvų filė piršteliai NOWACO, 450 g",3.83,https://cdn.barbora.lt/products/0971baa3-c982-4bc6-a865-91577e738c31_s.png
Maxima,"Kukurūzų dribsniai be glitimo SCHAR, 250 g",2.3,https://cdn.barbora.lt/products/4eaaf4ad-e032-4bae-a4e1-01d1e9436c9b_s.png
Maxima,"Apelsininiai pipirai SANTA MARIA, 48 g",1.24,https://cdn.barbora.lt/products/dcee9da2-544a-454e-8176-527bd90904e6_s.png
Maxima,"Dantų šepetėliai COLGATE ULTRA SOFT, 2 vnt., 2 vnt.",6.29,https://cdn.barbora.lt/products/c182edb4-2b9e-4bd2-83bd-58dc05ed88d5_s.png
Maxima,"Valgomieji ledai KLASIKA, kriaušių skonio, 85 g",0.79,https://cdn.barbora.lt/products/51a9ff6f-eac2-496c-adf5-5407122b3414_s.png
Maxima,"Dantų pasta ORAL-B Pro Expert, Sensitive, 75ml",3.05,https://cdn.barbora.lt/products/fa50a30c-2ea6-40dd-b5f9-87fdeb161316_s.png
Maxima,"Žemės riešutai traškioje luobelėje JĖGA su svogūnais, 500 g",2.59,https://cdn.barbora.lt/products/7fd533d6-459c-440c-ace6-c50c55541f82_s.png
Maxima,"Žolelių arbata ŽOLYNĖLIS GRACIJA, 30 g",1.49,https://cdn.barbora.lt/products/f657db90-d8c4-41ee-9fc0-21a25078cabc_s.png
Maxima,"Skystasis muilas PALMOLIVE HYGIENE KITCHEN ODOR, 300 ml",2.79,https://cdn.barbora.lt/products/2bddf162-57b7-4327-8841-b828775582ac_s.png
Maxima,"Kepimo rankovė UNIWELL, 3 x 0,29 m, 1 vnt.",0.69,https://cdn.barbora.lt/products/f94fe574-2247-4c25-92f9-a0912ddfa34b_s.png
Maxima,"Kepinti ir sūdyti migdolai ARIMEX, 100 g",1.99,https://cdn.barbora.lt/products/884226b9-3610-49d2-b0ca-bc75007ac695_s.png
Maxima,"Malti kvapieji pipirai SAUDA, 30 g",0.69,https://cdn.barbora.lt/products/2e84bcbf-ccc0-4ec0-be1d-583bbb07285d_s.png
Maxima,"Hermetiškas indelis UNIWELL, 0,46 l, 1 vnt.",0.99,https://cdn.barbora.lt/products/97cc8170-dc71-427b-8528-76bc0e95c7f2_s.png
Maxima,"Skystasis baltų audinių skalbiklis RINGUVA PLIUS, 2 l",5.49,https://cdn.barbora.lt/products/a7b578c4-6ed0-4660-add9-3412127390ca_s.png
Maxima,"Skystasis muilas GENERA su arganų aliejumi, 500 ml",1.63,https://cdn.barbora.lt/products/adfaa151-0bf5-49f7-8207-f1e0a87c7b73_s.png
Maxima,"Moteriškas rutulinis antiperspirantas DOVE ACAI BERRY, 50 ml",4.59,https://cdn.barbora.lt/products/0b64a813-5baa-4cd2-8ad9-cd7ad5ef91d5_s.png
Maxima,"Grūsti juodieji pipirai SAUDA, 30 g",0.83,https://cdn.barbora.lt/products/f8b9554f-0ec2-4056-b28d-74d8e7eb41ca_s.png
Maxima,"Šlapios šluostės SWIFFER, papildymas, 10vnt",4.19,https://cdn.barbora.lt/products/ef530571-89c0-468d-8e29-7ea198b9669d_s.png
Maxima,"K. r. dešrelės KABANOSI EXTREME PIRI PIRI, II r., 95 g",1.49,https://cdn.barbora.lt/products/c420b5f6-7ad9-4afd-8ed8-04bba91761bd_s.png
Maxima,"Kačių ėdalas FELIX TASTY SHREDS su įvair. žuvimis, 4 x 80 g, 320 g",1.55,https://cdn.barbora.lt/products/c58553d4-e60d-424f-942f-2aaaace9ddf2_s.png
Maxima,"Higieniniai paketai ALWAYS Ultra Secure Night Extra, S5, 20 vnt.",5.59,https://cdn.barbora.lt/products/1c64f62e-5667-4389-9831-2521e3e331aa_s.png
Maxima,"Skystasis skalbiklis PERWOLL BLACK DARK BLOOM, 40 skalb., 2 l",8.55,https://cdn.barbora.lt/products/8538d18b-1ee7-445f-9073-28e5f038752a_s.png
Maxima,"Modelino rinkinys HEY CLAY, 15 indelių",7.79,https://cdn.barbora.lt/products/67ab8eb6-712f-4364-8cd3-d88632e750e5_s.png
Maxima,"TIKRA šviesi plikyta duona, raikyta, 500 g",1.35,https://cdn.barbora.lt/products/300c6113-83d4-4d18-ba82-7af9381f211e_s.png
Maxima,"Kūdikių kremas BUBCHEN nuo šalčio ir vėjo, 75 ml",3.89,https://cdn.barbora.lt/products/5f44361d-e38f-43ff-9c4f-dc81d2bf63ab_s.png
Maxima,"Plaukų lakas TAFT Volume 4, 250 ml",3.89,https://cdn.barbora.lt/products/c28372cb-a8ba-4dc9-a6ce-3e710f9d790c_s.png
Maxima,"Gliaudyti graikiniai riešutai SEEBERGER, 150 g",4.99,https://cdn.barbora.lt/products/64d88689-25c3-4088-a0bc-27ecdae86e6f_s.png
Maxima,"NIVEA Purškiamasis dezodorantas PEARL& BEAUTY moterims, 150 ml",4.79,https://cdn.barbora.lt/products/7e0b139d-8102-4639-91f0-49363424093d_s.png
Maxima,"Žemės riešutai traškioje luobelėje JĖGA, jap. krienų skonio, 200 g",1.19,https://cdn.barbora.lt/products/8bd43c5b-d2b2-4a2a-a8e7-35403d782845_s.png
Maxima,"Visavertis kačiukų ėdalas FRISKIES JUNIOR, 300 g",1.32,https://cdn.barbora.lt/products/06446009-d10b-4fda-adc2-473e09beccaf_s.png
Maxima,"Sausas marinato mišinys SANTA MARIA vištienai, 30 g",0.59,https://cdn.barbora.lt/products/d27122e9-9e21-4cd3-a340-f4e80f0d7c2a_s.png
Maxima,MARGARITA Maitinamasis rankų muilas su pieno baltymais ir medaus ekstraktu 400ml,3.19,https://cdn.barbora.lt/products/b52349d5-ef39-4853-b453-f31d0efd3fa7_s.png
Maxima,"Skanėstas DENTALIFE didelių veislių šunims, 142 g",1.19,https://cdn.barbora.lt/products/37e4fb97-841f-47a6-b16a-01ec3577fbab_s.png
Maxima,"Vaikiška dantų pasta COLGATE, 50 ml, 6-9 metų, 50 ml",2.85,https://cdn.barbora.lt/products/64b53746-b6a0-4846-b411-b2a2b009a300_s.png
Maxima,"Veganiškos rūkytos KABANOS dešrelės, 90 g",1.49,https://cdn.barbora.lt/products/8394a311-ff02-4962-9a0b-540d941760c9_s.png
Maxima,"Prieskonių mišinys SAUDA CHIMICHURI, 70 g",0.59,https://cdn.barbora.lt/products/91ef4527-b554-4ad4-ba15-c135cda59725_s.png
Maxima,"Dulkių šluotelė SWIFFER, papildymas, 5vnt",4.19,https://cdn.barbora.lt/products/8079aa70-b67a-4b4d-991b-bf5d252cebd1_s.png
Maxima,"Vegan. rūkytos KABANOS dešrelės su sėmen., šalavijų sėklomis, 90 g",1.49,https://cdn.barbora.lt/products/4adb6036-a0be-4e33-963b-63951adcd3d4_s.png
Maxima,"Plaukų šampūnas GARNIER FRUCTIS , 400 ml",4.08,https://cdn.barbora.lt/products/c7db7684-577f-4249-9eb1-e207d287bc11_s.png
Maxima,Vatos krapštukai CLEANIC SILK EFFECT;200vnt,1.95,https://cdn.barbora.lt/products/563b0fb1-63d5-41d6-98c9-06ab9b8ab6c7_s.png
Maxima,"Dantų šep.COLGATE BIG;2vnt,6-9",2.89,https://cdn.barbora.lt/products/c769a56d-b492-4873-9253-6a7c98b0ddf0_s.png
Maxima,"Vytinta ispaniška pjaustyta dešra ESPANA IBERICO, nerūš., 80 g",1.69,https://cdn.barbora.lt/products/d014d730-aece-42ca-b785-57dc297fe7cc_s.png
Maxima,"SALDAINIAI PERGALĖ VILNIUS CHRISTMAS, 400 g	",8.49,https://cdn.barbora.lt/products/4b8fd77c-1527-4be3-ac32-ba86ea20b916_s.png
Maxima,"WC valiklis-gaiviklis ""BREF POWER AKTIV Fruitopia"" 3x50g",3.59,https://cdn.barbora.lt/products/2826ee83-7da4-4d1d-8aa2-cf8e6d75e819_s.png
Maxima,"Virtas paštetas PATE GRAND-MERE su česnakais, I r., 400 g",3.49,https://cdn.barbora.lt/products/b072e90a-0de6-4878-9f98-39def19bc5b9_s.png
Maxima,"Universalusis peilis UNIWELL, 13 cm, 1 vnt.",1.29,https://cdn.barbora.lt/products/8ee4ce52-5bb5-4044-a11b-a011389e8147_s.png
Maxima,"Burnos skalavimo skystis DIVUS FRESH, 500 ml",1.39,https://cdn.barbora.lt/products/ad5c2b03-03ae-4345-8232-ebf06344425a_s.png
Maxima,"Skystasis sporto drabužių skalbiklis RINGUVA PLIUS, 1 l",3.29,https://cdn.barbora.lt/products/3787588e-e7c3-439b-ab28-3525000fb80a_s.png
Maxima,"Krekeriai SCHAR be glitimo, 210 g",3.49,https://cdn.barbora.lt/products/a94ff4d9-5c17-45c6-a10f-358fabf27d6f_s.png
Maxima,"Dantų pasta COLGATE TOTAL ORIGINAL, 20 ml",2.39,https://cdn.barbora.lt/products/7317ceb0-e101-433a-a5a1-29eec7484292_s.png
Maxima,"Burnos skalavimo skystis NIDA su alavijų ekstraktu, 500 ml",3.29,https://cdn.barbora.lt/products/bcf1bc43-0553-4033-ad79-a9afceafcfae_s.png
Maxima,"Becukris Juodas šokoladas VALOR 70% su apelsinais, 100 g",2.99,https://cdn.barbora.lt/products/858753e3-40fc-4cef-85e8-1868aca92905_s.png
Maxima,"Rinkinys GURMAN'S (žal. arbata ir šokolado, vyšnių sk. kava), 205 g",5.69,https://cdn.barbora.lt/products/083730a6-8126-4872-bf9d-7badae441d67_s.png
Maxima,"Bulvių traškučiai CHAZZ, kanapių ir Chalapos paprikų skonio, 90 g",1.39,https://cdn.barbora.lt/products/cbcbfca3-d823-4958-978a-123722524c75_s.png
Maxima," Koštuvas UNIWELL, 20 cm",3.99,https://cdn.barbora.lt/products/163ee1b8-26da-44fc-a0b7-987b01de8ea5_s.png
Maxima,"Konservuoti kukurūzai su žirneliais ir paprikomis BONDUELLE, 425 ml",1.37,https://cdn.barbora.lt/products/30e72fcf-ca41-47dc-a544-8af57f7aa027_s.png
Maxima,"Vaikiški makaronai WELL DONE, 500 g",0.69,https://cdn.barbora.lt/products/0adcafff-caaa-49a0-8290-0a1943ecb3a2_s.png
Maxima,"Makaronai (vamzdeliai) WELL DONE, 500 g",0.69,https://cdn.barbora.lt/products/fb906c97-8821-4845-af6e-7e9dd6e053dc_s.png
Maxima,"Vienkartiniai skustuvai VENUS 3, 3vnt.",6.29,https://cdn.barbora.lt/products/ed98fe5f-fc11-446d-868c-780f7df59104_s.png
Maxima,ECODENTA dantų pasta jautriems dantims su ramunėlių ir gvazdikėlių ekstraktais 100 ml,3.65,https://cdn.barbora.lt/products/b527c8f6-f145-4c26-b75c-1573c8161ffd_s.png
Maxima,"Alyvuogių išspaudų aliejus LAESPANOLA, 1 l",5.99,https://cdn.barbora.lt/products/dff98fe3-5f57-4e50-a2a8-40a0e4d2a182_s.png
Maxima,"Pomidorų padažas SUSLAVIČIAUS su česnakų gabaliukais, 500 g",1.61,https://cdn.barbora.lt/products/38f41578-1b18-4cf3-b298-0c4ed980930b_s.png
Maxima,"Ožkų pieno sūris su ananasais EL PASTOR, 58 % rieb. s. m, 100 g",2.69,https://cdn.barbora.lt/products/bf7f4a6b-6967-4944-84b1-fd848a9ef26d_s.png
Maxima,"Virta KLEBONIŠKA KAIMIŠKA karka, a. r., 1 kg",9.35,https://cdn.barbora.lt/products/bd816879-8659-4f73-96b3-df6f7aa05ee8_s.png
Maxima,"Šaltai rūkyta skilandinė KAZIMIEROS dešra Aukščiausia rūšis, 500 g",5.75,https://cdn.barbora.lt/products/29697843-8e42-482f-b926-1934074168db_s.png
Maxima,"Vaisinė arbata vaikams ŽOLYNĖLIS su braškėmis, 40 g",1.31,https://cdn.barbora.lt/products/effbd287-cc51-435b-8e63-ceec5489f275_s.png
Maxima,Puodelis ILAJA CAT 350 ml,1.99,https://cdn.barbora.lt/products/e3bd2400-c154-4f28-a01b-5c11baa70f03_s.png
Maxima,"Surimio lazdelės su kokteiliniu padažu VIČI, 200 g",1.61,https://cdn.barbora.lt/products/61aad43a-f562-42f4-8014-41d4489e1dc9_s.png
Maxima,"Dantų pasta Lacalut fluorid fresh, 75 ml",3.85,https://cdn.barbora.lt/products/accbc3a2-c130-4dd7-b45f-9cd64718a48a_s.png
Maxima,"Šokoladiniai saldainiai KIT KAT, 83 g",2.99,https://cdn.barbora.lt/products/fa7f7d29-d81d-4eb0-b14e-447c2986d44e_s.png
Maxima,"Moteriškas pieštukinis dezodorantas DOVE PEAR ALOE VERA, 50 ml",3.99,https://cdn.barbora.lt/products/43aa7228-7197-4728-ba4a-8ef3ef8fe3a5_s.png
Maxima,"Lėtai virtos žąsies kulšelės 2 vnt, WELL DONE PREMIUM,  1 kg",22.99,https://cdn.barbora.lt/products/7baa2f33-3166-45f6-884a-3da65c1751bd_s.png
Maxima,"Modenos balzaminis actas WELL DONE PREMIUM, 250 ml",5.99,https://cdn.barbora.lt/products/058a39a7-b8e5-4b5b-a5ba-c3e2bbe1914b_s.png
Maxima,"Spagečiai WELL DONE PREMIUM, citrinų skonio, 250 g",2.19,https://cdn.barbora.lt/products/0eb3e97a-972e-42b3-b87f-7fd3067c3503_s.png
Maxima,"Makiažo valiklis L'OREAL EYE & LIP MAKE-UP REMOVER, 125 ml",5.49,https://cdn.barbora.lt/products/86c092aa-bb5d-40dc-8214-964068a94b5d_s.png
Maxima,"Jautrios odos skustuvai BIC 3 SENSITIVE, 4 vnt.",2.99,https://cdn.barbora.lt/products/3f983a1c-24ea-4b3c-81d5-32add392c7d0_s.png
Maxima,"Rankų kremas GAMTOS MAGIJA, 100 ml",0.85,https://cdn.barbora.lt/products/cbda8c04-2868-4b7d-993b-a674e55ca663_s.png
Maxima,"Šaldytos virtos čilinės midijos SUNRISE be kiautų, 180 g",2.05,https://cdn.barbora.lt/products/1a5752ae-d574-4057-a0e1-f80540a0e606_s.png
Maxima,"Intymios higienos prausiklis SMILĖ (su ramunėlėmis), 300 ml",1.88,https://cdn.barbora.lt/products/c514ef81-5019-4bb3-80df-be680d54cb73_s.png
Maxima,"Skystojo muilo papildymas DOVE SHEA BUTTER, 500 ml",4.79,https://cdn.barbora.lt/products/88d0e45a-272c-405e-b33e-4ba2af1e5006_s.png
Maxima,"Šaldymo maišeliai UNIWELL EDAY, 1,5 l, 6 vnt., 6 vnt.",1.29,https://cdn.barbora.lt/products/4781fda6-8a36-42b6-ad30-5f71ad098f74_s.png
Maxima,"Dušo želė PALMOLIVE MILK & HONEY, 500 ml",6.29,https://cdn.barbora.lt/products/67191937-012b-4263-bdf2-f02a69554904_s.png
Maxima,"Pieštukinis dezodorantas OLD SPICE Bearglove, 50ml",3.15,https://cdn.barbora.lt/products/e0934fcf-9ea3-43ff-b25d-b3ee98d90d1d_s.png
Maxima,NIVEA Care maitinamasis kremas 100ml,5.69,https://cdn.barbora.lt/products/041f65db-57b5-4fa5-9a71-a57587d571a7_s.png
Maxima,"Malti juodieji pipirai SANTA MARIA, 45 g",1.64,https://cdn.barbora.lt/products/4db4275f-386f-432a-9bdc-8b1a7846b24f_s.png
Maxima,ECODENTA juoda balinamoji dantų pasta su juodąją anglimi 100 ml,4.99,https://cdn.barbora.lt/products/aa84e4d3-94b0-4eea-bab2-2c7f268709f4_s.png
Maxima,"Konservuotas kačių ėdalas FRISKIES su lašiša, 4 x 85 g, 340 g",1.32,https://cdn.barbora.lt/products/b612f97f-e9bc-4674-8991-31011ad58bfb_s.png
Maxima,"Konservuotas kačių ėdalas FRISKIES JUNIORAMS, 4 x 85 g, 340 g",1.32,https://cdn.barbora.lt/products/9f50c063-c29c-49f7-af5d-63065cb58f60_s.png
Maxima,"Kačių skanėstas FELIX PLAY TUBES su kalakutiena ir kumpiu, 50 g",1.19,https://cdn.barbora.lt/products/318def28-7935-404c-a5fa-c2ccd2aea739_s.png
Maxima,"Bulvių traškučiai CHAZZ, šaltibarščių skonio, 90 g",1.25,https://cdn.barbora.lt/products/e1f1eea9-d918-4e6b-9bcf-6b24df3b618a_s.png
Maxima,"Rudagalvė menkė, ypač traški FINDUS, 380 g, 380 g",3.29,https://cdn.barbora.lt/products/4d41af4f-5d1d-4f78-a6b0-775dc4222b75_s.png
Maxima,"Dušo želė FA CREAM & OIL CACAO, 400 ml",4.99,https://cdn.barbora.lt/products/b7816156-a051-4570-a365-30a0d6b53074_s.png
Maxima,"Šokoladiniai saldainiai VILNIUS MARC DE CHAMPAGNE, 500 g	",13.99,https://cdn.barbora.lt/products/114786c3-0365-4264-bee6-8d1423e629a5_s.png
Maxima,"DOXA SILVER SERIES kūno ir veido muilas, 100 g ",0.99,https://cdn.barbora.lt/products/a884452a-9fe2-472c-8428-332efb2f026d_s.png
Maxima,"Vytintos ROKIŠKIO MĖSINĖS jautienos lazdelės CLASSIC, a. r., 60 g",3.29,https://cdn.barbora.lt/products/1eb61d15-f1ca-4b36-8632-24f6055f91d1_s.png
Maxima,"Kramtomieji saldainiai SKITTLES DESSERTS, 152 g",1.49,https://cdn.barbora.lt/products/951f0e48-6cc4-4927-b7da-b67bb89c2e26_s.png
Maxima,"Ožkų pieno sūris EKTE GEITOST TINE, 33 % rieb. s. m., 250 g",4.99,https://cdn.barbora.lt/products/1c42636a-53ce-44e2-aefb-302fb84c3184_s.png
Maxima,"Duonos traškučiai BON CHANCE  saldžiosios čili paprikos ir žaliosios citrinos skonio, 120 g",1.19,https://cdn.barbora.lt/products/94550002-e0c7-4d2c-ac05-b2ef0574a80b_s.png
Maxima,"Saldainių rinkinys PERGALĖ MAGIC OF WINTER DARK, 114 g	",2.49,https://cdn.barbora.lt/products/03dc564f-93e9-4b78-9d37-46aa78aa4f78_s.png
Maxima,"Moteriškas purškiamasis dezodorantas REXONA FRAGRANCE SEXY, 150 ml",4.29,https://cdn.barbora.lt/products/ebf51304-d789-4315-a5db-4cb85a6b3236_s.png
Maxima,"Saldainiai RAFFAELLO, 300 g",8.99,https://cdn.barbora.lt/products/47a07962-c003-43e6-b63b-1128b91504ee_s.png
Maxima,"Pieninio šokolado meškutis LINDT, 100 g",4.99,https://cdn.barbora.lt/products/f2b2b6e8-37f6-41b7-875b-792468b56d47_s.png
Maxima,"Saldžiųjų kukurūzų ir paprikų mišinys BONDUELLE, 165 g",1.07,https://cdn.barbora.lt/products/61fecead-a75d-4678-9ec5-f5fde24f6667_s.png
Maxima,"Paukštienos prieskoniai SAUDA su medumi, 70 g",0.83,https://cdn.barbora.lt/products/a1342259-dc23-411c-941d-46179ea17cfd_s.png
Maxima,"Dušo želė PALMOLIVE OLIVE & MILK, 500 ml",6.29,https://cdn.barbora.lt/products/fd40fe88-79e7-4a9c-833e-09dd9cea5d57_s.png
Maxima,"Plaukų balzamas GARNIER FRUCTIS , 200 ml",3.24,https://cdn.barbora.lt/products/6d777750-54d6-4d2d-96c0-78203342d41b_s.png
Maxima,"Žolelių arbata ŽOLYNĖLIS (DETOXUS), 40 g",1.49,https://cdn.barbora.lt/products/41db684a-6b44-4058-9565-c9f5a888c0fb_s.png
Maxima,"Šakutė UNIWELL LANE, 1 vnt.",0.99,https://cdn.barbora.lt/products/b8751004-f11b-4474-a0be-ce3318e36f3e_s.png
Maxima,"Drėkinamasis kūno losjonas NIDA su migdolų aliejumi, 250 ml",2.39,https://cdn.barbora.lt/products/c3132b86-07aa-4140-a6ea-7b2f688f9547_s.png
Maxima,"Vonios putos NIDA su bruknių ekstraktu, 750 ml",2.19,https://cdn.barbora.lt/products/4aa1f8f1-975f-4783-ac05-ee36a307b72a_s.png
Maxima,"Dušo želė GREEN FEEL'S, 400 ml",3.99,https://cdn.barbora.lt/products/5b928ef1-de24-446c-a2f2-d70504c4c707_s.png
Maxima,"Maltas cinamonas SANTA MARIA, 210 g",4.14,https://cdn.barbora.lt/products/edaf57ab-b40a-4092-a8be-62b9295b1ae6_s.png
Maxima,"Šokoladas KINDER LOVE, 37 g",2.79,https://cdn.barbora.lt/products/7c24d4b9-f8e2-4717-9caf-5f94938f537b_s.png
Maxima,"Prieskonių mišinys ITALIAN BASILICO SANTA MARIA, 41 g",1.84,https://cdn.barbora.lt/products/6a826e57-1818-4baf-9bae-1db5be41f8e9_s.png
Maxima,"Vienkartinės lėkštės ILAJA WHITE,13x20cm,20vnt.",1.49,https://cdn.barbora.lt/products/3b901cd4-3f8e-41ca-91b7-ac7f8c57a86b_s.png
Maxima,"Karštai rūkyta KROKUVOS dešra BIOVELA, I r., 400 g",2.79,https://cdn.barbora.lt/products/fc7a08d6-beb8-4bd0-8549-87dfbd4fe366_s.png
Maxima,"Dantų pasta COLGATE MAX WHITE WHITE CRYSTALS, 75 ml",3.49,https://cdn.barbora.lt/products/b77a2598-9cd2-4254-ac0a-8881c57855df_s.png
Maxima,"Stalo žaidimas SNAKES AND LADDERS, 1 vnt.",4.49,https://cdn.barbora.lt/products/68dcce03-32f5-4609-a089-021f9f7354b2_s.png
Maxima,"Miltinis mišinys belgiškiems vafliams CITY TASTE, 400 g",1.99,https://cdn.barbora.lt/products/0ddd55ae-dc99-4330-bce8-bfa80e947c7f_s.png
Maxima,"Surimio lazdelės su siračos padažu VIČI, 200 g",1.61,https://cdn.barbora.lt/products/88f22999-1ce1-450d-a71d-af55ee494ff7_s.png
Maxima,"Kramtomieji saldainiai SKITTLES CRAZY SOURS, 152 g",1.49,https://cdn.barbora.lt/products/056e416c-ce43-453e-a071-13faa58b1cb5_s.png
Maxima,"Vytintos kiaulienos lazdelės CHEESE&ONION, a. r., 70 g",2.45,https://cdn.barbora.lt/products/c31c08e7-ca25-452d-bb85-b7a59b14d485_s.png
Maxima,"Šaldyti bananai šokolade SCHO FRU LADE, 130 g",4.49,https://cdn.barbora.lt/products/bf781a72-cf6f-4c1e-bb76-aba54e46cbc5_s.png
Maxima,"Valgomieji ledai KLASIKA, citrininio sūrio pyrago skonio, 75 g",0.79,https://cdn.barbora.lt/products/13c36050-0ad2-46d3-a560-57474b3de701_s.png
Maxima,"Bio.skaidūs šiukšlių maišai,20L,10vnt.",2.19,https://cdn.barbora.lt/products/f0f285d5-5335-4201-bdf7-152d3fa483b5_s.png
Maxima,"Filtravimo kasetė BRITA MXPRO PURE 1vnt.
",10.99,https://cdn.barbora.lt/products/cdbbc680-9dc0-4948-9a53-a4927446d856_s.png
Maxima,"NIVEA Klasikinis kremas visai šeimai, 150 ml",4.99,https://cdn.barbora.lt/products/cbf377d3-723d-4fc2-bcb1-cc1374dabf80_s.png
Maxima,"Česnakiniai pipirai SANTA MARIA, 30 g",0.79,https://cdn.barbora.lt/products/49977b0e-0f3a-4a51-aa83-53b3d346dece_s.png
Maxima,"Skutimosi putos SIRENA, 250 ml",1.49,https://cdn.barbora.lt/products/0e1616f8-af5e-4dec-9a14-3ea6e05b4865_s.png
Maxima,"Gvazdikėlių puokštė, 30 vnt",7.99,https://cdn.barbora.lt/products/077e2aaf-27ca-432d-a836-508b4598cdfe_s.png
Maxima,"Kiaulienos prieskoniai SAUDA, be druskos, 50 g",0.59,https://cdn.barbora.lt/products/271cff1e-7538-465f-9294-92d5dd003cb5_s.png
Maxima,"Plaukų lakas WELLAFLEX 2 DAYS VOLUME, 75 ml",3.29,https://cdn.barbora.lt/products/190dd8fa-17ad-4e09-988a-17e2fc7909f3_s.png
Maxima,"Šokoladinis Kalėdų senelis KINDER, 110 g",3.99,https://cdn.barbora.lt/products/dd3bc86e-6816-4e55-9637-7f541e949234_s.png
Maxima, Trintuvė UNIWELL,3.49,https://cdn.barbora.lt/products/54e72bf1-54a5-4f26-94e0-2e26dbf71b5f_s.png
Maxima,"Skystasis muilas DERMOMED su argano aliejumi, 1 l",4.49,https://cdn.barbora.lt/products/48b90857-51f5-465f-bb83-55e1c80ef653_s.png
Maxima,"Vaikiškas dantų šepetėlis JORDAN (nuo 9 m.), minkštas, 1 vnt.",2.89,https://cdn.barbora.lt/products/305845ac-c59e-4119-acf6-dc597edf9cc5_s.png
Maxima,"Hermetiškas indelis UNIWELL, 600 ml, 1 vnt.",2.69,https://cdn.barbora.lt/products/01df1c79-3576-4965-a302-d0dfcfb667d0_s.png
Maxima,"Aštrus padažas OLD EL PASO CHUNKY SALSA, 312 g",1.64,https://cdn.barbora.lt/products/0acc643b-6942-46f2-8aa5-88aeba86c2b6_s.png
Maxima,"Indų ploviklis PUR HANDS&NAILS, 750 ml",2.09,https://cdn.barbora.lt/products/057c74b3-d1b0-4eff-bb3e-bef10816da12_s.png
Maxima,MARGARITA ALLERGY CERTIFIED Bekvapis rankų muilas 400ml,3.99,https://cdn.barbora.lt/products/d0fff39c-3934-4969-949a-71c6cfb3a61d_s.png
Maxima,BREF DELUXE WC valiklis gaiviklis Magnolia 3x50g,4.49,https://cdn.barbora.lt/products/3dc6083b-73df-4a60-96ce-244237a7126a_s.png
Maxima,"Sauskelnės-kelnaitės PAMPERS Pants, Mega Pack, 6 dydis, 84 vnt.",29.39,https://cdn.barbora.lt/products/0a9b3af8-ed97-4523-b8ce-1fa2857746fb_s.png
Maxima,"Vienkartinės lėkštės ILAJA WHITE, 23cm 20vnt.",1.49,https://cdn.barbora.lt/products/73557bcb-b573-4a18-b746-1378154e3e0c_s.png
Maxima,"Prieskonių mišinys VEGETA NATUR BURGER, 20 g",0.48,https://cdn.barbora.lt/products/052b0fb5-c587-4668-915b-075fe6cbed66_s.png
Maxima,"Vienkartiniai puodeliai ILAJA WHITE 300ml, 20 vnt.",2.49,https://cdn.barbora.lt/products/cd79e341-5e29-4cd0-828c-02781a452b69_s.png
Maxima,"Dantų pasta DIVUS Whitening, 100 ml",1.29,https://cdn.barbora.lt/products/48a2642f-54f6-4ec4-8c25-3f026a588955_s.png
Maxima,Nagų lako valiklis DIVUS (su dalytuvu) 200ml,1.99,https://cdn.barbora.lt/products/1f19f83f-714e-485f-963a-647bb1bdb9ad_s.png
Maxima,"Višt. filė kepsniai CHICO MARINO meškinių česnakų marinate, 500 g",4.79,https://cdn.barbora.lt/products/e1086a67-39bf-4678-8f43-b89f38d61b63_s.png
Maxima,"Dantų pasta COLGATE ADVANCED WHITE, 75 ml",3.49,https://cdn.barbora.lt/products/df40eedf-6679-45d2-bf9b-e90f7fd2690a_s.png
Maxima,MARGARITA COSMOS ORGANIC rankų muilas sandalmedžio aromato 300 ml,5.49,https://cdn.barbora.lt/products/d715ad46-e85d-41f2-84a0-73baae4d43b9_s.png
Maxima,"Mangų ir ananasų pagardas WELL DONE PREMIUM, 180 g",2.99,https://cdn.barbora.lt/products/4da57adc-c716-4578-91a8-f118f8b36899_s.png
Maxima,"Plaukų šampūnas HEAD&SHOULDERS Menthol , 400 ml",8.49,https://cdn.barbora.lt/products/e18b2c78-4cac-4edf-80af-51b919ad0bb0_s.png
Maxima,"Burnos skalavimo skystis LISTERINE COOL MINT, 250 ml",3.59,https://cdn.barbora.lt/products/80eb5c54-18d7-4e08-b156-e3ca2031d41e_s.png
Maxima,Birių produktų indas UNIWELL SQUARE 1L,2.99,https://cdn.barbora.lt/products/5c493212-9b85-4d58-92c1-670cc4f0b33d_s.png
Maxima,"Daržovių pjaustymo tinklelis, 1 vnt.",1.99,https://cdn.barbora.lt/products/73639a3b-5056-45a6-af73-5c45e28a100f_s.png
Maxima,"Micelinis vanduo GARNIER, 400 ml",5.69,https://cdn.barbora.lt/products/18e40008-539c-4b1a-a47c-7195a49a6a2f_s.png
Maxima,"Avinžirniai BONDUELLE INSPIRATION, 160 g",1.43,https://cdn.barbora.lt/products/62f3894c-d1be-4214-bf07-71cdeb1f009a_s.png
Maxima,"Migdolai LAIMA juodajame šokolade, 140 g",2.79,https://cdn.barbora.lt/products/80058f4c-3018-474d-af2c-7206c973e283_s.png
Maxima,MARGARITA Dušo želė su 7 žolelių ekstraktais 500ml,4.55,https://cdn.barbora.lt/products/6004b079-56bd-4655-82cf-cc1c94ca724f_s.png
Maxima,"Burnos skalavimo skystis NIDA su bruknių ekstraktu, 500 ml",3.29,https://cdn.barbora.lt/products/d64400f7-2d8c-4f3a-a2ae-1d0971da0273_s.png
Maxima,"Dušo želė DERMOMED Argan, 1 l",4.49,https://cdn.barbora.lt/products/e5c535e1-5e47-4f90-8a13-7ae10ca9ad89_s.png
Maxima,Vienkartinis dubuo ILAJA Sugarcane 10 vnt. 460ml,1.99,https://cdn.barbora.lt/products/c79732a0-0790-4a59-a521-34bdebe3e9f9_s.png
Maxima,"Karvių ir avių pieno sūris SEMICURADO EL PASTOR, 50 % rieb., 1 kg",15.99,https://cdn.barbora.lt/products/9e7003c3-aeb7-4a7d-9ca7-06644b583117_s.png
Maxima,"Dušo želė PALMOLIVE AROMA ESSENCE SWEET DELIGHT, 500 ml",6.19,https://cdn.barbora.lt/products/f5105780-1e43-4144-bb07-28ec2b190a31_s.png
Maxima,"Minkštos datulės SEEBERGER, 200 g",3.19,https://cdn.barbora.lt/products/c28218e3-ef79-4aa3-aa9a-4e12fd66381a_s.png
Maxima,"Dantų siūlas JORDAN WHITENING, 1 vnt.",3.49,https://cdn.barbora.lt/products/1776840f-9c3d-4d6c-b887-1146b166c891_s.png
Maxima,"Dušo želė PALMOLIVE NATURALS BLACK ORCHID, 750 ml",9.99,https://cdn.barbora.lt/products/414ea7d3-bde9-4a22-8fd5-7ad2cf533f36_s.png
Maxima,"Šokoladinė figūrėlė KINDER, 35 g",1.79,https://cdn.barbora.lt/products/fc5baf31-6fe3-4033-9090-b90033f82aa1_s.png
Maxima,"K. r. dešrelės TARCZYNSKI KABANOS su dž. pomidorais, II r., 95 g",1.49,https://cdn.barbora.lt/products/d3830ea5-9eb1-45f3-a4b9-b11f34af47e8_s.png
Maxima,"„Gillette Venus Tropical“ Vienkartiniai Skustuvai, 3 Vnt. Pakuotė",10.79,https://cdn.barbora.lt/products/27b34343-ec70-42ae-adb1-1d950ebf67f5_s.png
Maxima,"Juodoji arbata TWININGS su raudonomis uogomis, 50 g",3.29,https://cdn.barbora.lt/products/67e16301-e546-4fec-934b-e9342b1995f7_s.png
Maxima,"Vaikiški ausų krapštukai BOCIOLAND, 60 vnt.",1.59,https://cdn.barbora.lt/products/e9924a8d-c62f-4698-88fb-b933cf6a249b_s.png
Maxima,"Miltų mišinys KAKĖ MAKĖ keksiukams su šokolado gabaliukais, 400 g",1.99,https://cdn.barbora.lt/products/56b15ded-0ec4-4923-b629-214c93126b57_s.png
Maxima,"RAMBYNO lydytas tepamas sūrio produktas su karamelizuotu kondensuotu pienu, 35 %, 175 g",1.99,https://cdn.barbora.lt/products/707f4b83-e9bc-4770-b76f-ead84e8ba139_s.png
Maxima,"Konservuotos WELL DONE žaliosios alyvuogės „Manzanilla“ citrusinių vaisių marinate (be kauliukų), 340 g",1.95,https://cdn.barbora.lt/products/2e68753c-5157-406d-8256-307a349c5de9_s.png
Maxima,"Saldainiai kalėdinėje kojinėje DOLFIN, 50 g	",2.99,https://cdn.barbora.lt/products/3939a316-7a2d-4cd4-8800-700b4424bb71_s.png
Maxima,"Drėgnosios antibakterinės servetėlės DIVUS, 15 vnt.",0.29,https://cdn.barbora.lt/products/5de45e60-3b7d-4700-9db9-fb38a25c79f0_s.png
Maxima,"Pipirų mišinys SANTA MARIA, 25 g",0.79,https://cdn.barbora.lt/products/7c565ca6-e0cf-4add-af80-9e93b69825c2_s.png
Maxima,"Higieniniai įklotai BELLA PANTY SOFT, 20 vnt.",0.89,https://cdn.barbora.lt/products/e3d0a5a6-8f57-41fc-9d26-cfb2b9425ef4_s.png
Maxima,"Rankų kremas NEUTROGENA, 75 ml",6.29,https://cdn.barbora.lt/products/1ce64860-e80f-4e75-9591-e27423559ec9_s.png
Maxima,"Moteriško skustuvo galvutės GILLETTE VENUS BREEZE, 4 vnt.",17.49,https://cdn.barbora.lt/products/b9249e53-c9ee-4b1d-a9e4-4bb3fdd351b1_s.png
Maxima,"Skustuvo galvutės GILLETTE MACH3, 8vnt.",23.99,https://cdn.barbora.lt/products/29baa1ec-84f7-4f37-84dc-0dd6de2140ad_s.png
Maxima,"Burnos skalavimo skystis ORAL-B 3D White Luxe Perfection, 500 ml",4.75,https://cdn.barbora.lt/products/a831b493-168f-4833-920f-1e9c09d55f79_s.png
Maxima,"Mėsos prieskoniai SANTA MARIA su čiobreliais, 25 g",0.49,https://cdn.barbora.lt/products/e7d0f194-f1f4-4645-87b7-2fde567b2192_s.png
Maxima,"Hermetiškas indelis UNIWELL, 1000 ml, 1 vnt.",3.49,https://cdn.barbora.lt/products/efce42e7-6bd9-44c5-9cc6-6078054aec3f_s.png
Maxima,"Plaukų šampūnas GARNIER FRUCTIS, 400 ml",4.05,https://cdn.barbora.lt/products/bee00a3d-28b6-40bc-b180-1c5e3ff31d5d_s.png
Maxima,"Plaukų balzamas GARNIER FRUCTIS, 200 ml",3.24,https://cdn.barbora.lt/products/2bb4fab9-a6c1-459c-8b5c-056da0f2cb52_s.png
Maxima,KILIG CLEAN & FRESH veido prausimosi putos 150 ml ,8.35,https://cdn.barbora.lt/products/3b0cd9ef-0bb5-47d8-990a-2c7fdba878c4_s.png
Maxima,"Avinžirnių ir pupelių mišinys BONDUELLE VAPEUR, 310 g",1.67,https://cdn.barbora.lt/products/4510eb5c-2b82-4e8d-99af-b03e11290b49_s.png
Maxima,"Žemės riešutai traškioje luobelėje JĖGA, lydyto sūrio skonio, 200 g",1.19,https://cdn.barbora.lt/products/6719fb2b-fdf5-4599-96a3-110b466cd51e_s.png
Maxima,"Prieskonių mišinys AMERICAN CAJUN SANTA MARIA, 34 g",1.84,https://cdn.barbora.lt/products/50351811-39c8-407a-aa1f-0088cf64eb70_s.png
Maxima,"Sausasis plaukų šampūnas BATISTE CHERRY, 200 ml",4.99,https://cdn.barbora.lt/products/400c32ba-ef9f-4d31-abe3-5f28f9678036_s.png
Maxima,"Vienkartiniai puodeliai ILAJA WHITE, 230ml,10vnt",0.99,https://cdn.barbora.lt/products/766c44e3-7a8f-4dc5-80c2-146baf82fad1_s.png
Maxima,MARGARITA Dušo želė su pieno baltymais ir medaus ekstraktu 1l,7.19,https://cdn.barbora.lt/products/58addfe2-71cc-4204-8ad1-737833f04162_s.png
Maxima,"Higieniniai vatos pagaliukai SEPTONA BIO, 200 vnt., 200 vnt.",1.65,https://cdn.barbora.lt/products/e0d443ad-5522-42d0-a445-6b398f4ad859_s.png
Maxima,"Žemės riešutai traškioje luobelėje JĖGA su paprikomis, 500 g",2.59,https://cdn.barbora.lt/products/ad968060-c90f-473c-a940-14c4bd59d576_s.png
Maxima,"ETNO rinkinys UŽBURIANČIOS ŽIEMOS AKIMIRKOS, 170 g",7.99,https://cdn.barbora.lt/products/d5656e58-d65b-4981-8396-fe76b2dd0b71_s.png
Maxima,"Marmurinis keksas SCHAR be glitimo, 250 g",4.19,https://cdn.barbora.lt/products/c557531a-cff4-4348-994e-61df61fdc59c_s.png
Maxima,"Vytinta pjaustyta jautiena BRESAOLA, nerūšinė, 80 g",3.39,https://cdn.barbora.lt/products/ed988eba-4a0a-4adc-89fd-4b3b1f0a067f_s.png
Maxima,"Saldainių dovanėlė RŪTA MAŽŲ STEBUKLŲ!, 140 g",6.39,https://cdn.barbora.lt/products/56d875d6-77a6-4ec2-a864-4833907457fc_s.png
Maxima,"Viduržemio alyvuogių mišinys WELL DONE PREMIUM, 1650 g",7.99,https://cdn.barbora.lt/products/e601a933-cb7d-4f95-894d-a5214c379921_s.png
Maxima,"Skutimosi putos NIVEA MEN SENSITIVE jautriai odai, 200 ml",5.49,https://cdn.barbora.lt/products/3e284eb8-bace-44a9-b51f-fd27af4c0144_s.png
Maxima,"NIVEA Rutulinis dezodorantas  COOL KICK vyrams, 50 ml",4.79,https://cdn.barbora.lt/products/0be8f849-9b0b-4687-b66d-8aa7de0b70a4_s.png
Maxima,"Burnos skalavimo skystis LACALUT AKTIV, 250 ml",4.29,https://cdn.barbora.lt/products/84a1722a-67f9-4c05-be81-8e78c0acd32b_s.png
Maxima,"Vištienos prieskoniai SANTA MARIA su geltonuoju kariu, 24 g",0.49,https://cdn.barbora.lt/products/5de5119f-4bfb-4fc9-ba03-eb4d5001a57d_s.png
Maxima,"Skystasis muilas PALMOLIVE BLACK ORCHID, 300 ml",2.79,https://cdn.barbora.lt/products/4142f041-149d-41e0-86bc-56e003738289_s.png
Maxima,"Indų ploviklis PUR HANDS & NAILS, 450 ml",1.39,https://cdn.barbora.lt/products/b3d5decc-d0b3-4523-a519-e684c63b6335_s.png
Maxima,"Žemuogių kvapo dantų pasta vaikams ECODENTA, 75 ml",3.09,https://cdn.barbora.lt/products/84db3ab3-bc43-4024-acf2-94f306aea37c_s.png
Maxima,"Vyriškas dušo gelis FA SPORT, 750 ml",7.99,https://cdn.barbora.lt/products/dc64684d-8e7c-4172-a26e-21e91f8872db_s.png
Maxima,"Šaltai rūkyta ROKIŠKIO MĖSINĖS jautienos dešra, a. r., 200 g",3.59,https://cdn.barbora.lt/products/2ae24a4a-53d6-4a2c-9b9e-dbf3da51a665_s.png
Maxima,"Šokoladinis kiaušinis KINDER SURPRISE MAXI PINK, 100 g",4.99,https://cdn.barbora.lt/products/8a0ca4bc-bd06-4573-a70e-f6b7599822de_s.png
Maxima,"Šaldyti melsvųjų vilkžuvių pjausniai SUNRISE, 900 g",4.79,https://cdn.barbora.lt/products/3e680aee-b706-4665-b371-acdef4b35ea2_s.png
Maxima,"Džiovintų uogų ir riešutų mišinys ARIMEX, 250 g",3.29,https://cdn.barbora.lt/products/1cae6eae-1245-4076-ac23-c28ffd6b0e23_s.png
Maxima,"Moteriškas gelinis dezodorantas LADY SPEED STICK, 65 g",8.19,https://cdn.barbora.lt/products/1219f8d3-431d-4ede-ad4e-ddf002561bb5_s.png
Maxima,"Maitinamasis pėdų kremas NIDA su pipirmėčių eteriniu aliej., 75 ml",1.65,https://cdn.barbora.lt/products/b6cf4e8a-db6d-4678-9333-a11ab15f96a7_s.png
Maxima,"ŠEIMININKĖS lietuviškas silkių garnyras, 500 g",1.39,https://cdn.barbora.lt/products/bac6abc8-03c1-4bcb-a47c-d40980e57a0b_s.png
Maxima,"Sėklų mišinys su džiovintomis spanguolėmis ARIMEX, 200 g",1.75,https://cdn.barbora.lt/products/49723b31-7e8b-4e50-b830-3073d157f1f0_s.png
Maxima,"Vatos krapštukai CLEANIC NATURALS, 200 vnt., 200 vnt.",2.29,https://cdn.barbora.lt/products/5fb09400-f09c-4926-8487-8ae6cffc36fe_s.png
Maxima,"Vaisių ir daržovių ploviklis BALANCE, 480 ml",2.75,https://cdn.barbora.lt/products/47edb149-ae36-4574-a01d-25b3b498bb9c_s.png
Maxima, Bulvių skustukas UNIWELL,1.99,https://cdn.barbora.lt/products/b8b4dd07-7548-41db-91bf-fc6fc74b1b5f_s.png
Maxima,"Kačių ėdalas FELIX FANTASTIC su višt.,skirtas jaun. kač.,85g, 85 g",0.43,https://cdn.barbora.lt/products/a2ca8c8d-b7c8-4a5c-a249-9c321ad939bc_s.png
Maxima,"Intymiosios higienos prausiklis ABENA, 500 ml",5.19,https://cdn.barbora.lt/products/2ecb3474-528b-4b27-bc8f-6f5f60b44cb6_s.png
Maxima,"Šaldyta ryklinių šamų filė SUNRISE be odos, 750 g",5.59,https://cdn.barbora.lt/products/c1daaf04-d2fb-4f26-bb68-ce5dac8f49eb_s.png
Maxima,"Šokoladinis saldainis FERRERO ROCHER GRAND, 125 g",6.79,https://cdn.barbora.lt/products/07d3b9a3-286f-4536-89b8-11079cc874d2_s.png
Maxima,"Greitai paruošiami aštrūs ramenai SAM YANG, vištienos sk., 140 g",1.79,https://cdn.barbora.lt/products/3ac6ebfc-7d26-4e61-be65-9097fe114e2b_s.png
Maxima,Nagų lako valikl.DIVUS be acetono 200ml,1.59,https://cdn.barbora.lt/products/79c49db2-5a77-46a5-9abd-99f1eaebbfcb_s.png
Maxima,"Malti juodieji pipirai SANTA MARIA, 181 g",4.24,https://cdn.barbora.lt/products/0e73f7e0-3530-4ae3-92dc-a3712e948e73_s.png
Maxima,"Pelėsinis ožkų pieno sūris EL PASTOR, 56 %, rieb. s. m., 1 kg",19.99,https://cdn.barbora.lt/products/4989ca71-a56c-4921-970c-5ae8fea1a80a_s.png
Maxima,"Birių produktų indas UNIWELL CARAWAY 690 ml
",2.99,https://cdn.barbora.lt/products/3cef41d8-ad13-4f98-bafc-8188915f2c26_s.png
Maxima,ELSEVE šampūnas 400ml,4.39,https://cdn.barbora.lt/products/2e15b0cf-58fb-4cd3-85a9-2a7e5bd9f2e7_s.png
Maxima,"HAS PD Plastilino indelis, asort.",1.19,https://cdn.barbora.lt/products/8055bea9-5cd7-4c7e-9f5f-3dbd7fcccd8a_s.png
Maxima,"VASELINE lūpų balzamas Rosy Lips, 7 g",3.99,https://cdn.barbora.lt/products/71648416-dc7d-4f23-930c-a80041d99628_s.png
Maxima,L'Oréal Paris ELSEVE Glycolic Gloss CORE kondicionierius. 200 ml,3.19,https://cdn.barbora.lt/products/f2aa5ac7-fcf4-421e-a54e-b99267d3eb39_s.png
Maxima,"Saldainių rinkinys PERGALĖ MAGIC OF WINTER DARK, 171 g	",3.59,https://cdn.barbora.lt/products/f83b5bcd-573a-47dc-881a-b1bc4c118f42_s.png
Maxima,"Aštrūs mėsos priekoniai SNTA MARIA, 20 g",0.49,https://cdn.barbora.lt/products/799f0b91-653e-404b-8493-2ce79d45d08b_s.png
Maxima,"Nagų lako valiklis BŪK, 70 ml",1.29,https://cdn.barbora.lt/products/e48eacd0-7463-4f83-8074-b573736ba9b6_s.png
Maxima,"Šokoladiniai saldainiai FERRERO ROCHER, 350 g",16.79,https://cdn.barbora.lt/products/ffe73446-883e-4f34-b48e-02c948fa1136_s.png
Maxima,"Moteriškas rutulinis dezodorantas DOVE  INVISIBLE, 50 ml",4.59,https://cdn.barbora.lt/products/01cccc1a-45c5-46c4-8c4b-2001410f6aa5_s.png
Maxima,"Tamsūs tortų papločiai DANCE SPONGE CAKE DARK, 0.4 kg",2.69,https://cdn.barbora.lt/products/0b0ea892-6c18-47c6-a8ec-42d1ae8f2f3e_s.png
Maxima,"Higieniniai paketai ALWAYS Ultra Super Extra, S3, 28vnt.",5.59,https://cdn.barbora.lt/products/915a143f-f061-49ce-954d-b57c9d262c38_s.png
Maxima,"Hermetiškas indelis BORGONOVO IGLOO,  1450 ml",7.29,https://cdn.barbora.lt/products/6a4b71f0-6d4b-4525-8ab5-cb6742c9e451_s.png
Maxima,"Česnakų spaudyklė UNIWELL EDAY, 1 vnt.",2.99,https://cdn.barbora.lt/products/0974616f-e109-4b63-a1d2-fe1afd3ff6b3_s.png
Maxima,MARGARITA Drėkinamasis rankų muilas su šaltalankių aliejumi 400ml,3.19,https://cdn.barbora.lt/products/954c9b97-9dbb-4503-a40a-650c89f06005_s.png
Maxima,"Žvėrienos prieskoniai SANTA MARIA, 30 g",0.74,https://cdn.barbora.lt/products/1c1bab72-a334-41fc-9bfc-bcee8ce3a289_s.png
Maxima,"Hermetiškas indelis UNIWELL EDAY, 100 ml, 1 vnt.",1.19,https://cdn.barbora.lt/products/dca80e2a-823e-43db-9739-765194044b71_s.png
Maxima,"Dušo želė NIDA su medaus ir migdolų ekstraktu, 250 ml",2.29,https://cdn.barbora.lt/products/06de744e-1aa5-430f-a058-9179f2708ca0_s.png
Maxima,"Maitinamasis rankų kremas NIDA su medaus ir migdolų ekstr., 150 ml",2.15,https://cdn.barbora.lt/products/7d5443e4-97b5-429c-84d0-d52c6f03567a_s.png
Maxima,"Vyriška dušo želė PALMOLIVE CITRUS CRUSH, 500 ml",6.29,https://cdn.barbora.lt/products/4f2dba75-7541-4ce7-a0cd-6c82190caa1b_s.png
Maxima,"Šokoladinis batonėlis ROSHEN su cukraus mase, 43 g",0.41,https://cdn.barbora.lt/products/2020756c-c9df-423a-8334-d5f8ebf9562b_s.png
Maxima,KILIG NOURISHING mandarinų aromato rankų kremas 75 ml,4.15,https://cdn.barbora.lt/products/e52cdfd3-136c-4a85-af88-a1caa0a8ae3a_s.png
Maxima,"Vienkartiniai puodeliai ILAJA COLOR,220ml 10vnt.",1.99,https://cdn.barbora.lt/products/5c3c24e0-9434-4c45-a62e-54caa1ec4524_s.png
Maxima,"Filtravimo kasetė AQUAPHOR MAXFOR B25 Mg, 1 vnt.",5.99,https://cdn.barbora.lt/products/c0d710be-642e-4f29-98ad-4f12655f45ef_s.png
Maxima,"Jūrų gėrybių užkandis LOCAS, 200 g",3.99,https://cdn.barbora.lt/products/d52864a1-549a-4bc9-ab5e-31f1aeebf6d7_s.png
Maxima,"Mini sojų dešrelės su paprikomis WELL WELL, 180 g",2.09,https://cdn.barbora.lt/products/b0232fd3-0ef3-441f-b5ff-0da5f238be4a_s.png
Maxima,"Sauskelnės PAMPERS Premium Care, Value Pack, 1 dydis, 72 vnt.",14.69,https://cdn.barbora.lt/products/a0b36e27-74a0-4e6b-a2ad-ab04f76542c6_s.png
Maxima,"Šiukšlių maišai VORTEX DRAWSTR YELLOW, 35 l, 15 vnt., 1 vnt.",1.69,https://cdn.barbora.lt/products/4dd73fdd-41e3-469e-997e-59d7b6515000_s.png
Maxima,"Plaukų šampūnas GARNIER FRUCTIS, 400 ml",4.05,https://cdn.barbora.lt/products/56a39884-b1bd-4bb3-b7a0-e447bc7b02d5_s.png
Maxima,"Šunų ėdalas FRISKIES su vištiena, jautiena, ėriena, 340 g",1.46,https://cdn.barbora.lt/products/e24870e7-fa0b-4280-9c78-8b4f8a61d155_s.png
Maxima,"Maltos ciberžolės SANTA MARIA, 32 g",0.74,https://cdn.barbora.lt/products/ba950546-e1fe-4e2d-9716-ef504fad96dd_s.png
Maxima,"Duonos traškučiai CHAZZ, grietinės ir svogūnų skonio, 100 g",1.19,https://cdn.barbora.lt/products/b04d64ed-abbf-4661-9f58-1848b07b4baa_s.png
Maxima,"Šaldyti žuvų piršteliai NOWACO, malta lašiša, 250 g",1.83,https://cdn.barbora.lt/products/b37b6681-8958-4e73-b210-ab1ecc1e6a60_s.png
Maxima,"The Doctor Health & Care Natūrali jūros vonios druska, 500 g",2.49,https://cdn.barbora.lt/products/a1cbf368-8ea2-4f44-b807-4a441cd13582_s.png
Maxima,SENSODYNE dantų pasta Clinical White 75 ml,9.99,https://cdn.barbora.lt/products/5788c87b-1639-45d6-a596-fb2a338e16af_s.png
Maxima,"Skanūs skystieji užkandžiai katėms „FELIX® Deli Moments™“ su lašišomis, 4 x 10 g paketėliuose",1.19,https://cdn.barbora.lt/products/691d327c-c48a-4c5e-b2b2-34e9a0a1fb84_s.png
Maxima,"Pieninio šokolado dražė SMARTIES, 120 g",2.29,https://cdn.barbora.lt/products/dafe6a76-a009-46c6-b925-6c5a2be4be29_s.png
Maxima,"Plaukų šampūnas AUSSIE Deep Hydration, 300 ml",9.89,https://cdn.barbora.lt/products/c243bc6a-6e2a-4961-b2e2-8a7d5f7a6309_s.png
Maxima,L'Oréal Paris ELSEVE Glycolic Gloss CORE šampūnas. 400 ml,4.39,https://cdn.barbora.lt/products/38c687aa-18fe-449f-ac6d-352420a598cf_s.png
Maxima,"Saldainis RAFFAELLO GRAND, 125 g",6.79,https://cdn.barbora.lt/products/67f194a7-7342-42fd-a15c-a5206b5fcb93_s.png
Maxima,"Svogūnų ir bazilikų padažas su pomidorais WELL DONE PREMIUM, 300 g",2.49,https://cdn.barbora.lt/products/5eca5cba-91de-4973-8b02-96e75925f37b_s.png
Maxima,"Džiovintų vaisių rinkinys SEEBERGER, 200 g",3.25,https://cdn.barbora.lt/products/841c137b-1eca-442b-8070-0184de4533e3_s.png
Maxima,"Vaikiškas šampūnas BUBCHEN, 200 ml",3.59,https://cdn.barbora.lt/products/c6c311c5-610a-4bf8-9f18-f987a936db90_s.png
Maxima,"Skustuvai BIC COMFORT TWIN 5, 5 vnt.",2.45,https://cdn.barbora.lt/products/45ca9da6-0e2d-4ccd-bb93-6b611bcdc179_s.png
Maxima,"Žaliosios alyvuogės ITLV su ančiuvių įdaru, 300 g",1.86,https://cdn.barbora.lt/products/6ad7f634-b8d7-4cb6-a8e7-d81f27b90176_s.png
Maxima,"Šviež. atlant. lašišos (lot. Salmo salar), skrostos, 1-3 kg, 1 kg",7.99,https://cdn.barbora.lt/products/a29295e0-a772-4977-a6ce-5bc4d4e59017_s.png
Maxima,"NIVEA Dušo želė WATER LILY & OIL, 250 ml",4.19,https://cdn.barbora.lt/products/e5052703-dd27-4632-8ebc-5cd9b6517ee0_s.png
Maxima,"Plastikinis dubuo ILAJA, 26 cm, 1 vnt.",1.99,https://cdn.barbora.lt/products/f4c39ec4-f34a-40bf-bf40-7c66abe1bb97_s.png
Maxima,"Sausas marinato mišinys SANTA MARIA šonkauliukams, 30 g",0.59,https://cdn.barbora.lt/products/73f33805-819f-4bf7-8823-e63b729bcb57_s.png
Maxima,"Šaldyta rudagalvių menkių filė tešloje NOWACO, 800 g",6.84,https://cdn.barbora.lt/products/5d1ac3f3-f8ab-4051-9fc2-2032a50ec0c8_s.png
Maxima,"Šunų skanėstas ADVENTUROS (lazdelės), 120 g",0.99,https://cdn.barbora.lt/products/a29bcb61-9d94-4fcc-a33b-43e524eaf021_s.png
Maxima,"Sausas plaukų šampūnas GOT2B (EXTRA FRESH), 200 ml",8.69,https://cdn.barbora.lt/products/73179b9a-6e71-4536-8739-d1738cc4bf8e_s.png
Maxima,"Akių makiažo valiklis NIDA su alavijų ekstr. Ir vitaminu E, 150 ml",3.29,https://cdn.barbora.lt/products/8815a49c-e0aa-4c2e-9db9-b3fac5e10d22_s.png
Maxima,"Dieninis veido kremas NIDA su gintaro ekstraktu, 50 ml",3.49,https://cdn.barbora.lt/products/7626d810-d350-4223-a33d-e6f70bc6375c_s.png
Maxima,"Skanėstas DENTALIFE mažų veislių šunims, 115 g",1.12,https://cdn.barbora.lt/products/d34cbbf1-bdcd-42cc-aefe-b8a15ebcf3c1_s.png
Maxima,"Vaikiška dantų pasta JORDAN GREEN CLEAN, 50 ml",3.39,https://cdn.barbora.lt/products/793cd4ee-8d8e-4da0-a572-96dd46e5ce56_s.png
Maxima,"Žolelių arbata ŽOLYNĖLIS MOTERIMS, 30 g",1.49,https://cdn.barbora.lt/products/c7cb508b-1a55-4cce-86c2-146fc0ab8182_s.png
Maxima," Koštuvas UNIWELL, 10 cm",2.99,https://cdn.barbora.lt/products/a0af66ac-523f-4b40-8abe-7fae6f4c3446_s.png
Maxima,Plaukų šampūnas HEAD&SHOULDERS CLASSIC CLEAN;800,13.99,https://cdn.barbora.lt/products/a350133e-fc1d-4832-b6ab-30a0d7dc18d3_s.png
Maxima,"Kreminių sūrių rinkinys CASTELLO MINI, 22-28 % rieb. s. m., 100 g",2.99,https://cdn.barbora.lt/products/e810b7b6-320e-4c2f-993e-4b8a75d02e6c_s.png
Maxima,"Micelinis vanduo, DIVUS, 200 ml",1.15,https://cdn.barbora.lt/products/666814f7-8ae5-455b-8ec3-a93c2547fcb0_s.png
Maxima,"Dantų pasta COLGATE TOTAL ORIGINAL, 125 ml",5.79,https://cdn.barbora.lt/products/ffa1b8f1-5dd4-4ead-9d9b-4f2ceaadea20_s.png
Maxima,"Modelino rinkinys HEY CLAY, 3 ind., Žiedai",2.39,https://cdn.barbora.lt/products/bd5ef83e-a5f6-459f-bb59-be18650dba11_s.png
Maxima,"Saldainių rinkinys PERGALĖ MAGIC OF WINTER MILK, 171 g	",3.59,https://cdn.barbora.lt/products/5072c3f1-01c3-4db2-8784-d68647bcb642_s.png
Maxima,"Šokoladinės figūrėlės M&M'S CRISPY, 5 vnt., 145 g",3.59,https://cdn.barbora.lt/products/611647c3-dcca-4c79-951c-7f507e62d1fc_s.png
Maxima,"Šaldytas pistacijų pyragas WELL DONE PREMIUM, 1 kg",16.99,https://cdn.barbora.lt/products/ec4a6538-89dc-4996-ac2f-b68f4fd16115_s.png
Maxima,"Ypač grynas alyvuogių aliejus WELL DONE PREMIUM su bazilik., 250 ml",4.99,https://cdn.barbora.lt/products/20a96e5b-1c45-447e-b30e-acc3e29feadd_s.png
Maxima,"Skutimosi putos GILLETTE, 200 ml",2.69,https://cdn.barbora.lt/products/780a69d5-1587-4259-85c4-b1f982538bc9_s.png
Maxima,"NIVEA Dušo želė vyrams ENERGY, 250 ml",4.19,https://cdn.barbora.lt/products/8dc6f50c-3924-4cc7-98bd-6a2bb12fddf9_s.png
Maxima,"NIVEA Fresh ActiveRutulinis dezodorantas vyrams, 50 ml",4.79,https://cdn.barbora.lt/products/b34bc948-c4f1-45a5-bf2b-81a1b860aa9f_s.png
Maxima,"Vyriška dušo želė PALMOLIVE PURE ARCTIC REFRESHING 2 IN 1, 250 ml",3.69,https://cdn.barbora.lt/products/1e1a3e2b-8c71-43eb-9059-a3df917c5f87_s.png
Maxima,"Kepsnių prieskoniai SAUDA, be druskos, 50 g",0.59,https://cdn.barbora.lt/products/b2717c8f-ec74-4321-9123-f98c7112fe81_s.png
Maxima,"Kramtomieji saldainiai SKITTLES CRAZY SOURS, 38 g",0.59,https://cdn.barbora.lt/products/206f8bff-66c6-46c5-8729-c399f31d6686_s.png
Maxima,"Moteriškas rutulinis dezodorantas DOVE ORIGINAL, 50 ml",4.59,https://cdn.barbora.lt/products/f4b3a514-2e67-4bf3-901d-51378cc71467_s.png
Maxima,"Burnos skalavimo skystis LISTERINE FRESH, 250 ml",3.59,https://cdn.barbora.lt/products/9a03c3af-1759-42b7-970a-965c650a242b_s.png
Maxima,"Sausainiai su apelsinų ir šokoladų įdaru SCHAR, 150 g",2.65,https://cdn.barbora.lt/products/82d62014-e4b4-4c73-9c86-31f57e80e98a_s.png
Maxima,"Stiklinis indas maisto produktams laikyti UNIWELL, 620 ml, 1 vnt.",5.49,https://cdn.barbora.lt/products/fbbb8702-849d-4d42-bc2b-8a48a25f6c10_s.png
Maxima,"Minkštinamasis pėdų kremas MARGARITA, 75 ml",2.45,https://cdn.barbora.lt/products/b9ae00da-50af-4eb9-ad8d-2b1c14a949dd_s.png
Maxima,"Skystasis muilas DERMOMED Kokosas, 1l
",3.79,https://cdn.barbora.lt/products/7d0352a6-56c0-413e-b7ae-ae90e3ecd2ed_s.png
Maxima,"Šampūnas pleiskanojančiai galvos odai SEBAMED HAIR CARE, 200 ml",12.59,https://cdn.barbora.lt/products/73809097-fb98-42d0-a7a6-ca6e36f46110_s.png
Maxima,"Vytinta jautiena DORA su slyvomis ir aitriosiomis paprikomis, 40 g",2.79,https://cdn.barbora.lt/products/d2706976-0de6-411a-befa-c551882093a2_s.png
Maxima,"Dantų pasta BIOREPAIR, 75 ml",7.29,https://cdn.barbora.lt/products/487612bb-9ac0-4811-b165-775682f8fe7a_s.png
Maxima,"Kakaviniai vafliai SCHAR WAFERS AL CACAO (be glitimo), 125 g",2.34,https://cdn.barbora.lt/products/32afa170-f8b8-4674-9538-e1fe314756df_s.png
Maxima,"Šunų skanėstas ADVENTUROS (juostelės), 90 g",0.99,https://cdn.barbora.lt/products/97514ac3-8621-4ab3-8d7e-a903608c9b5a_s.png
Maxima,"Plaukų balzamas GARNIER FRUCTIS, 200 ml",3.24,https://cdn.barbora.lt/products/91cc7d11-f773-4206-bcfd-76a344cd3ca1_s.png
Maxima,"Dušo želė FA DIVINE, 400 ml",4.99,https://cdn.barbora.lt/products/bd3861e9-01ac-47ca-a6a4-8479cb709c97_s.png
Maxima,"Pieninio ir juodojo šokolado triufelių rinkinys PURE WINTER, 124 g	",4.79,https://cdn.barbora.lt/products/086d75b9-4ffb-4170-8da8-536e9f5fab45_s.png
Maxima,"Prieskonių mišinys JAPANESE TERIYAKI SANTA MARIA, 44 g",1.84,https://cdn.barbora.lt/products/43b77f61-78af-4fdf-b0a6-323521264b6e_s.png
Maxima,"Sauskelnės PAMPERS Premium Care, Small Pack, 1 dydis, 26 vnt.",5.19,https://cdn.barbora.lt/products/b7567852-ae90-4527-8c19-7789e6368299_s.png
Maxima,"Drėgnosios veido servetėlės PURE TEA TREE, 1 vnt.",1.55,https://cdn.barbora.lt/products/22fe016b-baaa-4c04-886a-189cd5591550_s.png
Maxima,"Biri vaisinė arbata KALĖDINIS ŽAISLIUKAS, 60 g",3.99,https://cdn.barbora.lt/products/79854e53-5bc0-4e08-a684-41567dc77026_s.png
Maxima,"Burnos skalavimo skystis LISTERINE COOLMINT MILD, 1 l",9.99,https://cdn.barbora.lt/products/cc8d15c7-3277-41c2-b5be-c0d7848be8d5_s.png
Maxima,"Valgomieji KARALIŠKI šokoladiniai ledai su pyrago gabaliuk., 435 g",4.14,https://cdn.barbora.lt/products/cdc7408d-14f7-4f15-ba5a-b7302d4cbf23_s.png
Maxima,"SUSLAVIČIAUS salotų padažas su morkomis ir paprikomis, 320 g",1.26,https://cdn.barbora.lt/products/874562df-bd61-44e2-9737-1424478f05f7_s.png
Maxima,"SUSLAVIČIAUS Cezario salotų padažas, 300 g",1.29,https://cdn.barbora.lt/products/ce8e6e5b-a419-4364-b6af-1f82bebc8b25_s.png
Maxima,"Vytinta KLEBONIŠKA kiaulienos nugarinė, a. r., 1 kg",15.99,https://cdn.barbora.lt/products/202035d8-bddd-492b-8489-c8faa5c4ca25_s.png
Maxima,"Vonios burbulas BUBBLES VANILLA BERRY, 115 g",2.39,https://cdn.barbora.lt/products/a89196a6-f335-475e-8cd0-6d1d636c7da3_s.png
Maxima,"Šokoladiniai saldainiai AFTER EIGHT, vyšnių skonio, 400 g",7.49,https://cdn.barbora.lt/products/1ed3564e-901a-44e9-a032-f35342182cd7_s.png
Maxima,"Vaikiškas muilas UTI PUTI su ramunėlių ekstraktu, 75 g",0.65,https://cdn.barbora.lt/products/bd6335db-fbd6-48c0-b46c-c9aebe691933_s.png
Maxima,"Makaronai (vamzdeliai) WELL DONE, 500 g",0.89,https://cdn.barbora.lt/products/8a09c2b7-a961-4e6e-960f-87e7ac550e2b_s.png
Maxima,"Makaronai (sraigteliai) WELL DONE, 500 g",0.89,https://cdn.barbora.lt/products/226f3735-3de9-49e9-9f90-7a90219c7b52_s.png
Maxima,"Dantų pasta COLGATE MAX CLEAN MINERAL SCRUB, 75 ml",3.49,https://cdn.barbora.lt/products/5bd544ed-6f10-4147-a8a1-ba2858000fdb_s.png
Maxima,"Becukris pieninis šokoladas VALOR su migdolais, 150 g",4.29,https://cdn.barbora.lt/products/487f0ae5-b684-4dab-b362-e0b22ba81233_s.png
Maxima,"Pjaustytos žalios alyvuogės WELL DONE, 220 g",1.25,https://cdn.barbora.lt/products/b7d10d36-358f-4294-b392-126e96911a9d_s.png
Maxima,"PALMOLIVE dušo želė  Thermal SPA Gentle Massage, 500ml",6.49,https://cdn.barbora.lt/products/f9312cf5-91bc-4462-bed5-7cd295c0c11e_s.png
Maxima,"VASELINE lūpų balzamas Original, 4.8 g",2.99,https://cdn.barbora.lt/products/3c528c72-0b10-4768-9d34-b40feb56267f_s.png
Maxima,"Moteriškas skustuvas GILLETTE VENUS SMOOTH, 2 galvutės, 1 vnt.",10.99,https://cdn.barbora.lt/products/1b578f83-48bc-4f9d-b6a1-f17687aa11c8_s.png
Maxima,"NIVEA Dušo želė LEMON &OIL, 250 ml",4.19,https://cdn.barbora.lt/products/1a7e289c-87af-4e86-806e-1a9f325537e7_s.png
Maxima,"Dantų šepetėlis LACALUT AKTIV, 1 vnt.",3.39,https://cdn.barbora.lt/products/8c5284ce-f8c1-4c29-b5a1-51baf9a8dd4e_s.png
Maxima,MARGARITA Šampūnas su dilgėlių ekstraktu normaliems ir riebiems plaukams 250ml,3.49,https://cdn.barbora.lt/products/b52133e4-97a1-4290-9330-b3f9abc02694_s.png
Maxima,"Moteriškas vienkartinis skustuvas BIC SOLEIL, 4 vnt., 4 vnt.",4.99,https://cdn.barbora.lt/products/3c62c3a1-405a-46e2-bf1f-6587cd43abe0_s.png
Maxima,"Uogų ir riešutų mišinys SEEBERGER, 150 g",3.35,https://cdn.barbora.lt/products/ad0f6e4f-5410-45a4-9706-7a5858b86062_s.png
Maxima,MARGARITA Kreminis rankų muilas su migdolų ir ramunėlių ekstraktais 400ml,3.19,https://cdn.barbora.lt/products/05ab5e80-28cf-41e4-a709-37b753dc0ef1_s.png
Maxima,"Purškiamas plaukų kondicionierius MARGARITA (KAKĖ MAKĖ), 150 ml",4.19,https://cdn.barbora.lt/products/17be0d39-3209-4587-b48e-eb2eafa1098c_s.png
Maxima,"Universalūs prieskoniai SANTA MARIA, 160 g",1.34,https://cdn.barbora.lt/products/03a0c53c-68ae-45e1-b26f-4f2bd56db29a_s.png
Maxima,"Ilgas šaukštelis UNIWELL LANE, 1 vnt.",0.99,https://cdn.barbora.lt/products/326f6717-ebdf-4e4f-9801-1fbf176501c4_s.png
Maxima,"Šaldyti kalmarų žiedai tešloje NOWACO su žolelėmis, 500 g",3.43,https://cdn.barbora.lt/products/8a989fbc-f96f-4d9c-91fb-1aaacccd8624_s.png
Maxima,"Aitriosios paprikos SANTA MARIA, 34 g",0.99,https://cdn.barbora.lt/products/5f66419e-f528-4a0d-b06b-6c942adfa35d_s.png
Maxima,"Vaikiška dantų pasta ECODENTA be fluoro, 75 ml",4.19,https://cdn.barbora.lt/products/553139e8-eb5d-4aa3-a9e5-4b3400b591f3_s.png
Maxima,"Jautrių dantų pasta NIDA su alavijų ekstraktu, 100 ml",2.89,https://cdn.barbora.lt/products/abc809bb-68ea-4ce4-a9d5-d2bf02b6bf32_s.png
Maxima,"Pieninis šokoladas LACMI su pieniniu įdaru ir sausainiais, 100 g",1.13,https://cdn.barbora.lt/products/407d43b8-3a29-4847-b225-b1c654bfb901_s.png
Maxima,"Intymios hig. prausiklis-putos MARGARITA su pieno rūgštimi, 150 ml",4.99,https://cdn.barbora.lt/products/c4e11c1a-261c-4208-a335-3cbc31807911_s.png
Maxima,"Virtuvės paviršių valiklis BALANCE, 450 ml",2.79,https://cdn.barbora.lt/products/85f8197b-2d47-4804-9b0e-476c2a72099a_s.png
Maxima,"Karštai rūkytos dešrelės KABANOSI EXTREME JALAPENO, II r., 95 g",1.49,https://cdn.barbora.lt/products/f44ac068-a885-4005-a775-d51db9b66c13_s.png
Maxima, Samtis UNIWELL,2.99,https://cdn.barbora.lt/products/ebd54399-3348-4b73-b505-7d41e559f9e7_s.png
Maxima,"Pieštukinis dezodorantas OLD SPICE Wolfhorn, 85ml",4.65,https://cdn.barbora.lt/products/7c85feb2-95dd-4fd3-897b-8344258c996f_s.png
Maxima,"Miltų mišinys naminiams blyneliams CITY TASTE, 400 g, 400 g",1.19,https://cdn.barbora.lt/products/d6c6da52-98ac-407e-90d8-7b1a04059c37_s.png
Maxima,"Moteriškas rutulinis dezodorantas GARNIER ACTION, 50 ml",4.99,https://cdn.barbora.lt/products/2f593994-38a8-41ce-94d8-d50513536623_s.png
Maxima,"Tortilijų duona be glitimo SCHAR WRAPS, 160 g",3.49,https://cdn.barbora.lt/products/90509ab1-e817-457e-95fb-9d60ea569caf_s.png
Maxima,"Moteriškas purškiamasis antiperspirantas DOVE ORIGINAL, 150 ml",4.59,https://cdn.barbora.lt/products/9b352cde-1240-468b-bc2e-751464d2ad85_s.png
Maxima,"Sauskelnės PAMPERS Premium Care, Mega Box, 2 dydis, 136 vnt.",25.89,https://cdn.barbora.lt/products/f3588645-523d-4087-ac8e-81dd4e7fa557_s.png
Maxima,"Indų ploviklis BALANCE su muilažolės ekstraktu, 450 ml",1.39,https://cdn.barbora.lt/products/b1db829f-3ced-49d6-a514-6336f34a6832_s.png
Maxima,"DOXA ACTIVATED CHARCOAL tualetinis muilas, 100 g ",0.99,https://cdn.barbora.lt/products/c4f56522-182b-4037-897a-38e3a6a044b6_s.png
Maxima,Prieskoninė UNIWELL Bamboo 200 ml,2.49,https://cdn.barbora.lt/products/661c39a0-ec37-4d06-b512-38bdff4e142e_s.png
Maxima,"Traškūs kukurūzai CHAZZ, picos skonio, 100 g",1.19,https://cdn.barbora.lt/products/820f2ce0-314c-4e85-b95f-adaf0c49d60b_s.png
Maxima,"Traškūs kukurūzai CHAZZ, CAROLINA REAPER paprikos skonio, 100 g",1.19,https://cdn.barbora.lt/products/5c52e9d7-609f-4814-898a-a82fa5c27144_s.png
Maxima,"Juodoji arbata TWININGS LADY GREY, 100 g",3.77,https://cdn.barbora.lt/products/90578b56-1f58-45d0-9d8f-a751dba3f30b_s.png
Maxima,"Skustuvas VENUS Breeze, 4 galvutės ",22.29,https://cdn.barbora.lt/products/0add5b69-985d-4390-9afb-c7abb1bb4955_s.png
Maxima,"Žaliosios alyvuogės WELL DONE su Chalapos paprikomis, 280 g",1.49,https://cdn.barbora.lt/products/5227d89a-fc22-4f84-befc-5e27936130d7_s.png
Maxima,"Baltas kepimo popierius PREMIUM, BEATOS VIRTUVĖ, 38cmx10m",2.99,https://cdn.barbora.lt/products/ddad45ec-6ddd-4bab-8475-25b86cd46e4a_s.png
Maxima,"Baltųjų tunų filė alyvuogių aliejuje WELL DONE PREMIUM, 190 g",4.49,https://cdn.barbora.lt/products/4c50cbe8-4e66-48e3-a99e-0291eb4e4145_s.png
Maxima,"Rankų kremas KAMILL, 100 ml",1.95,https://cdn.barbora.lt/products/3bfb2b57-9cfa-480d-9af3-f28ddad0a34a_s.png
Maxima,"Žaidimo kortos UNO, 1 vnt.",5.24,https://cdn.barbora.lt/products/2a8ffdd5-e3ac-4adb-9ea9-75702ea8cea9_s.png
Maxima,"Smulkūs makaronų lizdai DELVERDE, Nr. 78, 250 g",0.79,https://cdn.barbora.lt/products/e13070cf-501f-42ef-9d10-093c609bda15_s.png
Maxima,"Bambukinės lazdelės AJI, 26 cm, 10 vnt.",1.35,https://cdn.barbora.lt/products/08954681-c4a3-4773-aa8a-7dd59a119dce_s.png
Maxima,"Plastmasiniai dantų krapštukai CLEANPIK su šepetėliu, 150 vnt.",2.11,https://cdn.barbora.lt/products/451eb4cc-3cc5-4c7f-8249-672258c8119b_s.png
Maxima,"NIVEA dvifazis vandeniui atsparaus akiu makiažo valiklis, 125 ml",7.69,https://cdn.barbora.lt/products/c8c2cfd8-51a9-463a-8925-4a988cfbd4f8_s.png
Maxima,"Stiprios fiksacijos plaukų lakas PROFESSIONAL, 75 ml",1.69,https://cdn.barbora.lt/products/1069391d-3e1c-4e5a-86d4-f48f9c379ffe_s.png
Maxima,"Hermetiškų indelių rinkinys UNIWELL, 3 vnt., 1 vnt.",3.69,https://cdn.barbora.lt/products/9ea15caa-3b1d-4bb7-94c8-6ce8fe9caa36_s.png
Maxima,"Sausasis plaukų šampūnas BATISTE DARK & BROWN, 200 ml",5.59,https://cdn.barbora.lt/products/a2a52f00-00fd-4a35-8fd2-2be85e4a13e7_s.png
Maxima,"Sausas plaukų šampūnas MARGARITA su spanguolių ekstraktu, 150 ml",4.89,https://cdn.barbora.lt/products/f464f32b-8961-4c58-bc26-3c4e652a49b3_s.png
Maxima,"Vaikiškas dantų šepetėlis ELMEX TRAINING, 0-3 metų, 1 vnt.",5.99,https://cdn.barbora.lt/products/1e386aea-cff7-46cb-8f0a-c44d5738b18b_s.png
Maxima,"Purškiamas dezodorantas OLD SPICE Whitewater, 150ml",3.15,https://cdn.barbora.lt/products/212e5985-60fc-48b3-80c6-7fe9f5dc2a6c_s.png
Maxima,"Vonios putos NIDA su gintaro ekstraktu, 750 ml",2.19,https://cdn.barbora.lt/products/9059b1eb-367c-4624-a0a7-a11013c107bf_s.png
Maxima,"Burnos skalavimo skystis GENERA COLD MINT, 500 ml",1.73,https://cdn.barbora.lt/products/d10e4d63-90cf-4eea-b7e4-0394c2159378_s.png
Maxima,"Mėsos prieskoniai SANTA MARIA, 51 g",0.74,https://cdn.barbora.lt/products/3d0ed2cc-7a53-4dc8-bf92-456e675f2f90_s.png
Maxima,"Skystasis muilas DERMOMED Te Verde kvapas.1l???
",3.79,https://cdn.barbora.lt/products/5fbe8979-48c8-4461-b2b0-19e3e7e7601e_s.png
Maxima,"Sauskelnės PAMPERS Premium Care, Value Pack, 6 dydis, 38 vnt.",14.99,https://cdn.barbora.lt/products/9ddef47d-7025-4fb3-9ba5-a8bf1fde3fbd_s.png
Maxima,"Dantų pasta COLGATE ADVANCED CHARCOAL, 75 ml",3.49,https://cdn.barbora.lt/products/4574fbe3-2e71-4c18-975b-d179e1fbc866_s.png
Maxima,KILIG MOISTURIZING intensyviai plaukus ir galvos odą drėkinantis šampūnas 400 ml,6.39,https://cdn.barbora.lt/products/a5aab540-d423-49dc-8678-e9caf6ac43b7_s.png
Maxima, Silikoninė mentelė UNIWELL,2.29,https://cdn.barbora.lt/products/bc8003f4-90b3-42c8-b25e-aa624eca6a1f_s.png
Maxima, Mėsos muštukas UNIWELL,4.99,https://cdn.barbora.lt/products/3c19556b-4713-4b89-80d1-f9ed68b8321a_s.png
Maxima,"Pieninis šokoladas LACMI BLACK, WHITE & CARAMEL, 100 g",1.13,https://cdn.barbora.lt/products/5ca09e97-8141-48c2-9eae-820aa53b25ca_s.png
Maxima,"Pieštukinis dezodorantas OLD SPICE Whitewater, 85ml",4.65,https://cdn.barbora.lt/products/44f60c54-1b7c-41e0-9359-e77c33d0d3ac_s.png
Maxima,"Dantų pasta BLEND A MED COMPLETE Protect 7 Extra Fresh, 75ml",2.79,https://cdn.barbora.lt/products/7c542199-ba8a-4761-b054-5ae9b9c5b4d1_s.png
Maxima,"Skystasis muilas PALMOLIVE JUNGLE, 300 ml",2.79,https://cdn.barbora.lt/products/5107e8ce-a0e2-42cf-9da8-8accf582e588_s.png
Maxima,"Imbieriniai meduoliai muzikinėje dėžutėje LAMBERTZ, 200 g",5.99,https://cdn.barbora.lt/products/e04d6e7c-59ee-4818-92c6-bf6870c3d8b3_s.png
Maxima,"Energinis gėrimas CULT WATERMELON DREAMS, arbūzų skonio, 500 ml",1.39,https://cdn.barbora.lt/products/7ea99166-3aab-448e-ab3e-f348fe5319c5_s.png
Maxima,"Vištienos prieskoniai SANTA MARIA be pridėtinės druskos, 37 g",1.14,https://cdn.barbora.lt/products/465b7f4c-3353-4746-a8e5-b3aed54c88bd_s.png
Maxima,"Maltos mėsos prieskoniai SANTA MARIA be pridėtinės druskos, 38 g",1.14,https://cdn.barbora.lt/products/4858ed4a-dda1-415e-b9c7-41113bcd3a80_s.png
Maxima,"Žaliosios alyvuogės įdarytos kornišonais WELL DONE, 340 g",2.09,https://cdn.barbora.lt/products/9b7b119a-0658-46ac-b599-c881580bc3dd_s.png
Maxima,"Konservavimo dangtelis ILAJA, 1 vnt., 1 vnt.",0.15,https://cdn.barbora.lt/products/3ac01644-3bb5-4f46-a080-309e0569793e_s.png
Maxima,"Dantų pasta BLEND A MED 3D WHITE, 75ml",2.79,https://cdn.barbora.lt/products/9a95b61c-6a6f-48c3-bf2f-30827b70d60b_s.png
Maxima,"Visų grūdo dalių spagečiai WELL DONE Nr. 5, 500 g",0.69,https://cdn.barbora.lt/products/597dbc2a-df8a-4ce0-9d0f-59383e347c24_s.png
Maxima,"Dantų pasta ORAL-B Pro-Expert, Professional Protection, 75ml",3.05,https://cdn.barbora.lt/products/5b19d9cc-104b-42a7-8f3c-3560d8ffaa22_s.png
Maxima,"Lazdelės su braškių skonio glaistu POCKY, 45 g",1.49,https://cdn.barbora.lt/products/9dcde614-4b4b-4f48-8dd0-c7b31f345829_s.png
Maxima,"Dantų šepetėlis COLGATE LITTLE KIDS SMILES, 3-5 metai, 1 vnt.",2.59,https://cdn.barbora.lt/products/f416f4bd-3da1-4c33-8f19-de4e8dcea78f_s.png
Maxima,"NIVEA MEN ACTIVE  lūpų balzamas, 4,8 g",3.09,https://cdn.barbora.lt/products/8f6a7095-c8b4-4333-ba6f-98b17f1f266b_s.png
Maxima,Vaikiški medvilniniai vatos diskeliai BOCIOLAND;60vnt,2.49,https://cdn.barbora.lt/products/f63322fd-722d-467e-85e7-6df8c060ac70_s.png
Maxima,"Duonos traškučiai CHAZZ, česnakų ir sūrio skonio, 100 g",1.19,https://cdn.barbora.lt/products/4caf6c1c-b0a1-48a2-aa3d-d0f3ad971957_s.png
Maxima,"SKIN627 lakštinė veido kaukė raminamoji su cica ir žaliąja arbata, 22 ml",1.59,https://cdn.barbora.lt/products/e73d1596-0f3a-4de1-9873-87a0e5c17192_s.png
Maxima,"Žaliosios alyvuogės WELL DONE, įdarytos citrinų skonio pasta, 280 g",1.49,https://cdn.barbora.lt/products/30c37253-0c25-418a-a026-3331bcceefbd_s.png
Maxima,"Saldieji pipirai, įdaryti tunu WELL DONE PREMIUM, 250 g",3.19,https://cdn.barbora.lt/products/2ca7d2ba-63ee-456b-a0ec-38f0aa132f18_s.png
Maxima,"Paprikos, įdarytos humusu, aliejuje WELL DONE PREMIUM, 250 g",2.99,https://cdn.barbora.lt/products/57b8e254-8b71-47a3-91d8-ce918a23a50e_s.png
Maxima,"Virta DAKTARIŠKA dešra WELL DONE, A. r., 580 g",2.29,https://cdn.barbora.lt/products/d2e734d5-7ec1-455d-9fb5-8df2d9949b5f_s.png
Maxima,"Pieninis šokoladas su medumi ir migdolų nuga TOBLERONE, 340 g	",7.19,https://cdn.barbora.lt/products/6d89bb51-d408-4f4e-be50-fbea18c0d757_s.png
Maxima,"Šašlykų prieskoniai SANTA MARIA, 45 g",0.49,https://cdn.barbora.lt/products/3bfde6ce-ceb9-4565-b260-e36d04b86c31_s.png
Maxima,"Džiovinti ananasai SEEBERGER, 200 g",3.59,https://cdn.barbora.lt/products/fce82fa3-f14d-4e7c-8fd4-5ba9a98442ad_s.png
Maxima,"Burnos skalavimo skystis COLGATE PLAX MULTI-PROTECTION, 500 ml",7.39,https://cdn.barbora.lt/products/a67c0d63-7993-475b-8725-7e8344e612fe_s.png
Maxima,"Bulvių skustukas TESCOMA PRESTO, 1 vnt.",2.69,https://cdn.barbora.lt/products/4f709adc-3f99-4383-a0bf-c9a5961552d6_s.png
Maxima,"Kinkanai, 150 g",1.99,https://cdn.barbora.lt/products/6c99a64b-5d10-445a-bbc3-1db169146142_s.png
Maxima,"Virtas paštetas su lazdynų riešutais, I r., 400 g",3.49,https://cdn.barbora.lt/products/6111edbe-6ca8-44c6-b586-a79bf95fca53_s.png
Maxima,"Skystojo muilo papildymas DOVE CUCUMBER, 500 ml",4.79,https://cdn.barbora.lt/products/443e98a5-7738-449b-ae9e-2ac92d6938ab_s.png
Maxima,"Kūdikių kremas SUDOCREM, 125 g",8.49,https://cdn.barbora.lt/products/53d6180d-d455-459d-b37f-98049a810171_s.png
Maxima,"Akmens druska SANTA MARIA, malūnėlyje, 455 g",3.49,https://cdn.barbora.lt/products/a1dc231e-c5f1-476d-a697-5b9c4982e7d0_s.png
Maxima,"Puodelis AURORA WHITE HOME, 355 ml,drum",1.99,https://cdn.barbora.lt/products/896f7545-cef6-4d8e-975b-119a66eb23f6_s.png
Maxima,"Higieniniai paketai BELLA PERFECTA ULTRA NIGHT, 14 vnt.",2.39,https://cdn.barbora.lt/products/69a57686-07fb-46f2-abf3-722af599267d_s.png
Maxima,"Skutimosi gelis SATIN CARE Vanilla Dream, 200ml",6.19,https://cdn.barbora.lt/products/b04770cd-2556-46a2-a2fb-26edb98ba431_s.png
Maxima,"Riebių plaukų šampūnas  NIDA su dilgėlių ekstraktu, 250 ml",2.19,https://cdn.barbora.lt/products/b6e35a72-a137-4e86-a130-51d419018f4e_s.png
Maxima,"Pieninių dantų gelis WELEDA, 50 ml",5.49,https://cdn.barbora.lt/products/c30bf4aa-c469-4120-b793-fdd40e9d6edb_s.png
Maxima,"Micelinis vanduo GARNIER , 100 ml",2.59,https://cdn.barbora.lt/products/23123443-c108-4bd9-b605-22c83777a125_s.png
Maxima,"Šaukštas UNIWELL LANE, 1 vnt.",0.99,https://cdn.barbora.lt/products/b4c9e2ff-971a-41a8-a2d3-270e8e9e0557_s.png
Maxima,"Burnos skalavimo skystis GENERA DELICATE MINT, 500 ml",1.73,https://cdn.barbora.lt/products/253ec3a4-c981-4f8a-b2cf-5fe7968e820b_s.png
Maxima,"ECODENTA dantų pasta efektyviai apsaugai nuo karieso su ksitoliu, laimų ir kalendrų lapų eteriniais aliejais 100 ml",5.85,https://cdn.barbora.lt/products/ecfdb3d2-fbb4-4099-93bd-8189131be73f_s.png
Maxima,"Gabalinis tualetinis degutinis muilas SHIK, 140 g",1.19,https://cdn.barbora.lt/products/2c8ce28c-ea12-4098-a874-78857ca0a663_s.png
Maxima,"Plaukų šampūnas GREEN FEEL'S, 400 ml",4.49,https://cdn.barbora.lt/products/c9fa3453-607d-454d-95a2-46290ae4b8bd_s.png
Maxima,"Dantų pasta COLGATE TOTAL WHITENING, 75 ml",4.49,https://cdn.barbora.lt/products/c3356f8e-387d-4538-b684-e9a442aea919_s.png
Maxima,"Vatos padeliai CLEANIC NATURALS, 100 vnt., 100 vnt.",2.15,https://cdn.barbora.lt/products/0c29814a-816c-46fc-9192-5cebb61f63bd_s.png
Maxima,"Dantų pasta JORDAN „GREEN CLEAN CARIES PROTECTION“, 75 ml",3.45,https://cdn.barbora.lt/products/c55463a1-f08b-406c-801c-127b795d8b28_s.png
Maxima,"Sauskelnės-kelnaitės PAMPERS Pants, Maxi Pack, 4 dydis, 48 vnt.",13.29,https://cdn.barbora.lt/products/96375b60-fe73-40c9-847c-12aecb439936_s.png
Maxima,"Miltų mišinys amerik. šokolad. keksiukams CITY TASTE, 400 g, 400 g",1.99,https://cdn.barbora.lt/products/bc8c3e2f-20c4-44e4-8e91-fe9dacc8c6b0_s.png
Maxima,"Miltų mišinys itališkoms picoms CITY TASTE, 400 g, 400 g",0.79,https://cdn.barbora.lt/products/90bca37e-a5d5-4e6b-bf24-ebc0db419e8d_s.png
Maxima,"Moteriškas rutulinis dezodorantas GARNIER , 50 ml",4.99,https://cdn.barbora.lt/products/d20a9932-62dc-444e-a63a-a0e5309fd2e2_s.png
Maxima,"NIVEA Pearl&Beauty ""Fine Fragrance"" purškiamas antiperspirantas moterims, 150 ml",4.79,https://cdn.barbora.lt/products/560d0b1c-a49b-46af-a63e-373e5dd806ee_s.png
Maxima,"Šiukšlių maišai VORTEX FLEXY DRAWSTR, 60 l, 10 vnt.",3.29,https://cdn.barbora.lt/products/908d48ec-be0a-4d61-8211-16bc9c477a58_s.png
Maxima,"Ekologiški raudonėliai SANTA MARIA, 9 g",1.64,https://cdn.barbora.lt/products/40d59ed2-0c99-44c3-b19b-e83f6986db49_s.png
Maxima,"Skystojo muilo papildymas PALMOLIVE SENSORIAL ESCAPE ROS&P., 500 ml",3.49,https://cdn.barbora.lt/products/df02bfea-0b0f-4d3f-b5a3-5f57f77e119f_s.png
Maxima,"Moteriškas pieštukinis dezodorantas DOVE POMEGRANATE, 50 ml",3.99,https://cdn.barbora.lt/products/ca861fda-e3c4-489c-b3c0-be9d6f1192a8_s.png
Maxima,"Duonos traškučiai CHAZZ, šaltibarščių skonio, 100 g",1.19,https://cdn.barbora.lt/products/e7154468-77c3-43d1-b676-41e23d7951de_s.png
Maxima,"Tamsi duona SCHAR CIABATTA RUSTICA, be glitimo, 200 g",3.49,https://cdn.barbora.lt/products/270363ae-4202-482d-9611-8c864d483887_s.png
Maxima,MARGARITA COSMOS ORGANIC dušo želė sandalmedžio aromato 400 ml,5.99,https://cdn.barbora.lt/products/fdee3254-2089-4c75-8a60-59bda1abd1da_s.png
Maxima,Žaislinis apyrankių vėrimo rinkinys T08368-A-A,4.55,https://cdn.barbora.lt/products/a56b1e93-9855-40c3-aa8d-8813e8c59faf_s.png
Maxima,"Šokoladas RŪTA su citrinomis, apelsinų žievelėmis ir imbieru, 300 g",10.39,https://cdn.barbora.lt/products/936be01a-2a2d-4c5b-958f-dc55cf4fb0e4_s.png
Maxima,"Moteriškas purškiamasis dezodorantas REXONA COTTON, 150 ml",4.29,https://cdn.barbora.lt/products/d3a468e1-3256-49a6-beb6-cb06d3471ac9_s.png
Maxima,"Plaukų lakas NIVEA, 250 ml",7.19,https://cdn.barbora.lt/products/be121fe8-b5dd-4861-9e7b-d8757c43cc95_s.png
Maxima,"Depiliavimo kremas „VEET MINIMA“, skirtas sausai odai, 100 ml.",5.79,https://cdn.barbora.lt/products/f1c641a5-6d65-4abd-9548-359780b25069_s.png
Maxima,"NIVEA Fresh Natural Rutulinis dezodorantas moterims, 50 ml",4.79,https://cdn.barbora.lt/products/556f4cc4-0197-4300-bc82-5b1328d0a135_s.png
Maxima,"Higieniniai paketai BELLA CLASSIC NOVA COMFORT, 10 vnt.",0.95,https://cdn.barbora.lt/products/6437d881-80b5-4ef8-8636-de4693067494_s.png
Maxima,"Higieniniai paketai BELLA NORMAL, 10 vnt.",0.49,https://cdn.barbora.lt/products/d14a65d0-ff6d-4dd0-8ea7-460adeb75f67_s.png
Maxima,"Vaikiškas šampūnas TINDI su ramunėlių ekstraktu, nuo gimimo, 210 ml",1.69,https://cdn.barbora.lt/products/74c34871-7eec-4e00-b9ec-412911b855ce_s.png
Maxima,"NIVEA MEN STRONG POWER šampūnas plaukams vyrams, 250 ml",4.79,https://cdn.barbora.lt/products/8ca0fac3-5cec-4781-815e-4b219e6847ac_s.png
Maxima,"Purškiamasis dezodorantas INSETTE DELIGHT, 150 ml",1.79,https://cdn.barbora.lt/products/85d785ae-6345-4066-8c81-53e506c94535_s.png
Maxima,"Dantų siūlas COLGATE TOTAL, 50 m.",3.49,https://cdn.barbora.lt/products/1656d791-d840-4f46-95fc-3ca6069a79b5_s.png
Maxima,"Plaukų balzamas GLISS Ultimate Repair, 200 ml",2.39,https://cdn.barbora.lt/products/54c1371c-c8b9-46e0-8214-bdcdab87e108_s.png
Maxima,"Plaukų šampūnas GLISS Ultimate Repair, 400 ml",3.39,https://cdn.barbora.lt/products/2ec71f60-3020-45d0-a394-f0032db8f978_s.png
Maxima,"Giluminio veido valymo drėgnosios servetėlės PURE, 25 vnt.",1.55,https://cdn.barbora.lt/products/90f68a06-9e07-4d6b-83fe-8213c838f0ba_s.png
Maxima,"Dušo želė PALMOLIVE BLACK ORCHID, 500 ml",6.29,https://cdn.barbora.lt/products/d9ef3c74-a595-4664-9a7c-da6fa2979187_s.png
Maxima,"Hermetiškas indelis, UNIWELL 2,5 l, 1 vnt.",2.29,https://cdn.barbora.lt/products/82b82e5b-dc52-4073-bbef-f85ab35361b6_s.png
Maxima,"Vaikiška dušo želė PALMOLIVE, 750 ml",10.99,https://cdn.barbora.lt/products/7f41ef63-4acb-4666-aace-e4d14c00cd7f_s.png
Maxima,"Žaliojo kario prieskonių mišinys SANTA MARIA, 40 g",0.84,https://cdn.barbora.lt/products/72eb32f6-32ec-4092-9a69-09101146097c_s.png
Maxima,"Lūpų balzamas CARMEX CLICK STICK, 4,25 g",5.69,https://cdn.barbora.lt/products/8c11e4f8-74ed-4e70-87e3-d98396bf92c6_s.png
Maxima,"Šokoladinių saldainių rinkinys ROSHEN ASSORTMENT CLASSIC, 154 g",2.39,https://cdn.barbora.lt/products/a8773511-98e1-4bf0-996e-fbd3a42168f2_s.png
Maxima,"Automobilių oro gaiviklis AREON ŽALGIRIS, 1 vnt.",1.49,https://cdn.barbora.lt/products/13dd5ccb-2804-4c33-8561-0580912a7bbd_s.png
Maxima,"Hermetiškas indelis UNIWELL, 750 ml, 1 vnt.",2.99,https://cdn.barbora.lt/products/644d1d5a-501c-4468-ba8f-c5ac95f8076b_s.png
Maxima,"Sausas plaukų šampūnas GOT2B EXTRA FRESH, 200 ml",8.69,https://cdn.barbora.lt/products/a36b0738-497c-4354-87a9-931b0eae5c75_s.png
Maxima,"Intymios higienos prausiklis BELLA SENSITIVE, 300 ml",2.85,https://cdn.barbora.lt/products/199a4fe6-0836-4d20-aa86-71905e5c884c_s.png
Maxima,"Dantų pasta PARODONTAX COMPLETE PROTECTION EXTRA FRESH, 75 ml",7.69,https://cdn.barbora.lt/products/0408b752-6151-4fc7-a4cd-01b672bdd77a_s.png
Maxima,"Plaukų šampūnas GENERA su ramunėlėmis, 500 ml",1.83,https://cdn.barbora.lt/products/76102b19-72fe-4f2d-9e62-c9bfebc542e2_s.png
Maxima,"Dušo želė DERMOMED Mandorla-Almond, 1 l",4.49,https://cdn.barbora.lt/products/9d2b1b6e-2405-42e9-89b3-1e3b66b29d6b_s.png
Maxima,"Pusryčių bandelės SCHAR BON MATIN (be glitimo), 200 g",2.86,https://cdn.barbora.lt/products/8ca2b24c-19e3-4fe7-94db-baf44c88baf2_s.png
Maxima,"Aitriųjų paprikų milteliai SANTA MARIA, 41 g",1.14,https://cdn.barbora.lt/products/9919e887-0a1c-46d7-bab9-a04710a7c82e_s.png
Maxima,MARGARITA Kreminė dušo želė su miško uogų ekstraktais 500ml,4.55,https://cdn.barbora.lt/products/e7b27c6d-ccd4-439d-b3bb-75d230bb9a50_s.png
Maxima,"Aštrus kečupas HELLMANN'S, 470 g",1.79,https://cdn.barbora.lt/products/705d37d6-3603-4144-a868-5bdd83c5c58b_s.png
Maxima,"Daugiafunkcė dantų pasta GREEN FEEL'S, 100 ml",4.99,https://cdn.barbora.lt/products/3e6e821c-a8fc-4e65-b1ab-15efd4b39976_s.png
Maxima,"Skustuvo galvutės VENUS Smooth, 8vnt.",21.99,https://cdn.barbora.lt/products/6fec6c0d-89b3-4429-bd23-8ef4cb09fc54_s.png
Maxima,"Filtravimo kasetė AQUAPHOR MAXFOR B25, 3 vnt.",15.99,https://cdn.barbora.lt/products/fa341195-23b9-487c-bb99-e80c6f1c59c6_s.png
Maxima,"Stiklinės ILAJA JAZZ, 310 ml 6 vnt.",4.99,https://cdn.barbora.lt/products/e779d6fe-cb86-45bd-9cc0-e32f90bc475a_s.png
Maxima,"SUSLAVIČIAUS salotų padažas su česnakais, alyvuogių aliejumi, 320 g",1.26,https://cdn.barbora.lt/products/2b66a11f-7b00-4b63-9ef9-406d210197e7_s.png
Maxima,"Dantų siūlas HUMBLE su aktyvintosiomis anglimis, 50 m.",4.09,https://cdn.barbora.lt/products/c5284d42-3f5c-440d-8a8b-9605260a2a8d_s.png
Maxima,"SUSLAVIČIAUS 4 skonių padažas salotoms RANCH, 300 g",1.35,https://cdn.barbora.lt/products/1aa5a921-3fdd-4e73-997e-39e245318e1c_s.png
Maxima,"Pikantiškos žirnių dešrelės WELL WELL, 200 g",2.29,https://cdn.barbora.lt/products/be11c19a-fced-4ef3-9a49-052d51c7465c_s.png
Maxima,"Malti ekologiški kardamonai SANTA MARIA, 32 g",4.19,https://cdn.barbora.lt/products/ecab3529-d585-4bde-8ac6-15df0ad54385_s.png
Maxima,"Rūkytų šprotų rinkinys DIPLOMATS, 160 g x 3 vnt., 480 g",8.99,https://cdn.barbora.lt/products/dca6a988-4a29-4c32-a608-ce098e2f374a_s.png
Maxima,"Rankų kremas NUNU, 75 ml",3.69,https://cdn.barbora.lt/products/7e78a372-2038-47bd-872a-133360d3e7c7_s.png
Maxima,"Šventinė žalioji arbata ŽIEMOS PAVEIKSLAS, 60 g",2.79,https://cdn.barbora.lt/products/7a045d29-d4ff-445d-8cf5-7d0703dc67bb_s.png
Maxima,"Virtas kiaulių kepenų Provanso paštetas, I rūšis, 400 g",3.49,https://cdn.barbora.lt/products/4260ae91-2629-44c3-a0f0-00ac142ae188_s.png
Maxima,„Minecraft“ mini siurprizų rinkinys kiaušinis,5.39,https://cdn.barbora.lt/products/63c7a402-803f-496e-8f4d-89bd1267bbed_s.png
Maxima,"Peppa Pig spalvotos vonios tabletės vaisų ir uogų aromato, 9 vnt x16 g",5.29,https://cdn.barbora.lt/products/03d96f42-923c-408a-a6b4-72ba6f7debcb_s.png
Maxima,"Vytinta klasikinė KLEBONIŠKA kiaulienos išpjova, A. r., 180 g",3.99,https://cdn.barbora.lt/products/0c3e72a2-3865-4e42-92cb-c6ccc076dce6_s.png
Maxima,"Žuvies kepsnių prieskoniai SANTA MARIA, 30 g",0.49,https://cdn.barbora.lt/products/2dc2499f-0e18-43ca-9b61-86e90ac5775d_s.png
Maxima,"Šunų kramtalai FRISKIES PICNIC su vištiena (5 vnt.), 42 g",0.62,https://cdn.barbora.lt/products/0492dc3d-565b-423c-9d00-e4090cb5bbe0_s.png
Maxima,"Atstatomasis plaukų šampūnas ELFA, 200 ml",2.89,https://cdn.barbora.lt/products/b3bdb993-9aaf-433f-a953-7eb8144c39f3_s.png
Maxima,"Vyriška dušo želė PALMOLIVE MEN REFRESHING, 750 ml",9.39,https://cdn.barbora.lt/products/c5f5cd1b-b4b5-4c07-bfd2-d728209b7054_s.png
Maxima,"Šald.nevirt.didžiosios tigrinės krevetės SUNRISE su kiautu, 800 g",15.99,https://cdn.barbora.lt/products/9d114d94-72ce-48e7-8f02-272ce3fa46f7_s.png
Maxima,"Rankų kremas NEUTROGENA, 75 ml",5.19,https://cdn.barbora.lt/products/967f8aec-c943-4805-be21-f1967d4fee84_s.png
Maxima,"Kalėdų senelis INCO, kakavos skonio, 60 g",0.59,https://cdn.barbora.lt/products/1fb612a5-1a17-4609-b3e5-1286fbc6aa83_s.png
Maxima," Aliuminio folija UNIWELL, 50 m x 29 cm",6.99,https://cdn.barbora.lt/products/ef7485c6-574f-4bb3-90c9-f6a8678e3cae_s.png
Maxima,"Pieštukinis dezodorantas OLD SPICE Original, 50ml",3.15,https://cdn.barbora.lt/products/42428f9e-b5c5-4e9b-bcd6-60f30cf7741b_s.png
Maxima,"NIVEA® RANKŲ KREMAS 3 IN 1 REPAIR su dekspantenoliu, 75 ml",5.89,https://cdn.barbora.lt/products/26e909f7-f436-4e6f-947f-c2563d5e993d_s.png
Maxima,"Moteriškas purškiamasis dezodorantas DOVE PEARL&ALOE, 150 ml",4.59,https://cdn.barbora.lt/products/89a26b6d-5194-4cd2-ae32-b250d92f9c16_s.png
Maxima,"Micelinis vanduo NIDA su gintaro ekstraktu, 150 ml",2.79,https://cdn.barbora.lt/products/64e61df2-ca4e-40a3-8814-d75f7a4d3147_s.png
Maxima,"Higieniniai įklotai ALWAYS Dailies to GO, Fresh Scent, 20 vnt.",2.09,https://cdn.barbora.lt/products/2ab0059f-0570-4b86-af11-b64ce267157f_s.png
Maxima,"Skutimosi gelis GILLETTE FUSION 5 SENSITIVE, 200 ml",6.89,https://cdn.barbora.lt/products/a93c0450-753c-469d-8327-7772b148984f_s.png
Maxima,"Plaukų šampūnas GREEN FEEL'S, 400 ml",4.49,https://cdn.barbora.lt/products/79aae247-56dc-463f-8d5d-1c15307e8339_s.png
Maxima,"Pieštukinis dezodorantas OLD SPICE Captain, 50ml",3.15,https://cdn.barbora.lt/products/3ec7d64b-9dd7-4d42-96bd-1942fc61a18a_s.png
Maxima,"Vaikiškas plaukų šampūnas JOHNSON'S BABY, 200 ml",2.79,https://cdn.barbora.lt/products/ebb9a58a-bdcf-42fd-b8e8-34006b93a5be_s.png
Maxima,"Šaldyti žuvų filė piršteliai NOWACO, 250 g",2.31,https://cdn.barbora.lt/products/b0f3339d-91d1-4b08-9df2-ce82dd43abd9_s.png
Maxima,"Dantų šepetėlis JORDAN GREEN CLEAN SENSITIVE ULTRA SOFT, 1 vnt.",3.29,https://cdn.barbora.lt/products/8044c621-6a44-49ab-9370-220a9826a91f_s.png
Maxima,"SUSLAVIČIAUS pesto salotų padažas, 315 g",1.29,https://cdn.barbora.lt/products/decd2699-82fe-4aa2-a6a6-b6d7382d6401_s.png
Maxima,"Vaikiška dantų pasta JORDAN GREEN CLEAN, 0-5 metų, 50 ml",3.39,https://cdn.barbora.lt/products/31b76063-554c-44fa-9e40-55b5b16f4c2f_s.png
Maxima, Plakimo šluotelė UNIWELL,2.99,https://cdn.barbora.lt/products/06f81fe6-855a-48f9-8359-fc2f1bbbdc76_s.png
Maxima, Konditerinis teptukas UNIWELL,1.99,https://cdn.barbora.lt/products/8525b3d2-c322-4817-9e77-8a2e01fdfa51_s.png
Maxima,Šaldymo maišeliai 12vnt UNIWELL,2.49,https://cdn.barbora.lt/products/935d52f5-4b6d-4dcf-bab4-b9f8032981c2_s.png
Maxima,Dušo želė DIVUS SWEET SUMMER;400ml,1.49,https://cdn.barbora.lt/products/38996ecf-569e-4db6-9416-9deba441e734_s.png
Maxima,Dušo želė DIVUS FRESH INFUSION;400ml,1.49,https://cdn.barbora.lt/products/16d3db56-f1b5-49e2-b9fb-b39601d792b8_s.png
Maxima,"Universalusis prieskonių mišinys SANTA MARIA, 78 g",2.79,https://cdn.barbora.lt/products/27b4d437-a10f-4519-a526-8191006e76fe_s.png
Maxima,"Int.higienos, kūno prausiklis GREEN FEEL'S su alavijų ekstr., 400 ml",3.19,https://cdn.barbora.lt/products/40405f27-c722-4830-abcf-5e710cfc0c3c_s.png
Maxima,"Augaliniai griežinėliai WELL WELL, lašišos skonio, 100 g",1.99,https://cdn.barbora.lt/products/c685d4f2-98d4-42e6-a5b8-d86f14177011_s.png
Maxima,"Dantų pasta JORDAN „Junior“ su dozatoriumi, (6-12m.), 150 ml",9.99,https://cdn.barbora.lt/products/5a2b1db2-e81d-4460-9bce-afa3017c0eb4_s.png
Maxima,"Citrininis keksas SCHAR be glitimo, 250 g",4.19,https://cdn.barbora.lt/products/d12a70da-0962-4c2e-b343-7706a722fc62_s.png
Maxima,"Birių produktų indas UNIWELL CARAWAY2,5 L",4.49,https://cdn.barbora.lt/products/5d137845-9a78-44f8-ac58-3a5de6461687_s.png
Maxima,"Moteriškas purškiamasis dezodorantas DOVE DRAGONFRUIT&COCON, 150 ml",4.59,https://cdn.barbora.lt/products/d73e5950-94bd-47bc-8304-b7423b2e48c3_s.png
Maxima,"Vyr. sisteminis skustuvas GILLETTE SENSOR3+ COMFORT, 8 galv., 1 vnt.",9.29,https://cdn.barbora.lt/products/8d82d597-c1e3-44d0-b51d-487f05c0ada4_s.png
Maxima,"Fructis Keratin Sleek kondicionierius, 200ml",5.19,https://cdn.barbora.lt/products/bef8b833-c84d-4adf-b3c1-d7f590274b7a_s.png
Maxima,"Bulvių traškučiai CHAZZ, miško grybų skonio, 90 g",1.25,https://cdn.barbora.lt/products/fe020f23-dbfd-43fe-82ca-266f12849dfd_s.png
Maxima,"Marinuotos žaliosios alyvuogės be kauliukų WELL DONE, 340 g",1.95,https://cdn.barbora.lt/products/3724fa5c-f28a-462a-990b-4fed625cb695_s.png
Maxima,"Konservuotos didelės žaliosios alyvuogės WELL DONE, be kauliukų, 330 g",1.59,https://cdn.barbora.lt/products/689d8d15-8948-4250-be0b-032ff27ed1e7_s.png
Maxima,"PALMOLIVE dušo želė Skin Radiance Papaya Peach, 500ml",6.49,https://cdn.barbora.lt/products/122d91ca-ff0b-44d6-9fa3-c0c7b4eba8b3_s.png
Maxima,"Alyvuogės su sūrio įdaru WELL DONE PREMIUM, 250 g",3.69,https://cdn.barbora.lt/products/487d6851-3a50-4ec4-bcc9-f9a752ad2d28_s.png
Maxima,"Ypač grynas alyvuogių aliejus WELL DONE PREMIUM su citrinom., 250 ml",4.99,https://cdn.barbora.lt/products/19006e87-b3a8-48a9-8c96-4e86ac49fbdc_s.png
Maxima,"NIVEA FOR MEN Balzamas po skutimosi jautriai odai SENSITIVE, 100 ml",11.99,https://cdn.barbora.lt/products/f57f2f2f-0f8b-4fba-84b2-fdf8b080360c_s.png
Maxima,"Migdolai SEEBERGER, 200 g",4.89,https://cdn.barbora.lt/products/81b20063-124b-4bef-9663-6bc17def3ce6_s.png
Maxima,"Priesk. mišinys SANTA MARIA su aitr. paprikomis malūnėlyje, 70 g",2.24,https://cdn.barbora.lt/products/1bac9cf9-29da-4ab4-8a3d-49ce20488d48_s.png
Maxima,"Prieskonių mišinys žvėrienai gardinti SAUDA, 100 g",0.55,https://cdn.barbora.lt/products/06056c03-2390-462f-a98e-d2c61db3ce9e_s.png
Maxima,"Skutimosi gelis SATIN CARE Avocado Twist, 200ml",6.19,https://cdn.barbora.lt/products/cef2668d-a497-405c-a59f-5ad66ed04242_s.png
Maxima,"Silikoninė kepimo forma JULIETTE, 24 x 13 cm, 1 vnt.",10.99,https://cdn.barbora.lt/products/e8a6d716-5f3d-4265-8941-a9433fb49b4c_s.png
Maxima,"Dubenėlis AURORA WHITE HOME, 14,5 cm, 1 vnt.",2.79,https://cdn.barbora.lt/products/0c8f71ee-e269-4c48-b85d-5e262621b817_s.png
Maxima,"Skustuvo galvutės VENUS Deluxe Extra Smooth, 4vnt.",21.49,https://cdn.barbora.lt/products/1ca24928-b4df-4aa1-a5af-ee7ad129dab3_s.png
Maxima,"Vaikiškas šampūnas ir balzamas BUBCHEN (PRINCESĖ ROZALĖJA), 230 ml",3.99,https://cdn.barbora.lt/products/0b77b76d-521b-4e61-91b3-d319c5870453_s.png
Maxima,"Dantų pasta COLGATE MWO LUMINOUS, 75 ml",6.29,https://cdn.barbora.lt/products/bf44e867-7c81-4b12-a027-8b9357a19499_s.png
Maxima,"Dantų šepetėlis JORDAN ULTIMATE YOU SOFT, 1 vnt.",2.39,https://cdn.barbora.lt/products/d7f2a595-c36b-433f-8eb6-a666ff3a8b04_s.png
Maxima,"Plaukų lakas GOT2B Volumania, 300 ml",9.49,https://cdn.barbora.lt/products/1367cc54-093d-4138-acc0-4d41b54f503b_s.png
Maxima,"Rankų kremas NIDA su gintaro ekstraktu, 150 ml",2.15,https://cdn.barbora.lt/products/cc2962ce-3863-4b88-a08e-fff3602a5272_s.png
Maxima,MARGARITA KAKĖ MAKĖ Apsauginis lūpų pieštukas 4 g,4.15,https://cdn.barbora.lt/products/c7053c8d-f876-4317-bb70-9f8570c22112_s.png
Maxima,"SUSLAVIČIAUS šašlykų pomidorų kečupas, 500 g",1.68,https://cdn.barbora.lt/products/ebafedc0-34ac-4b27-a73c-aed5c60eb6ee_s.png
Maxima,"Karijos SEEBERGER, 60 g",2.95,https://cdn.barbora.lt/products/cfb59287-b6b9-49fd-9d2f-f7bd79fee93e_s.png
Maxima,"Moteriška purškiamasis dezodorantas REXONA ACTIVE PROTECTION, 150 ml",4.29,https://cdn.barbora.lt/products/50b889d9-6358-491d-b600-51fac31fa3a3_s.png
Maxima,ECODENTA balinamoji dantų pasta su bergamotės ir citrinos aliejais 100 ml ,5.75,https://cdn.barbora.lt/products/fcf57e59-563c-4aa5-b67d-4f742165df2f_s.png
Maxima,"Plaukų šampūnas GENERA su arganų aliejumi, 500 ml",1.83,https://cdn.barbora.lt/products/a9bc3199-bfca-42ee-a8b4-84ba003d1afe_s.png
Maxima,"Mėsos prieskoniai SANTA MARIA su česnakais, 230 g",2.64,https://cdn.barbora.lt/products/d4db6a60-ae98-4b5e-8a39-f4fed11d3654_s.png
Maxima,"Pieninio šokolado figūrėlė KINDER su staigmena, 36 g",2.99,https://cdn.barbora.lt/products/79d19e0e-0dc4-4ca4-a605-f6b889e3e29b_s.png
Maxima,"Džiovinti obuolių žiedai SEEBERGER, 80 g",2.79,https://cdn.barbora.lt/products/89df9695-b3fa-4378-831f-71f0ad4d71f4_s.png
Maxima,"Dantų pasta NIDA su pipirmėčių aliejumi, 100 ml",2.89,https://cdn.barbora.lt/products/85c06a34-eb87-4028-87fc-63bb8094b67a_s.png
Maxima,"Sauskelnės PAMPERS Premium Care, Small Pack, 2 dydis, 23 vnt.",4.89,https://cdn.barbora.lt/products/f7c4eb95-3c5c-48d6-a04b-7237fd2c09f0_s.png
Maxima,"Moteriškas dezodorantas LADY SPEED STICK FITNESS GEL, 65 g",8.19,https://cdn.barbora.lt/products/1c74634b-7ed9-4600-83d7-dd82f99211a7_s.png
Maxima,KILIG HYDRATING intensyviai drėkinanti gelinė veido kaukė 3x7 g,3.49,https://cdn.barbora.lt/products/e3b45fd2-3a25-4a37-b93b-4cda1e5e3afe_s.png
Maxima,"Dantų šepetėliai HUMBLE BRUSH, 2 vnt., 2 vnt.",4.99,https://cdn.barbora.lt/products/5c1b144c-354b-43f6-86ab-80a90dd5df4c_s.png
Maxima,"Vienkartiniai puodeliai ILAJA CRAFT, 300ml,10vnt",1.49,https://cdn.barbora.lt/products/9dbb1157-1d40-4826-b83f-116a736c1812_s.png
Maxima,"Kačių skanėstas FELIX PLAY TUBES su žuvimi ir kepenėlėmis, 50 g",1.19,https://cdn.barbora.lt/products/6c8470b5-936c-48e2-9c5b-72f270a01f34_s.png
Maxima,KILIG VITAMIN BOMB plaukus stiprinantis šampūnas su vitaminų kompleksu 400 ml,6.39,https://cdn.barbora.lt/products/8bc832ab-be59-403b-86ad-82541a6b602c_s.png
Maxima,"Dantų šepetėliai JORDAN ULTRALITE MEDIUM, 2 vnt., 2 vnt.",3.79,https://cdn.barbora.lt/products/55ccb286-df9f-4fbb-b2c4-4d2a633fb0a8_s.png
Maxima," Torto kepimo forma UNIWELL, 24 cm",7.99,https://cdn.barbora.lt/products/cbde2c2b-eae0-49af-b757-c55375cd009c_s.png
Maxima,"Veganiškos rūkytos aštrios KABANOS dešrelės, 90 g",1.49,https://cdn.barbora.lt/products/487af89f-c88a-4114-9500-52187f9dde2a_s.png
Maxima,"WC valiklis-gaiviklis BREF BRILLIANT GEL ALPINE LAKE, 126 g",4.49,https://cdn.barbora.lt/products/4e7f0a6d-a4ab-4209-8ed7-8d1e5ed2e5df_s.png
Maxima,"Žuvies skonio sojų varškės užtepėlė, 125 g",1.49,https://cdn.barbora.lt/products/aa8484fc-3395-4838-9294-5bba88b18184_s.png
Maxima,"Magnetinė dėlionė, 1 vnt.",4.79,https://cdn.barbora.lt/products/946533fa-0aa4-444f-9d90-9d8ffc14c76e_s.png
Maxima,"WC valiklis-gaiviklis BREF SPA MOMENTS HARMONY, 150 g",4.49,https://cdn.barbora.lt/products/7ed03806-e953-462f-9a7a-e1814c66c3e7_s.png
Maxima,"Kramtomieji saldainiai SKITTLES WILD BERRY, 95 g",1.13,https://cdn.barbora.lt/products/ba0a0d89-35e5-4f7d-8960-e750036dc906_s.png
Maxima,"Duonos traškučiai BON CHANCE, mėsainių skonio, 120 g",1.19,https://cdn.barbora.lt/products/046768fa-7e08-4f85-b664-8f1dde725483_s.png
Maxima,"Sūriu įdarytos aitriosios paprikos WELL DONE PREMIUM, rapsų aliejuje, 250 g",2.99,https://cdn.barbora.lt/products/8d895c78-f503-4c0b-83d5-c73381fcc4a6_s.png
Maxima,ELSEVE  balzamas 400 ml,4.39,https://cdn.barbora.lt/products/a8a16e40-b5a2-4361-9ee8-a665f01f6d89_s.png
Maxima,"Kiaušininiai makaronai WELL DONE SPATZLE, 500 g",1.39,https://cdn.barbora.lt/products/67388f21-7025-4ed5-b87b-754899d7533a_s.png
Maxima,"Fructis Keratin Sleek plaukų kaukė, 370ml",6.85,https://cdn.barbora.lt/products/9a207f41-8215-4095-9f78-01ae8f2954cd_s.png
Maxima,"Žaislinis papuošalų vėrimo rinkinys, A08416-A",2.39,https://cdn.barbora.lt/products/45a1c920-d034-4b54-9320-59baec9562e6_s.png
Maxima,"Raudonųjų ikrų rinkinys WELL DONE PREMIUM, 100 g",19.99,https://cdn.barbora.lt/products/f40ce72b-ad87-49c0-914b-ed63a04bf9d8_s.png
Maxima,"Salotų prieskoniai su žolelėmis SANTA MARIA, 30 g",0.59,https://cdn.barbora.lt/products/8db013aa-ca53-4a88-aae9-6427f274885f_s.png
Maxima,"Makaronų ir picos prieskonių mišinys SANTA MARIA malūnėlyje, 80 g",2.97,https://cdn.barbora.lt/products/08d2e94f-f685-42c9-9dc5-226a730aa531_s.png
Maxima,"Higieniniai įklotai BELLA LIGHT SENSITIVE, 20 vnt.",0.89,https://cdn.barbora.lt/products/cdfa078a-cbd7-4630-ae65-09278a31d4e7_s.png
Maxima,"Pelėsinis sūris MEMEL BLUE, 50 % rieb. s. m., 1 kg",14.99,https://cdn.barbora.lt/products/ea4d4516-a557-4782-abea-dd7d73c0a17d_s.png
Maxima,"Rankų kremas NEUTROGENA, 75 ml",5.19,https://cdn.barbora.lt/products/b0cd2530-53aa-4087-97ca-1aa3c30bd358_s.png
Maxima,"Pjaustymo lentelė, 16 cm, 1 vnt.",3.99,https://cdn.barbora.lt/products/d3da7eed-0e96-4f46-814a-6fe1f47238c9_s.png
Maxima,Vyriškas purškiamasis dezodorantas REXONA INVISIBLE BLACK&WHITE,4.29,https://cdn.barbora.lt/products/ef786b0a-6a32-4724-80d4-0152fb05e501_s.png
Maxima,"Vytintos dešrelės PRIE ALUČIO, a. r., 170 g",3.35,https://cdn.barbora.lt/products/c5f2e33a-dc4b-4bf3-afc1-60dd9de273b0_s.png
Maxima,"Drėkinamasis veido kremas SEBAMED SENSITIVE SKIN, 50 ml",8.69,https://cdn.barbora.lt/products/b599c22f-2426-46dd-af23-9754d973a655_s.png
Maxima,"MARGARITOS KAKĖS MAKĖS plaukų šampūnas vaikams, 250 ml",2.79,https://cdn.barbora.lt/products/85b9ab6c-6d68-46dd-93e0-7e510c901b2f_s.png
Maxima,"Kramtomieji saldainiai SKITTLES FRUITS, 95 g",1.13,https://cdn.barbora.lt/products/2a62fd86-dfc7-4f91-bec9-3dcfe238acd9_s.png
Maxima,"Plaukų šampūnas GARNIER FRUCTIS, 250 ml",2.91,https://cdn.barbora.lt/products/6ec153cc-1a56-4b7d-a3a0-0b98539cfc0b_s.png
Maxima,"Dantų šepetėlis ECODENTA su itin minkštais šereliais, 1 vnt.",3.69,https://cdn.barbora.lt/products/bd0e506a-ff68-4d11-a9ba-e5fee88dd76b_s.png
Maxima,"Dušo želė FA COCONUT MILK, 400 ml",4.99,https://cdn.barbora.lt/products/67e04033-9638-42cb-a21a-a68af038ade8_s.png
Maxima,"Pjaustytos aitriosios Chalapos paprikos OLD EL PASO, 215 g",1.59,https://cdn.barbora.lt/products/9e82a099-d9a6-482c-8450-e05cbd9167a3_s.png
Maxima,"Kremas WELEDA nuo iššutimų su medetkomis ir cinku, 75 ml",8.39,https://cdn.barbora.lt/products/5e19d740-ffea-4c7f-ac9f-7570f4e83a23_s.png
Maxima,"Grūsti juodieji pipirai SANTA MARIA, 36 g",1.39,https://cdn.barbora.lt/products/f6f831c3-ee0a-48b5-abe3-38a060f23d3c_s.png
Maxima,"Prieskonių mišinys JAPANESE WASABI & SESAME SANTA MARIA, 44 g",1.84,https://cdn.barbora.lt/products/bd99f1b4-db12-4b74-ae20-171a2eb74f84_s.png
Maxima,MARGARITA Dušo želė su šaltalankių aliejumi 500ml,4.55,https://cdn.barbora.lt/products/7330d692-95fb-493a-8970-b4c115b9f678_s.png
Maxima,"Jautrios odos drėgnosios servetėlės PURE SENSITIVE, 1 vnt.",1.55,https://cdn.barbora.lt/products/7560419e-3df1-46be-be90-00c3ef3be9e2_s.png
Maxima,"Palmių vaško žvakė CANDLE FAMILY, 10 cm, 1 vnt.",2.99,https://cdn.barbora.lt/products/6cdc3682-ebde-4501-8d2a-4abbd1d15c98_s.png
Maxima,"Rutulinis dezodorantas FA PINK, 50 ml",4.49,https://cdn.barbora.lt/products/b4a236ed-5993-4532-b858-365b6fce71c8_s.png
Maxima,"Drėgnosios veido valymo servetėlės NEUTROGENA HYDRO BOOST, 25 vnt.",5.99,https://cdn.barbora.lt/products/83cd95d7-6745-456d-b908-6618485568be_s.png
Maxima,"Dantų šepetėliai COLGATE HIGH DENSITY, 2 vnt., 2 vnt.",4.79,https://cdn.barbora.lt/products/30ccc81c-91ba-4f6f-b68d-d83ae1b38f55_s.png
Maxima,"Pieninio ir juodojo šokolado triufelių rinkinys PURE WINTER, 136 g	",5.49,https://cdn.barbora.lt/products/bf067c14-a931-406e-9583-9f5cefe6a23d_s.png
Maxima,"Skystasis muilas-putos SHIK DELLUXE IRIS, 500 g",3.29,https://cdn.barbora.lt/products/22fbb3df-5e72-4d09-990c-c57c7e1238e3_s.png
Maxima,"Penkių pipirų mišinys SAUDA, smulkintas, 30 g",0.83,https://cdn.barbora.lt/products/c063ee7f-873e-42f1-b6ce-320da9375264_s.png
Maxima,"NIVEA COCOA BUTTER kūno kremas sausai odai su kakavos sviestu ir vitaminu E, 250 ml",8.19,https://cdn.barbora.lt/products/80e07a1c-1bd0-48ad-a943-fc2a7d542129_s.png
Maxima, Skustukas UNIWELL,1.99,https://cdn.barbora.lt/products/846d5dda-e9b6-4027-8a33-cb649c1ba1c1_s.png
Maxima,"Dušo gelis OLD SPICE Oasis, 400ml",3.45,https://cdn.barbora.lt/products/edc7ac48-302d-4f9e-b2ad-22602fcbd330_s.png
Maxima,"Peilis TRAMONTINA Polywood, 1 vnt.",1.99,https://cdn.barbora.lt/products/e944df40-b843-42ad-9e89-05c7156dfb71_s.png
Maxima,"Vienkartiniai skustuvai GILLETTE BLUE 3 Comfort, 12 vnt",13.39,https://cdn.barbora.lt/products/5cf0ff4c-78ec-445e-a076-bd67117fb900_s.png
Maxima,"Mot. pieštukinis antiperspirantas LADY SPEED STICK LILAC, 40 g",4.29,https://cdn.barbora.lt/products/0de6c919-80c0-4ed4-a5c8-5cc065cc194c_s.png
Maxima,"Džiovintos dumplūnės ARIMEX, 100 g",2.09,https://cdn.barbora.lt/products/30f67e81-7972-4520-b9cc-a3ef230fbd13_s.png
Maxima,"Šokoladiniai sausainiai SCHAR, su vanilės kremu, be glitimo, 165 g",3.14,https://cdn.barbora.lt/products/c5825037-a456-464a-bb9e-fc603e7b6b77_s.png
Maxima,"Saldumynų rinkinys AHA CRAZY ANIMAL su raktų pakabuku, 350 g	",4.99,https://cdn.barbora.lt/products/8793f36a-b288-4cbe-9290-cd89697b424b_s.png
Maxima,"Vafliniai saldainiai PERGALE PAW PATROL su žaislu, 300 g	",4.89,https://cdn.barbora.lt/products/c310abbf-3ba0-4c25-a6d2-54c602f25c0b_s.png
Maxima,"SENSODYNE PRONAMEL KIDS vaik.dantų pasta 2-6m, 50 ml",4.29,https://cdn.barbora.lt/products/16844de7-7936-4834-aed0-7d2c6e3156cd_s.png
Maxima,"Duonos traškučiai CHAZZ, čederio skonio, 100 g",1.19,https://cdn.barbora.lt/products/dff5b1f8-4e83-4e3d-8688-e9af7d487328_s.png
Maxima,MARGARITA COSMOS ORGANIC rankų muilas ūdo medienos aromato 300 ml,5.49,https://cdn.barbora.lt/products/056b08a4-51ee-434e-8477-3581f28e363f_s.png
Maxima,"Karštai rūkytos vištienos sardelės, aukščiausia rūšis, 400 g",2.79,https://cdn.barbora.lt/products/c4c3ed13-9979-4ded-bafc-edc784baad21_s.png
Maxima,"VASELINE lūpų balzamas Original, 7 g",3.99,https://cdn.barbora.lt/products/678fa03c-cca1-4c4d-8de6-2bf57db84656_s.png
Maxima,Šampūnas ir dušo želė vaikams Bubchen Pikachu 230 ml,4.49,https://cdn.barbora.lt/products/ccbe3014-057c-4eb1-8ca5-b48baeb5b0ba_s.png
Maxima,"Prieskonių mišinys SANTA MARIA su česnakais ir imbieru, 47 g",0.84,https://cdn.barbora.lt/products/77e3370e-6843-46a9-a2ad-e53c829f54e0_s.png
Maxima,"Karamelizuotų ir prieskoniais pagardintų riešutų mišinys WELL DONE PREMIUM, 210 g",4.99,https://cdn.barbora.lt/products/8d37350e-2ec3-4f54-8231-1047bea0eecf_s.png
Maxima,"Arbatų ir saldėsių rinkinys ŠILTI APKABINIMAI, 390 g",14.99,https://cdn.barbora.lt/products/8f45c03e-cd2a-401d-af25-84acb658ac6c_s.png
Maxima,"Jautrios odos skutimosi gelis GILLETTE SERIES SENSITIVE, 200 ml",5.99,https://cdn.barbora.lt/products/91b380f9-e097-4f20-a3e3-ad19c543cd11_s.png
Maxima,"Atvirukas su voku, 1 vnt.",1.01,https://cdn.barbora.lt/products/4c4e9af9-140a-465c-871f-65b052da1037_s.png
Maxima,MARGARITA Maitinamasis rankų kremas su pienu ir medumi 75ml,2.85,https://cdn.barbora.lt/products/d55605ef-c0c1-4978-b010-1ba83d288f49_s.png
Maxima,"Nagų lako valiklis be acetono BŪK, 80ml",1.65,https://cdn.barbora.lt/products/3b06e660-1b17-4490-8959-fc2946a067f7_s.png
Maxima,"Plaukų šampūnas HEAD&SHOULDERS Sensitive, 400 ml",8.49,https://cdn.barbora.lt/products/7c6c7a69-8bb5-4a98-84e0-7b232312e4de_s.png
Maxima,"Moteriškas skustuvas GILLETTE VENUS BREEZE, 1 vnt.",10.79,https://cdn.barbora.lt/products/e6cb4464-f613-4eb3-ad99-86ee0293b91b_s.png
Maxima,"Higieniniai įklotai BELLA, 20 vnt.",0.79,https://cdn.barbora.lt/products/69223cb7-9803-4bf6-a05b-98029cd76064_s.png
Maxima,"Plaukų šampūnas PANTENE Aqua Light Active Nutri-Plex, 400 ml",6.99,https://cdn.barbora.lt/products/db3164b8-eac8-4d5c-9cd0-27d1f5bfb28e_s.png
Maxima,"Silpnai sūdyta ESTIŠKA silkių filė aliejuje NORVELITA, 210 g",1.39,https://cdn.barbora.lt/products/0c47aa37-9b55-4fcd-a42b-ba61c023666b_s.png
Maxima,"Higieniniai paketai ""Bella for teens""10 vnt., 10 vnt.",0.99,https://cdn.barbora.lt/products/2e792548-a4a2-42bd-a004-94e0c2e6b048_s.png
Maxima,"Higieniniai įklotai BELLA FOR TEENS SENSITIVE, 20 vnt.",0.65,https://cdn.barbora.lt/products/ab376ab0-734c-4c2c-9719-3a4f96bee5ec_s.png
Maxima,"Veido depiliavimo juostelės BYLY DEPIL MINT & GREEN TEA, 20 vnt",3.99,https://cdn.barbora.lt/products/15bf9755-a80a-4153-8edf-05576e4159a0_s.png
Maxima,MARGARITA maitinamasis veido kremas su bičių vašku ir augaliniu aliejumi 50 ml,4.79,https://cdn.barbora.lt/products/22b8e7b7-ff63-4604-8b2d-3631d3000163_s.png
Maxima,"Burnos skalavimo skystis LISTERINE ADVANCED WHITE, 500 ml",8.49,https://cdn.barbora.lt/products/9b89681f-e722-43b7-8912-75952fcf978b_s.png
Maxima,"Moteriško skustuvo galvutės GILLETTE VENUS SWIRL, 4 vnt.",23.99,https://cdn.barbora.lt/products/c7d1080e-b1d7-465b-a790-4173a570a0ba_s.png
Maxima,"Plaukų lakas INTESA ECOFIX, 400 ml",3.25,https://cdn.barbora.lt/products/f8e026f3-296d-41cf-8757-9d936ad34ed2_s.png
Maxima,"Akių makiažo valiklis GREEN FEEL'S, 150 ml",3.95,https://cdn.barbora.lt/products/0241ee93-cae1-4a98-aa02-5f0fe030d35e_s.png
Maxima,"Plaukų kondicionierius NIDA su dilgėlių ekstraktu, 150 ml",2.19,https://cdn.barbora.lt/products/097317dd-e162-468a-ae75-82cf5349f4a1_s.png
Maxima,"NIVEA rankų kremas su tikrųjų alavijų ekstraktu, 75 ml",3.69,https://cdn.barbora.lt/products/dc5d7cb5-f410-4dcc-99d2-a02df336d0e2_s.png
Maxima,"Moteriškas rutulinis dezodorantas GENERA DELICACY, 50 ml",1.38,https://cdn.barbora.lt/products/dba3bf4b-eef7-46d4-8939-6bb82f0cc939_s.png
Maxima,"Juodieji pipirai SANTA MARIA, 210 g",4.64,https://cdn.barbora.lt/products/5edc0ca3-fc58-4c86-aa70-27326442235d_s.png
Maxima,"Sicilijos pistacijų valgomieji ledai DIONE, 376 g",4.99,https://cdn.barbora.lt/products/afd488ab-0aa2-4c6d-b96f-ce4bd9ca0588_s.png
Maxima,"Rinkinys GURMAN'S (juodoji arbata ir vanilės skonio kava), 205 g",5.69,https://cdn.barbora.lt/products/c451c78f-81ad-4b8a-afed-80d3c9da5003_s.png
Maxima,"Vienkartinės lėkštės ILAJA, 23cm 10vnt. žalios",1.49,https://cdn.barbora.lt/products/8882c524-f2e5-4fb0-bf0f-afd910c2bba6_s.png
Maxima,"Bulvių traškučiai CHAZZ, svogūnų ir grietinės skonio, 90 g",1.25,https://cdn.barbora.lt/products/9f56a628-99ed-4410-b8f6-f8ec33ad95d3_s.png
Maxima,MARGARITA 2in1 Dezodorantas-antiperspirantas su šalavijų ekstraktu 50ml,3.69,https://cdn.barbora.lt/products/1ca83a7a-c2de-4609-90c2-d3b597a03319_s.png
Maxima,MARGARITA SENSITIVE SKIN Dezodorantas nuo blogo kvapo su ramunėlių ekstraktu 50ml,3.39,https://cdn.barbora.lt/products/d11e27c8-ce38-4e01-8bb7-4aa7599fce66_s.png
Maxima,MARGARITA Šampūnas su ajerų ekstraktu nuo plaukų slinkimo 400ml,4.25,https://cdn.barbora.lt/products/42028202-8861-41b6-a260-3ab4ff25c529_s.png
Maxima,MARGARITA Šampūnas su šalavijų ekstraktu nuo pleiskanų 400ml,3.99,https://cdn.barbora.lt/products/30d254a7-a42a-4bd7-846b-3d8958205c2b_s.png
Maxima,"Vonios druska BEAUTY JAR SUMMER DAYS, 600 g",2.69,https://cdn.barbora.lt/products/718a24a0-1222-4d73-88d6-6314d09cabbe_s.png
Maxima,"Vaikiška dantų pasta COLGATE TOTAL JUNIOR, 7-12 metų, 50 ml",3.79,https://cdn.barbora.lt/products/be676768-8645-4a62-adaa-523fd472de5b_s.png
Maxima,"Kūdikių dantų šepetėlis JORDAN (0-2 m.), ypač minkštas, 1 vnt.",3.39,https://cdn.barbora.lt/products/b784dc43-587c-4da4-806b-26d41f429f78_s.png
Maxima,Gabalinis tualetinis muilas DUDU-OSUN 150 g,1.89,https://cdn.barbora.lt/products/741a0018-3295-44b1-ad96-1a8a1e551575_s.png
Maxima,"Vonios burbulas BUBBLES SLEEPY LEVANDER, 115 g",2.39,https://cdn.barbora.lt/products/62d71897-3491-4563-928b-23b886568270_s.png
Maxima,"Citrinpipiriai SANTA MARIA be pridėtinės druskos, 42 g",1.14,https://cdn.barbora.lt/products/2326beee-e819-4360-bf41-81b3927500a1_s.png
Maxima,"Žaliosios alyvuogės WELL DONE,įdarytos vyšninėmis paprikomis, 235 g",1.25,https://cdn.barbora.lt/products/5c55c493-df1a-4be3-9920-7a8d7730602d_s.png
Maxima,"Dušo želė FA BLUEBERRY YOGHURT, 400 ml",4.99,https://cdn.barbora.lt/products/79b6ff09-f63c-4d80-b9e3-a00cbe46dfd4_s.png
Maxima,"Odontologinių plokštelių šepetėlis JORDAN CLINIC INTERBRUSH, 1 vnt.",4.49,https://cdn.barbora.lt/products/aa0668d1-640c-4598-a983-96e6a24308f5_s.png
Maxima,"Skutimosi gelis SATIN CARE Sensitive, 75ml   ",3.49,https://cdn.barbora.lt/products/83f2f5c7-3aa9-4d8a-aef0-107f99f1493d_s.png
Maxima,"Bulvių traškučiai CHAZZ, karamelizuotų svogūnų skonio, 130 g",1.39,https://cdn.barbora.lt/products/f4abf6b3-3a56-4a58-b22f-75e4ddfb2d89_s.png
Maxima,"Indų ploviklis BALANCE su rugiagėlių ekstraktu, 450 ml",1.39,https://cdn.barbora.lt/products/3086309b-a531-41e8-908c-0c4ee39f67a5_s.png
Maxima,"BARWA NATURAL PLANT DANDELION EXTRACT kūno muilas, 90 g ",1.49,https://cdn.barbora.lt/products/2ac5aab2-8e84-478e-8c20-947670b827d0_s.png
Maxima,"Plaukų kaukė GARNIER FRUCTIS CURLS METHOD, 370 ml",6.49,https://cdn.barbora.lt/products/b0c2e73f-731f-49cf-b579-c561e45f075f_s.png
Maxima,"Higieniniai įklotai ALWAYS Normal, 0% Perfume, 80 vnt.",4.99,https://cdn.barbora.lt/products/f11b2724-14be-4602-9588-6ce7d82d4f65_s.png
Maxima,"Vytintos kiaulienos lazdelės DILL&ONION, a. r., 70 g",2.45,https://cdn.barbora.lt/products/c6798997-7714-45d1-9d1b-360ddf3e002e_s.png
Maxima,"Vytintos kiaulienos lazdelės PIRI-PIRI, aštrios, a. r., 70 g",2.45,https://cdn.barbora.lt/products/410458bc-82fc-4b58-96ba-8d7d877d6f49_s.png
Maxima,"HISKIN Crazy Hair Giliai valantis šampūnas su aviečiių ir mėlyniių aromatu, 300 ml",6.99,https://cdn.barbora.lt/products/666e4598-00a5-4c08-9f80-b16d272f3941_s.png
Maxima,GREEN FEEL'S Skystasis rankų muilas su šilko ekstraktu 400ml,2.79,https://cdn.barbora.lt/products/0a7070bd-2028-46dc-be41-d06a6894dcb1_s.png
Maxima,"Modelinas HEY CLAY, 6 vnt.",4.19,https://cdn.barbora.lt/products/4f777186-bd76-4489-aaed-0e497138c4a7_s.png
Maxima,"Popieriniai įdėklai gruzdintuvėms, BEATOS VIRTUVĖ, 16 x 4,5 cm.",4.49,https://cdn.barbora.lt/products/9ac655be-87b8-4e35-814e-bda1209353fa_s.png
Maxima,"Dušo gelis ""FA CALMING Glowing Gardenia"", 400ml",4.99,https://cdn.barbora.lt/products/a5f9dcb4-761c-4bd7-ac89-6d830c8fdfce_s.png
Maxima,"Intensyvus plaukų kondicionierius AUSSIE Deep Hydration, 250 ml",9.89,https://cdn.barbora.lt/products/11d81b0c-21a2-4b98-a5b1-90e6e8e08e92_s.png
Maxima,"Dantų pasta PARODONTAX FLUORID, 75 ml",6.19,https://cdn.barbora.lt/products/e6244446-2da9-4503-be2c-5a9c497c8ede_s.png
Maxima,"Moteriškas purškiamasis dezodorantas REXONA INVISIBLE PURE, 150 ml",4.29,https://cdn.barbora.lt/products/bf928b19-e5e2-4407-8c4d-b3e9db4b528e_s.png
Maxima,"Žuvų prieskoniai SAUDA, be druskos, 50 g",0.59,https://cdn.barbora.lt/products/7651dee7-6429-4d3d-b833-2f2233927df9_s.png
Maxima,"Vyriška dušo želė FA ENERGIZING SPORT, 400 ml",4.99,https://cdn.barbora.lt/products/06aaf89b-8121-4fc9-af21-d30889cfbcd7_s.png
Maxima,"Dantų pasta BIOREPAIR TOTAL PROTECTIVE REPAIR, 75 ml",7.29,https://cdn.barbora.lt/products/ee23bc7a-a9cf-4eea-b089-19328b73fe0c_s.png
Maxima,"Vonios druska AQUA AMBER su eukaliptais, 500 g",1.59,https://cdn.barbora.lt/products/6d462f7e-97ea-4193-b4ca-a86f9a50b275_s.png
Maxima,MARGARITA švelnus veido šveitiklis su agurkų ekstraktu 75 ml,4.35,https://cdn.barbora.lt/products/2351269c-fb06-445c-9531-69b171af0430_s.png
Maxima,"Maltos mėsos prieskonių mišinys SAUDA, 80 g",0.76,https://cdn.barbora.lt/products/dd7af001-471b-4324-93e7-89a33d71b646_s.png
Maxima,"Medinis tešlos volelis, 1 vnt.",3.99,https://cdn.barbora.lt/products/edd60a3b-2f40-4db7-b643-443fad3bdf40_s.png
Maxima,"Dubenėlis AURORA WHITE HOME, 20 cm, 1 vnt.",3.99,https://cdn.barbora.lt/products/b8d960b9-2cc3-4872-9a9c-60ff73f9af01_s.png
Maxima,"Virtas naminis ROKIŠKIO MĖSINĖS vyniotinis, 1 kg",8.49,https://cdn.barbora.lt/products/8254f893-1048-4e63-bada-d7701407d7de_s.png
Maxima,"Pjaustymo lentelė, 21 x 33 cm, 1 vnt.",5.99,https://cdn.barbora.lt/products/3cae8e6d-0960-4d9c-bf2e-be101e94be09_s.png
Maxima,"NIVEA Purškiamasis dezodorantas BLACK&WHITE POWER vyrams, 250 ml",6.39,https://cdn.barbora.lt/products/982d2be9-7b62-4fe2-8f1a-eebe9a65d0fa_s.png
Maxima,MARGARITA stangrinamasis veido kremas su kolagenu ir augaliniu aliejumi 50 ml,4.99,https://cdn.barbora.lt/products/967cf626-7267-4e7c-b4fc-02a7fed5f223_s.png
Maxima,"Juoduoju šokoladu aplieti LAIMA zefyrai MAIGUMS, vanilės skonio, 185 g",3.49,https://cdn.barbora.lt/products/10bf4595-77dd-4b4d-acad-7c4baa77b4b8_s.png
Maxima,"Vyr.rutulinis dezodorantas L'OREAL MEN EXPERT CARBOM, 50 ml",5.49,https://cdn.barbora.lt/products/a665c17e-abf0-438c-ab15-fed50c38da76_s.png
Maxima,"Šokoladinis Kalėdų Senelis KINDER su staigmena, 75 g",4.59,https://cdn.barbora.lt/products/32023ee4-cc45-46dc-bac9-c67ad3f69327_s.png
Maxima,"Pikantiškas SUSLAVIČIAUS pomidorų kečupas, 500 g",1.68,https://cdn.barbora.lt/products/1e0a0119-293a-455a-b24e-671985694f1e_s.png
Maxima,"Žemės riešutai traškioje luobelėje JĖGA, aštraus padažo sk., 200 g",1.19,https://cdn.barbora.lt/products/b75c0275-bb80-4c26-91ba-96480d82d2a6_s.png
Maxima,MARGARITA kosmetinis pienelis su kviečių gemalų aliejumi 200 ml,4.79,https://cdn.barbora.lt/products/01925157-f139-417e-b989-0b2e9cff1ee9_s.png
Maxima,"Dantų šepetėliai COLGATE SLIM SOFT BLACK, 3 vnt., 3 vnt.",8.59,https://cdn.barbora.lt/products/6278551a-0705-4234-a5cd-296e87326790_s.png
Maxima,Dantų pasta LACALUT FLORA,5.19,https://cdn.barbora.lt/products/e0e796ce-52cb-44c3-94e5-6bee185e02d8_s.png
Maxima,"Plaukų kondicionierius-kaukė GREEN FEEL'S, 200 ml",4.49,https://cdn.barbora.lt/products/7ea715dc-0c8f-4e74-86d2-e3e9355ef72c_s.png
Maxima,"Pieninis šokoladas LACMI su žemės riešutais ir karamele, 295 g",3.17,https://cdn.barbora.lt/products/e727df73-d88c-41b2-ac81-1e2830430f63_s.png
Maxima,"Vaikiškas šampūnas-prausiklis TINDI, 475 ml",3.79,https://cdn.barbora.lt/products/4fcc6bb2-094b-4416-82a8-b5b50339d64d_s.png
Maxima,"Žolelių arbata ŽOLYNĖLIS su kanapių lapais, 50 g",1.49,https://cdn.barbora.lt/products/c085a67e-9518-4cf8-9af8-c385ba70f7ea_s.png
Maxima,"Birių produktų indas UNIWELL FAGO, 650ml",4.99,https://cdn.barbora.lt/products/c80e5931-6d0b-487d-9555-1c7af6191080_s.png
Maxima,MARGARITA Šampūnas su alaus mielėmis ploniems plaukams 400ml,4.25,https://cdn.barbora.lt/products/654e2a69-1534-4a11-a667-b08536d6dde1_s.png
Maxima,"Prieskonių mišinys VEGETA NATUR GRILLED VEGETABLES, 20 g",0.48,https://cdn.barbora.lt/products/6015ec90-0919-4089-8e0e-2073faf27b20_s.png
Maxima,"Dušo gelis OLD SPICE Wolfthorn, 675ml",4.99,https://cdn.barbora.lt/products/93700528-074d-4707-bd8f-e2ed8bf20375_s.png
Maxima,"Pėdų kremas SENI CARE su šlapalu 7 %, 100 ml",3.79,https://cdn.barbora.lt/products/b74de821-5e81-4e4e-ab33-61aa653d4820_s.png
Maxima,"Prieskonių mišinys SANTA MARIA su pomidorais ir žolelėmis, 69 g",2.79,https://cdn.barbora.lt/products/659c154a-ead1-444a-b108-c4c8cf978786_s.png
Maxima,"Kokosų traškučiai SEEBERGER, 110 g",3.09,https://cdn.barbora.lt/products/ac45f0b8-bb8a-4163-9670-8224138035d5_s.png
Maxima,"Viduržemio jūros priesk. mišin. SANTA MARIA be prid. druskos, 24 g",1.14,https://cdn.barbora.lt/products/dbda2d13-13bc-4ce4-a8f8-ab0adc161448_s.png
Maxima,"Makaronai (kaspinėliai) WELL DONE, 500 g",0.89,https://cdn.barbora.lt/products/2dc59c75-a022-44d1-b814-99a630d92861_s.png
Maxima,"Saldainių rinkinys FERRERO COLLECTION, 129 g",8.79,https://cdn.barbora.lt/products/1b7a8ab5-17d0-43b9-9a41-ac2e758649c9_s.png
Maxima,"Indų ploviklis BALANCE su kaštonų ekstraktu, 450 ml",1.39,https://cdn.barbora.lt/products/3e023190-a0ec-4178-b61d-938dcf9e3aa7_s.png
Maxima,"Veido prausiklis GREEN FEEL'S, 150 ml",3.99,https://cdn.barbora.lt/products/182b49c5-fcd9-4723-9b30-d75d0fbee210_s.png
Maxima,"Plaukų šampūnas HEAD&SHOULDERS Classic Clean 2in1, 330 ml",8.49,https://cdn.barbora.lt/products/90ce918e-3db8-4986-87a3-1fb143dcd4c3_s.png
Maxima,"Plaukų šampūnas GARNIER FRUCTIS CURLS METHOD, 200 ml",4.54,https://cdn.barbora.lt/products/2c264c58-ddea-4edb-abfc-93ccfb20ca1e_s.png
Maxima,"Dantų pasta COLGATE ADVANCED WHITE, 125 ml",4.99,https://cdn.barbora.lt/products/c5c96b1b-5149-4f05-8b91-d58fbbed7bd2_s.png
Maxima,"Intymios higienos prausiklis BELLA CONTROL, 300 ml",2.25,https://cdn.barbora.lt/products/f1508b66-f44f-49c9-a652-061ae85e493f_s.png
Maxima,"Tarpdančių siūlas JORDAN EASY SLIDE FRESH, 25 m, 1 vnt.",3.79,https://cdn.barbora.lt/products/5f94e0ab-f9c5-40cf-8774-35ce0576b01e_s.png
Maxima,"Miltų mišinys KAKĖ MAKĖ šokoladiniams blynams, 400 g",1.19,https://cdn.barbora.lt/products/a34a3699-0958-4de6-94b4-c824a7570034_s.png
Maxima,"Moteriškas pieštukinis dezodorantas REXONA INVISIBLE PURE, 50 ml",4.29,https://cdn.barbora.lt/products/fbbef058-2bbe-4d6f-bc01-ed9d826777e7_s.png
Maxima,ELSEVE šampūnas 250ml,3.19,https://cdn.barbora.lt/products/1f8e0629-da2d-43f0-9c27-1a03dd5d86f0_s.png
Maxima,"SLIMY G.O.A.T. gleivės, 100 g",3.23,https://cdn.barbora.lt/products/5c87314e-cfd8-455b-ae26-702d77d69415_s.png
Maxima,"Vyriškas purškiamasis dezodorantas DOVE SANDALWOOD & VANILLA, 150 ml",4.59,https://cdn.barbora.lt/products/acf09881-15dd-4e98-8b64-9c60843eb155_s.png
Maxima,BARBIE Lipdukų veiklos rinkinys,4.19,https://cdn.barbora.lt/products/8fdc7045-e2fe-42e8-8729-1afe85d0b6fa_s.png
Maxima,NIVEA Derma Control Defend rutulinis dezodorantas moterims 50 ml,4.79,https://cdn.barbora.lt/products/ace051bc-11c2-4891-8b4e-8fbdfc210004_s.png
Maxima,"Skystas muilas DIVUS Aloe vera, 500 ml",1.99,https://cdn.barbora.lt/products/0f202eb1-e549-439c-ab24-ef81b763245d_s.png
Maxima,"Burgundiškos sraigės su grybais WELL DONE PREMIUM, 100 g",4.49,https://cdn.barbora.lt/products/b12d10c9-dffc-4337-9c2d-61ea2cb4a5ea_s.png
Maxima,"Virtuvinių rankšluosčių komplektas, 2 x 40 x 70 cm, 2 vnt.",4.99,https://cdn.barbora.lt/products/c7eef1a1-ae5a-42eb-9c55-df1af3c9869a_s.png
Maxima,"Saul. džiov. pomidorai su moliūgų sėklomis WELL DONE PREMIUM, 530 g",3.49,https://cdn.barbora.lt/products/6d46a9ab-de2a-47f5-8983-6638cc125382_s.png
Maxima,"Dražė rinkinys M&M'S, 137 g	",4.99,https://cdn.barbora.lt/products/badbe55f-c8f0-4efa-80f3-74d0b76c7a58_s.png
Maxima,Lūpų balzamas  AQUA AMBER,0.65,https://cdn.barbora.lt/products/979009fa-c7ec-49f8-adee-60945984457d_s.png
Maxima,"NIVEA Klasikinis kremas visai šeimai, 75 ml",3.79,https://cdn.barbora.lt/products/3d1e8b80-2ed6-48f9-9d19-4519312627cd_s.png
Maxima,"Skutimosi peiliukai BIC CHROME PLATINUM, 5 vnt.",0.99,https://cdn.barbora.lt/products/cbea6139-6533-4871-ab93-53b0334e819b_s.png
Maxima,MARGARITA Drėkinamasis rankų kremas su šaltalankių aliejumi 75ml,2.85,https://cdn.barbora.lt/products/08cbeca3-41e3-4cd1-be9c-138a3f3cf1bc_s.png
Maxima,"Paukštienos prieskonių mišinys SAUDA, 80 g",0.76,https://cdn.barbora.lt/products/c98f1b7a-bbfa-4310-97fa-6e5dae41c6a5_s.png
Maxima,"Vyriški vienkartiniai skustuvai LASER II, 6 vnt.",0.59,https://cdn.barbora.lt/products/8329b9c4-8315-4175-bdd0-c3fadc0a5c41_s.png
Maxima,"Plaukų kondicionierius GLISS Ultimate repair, 200 ml",3.64,https://cdn.barbora.lt/products/f70a4112-d1d4-4282-b306-12fcfd7e1891_s.png
Maxima,"Vyriškas pieštukinis dezodorantas DOVE CLEAN COMFORT, 50 ml",4.59,https://cdn.barbora.lt/products/7676f91b-7cec-41bc-914c-49fbde72199c_s.png
Maxima,"Vyriškas purškiamasis dezodorantas DOVE CLEAN COMFORT, 150 ml",4.59,https://cdn.barbora.lt/products/91f59d6d-276c-4814-b87c-ca2c63f28685_s.png
Maxima,"Dubenėlis AURORA WHITE HOME, 12 cm, 1 vnt.",2.49,https://cdn.barbora.lt/products/61cf905f-e81e-4b17-b969-51cf43b194ff_s.png
Maxima,"Dušo želė FA MAGIC OIL PINK JASMINE, 400 ml",4.99,https://cdn.barbora.lt/products/7592415c-06e4-43cf-ae2c-a77060dbc0fb_s.png
Maxima,"Skustukas FISKARS, 1 vnt.",10.99,https://cdn.barbora.lt/products/9918fbb4-9d24-4aa8-b6ad-5e2288082610_s.png
Maxima,"Vyriškas vienkartinis skustuvas BIC FLEX4, 3 vnt., 3 vnt.",4.99,https://cdn.barbora.lt/products/ff3c9fe8-9b13-4122-b6a5-06b3ce176ee2_s.png
Maxima," Hermetiškas indelis UNIWELL Eday,2500 ml",5.49,https://cdn.barbora.lt/products/1132811d-d15a-4f15-8222-18cebe184681_s.png
Maxima,"Plaukų šampūnas GARNIER FRUCTIS, 250 ml",2.91,https://cdn.barbora.lt/products/e8f176a8-0b8b-4cfe-8804-fd95ad02f00b_s.png
Maxima,"Sausų plaukų kondicionierius NIDA su kviečių baltymais, 150 ml",2.19,https://cdn.barbora.lt/products/8210c718-54c8-45e4-8308-23ee017adb74_s.png
Maxima,"Figūrėlės INCO, kakavos skonio, 105 g",1.39,https://cdn.barbora.lt/products/f53bff06-87f8-4156-854c-8a5b49eafe42_s.png
Maxima,"Burnos skalavimo skystis ORAL-B Pro-Expert Deep Clean, 500 ml",4.75,https://cdn.barbora.lt/products/f45118d8-f6bc-439f-bcb8-c190aefe5534_s.png
Maxima,"Burnos skalavimo skystis GENERA SWEET MINT, 500 ml",1.73,https://cdn.barbora.lt/products/393b8950-7b75-4c81-869d-41dbf9267fec_s.png
Maxima,"Vaikų šampūnas ir dušo želė BUBCHEN, 400 ml",8.09,https://cdn.barbora.lt/products/86cb5208-414c-41c5-b475-f313754f3141_s.png
Maxima,"Moteriškos kojinės SKINIJA, 37-40 dydis, 1 vnt.",1.55,https://cdn.barbora.lt/products/e96e5df8-ab9d-49fe-8bee-a4e6666d2979_s.png
Maxima,"Drėk.micelinis vanduo GREEN FEEL'S , 400 ml",6.49,https://cdn.barbora.lt/products/2757ff37-4904-4c10-b9b0-0933816c2925_s.png
Maxima,"Elektrinio dantų šepetėlio galvutės ORAL-B Sensitive Clean Pro, 4 vnt.",18.19,https://cdn.barbora.lt/products/76b0e044-bbd0-4713-88cd-5499b447cd8c_s.png
Maxima,"Biri juodoji arbata KALĖDINIS ŽAISLIUKAS, 60 g",3.99,https://cdn.barbora.lt/products/4b1f83c7-15fb-4d8d-89cb-3e87769bc779_s.png
Maxima,"NIVEA CELLULAR EXPERT LIFT veido kontūrus formuojanti lakštinė veido kaukė, prisotinta stangrinamojo serumo",3.99,https://cdn.barbora.lt/products/dfb93099-6ad4-4e2f-8dbb-4b0e37b4fd94_s.png
Maxima,"Purškiamasis dezodorantas FA PINK, 150 ml",4.49,https://cdn.barbora.lt/products/ed5275cc-5d56-4082-ad81-672f45c56ba7_s.png
Maxima,"Vienkartiniai skustuvai GILLETTE BLUE 3 Plus Red, 6+2vnt",9.59,https://cdn.barbora.lt/products/70b1c30a-ae91-4c3b-89c0-eb7f39e3a474_s.png
Maxima,"Pieninis šokoladas LACMI su pieniniu įdaru ir vafliais, 90 g",1.13,https://cdn.barbora.lt/products/12aeca63-6d05-42bc-b3e8-0a85663ef33c_s.png
Maxima,"Dantų pasta ELMEX SENSITIVE WHITENING, 75 ml",7.99,https://cdn.barbora.lt/products/23855dda-fbe8-4b74-bb11-6910efba1d2b_s.png
Maxima,"Plaukų šampūnas SCHAUMA CLEAN&FRESH, 400 ml",4.59,https://cdn.barbora.lt/products/1af343fe-87b4-4a67-bb4e-79bf0364131c_s.png
Maxima,"Vienkartiniai puodeliai ILAJA WHITE,300ml 10vnt",1.49,https://cdn.barbora.lt/products/ce8ab18b-d470-4034-8f41-40d439f71d85_s.png
Maxima,"SUSLAVIČIAUS pomidorų padažas šašlykams gardinti, 500 g",1.72,https://cdn.barbora.lt/products/af088110-ec1d-48fd-8d7c-b2641b36807a_s.png
Maxima, Žnyplės UNIWELL,3.99,https://cdn.barbora.lt/products/f77e038a-b2a9-41fd-b4a3-c1db3acb5c8a_s.png
Maxima,"Silkių ikrai, 150 g",2.49,https://cdn.barbora.lt/products/f1c91cd1-6493-4c5e-9d39-6fbb54421eb2_s.png
Maxima,"Vaikiškas plaukų šampūnas ir dušo gelis SCHAUMA KIDS, 400 ml",4.99,https://cdn.barbora.lt/products/0e94ae4f-c399-42bc-b8d7-db65b1c06877_s.png
Maxima,"Vyriškas rutulinis dezodorantas GARNIER MEN INVISIBLE, 50 ml",4.19,https://cdn.barbora.lt/products/3ed02d6a-3b18-4069-b77e-ac64ce0cbba9_s.png
Maxima,"Plaukų šampūnas HEAD&SHOULDERS Anti-Hairfall, 400ml",8.49,https://cdn.barbora.lt/products/f474f363-e667-4e0a-bd7f-d6010e64e15c_s.png
Maxima,"Žaliosios alyvuogės WELL DONE, įdarytos lašiša, 235 g",1.25,https://cdn.barbora.lt/products/06c9369c-f47a-40c1-aab2-1161d3d4d363_s.png
Maxima,"Moteriškas rutulinis dezodorantas REXONA INVISIBLE, 50 ml",4.29,https://cdn.barbora.lt/products/37c84faf-4167-4cd1-bac6-0fa0bf889058_s.png
Maxima,"Kartusis šokoladas LAIMA VILNIUS su migdolais, 190 g",4.54,https://cdn.barbora.lt/products/c791f685-0179-4d0f-8b21-4db1550a18b1_s.png
Maxima,"Dėmių valiklis RESQ (spalvotų audinių), 90 g",1.85,https://cdn.barbora.lt/products/f20b4e6b-1e94-46e4-bb30-f16756102ca4_s.png
Maxima,"Vyne mirkytas ožkų pieno sūris EL PASTOR, 53 % rieb. s. m., 1 kg",25.89,https://cdn.barbora.lt/products/070cc6aa-06bc-49a6-879e-f8aae9e7573b_s.png
Maxima,"Citrinpipiriai SANTA MARIA, 359 g",4.14,https://cdn.barbora.lt/products/1efd9bf7-ccdc-4d76-b656-b36fad5a4365_s.png
Maxima,"Dušo gelis FA FEEL REFRESHED, 400 ml",4.99,https://cdn.barbora.lt/products/9faf817a-2ef1-4689-80fb-c383ae95a579_s.png
Maxima,"Kepimo forma 34x22,5x6",12.99,https://cdn.barbora.lt/products/ff165968-a243-453d-915a-6c4d8377451f_s.png
Maxima,"Plaukų kondicionierius GARNIER FRUCTIS OIL REPAIR3BUTTER, 200 ml",3.24,https://cdn.barbora.lt/products/8282836b-a9fb-46ba-a257-9b1227c6b10b_s.png
Maxima,"Purškiamasis kvapas CANDLE FAMILY SENSO, 1 vnt.",4.99,https://cdn.barbora.lt/products/3cd4a5ab-488e-4b4d-9ab3-ade9163d4823_s.png
Maxima,"HISKIN Crazy Hair Trichologinis galvos odos pilingas su laimų ir mėtų aromatu, 100 ml",6.79,https://cdn.barbora.lt/products/68f877dd-79dd-4ca1-8e42-3c1800baf33e_s.png
Maxima,"Žaliosios alyvuogės WELL DONE, įdarytos krevečių pasta, 280 g",1.49,https://cdn.barbora.lt/products/7f1fae10-eafb-4e95-b418-4a25956d7e1a_s.png
Maxima,MARGARITA COSMOS ORGANIC dušo želė ūdo medienos aromato 400 ml,5.99,https://cdn.barbora.lt/products/82bf7385-93d7-4ad2-a539-b6b2e8b30c34_s.png
Maxima,"Mišinys kokteiliui ruošti "" Passion fruit daiguiri margarita "" , MASTER OF MIXES , 1000 ml",6.99,https://cdn.barbora.lt/products/311ee59b-40b9-4eff-8cdb-d3a0c513d110_s.png
Maxima,"Modelino rinkinys HEY CLAY, 15 ind., Minions",9.59,https://cdn.barbora.lt/products/a89b2c71-5fb1-44d1-a6ee-4c287ef7de93_s.png
Maxima,"Virtas paštetas PATE GRAND-MERE su džiovintais pomid., I r., 400 g",3.79,https://cdn.barbora.lt/products/1d79e816-f08d-4df6-a1bc-e7effbd9bae8_s.png
Maxima,"Keptas karkos vyniotinis su česnakais ir žolelėmis, A. r., 400 g",3.69,https://cdn.barbora.lt/products/3a29988b-8d7b-4e2c-a6fd-87425ed71819_s.png
Maxima,"L'Oreal Paris Elseve Glycolic Gloss Core plaukų purškiklis, 150 ml",5.19,https://cdn.barbora.lt/products/633d0750-7038-469d-a8ca-a67e83f07cc0_s.png
Maxima,"Mini FUET dešrų rinkinys WELL DONE PREMIUM, 320 g",6.99,https://cdn.barbora.lt/products/c63b9ef2-a13f-443e-9e83-3ec19afcb7b1_s.png
Maxima,"Mišinys apelsinų-maskarponės kremui DR. OETKER, 52 g",2.19,https://cdn.barbora.lt/products/29ec68d1-bcbc-4dbe-bfed-4828b1a953f1_s.png
Maxima,"Migd. ir Chalapos paprik. įdarytos alyvuogės WELL DONE PREMIUM, 360 g",2.99,https://cdn.barbora.lt/products/35639d14-ff37-47ac-a5c1-531be3c508af_s.png
Maxima,"Vaikiškos kiaulienos dešrelės WELL DONE, a. r., 200 g",1.29,https://cdn.barbora.lt/products/73e848bb-bca1-4ba5-a36d-17d10072196c_s.png
Maxima,"BASMATI ryžiai GRALLA, 4 x 100 g, 400 g",0.89,https://cdn.barbora.lt/products/3d0a0e81-4a49-4967-b3ef-1b32fb40b429_s.png
Maxima,"Kvapioji druska SANTA MARIA, 40 g",0.49,https://cdn.barbora.lt/products/1131e42c-7bfc-4e43-9ea8-8460f501d965_s.png
Maxima,"NIVEA Soft drėkinamasis kremas veidui, kūnui, rankoms, 200 ml",7.19,https://cdn.barbora.lt/products/3294f7b5-7f38-41b3-b7fe-c212b7780089_s.png
Maxima,"Vienkartiniai skustuvai GILLETTE BLUE II, 5 vnt.",2.99,https://cdn.barbora.lt/products/cbe36b20-198c-4917-8116-66722b63732c_s.png
Maxima,"Losjonas po skutimosi OLD SPICE Whitewater, 100ml",5.59,https://cdn.barbora.lt/products/ffe659f1-15ef-45a3-b470-92e381ecf5bb_s.png
Maxima,"Barškutis CANPOL, 1 vnt.",2.69,https://cdn.barbora.lt/products/711fa2ff-9974-414e-932e-b17353020c0b_s.png
Maxima,"Kūdikių kūno aliejus JOHNSON'S BABY, 200 ml",4.29,https://cdn.barbora.lt/products/0a1e5d71-883f-48f5-917f-8d75899e065e_s.png
Maxima,"Šašlykų prieskoniai SAUDA, be druskos, 50 g",0.59,https://cdn.barbora.lt/products/8ed62f21-8cec-45ae-8912-6620c5f272b2_s.png
Maxima,"Moteriškas purškiamas dezodorantas REXONA INV.BLACK&WHITE,150",4.29,https://cdn.barbora.lt/products/9e2044e3-8609-4940-a9ec-d71a340723ce_s.png
Maxima,"Plaukų lakas TAFT Power Cashmere, 250 ml",3.89,https://cdn.barbora.lt/products/bce4fbd0-bf42-48f5-bbd5-3dbd4319eda3_s.png
Maxima,"Moteriški vienkartiniai skustuvai LASER TWIN, 10 vnt.",1.55,https://cdn.barbora.lt/products/539283cf-8f96-43cd-bcdb-439cf548c8c6_s.png
Maxima,"Marinavimo prieskoniai SANTA MARIA BBQ RUB su priesk. žolel., 22 g",0.54,https://cdn.barbora.lt/products/f16551de-1658-48e1-95f8-6d590159e808_s.png
Maxima,"Puodelis AURORA WHITE HOME, 325 ml,royal",2.99,https://cdn.barbora.lt/products/ae3bfbfe-356d-4616-ae5b-502bc2c0ed41_s.png
Maxima,"Džiovintos spanguolės SEEBERGER SOFT, 125 g",2.49,https://cdn.barbora.lt/products/017792d4-1449-4345-9107-6e3932501af8_s.png
Maxima,"Duonos mišinys SCHAR, 1 kg",4.68,https://cdn.barbora.lt/products/acc441fd-70d6-46ff-a2f9-8c98213498f1_s.png
Maxima,"Vaikiškas šampūnas-dušo želė BUBCHEN (AVIETĖ), 230 ml",3.99,https://cdn.barbora.lt/products/9acfe431-ee33-4613-86f7-d7c333a4bdf6_s.png
Maxima,"Vaikiškas šampūnas, balzamas ir dušo želė BUBCHEN (3in1), 230 ml",3.99,https://cdn.barbora.lt/products/f0c13e6f-28dd-4b97-9549-eedc7fdcf162_s.png
Maxima,"Raikymo peilis UNIWELL, 19 cm, 1 vnt.",2.19,https://cdn.barbora.lt/products/75c6df84-fe52-4eb3-8a06-43f3ab36f6f5_s.png
Maxima,"Priešuždegiminis kremas BUBCHEN, 75 ml",4.25,https://cdn.barbora.lt/products/7b0d9133-dc18-48d0-9ac6-7681d41c52eb_s.png
Maxima,"Skystojo muilo papildymas DOVE ORIGINAL, 500 ml",4.79,https://cdn.barbora.lt/products/f39fd299-b1a4-41f4-842a-f5d074adba51_s.png
Maxima,"Kūdikių šampūnas SEBAMED, 150 ml",7.89,https://cdn.barbora.lt/products/61b8a867-f1d5-4dbd-a7d6-7857a5141904_s.png
Maxima,"Plaukų šampūnas HEAD&SHOULDERS  Classic Clean, 250 ml",6.29,https://cdn.barbora.lt/products/7394ab2a-3f43-4bb9-b537-c1d888ac8894_s.png
Maxima,"Cinamono žievelės SANTA MARIA, 22 g",1.29,https://cdn.barbora.lt/products/8faed30f-7ca8-444d-bebe-63e3c5c6ca1f_s.png
Maxima,"Vaikiškas kūno prausiklis-šampūnas WELEDA su medetkomis, 200 ml",10.99,https://cdn.barbora.lt/products/7ee50523-b869-4a77-ace3-6e0172828ad1_s.png
Maxima,"SUSLAVIČIAUS šašlykų pomidorų kečupas, 1 kg",2.59,https://cdn.barbora.lt/products/606582d4-fd51-4c6b-a4ec-1a812620a379_s.png
Maxima,MARGARITA veido prausiklis su ramunėlių ekstraktu 200 ml,4.79,https://cdn.barbora.lt/products/5e0548f3-23ea-4cc7-8ba6-42865b110038_s.png
Maxima,MARGARITA valomasis veido tonikas su agurkų ir ramunėlių ekstraktais 200 ml,4.25,https://cdn.barbora.lt/products/042c8478-5771-453c-b195-eb753fb112b7_s.png
Maxima,"Dušo želė GREEN FEEL'S, 250 ml",2.69,https://cdn.barbora.lt/products/9b6df76a-1f5c-467c-a279-1fead45e193c_s.png
Maxima,"Vaikiškas šampūnas-prausiklis TINDI (su alyvuogių aliejumi), 210 ml",1.89,https://cdn.barbora.lt/products/93c376ff-5946-4bb3-aee5-e88286ed423f_s.png
Maxima,"Plaukų kaukė NIDA su keratinu, 200 ml",2.69,https://cdn.barbora.lt/products/049b3f2b-1a0c-4251-a977-a4a7f016ab06_s.png
Maxima,KILIG CLEAN & FRESH gaivinantis gelinis veido prausiklis 250 ml ,7.45,https://cdn.barbora.lt/products/f58eedcb-9019-46f0-9bc9-63d2ed2a2f03_s.png
Maxima,"Plaukų kondicionierius GREEN FEEL'S, 150 ml",2.99,https://cdn.barbora.lt/products/15501506-f273-4570-b133-bd51e5c0d156_s.png
Maxima,"Plaukų šampūnas GREEN FEEL'S , 250 ml",2.99,https://cdn.barbora.lt/products/18137ae9-e359-47e4-b03f-4be74eac0da2_s.png
Maxima,"Drėkinamasis veido kremas NEUTROGENA CLEAR&DEFEND, 50 ml",7.39,https://cdn.barbora.lt/products/2152bafe-2718-4bf5-af47-7a1009409b71_s.png
Maxima,"Micelinis vanduo BIODERMA, 500 ml",19.99,https://cdn.barbora.lt/products/404caff0-5baa-4c18-be7c-c467bfe2e603_s.png
Maxima,"Plaukų kaukė GREEN FEEL'S, 200 ml",4.49,https://cdn.barbora.lt/products/3c5ff9e6-3520-44de-9305-9244605bc660_s.png
Maxima,"Dantų šepetėlis JORDAN GREEN CLEAN MEDIUM, 1 vnt.",3.29,https://cdn.barbora.lt/products/aa10b06e-2f1a-4d3a-b013-16dc0e9ea074_s.png
Maxima,"Indų ploviklis PUR RASPBERRY&RED CURRANT, 750 ml",2.09,https://cdn.barbora.lt/products/3972a80a-23a8-4b20-8f6b-94324727495a_s.png
Maxima,"Plaukų kremas GARNIER, 400 ml",5.38,https://cdn.barbora.lt/products/b9c2657d-06f9-4001-aa3a-0c22bebf8aa8_s.png
Maxima,"Bambukiniai kosmetiniai pagaliukai HUMBLE BRUSH, 100 vnt.",2.89,https://cdn.barbora.lt/products/607b1dae-30b4-4fab-b79f-46cf52f38da6_s.png
Maxima,KILIG VITAMIN C regeneruojanti gelinė veido kaukė 3x7 g ,3.49,https://cdn.barbora.lt/products/cb4f8fbd-197d-4acb-b14e-56b13f62ec2d_s.png
Maxima,"Lūpų balzamas NEUTROGENA INTENSE REPAIR, 4,8 g",4.49,https://cdn.barbora.lt/products/c7fae126-a00b-489e-bdbe-01074567ebde_s.png
Maxima,"Vaikiška dantų pasta BIOREPAIR JUNIOR MINT, 7-14 metų, 75 ml",5.99,https://cdn.barbora.lt/products/673ca515-220f-45c1-b0da-5753ed6b0a63_s.png
Maxima,"Vienkartinės lėkštės ILAJA CRAFT, 23cm 10 vnt.",1.49,https://cdn.barbora.lt/products/7c355fca-7905-4449-a419-6db004eacaa1_s.png
Maxima,"Prieskonių mišinys VEGETA NATUR GRILL CLASSIC, 20 g",0.48,https://cdn.barbora.lt/products/f7f565da-4c8b-4f37-b3e3-3580f32bb484_s.png
Maxima,Planšetė BO INTERACTIVE 82031LT,10.49,https://cdn.barbora.lt/products/082fe07a-1296-41e4-a3ae-78fe94d63f83_s.png
Maxima,MARGARITA gaivinamasis kremas-gelis su agurkų ekstraktu ir alavijų geliu 50 ml,4.69,https://cdn.barbora.lt/products/429a825b-940b-4d60-a213-a74a0916a9df_s.png
Maxima,KILIG CLEAN & FRESH micelinis vanduo 250 ml,5.99,https://cdn.barbora.lt/products/b1facd45-0e44-463a-8f58-a71fb806adab_s.png
Maxima,"Vonios druska BEAUTY JAR MY LITTLE PRINCESS, 600 g",2.69,https://cdn.barbora.lt/products/befc3d8d-9bf2-4345-acbf-25a2fec2aa50_s.png
Maxima, Kamščiatraukis UNIWELL,3.99,https://cdn.barbora.lt/products/67990a91-9213-4eb4-93b5-74b5298b478b_s.png
Maxima,"Dėmių valikis RESQ (kilimams ir baldams valyti), 500 ml",3.25,https://cdn.barbora.lt/products/d5489898-ddfc-4417-b19e-bc10f09b5064_s.png
Maxima,"Blakstienų tušas MAYBELLINE LASH S.SKY HIGH COSMIC BLACK, 1 vnt.",13.99,https://cdn.barbora.lt/products/c52a9b1c-410a-432e-853b-4b7f949f9e6c_s.png
Maxima,"Skystasis kreminis muilas VIVIAN GRAY YLANG & VANILLA, 300 ml",6.99,https://cdn.barbora.lt/products/51d77b79-a9fb-489d-85ed-e6a1393c55ad_s.png
Maxima,"Vonios burbulas BUBBLES SUMMER APPLE, 115 g",2.39,https://cdn.barbora.lt/products/bf7b3f3b-ed53-4ee2-8357-cb1b3574fa37_s.png
Maxima,"Tarpdančių šepetėliai JORDAN BRUSH BETWEEN, S / 0,5 mm, 10 vnt.",5.79,https://cdn.barbora.lt/products/d886999f-c5cc-4b76-bb95-6763da01e1f8_s.png
Maxima,"Mikropluošto stiklo šluostė ROTZ, 30 x 40 cm, 1 vnt.",1.49,https://cdn.barbora.lt/products/70a4871b-8a88-474b-996b-87517ba0f9d6_s.png
Maxima,"Žaliosios alyvuogės WELL DONE, įdarytos ančiuviais, 235 g",1.25,https://cdn.barbora.lt/products/130af3b2-0406-4799-8437-5b84ab22c428_s.png
Maxima,"Vytintas jautienos pipirinis DORA, a. r., 100 g",5.35,https://cdn.barbora.lt/products/d5c80593-dd7a-40b2-a066-af1ae6c61be4_s.png
Maxima,"WC valiklis-gaiviklis BREF SPA MOMENTS SERENITY, 150 g",4.49,https://cdn.barbora.lt/products/8e43f93c-3c02-48c9-952e-764da83247a5_s.png
Maxima,"Purškiamasis plaukų serumas GARNIER FRUCTIS, 200 ml",6.49,https://cdn.barbora.lt/products/335df73f-dcdd-4346-aa3b-aec965fe8a2c_s.png
Maxima,"Viščiukų broil. blauzdelės be sąn. laukinių česnakų marinate, 500 g",3.49,https://cdn.barbora.lt/products/feb54e3d-308f-4b60-8188-1b82fd2958e4_s.png
Maxima,4M Dinozaurų kristalų terariumas,16.79,https://cdn.barbora.lt/products/77b02b90-4e90-4977-bb2d-efa448a55f17_s.png
Maxima,"Dušo gelis DOVE HYDRATE, 720 ml",9.99,https://cdn.barbora.lt/products/f0139a5e-7771-4f97-b097-6d3883d7b010_s.png
Maxima,"Drėgnosios servetėlės GOWIPES UNIVERSAL, 40 vnt., 40 vnt.",1.49,https://cdn.barbora.lt/products/0332c650-bca0-4a24-8477-652b41451a05_s.png
Maxima,Dantų pasta „LACALUT aktiv PLUS“,5.39,https://cdn.barbora.lt/products/b7e64146-edae-4dd2-8496-c1a6856a496d_s.png
Maxima,"Šaldytos jūrų šukutės su česnakiniu sviestu, 150 g",9.99,https://cdn.barbora.lt/products/83817091-c7d0-4a1e-ac7c-647d3bd5c3d4_s.png
Maxima,"ELSEVE  šampūnas, 250ml",3.19,https://cdn.barbora.lt/products/d8a44260-e4cc-46d0-9beb-241ebd5b5e30_s.png
Maxima,NIVEA Derma Control Defend purškiamas antiperspirantas moterims 150 ml,4.79,https://cdn.barbora.lt/products/5140eeed-d230-4847-939f-d9fcf0887a36_s.png
Maxima,Pliušinis žaislas-siurprizas Koolkats,2.99,https://cdn.barbora.lt/products/1cb81324-d113-4433-b445-25c618303561_s.png
Maxima,"Tofu užtepėlė JUNIOR VETO, 75 g",1.09,https://cdn.barbora.lt/products/ed8764a7-4e85-4737-a996-79a2fb4e583f_s.png
Maxima,"Lašišos paštetas WELL DONE, 100 g",1.99,https://cdn.barbora.lt/products/0b4729a4-e034-4746-9ad3-95b54f9cb057_s.png
Maxima,"Depiliavimo kremas „VEET MINIMA“, skirtas jautriai odai, 100 ml.",7.99,https://cdn.barbora.lt/products/39bbb4b6-7750-40cd-93f6-7c1304d3e73d_s.png
Maxima,"Plaukų lakas TAFT Power, 250 ml",3.89,https://cdn.barbora.lt/products/f4a07595-9a9b-458c-94ed-d2a7faf80074_s.png
Maxima,"Lėkštė LUMINARC FESTON, 18,5 cm, 1 vnt.",1.79,https://cdn.barbora.lt/products/5991daa4-952b-47e3-a0af-d237073c996c_s.png
Maxima,"Stiklinis dangtis LET'S COOK, 28 cm, 1 vnt.",6.99,https://cdn.barbora.lt/products/68e7edf4-af31-40d6-bfef-36ee63e7f747_s.png
Maxima,"Dušo želė FA YOGHURT ALOE VERA, 400 ml",4.99,https://cdn.barbora.lt/products/c58f73ec-c699-4075-a50d-f950de83908d_s.png
Maxima,"Kosmetinė vata BELLA, 100 g",1.59,https://cdn.barbora.lt/products/1827e142-413f-4291-97cd-f6db15e63aa1_s.png
Maxima,"Dušo gelis FA CACAO&COCONUT, 250 ml",3.89,https://cdn.barbora.lt/products/64dedcff-8856-473a-99e3-11b266bca27f_s.png
Maxima,"Dantų šepetėlis COLGATE MAX WHITE SOFT, 1 vnt.",2.99,https://cdn.barbora.lt/products/e99d6bd6-fd4f-4486-b914-378e3446bbc7_s.png
Maxima,"Vyriškas plaukų šampūnas SCHAUMA ANTI-DANDRUFF su imbierais, 400 ml",4.59,https://cdn.barbora.lt/products/c0aec31c-3450-4395-9fb9-e0a2f3622d85_s.png
Maxima,"Universalūs marinavimo prieskoniai SANTA MARIA RUB, 22 g",0.54,https://cdn.barbora.lt/products/0190f5a9-9809-4ec4-a00a-9c02ef9b9146_s.png
Maxima,"Citrusinių vaisių sulčiaspaudė PLAST TEAM, 1 vnt.",1.99,https://cdn.barbora.lt/products/c4d93e3f-9b03-42de-a814-9e2a52363958_s.png
Maxima,"Prieskonių mišinys su žolelėmis mėsai SAUDA, 40 g",0.69,https://cdn.barbora.lt/products/d23f8bed-abed-449b-b172-4c9ea22b528e_s.png
Maxima,"Vytinta MINDAUGO DEŠRA, a. r., 200 g",5.29,https://cdn.barbora.lt/products/f9470ea7-18af-4d94-82f2-346bf55feee1_s.png
Maxima,"Dubenėlis AURORA WHITE HOME, 17 cm, 1 vnt.",3.49,https://cdn.barbora.lt/products/d2c8eade-09d7-45b3-bc83-a6e32af0d93b_s.png
Maxima,"Kasdienis šampūnas SEBAMED HAIR CARE, 200 ml",10.49,https://cdn.barbora.lt/products/ce6b1a7e-389c-47ad-8c91-628c67412f44_s.png
Maxima,"Ekologiškas grindų ploviklis BALANCE (parketui plauti), 800 ml",2.75,https://cdn.barbora.lt/products/0e5d53f1-678c-4533-ae50-854317909bc6_s.png
Maxima,"Prausiamosios putos probleminei odai SEBAMED CLEAR FACE, 150 ml",8.69,https://cdn.barbora.lt/products/6c0dbdcd-5ded-4359-a192-ff7f18c84ed2_s.png
Maxima,"Dantų šepetukas ELMEX vaikams 6-12 metų, 1 vnt.",5.69,https://cdn.barbora.lt/products/1896ca8f-0a7f-45f4-8d9c-7ec73513bf5f_s.png
Maxima,"Universalusis peilis UNIWELL, 1 vnt.",4.99,https://cdn.barbora.lt/products/f2c2e661-af3c-4bcd-836a-a02e64711df0_s.png
Maxima,"Stiklinis dangtis UNIWELL, 24 x 26 x 28 cm, 1 vnt.",10.99,https://cdn.barbora.lt/products/206020b3-50f7-4407-9161-5a32f30e4d83_s.png
Maxima,"Moteriškas purškiamasis dezodorantas DOVE INVISIBLE CARE, 150 ml",4.59,https://cdn.barbora.lt/products/f3fadd9e-d737-48e0-a39e-ff36bcfd6845_s.png
Maxima,"Vyriškas dieninis veido kremas VĖJAS su gintaro ekstraktu, 50 ml",4.65,https://cdn.barbora.lt/products/b63ffecc-627f-4e04-abda-523a464b4474_s.png
Maxima,"Vyriškas šampūnas VĖJAS nuo pleiskanų su šalavijų ekstraktu, 250 ml",2.19,https://cdn.barbora.lt/products/6aa53141-8aa4-4030-afc2-198109cf3cd4_s.png
Maxima,"Keptuvė FISKARS FUNCTIONAL FORM, 28 cm, 1 vnt.",55.99,https://cdn.barbora.lt/products/a77541fe-9b1d-4ce2-94c0-be98425dc894_s.png
Maxima,"Rausvieji pipirai SANTA MARIA, 21 g",1.44,https://cdn.barbora.lt/products/85786532-d08e-4195-b74d-40d72d7e9986_s.png
Maxima,"Veido odos serumas BIODERMA, 40 ml",22.19,https://cdn.barbora.lt/products/e3d4a8d2-b21f-4de8-a881-b0c7be65c043_s.png
Maxima,"Dantų pasta ELMEX SENSITIVE PROFESSIONAL, 75 ml",9.49,https://cdn.barbora.lt/products/03d69fea-0ef7-405c-9b7f-3da09bf3c311_s.png
Maxima,"Lavinamieji kamuoliukai TULLO, kūd. nuo gimimo, 1 vnt.",7.07,https://cdn.barbora.lt/products/db86c408-de89-406a-a2a9-71206c600cc2_s.png
Maxima,"Sunkvežimis su automobiliais, lėktuvu ir kelio ženklais, 1 vnt.",6.59,https://cdn.barbora.lt/products/66530991-e6ab-481f-92df-bbe751c641a3_s.png
Maxima,"Pieštukinis dezodorantas OLD SPICE Deep Sea, 50ml",3.15,https://cdn.barbora.lt/products/7357b439-abed-4ab8-8e3e-3d7bb24b6a57_s.png
Maxima,"Jūrų gėrybių salotos LOCAS, 200 g",3.99,https://cdn.barbora.lt/products/8ceeeb03-0775-44d5-86ef-56e33ea8c47d_s.png
Maxima,"Dantų pasta GREEN FEEL'S, 75 ml",4.99,https://cdn.barbora.lt/products/1837d478-12fe-401c-ba1d-cc340cf79456_s.png
Maxima,"Žolelių arbata ŽOLYNĖLIS CHOLESTEHERBA, 30 g",1.49,https://cdn.barbora.lt/products/3e7d826f-2871-4d6a-8432-899a45e6258f_s.png
Maxima,"Dušo želė DERMOMED TALC & IRIS, 1 l",4.49,https://cdn.barbora.lt/products/80f29152-5ce1-4a0a-a8f6-17bd21919a23_s.png
Maxima,"Vienkartiniai skustuvai VENUS Sensitive, 6vnt.",13.99,https://cdn.barbora.lt/products/3ef66b44-ae0a-4f4c-83eb-2fd9a005e802_s.png
Maxima, Bulvių grūstuvas UNIWELL,4.99,https://cdn.barbora.lt/products/877631ea-2583-457f-886d-2cf84cede9c8_s.png
Maxima,"Vyriška dušo želė GREEN FEEL'S ŽALGIRIS, 250 ml",4.29,https://cdn.barbora.lt/products/0413e503-ab86-4580-8aaf-6491f375b538_s.png
Maxima," Torto kepimo forma UNIWELL, 28 cm",9.99,https://cdn.barbora.lt/products/e95d5308-a4af-47ce-90d0-b0d451986aa0_s.png
Maxima,"Sausos šluostės SWIFFER, papildymas, 18vnt",4.19,https://cdn.barbora.lt/products/e041d47f-744b-488b-802d-b3ecb710e11f_s.png
Maxima,"Higieniniai paketai ALWAYS Platinum Day&Night, S3, 22 vnt.",5.59,https://cdn.barbora.lt/products/54e6d52b-1e61-40f4-8037-9284a05b30cc_s.png
Maxima,"Pieštukinis dezodorantas OLD SPICE Tiger Claw, 50ml",3.15,https://cdn.barbora.lt/products/b8a900f3-2852-4ca4-a184-f55019df173b_s.png
Maxima,"Skystasis muilas DOVE RENEWING, 250 ml",3.99,https://cdn.barbora.lt/products/66ee5fce-38c5-4ffe-9c08-9b9b8fff161e_s.png
Maxima,"Plaukų modeliavimo pudra TAFT WONDERS Fresh&Volume, 10 g",4.85,https://cdn.barbora.lt/products/c6dfabf5-6b63-47d2-adc4-c91c4036ec35_s.png
Maxima,"Ekologiški rozmarinai SANTA MARIA, 19 g",1.64,https://cdn.barbora.lt/products/51dbfc0e-5e09-49fc-963d-b0a0f213ed09_s.png
Maxima,"Maišelių spaustukai PRESTO, 6 vnt",3.49,https://cdn.barbora.lt/products/501f1648-f529-42d3-b0d5-b2f4492a9ff2_s.png
Maxima,"Šiukšlių maišai VORTEX DRAWSTR BLUE, 35 l, 15 vnt., 1 vnt.",1.69,https://cdn.barbora.lt/products/7a69ab1c-1522-4ee5-9141-ae84fe522e70_s.png
Maxima,"Pieštukinis antiperspirantas GILLETTE Sport, 70ml",6.49,https://cdn.barbora.lt/products/7a2c56ef-6f04-4428-86e2-d20899f0012f_s.png
Maxima,"NIVEA HYDRO CARE lūpų balzamas, 4,8 g",3.65,https://cdn.barbora.lt/products/7577a41a-5126-4da6-9d28-946b735b6fa8_s.png
Maxima,"Vytinta ispaniška čioriso dešra ESPANA IBERICO, nerūš., 80 g",1.79,https://cdn.barbora.lt/products/b52ba7cb-352f-4de1-ad65-331ede4e1e52_s.png
Maxima,"NIVEA CHERRY SHINE lūpų balzamas, 4,8 g",3.65,https://cdn.barbora.lt/products/8673d50f-5b37-40eb-81ad-94123ed6ac0a_s.png
Maxima,"Kramtomieji saldainiai SKITTLES GIANTS, 116 g",1.49,https://cdn.barbora.lt/products/d862dd18-5055-456d-a858-8d0554e98e88_s.png
Maxima,"Plaukų šampūnas GARNIER FRUCTIS, 400 ml",4.08,https://cdn.barbora.lt/products/bd8ab9d9-cee4-444a-9c57-1fec63dfecd7_s.png
Maxima,"Šunų ėdalas FRISKIES JUNIOR su vištiena ir morkomis, 340 g",1.46,https://cdn.barbora.lt/products/71298d7e-8c22-4f79-9bcd-ba62940eccf5_s.png
Maxima,ELSEVE  šampūnas 400ml (moterims),4.39,https://cdn.barbora.lt/products/eb464a04-d2ca-44ec-878f-ed94be3e6e83_s.png
Maxima,ELSEVE  balzamas 400ml,4.39,https://cdn.barbora.lt/products/37e51823-989f-4cab-822d-39b5a8fd9dba_s.png
Maxima,"Fructis Keratin Sleek šampūnas, 200ml",5.19,https://cdn.barbora.lt/products/0e5c368a-b834-445a-b082-07e9ea93379c_s.png
Maxima,"Popieriniai įdėklai gruzdintuvėms, BEATOS VIRTUVĖ, 20 x 4,5 cm.",4.99,https://cdn.barbora.lt/products/47d5ba30-b361-40c4-ae24-8adb4c234273_s.png
Maxima,"VASELINE lūpų balzamas Rosy Lips, 4.8 g",2.99,https://cdn.barbora.lt/products/6b7156e8-c1eb-4f06-a790-9ea6d0699dd6_s.png
Maxima,NIVEA MEN rutulinis antiperspirantas Derma Control Defend vyrams 50 ml,4.79,https://cdn.barbora.lt/products/5f11b936-dbb7-41f1-a2c1-4262bf010063_s.png
Maxima,"Juodojo šokolado figūra RŪTA LAIMĖS PASAGA, 45 g",2.99,https://cdn.barbora.lt/products/7a4a5edf-68c8-4e1d-a7cd-7563bc40f1be_s.png
Maxima,"Migdolais įdarytos alyvuogės WELL DONE PREMIUM, 1650 g",9.99,https://cdn.barbora.lt/products/e16989d0-0934-4485-81a8-47043bbc3c1d_s.png
Maxima,"NIVEA akių makiažo valiklis su grynu hialuronu, 125 ml",7.29,https://cdn.barbora.lt/products/e9c784f0-2371-4501-a573-8d4af3aa0003_s.png
Maxima,"Vaikų kūno aliejus BUBCHEN, 200 ml",4.45,https://cdn.barbora.lt/products/86a8504c-0055-49f6-97cb-a7b0473eb444_s.png
Maxima,"Vyriškas vienkartinis skustuvas BIC1 METAL, 5 vnt., 5 vnt.",2.29,https://cdn.barbora.lt/products/c71c4599-474c-4f15-af18-504c5b7f4766_s.png
Maxima,"Plaukų putos TAFT VOLUME Ultra Strong, 200 ml",3.89,https://cdn.barbora.lt/products/04d58202-732a-4277-9be0-1727893b4aa3_s.png
Maxima,"Kvapnusis vanduo CLASSIC MAN OCEAN po skutimosi, 100 ml",2.85,https://cdn.barbora.lt/products/fd6e34a9-bf59-43ce-b546-dbc95ec80279_s.png
Maxima,"Jūrų gėrybių ir žuvų prieskoniai malūnėlyje SANTA MARIA, 90 g",3.34,https://cdn.barbora.lt/products/fc27cbfe-1f95-4a17-bc41-aa0410684900_s.png
Maxima,"Moteriškas purškiamasis dezodorantas DOVE INVISIBLE DRY, 150 ml",4.59,https://cdn.barbora.lt/products/4ffd25bd-5cb0-40a1-b7db-fa347fffedf0_s.png
Maxima,"Blakstienų tušas MAYBELLINE COLOSSAL VOLUM'EXPRESS, juodas, 10.7 ml",12.99,https://cdn.barbora.lt/products/29e2fc49-5e0f-4934-a7f5-2f89207ec002_s.png
Maxima,"Prieskonių mišinys bulvėms gardinti SAUDA, 80 g",0.76,https://cdn.barbora.lt/products/9631e189-2c78-48f2-b064-5a5050ed5881_s.png
Maxima,"Burnos skalavimo skystis LISTERINE COOLMINT, 500 ml",7.99,https://cdn.barbora.lt/products/b066c9fb-ad5e-420d-8e0e-cd7040229b86_s.png
Maxima,"Žolelių arbata ŽOLYNĖLIS DIABETUS, 30 g",1.49,https://cdn.barbora.lt/products/38a9b65e-0df9-4e33-831b-b195008d654d_s.png
Maxima,"Vienkartiniai skustuvai BIC FLEX3, 3 vnt.",3.89,https://cdn.barbora.lt/products/f3956fb1-6e86-41dd-a243-e395f315481e_s.png
Maxima,"Burnos skalavimo skystis LISTERINE TOTAL, 500 ml",8.49,https://cdn.barbora.lt/products/941b93f7-49c5-461d-a0e5-63203909b3b8_s.png
Maxima,ECODENTA trejopo poveikio dantų pasta su baltuoju moliu ir propoliu 100 ml,5.29,https://cdn.barbora.lt/products/7ad116b5-4f75-428a-83e4-a56607c5e652_s.png
Maxima,"Kūno jūros druskos šveitiklis AQUA AMBER, abrikosų kvapo, 300 g",3.59,https://cdn.barbora.lt/products/5ccb15ca-3cc3-4b21-81d5-f106bbf58e26_s.png
Maxima,"Akių makiažo valiklis GARNIER, 125 ml",3.59,https://cdn.barbora.lt/products/7f9ba2a4-38d9-496b-80bb-787e2cac79d7_s.png
Maxima,"Plaukų lakas TAFT Perfect Flex, 250 ml",3.89,https://cdn.barbora.lt/products/841f75ee-9e9d-47f2-b755-0e5a93992b01_s.png
Maxima,"Plaukų putos TAFT Perfect Flex, 200 ml",3.89,https://cdn.barbora.lt/products/f381353f-f610-4864-bd5a-a22a5dbffbae_s.png
Maxima, Skardinių atidarytuvas UNIWELL,2.99,https://cdn.barbora.lt/products/13702be2-6f8d-48b4-b57e-9c7b8c45dc2a_s.png
Maxima,"Stalo žaidimas - kaladėlių bokštas, 1 vnt.",5.99,https://cdn.barbora.lt/products/0015abe5-6c0d-4fa4-b197-d7e3b4c8cd3f_s.png
Maxima,"Šonkauliukų prieskoniai SAUDA su medumi, 70 g",0.69,https://cdn.barbora.lt/products/fbf884b0-80f0-4889-9e71-e43af8238169_s.png
Maxima,"Moteriškos trumpos kojinės SKINIJA, 37-40 d., juodos sp., 1 vnt.",1.55,https://cdn.barbora.lt/products/d1ab4b62-17c5-4e7b-babc-82f49b2ad2d8_s.png
Maxima,"Stalo žaidimas TACTIC ALIAS JUNIOR, 1 vnt.",11.99,https://cdn.barbora.lt/products/ac80e7e6-c251-4971-9984-653ff8d1ed5f_s.png
Maxima,MARGARITA drėkinamasis veido kremas su išrūgomis 50 ml,4.79,https://cdn.barbora.lt/products/2acfca42-142c-4d71-8385-bbe417477de3_s.png
Maxima,"Veido kremas GREEN FEEL'S, 50 ml",5.89,https://cdn.barbora.lt/products/917a2863-3e47-4603-9142-bc54cc2685d3_s.png
Maxima,"NIVEA raminantis micelinis vanduo su aminorūgštimi ir dekspantenoliu jautriai odai, 400 ml",8.79,https://cdn.barbora.lt/products/7ae413cf-2f45-442e-a997-2b503f8fa694_s.png
Maxima,"Atstatomasis plaukų šampūnas NATURA SIBERICA (ARCTIC ROSE), 400 ml",7.99,https://cdn.barbora.lt/products/2240d168-3ccb-41ee-9046-f6cee519d482_s.png
Maxima,"Dušo želė NIDA su gintaro ekstraktu, 250 ml",2.29,https://cdn.barbora.lt/products/f45d298e-da4b-4b38-a5b4-e893250a6cb8_s.png
Maxima,"Dušo želė NIDA su bruknių lapų ekstraktu, 250 ml",2.29,https://cdn.barbora.lt/products/7515347a-48b3-4f10-b20e-e285037878d7_s.png
Maxima,"Rutulinis dezodorantas WELEDA CITRUS, 50 ml",9.99,https://cdn.barbora.lt/products/7aaf9581-ed0c-49a0-8216-3693a431454c_s.png
Maxima,"Valgomieji sūrio DŽIUGAS ledai DIONE su spanguolėmis, 376 g",4.99,https://cdn.barbora.lt/products/9ca88e3b-2c10-4f02-b578-02f6025054bd_s.png
Maxima,"Šaukštas UNIWELL SALI, 1 vnt.",0.99,https://cdn.barbora.lt/products/806c58ef-8963-4711-a1a5-524adc7b10e6_s.png
Maxima,"Peilis UNIWELL LANE, 1 vnt.",1.29,https://cdn.barbora.lt/products/dbcd2500-7daf-4ae3-8be1-e98ea8840f39_s.png
Maxima,"Kasdieniniai įklotai BELLA IDEALE, 20 vnt.",1.65,https://cdn.barbora.lt/products/93b742a9-a71f-40ef-a6c9-bc87ae653e71_s.png
Maxima,"Plaukų kondicionierius GENERA su persikų ekstraktu, 500 ml",1.89,https://cdn.barbora.lt/products/0a15d812-0c0c-4e62-ba5e-557553060a8c_s.png
Maxima,KILIG CLEAN & FRESH veido šveitiklis 75ml ,4.89,https://cdn.barbora.lt/products/112a0a0f-11de-4784-8233-976ea2dcea23_s.png
Maxima,"Plaukų kondicionierius GREEN FEEL'S, 150 ml",2.99,https://cdn.barbora.lt/products/4589aae4-c3d9-4db8-8147-17e6228693dc_s.png
Maxima,"Žvėrienos prieskoniai SANTA MARIA, 220 g",2.94,https://cdn.barbora.lt/products/e846f67e-ea20-4bef-976f-35d042217ab7_s.png
Maxima,"Veido kremas BIODERMA, 40 ml",15.49,https://cdn.barbora.lt/products/77857878-3d51-45c6-a1c2-6743da5c36af_s.png
Maxima,"Indų ploviklis PUR ALOE VERA, 750 ml",2.09,https://cdn.barbora.lt/products/e86adbbc-9787-467b-a74c-8341dab26b92_s.png
Maxima,MARGARITA Dušo želė su pieno baltymais ir medaus ekstraktu 500ml,4.55,https://cdn.barbora.lt/products/48d3a99d-92d2-4c69-abf5-376a3b890c17_s.png
Maxima,"Skanėstas DENTALIFE vidutinio dydžio veislių šunims, 115 g",1.12,https://cdn.barbora.lt/products/b6e40df4-de7f-4897-9e8d-ab0087ce2eb7_s.png
Maxima,"Keptuvė UNIWELL INCSHEF, 24 cm, 1 vnt.",16.99,https://cdn.barbora.lt/products/ccaf820f-e7c0-4aa9-bfcf-f724445a0277_s.png
Maxima,"Kortos UNO EXPRESS, 1 vnt.",2.99,https://cdn.barbora.lt/products/778a0906-f9f2-4662-a2ad-92508e0cc962_s.png
Maxima,"Vienkartinės lėkštės ILAJA,23cm,10 vnt.geltonos",1.49,https://cdn.barbora.lt/products/65ef05f9-31d1-49db-9e9f-d7f6f3c0130d_s.png
Maxima,"Pieninis šokoladas LACMI su lazdynų riešutais ir karamele, 295 g",3.17,https://cdn.barbora.lt/products/35a7fb01-d2f8-4db3-a1d0-f4a6a602a080_s.png
Maxima,"Vyriško skustuvo galvutės GILLETTE MACH3, 5 vnt., 5 vnt.",17.49,https://cdn.barbora.lt/products/16b83e5a-a12f-47a1-ac59-91e8d94bac82_s.png
Maxima,KILIG VITAMIN BOMB purškiamas plaukų kondicionierius su vitaminų kompleksu 100 ml,6.39,https://cdn.barbora.lt/products/92f2fa30-a668-4f5a-a135-e703a5803039_s.png
Maxima,"Dantų pasta BLEND A MED COMPLETE FRESH Long Lasting, 75ml",2.79,https://cdn.barbora.lt/products/f9b6f564-c916-4c62-a1ee-7db18c11e3b0_s.png
Maxima,"Vaikiškas plaukų šampūnas ir balzamas SCHAUMA KIDS, 400 ml",4.99,https://cdn.barbora.lt/products/8fbf9f12-ce26-4a3f-a501-2b99535a7b4f_s.png
Maxima,"Higieniniai paketai ALWAYS Platinum Super, S2, 26vnt",5.59,https://cdn.barbora.lt/products/9e4ed52d-8b2b-48c9-b188-a5bb804b3938_s.png
Maxima,"Pieštukinis dezodorantas OLD SPICE Astronaut, 50ml",3.15,https://cdn.barbora.lt/products/b7c7aa9c-e400-402f-981f-d4e45d7d4fea_s.png
Maxima,"Vyriškos skutimosi putos GILLETTE SENSITIVE, 200 ml",3.69,https://cdn.barbora.lt/products/8ecf06d9-b117-4fe1-a37d-04878c185629_s.png
Maxima,"Dubenėlis ILAJA SIMPLE, 15 cm",1.99,https://cdn.barbora.lt/products/36b6e048-2f69-43c5-8d54-e4e2d44d692a_s.png
Maxima,"Pieninis šokoladas LAIMA su migdolais ir vafliais, 90 g",1.6,https://cdn.barbora.lt/products/ed3f0de5-c6a9-4bdc-a2e9-a6a1a828845a_s.png
Maxima,"Žuvies prieskoniai su krapais SANTA MARIA be pridėt. druskos, 23 g",1.14,https://cdn.barbora.lt/products/2434f608-ec0d-42a7-a897-493ca6d3f842_s.png
Maxima,"WC valiklis-gaiviklis BREF SPA MOMENTS VITALITY, 150 g",4.49,https://cdn.barbora.lt/products/765e88f9-0817-4b9a-9c84-3a5e0ae02591_s.png
Maxima,"Radijo bangomis valdomas automobilis BMW X6, 1 vnt.",10.79,https://cdn.barbora.lt/products/48ec9b2f-bb23-4d83-9b5d-5c2f205e4426_s.png
Maxima,"Palmių vaško žvakė CANDLE FAMILY SENSO, 1 vnt.",3.49,https://cdn.barbora.lt/products/590ed2ac-cdde-4036-8965-a35615c8428b_s.png
Maxima," Vinilinė žaislinė mašinėlė, JZD-033",2.39,https://cdn.barbora.lt/products/b9289e4a-23e5-45d8-a342-84c24e8c1d39_s.png
Maxima,"Šiukšlių maišai VORTEX DRAWSTR GREEN, 35 l, 15 vnt., 1 vnt.",1.69,https://cdn.barbora.lt/products/ce9490e1-183d-44a7-a1cc-b70cc73809d1_s.png
Maxima,"Dubenėlis ILAJA CLEAR, 9 cm",1.29,https://cdn.barbora.lt/products/bfeddc94-0db0-414e-b690-d24db70513e0_s.png
Maxima,RASA INTENSE BODY CARE Maitinamasis rankų kremas 75 ml,4.69,https://cdn.barbora.lt/products/9c1e4de4-6a89-4844-b0ae-3c4efeab0aa2_s.png
Maxima,"Minkštas žaislas CANPOL BABIES SENSORY TOYS su garsu, 0+, 1 vnt.",4.79,https://cdn.barbora.lt/products/927cc08b-f989-400b-a47c-e29c938aad86_s.png
Maxima,4M Kristalų auginimas: raudoni kristalai,8.99,https://cdn.barbora.lt/products/94d259c4-7c7a-4dab-8d69-b65712c7d622_s.png
Maxima,"SUSLAVIČIAUS padažas MAJONEZAS IR KEČUPAS, 44 % rieb., 380 g",1.89,https://cdn.barbora.lt/products/120ceafd-373b-4d99-b84c-899ae4d43bf4_s.png
Maxima,"Kūno prausiklis FAITH IN NATURE GRAPEFRUIT & ORANGE, 400 ml",7.99,https://cdn.barbora.lt/products/cbfa1902-7e25-4f16-aa19-44cd0d9e2328_s.png
Maxima,"Paakių kaukė GARNIER, 1 vnt.",1.39,https://cdn.barbora.lt/products/cf6b3ae9-0d31-4357-8a64-0adf026325df_s.png
Maxima,"Moteriškas purškiamasis dezodorantas FA FEEL REFRESHED, 150 ml",4.49,https://cdn.barbora.lt/products/0251c774-791e-4679-a003-bef740b9c01d_s.png
Maxima,"Virta kiaulienos dešra WELL DONE su sūriu, a. r., 300 g",2.39,https://cdn.barbora.lt/products/182e863f-5d69-4c05-a50a-4f5a3a8af3e9_s.png
Maxima,"Plaukų purškiklis GARNIER FRUCTIS CURLS METHOD, 150 ml",6.49,https://cdn.barbora.lt/products/643853e2-44b4-4ca6-a534-fb34d7eb2de2_s.png
Maxima,"Burnos skalavimo skystis LISTERINE SMART RINSE, 500 ml, 500 ml",8.49,https://cdn.barbora.lt/products/94ec6e38-0802-43a9-869e-528143f8bdcf_s.png
Maxima,"Higieniniai paketai ALWAYS Platinum Secure Night, S4, 20 vnt.",5.59,https://cdn.barbora.lt/products/59cbeac6-f12b-46bf-ba46-daa4886ec716_s.png
Maxima,"Prikaistuvis su dangčiu 16cm, TEFAL",24.99,https://cdn.barbora.lt/products/ea9814e8-c9c6-406e-9a20-e7ff3888f484_s.png
Maxima,"Mediniai dantų krapštukai JORDA EXTRA THIN, 105 vnt.",2.89,https://cdn.barbora.lt/products/c499508b-3a21-46b5-8872-cc6af1322405_s.png
Maxima,"Birių produktų indas UNIWELL CLIP 1,3 L",4.99,https://cdn.barbora.lt/products/642a65c2-ec55-4aff-a00f-dbca427501fd_s.png
Maxima,"Kakavos skonio figurėlės INCO, 100 g",1.39,https://cdn.barbora.lt/products/fb9f6f74-50bb-4a77-b058-75bf52309152_s.png
Maxima,„Minecraft“ mini figūrėlės,1.79,https://cdn.barbora.lt/products/2f08d81f-c6af-42f5-a2bd-e0e144a4c9d8_s.png
Maxima,"Kūdikių šampūnas-prausiklis NEUTRAL BABY, 250 ml",3.89,https://cdn.barbora.lt/products/1db373a3-ae59-4725-b570-98c4bf7e2906_s.png
Maxima,"ELSEVE  plaukų serumas, 150ml",5.19,https://cdn.barbora.lt/products/d0336e7c-15f0-4feb-b5a7-ba9cc1e1d89c_s.png
Maxima,"ELSEVE  plaukų kaukė, 300ml",5.49,https://cdn.barbora.lt/products/1aeae2f2-8a33-432c-ab44-a8e252c7456f_s.png
Maxima,"ELSEVE  šampūnas, 400 ml",4.39,https://cdn.barbora.lt/products/d12135d8-cfde-4ff8-8eab-48ddeb24b471_s.png
Maxima,"ELSEVE Hyaluron Plump šampūnas, 1L",10.79,https://cdn.barbora.lt/products/df1ad847-c546-494d-81d3-5ec50b7c4afc_s.png
Maxima,"Vonios putos, DIVUS, 750ml",1.99,https://cdn.barbora.lt/products/958eeb32-d782-4287-a815-99dd69e86433_s.png
Maxima,"Tamsusis šokoladas LUKSS su vyšniomis ir migdolais, 90 g",2.09,https://cdn.barbora.lt/products/903e077e-8987-4324-831e-67dc39446e88_s.png
Maxima,"Kepinti anakardžių riešutai SEEBERGER, 150 g",4.49,https://cdn.barbora.lt/products/f95b0094-6d6d-4a14-9540-e5b341485ce2_s.png
Maxima,MARGARITA COSMOS ORGANIC šampūnas ūdo medienos aromato 400 ml ,6.99,https://cdn.barbora.lt/products/27894000-666e-4765-80e2-2f311c0d39a1_s.png
Maxima,"Skystas muilas DIVUS Migdolai, 500 ml",1.99,https://cdn.barbora.lt/products/4d32801a-7f09-448b-9dad-1482da3f78a2_s.png
Maxima,"Karvių pieno sūris su kardamonu TINE JULEBRUNOST, 26 % rieb., 500 g",6.99,https://cdn.barbora.lt/products/7bb58b0b-d86e-4022-8780-b749abdf2726_s.png
Maxima,"Plaukų lakas TAFT 10 Carat Shine, 250 ml",3.89,https://cdn.barbora.lt/products/334ea777-0ffe-4e82-8a58-854e82ada399_s.png
Maxima,"Losjonas po skutimosi GILLETTE Revitalizing, 100ml",9.29,https://cdn.barbora.lt/products/c5791e89-1fe6-4531-aa42-54291faa9129_s.png
Maxima,"Vyriškas plaukų šampūnas SCHAUMA su apyniais, 400 ml",4.59,https://cdn.barbora.lt/products/01ed54b1-1ad9-46a2-9d62-804a81e16cf2_s.png
Maxima,"Moteriškas rutulinis antiperspirantas FA PINK PASSION, 50 ml",4.49,https://cdn.barbora.lt/products/402db676-11ee-49d1-9ee3-b539f1096925_s.png
Maxima,"Kepsnių prieskoniai SANTA MARIA BBQ & GRILL MESQUITE, 85 g",2.94,https://cdn.barbora.lt/products/d4296736-af67-4463-8a52-effac7300869_s.png
Maxima,"Žaliųjų citrinų ir pipirų prieskoniai malūnėlyje SANTA MARIA, 90 g",3.24,https://cdn.barbora.lt/products/2a6f2283-e926-41a7-aabc-82c29f99fcb0_s.png
Maxima,"Vaikiškas šampūnas HIPP BABY SANFT, 200 ml",3.65,https://cdn.barbora.lt/products/a8b555c6-1c3f-4c54-9e3b-86e6ccba299d_s.png
Maxima,"Skustuvas GILLETTE FUSION, 1 vnt.",13.29,https://cdn.barbora.lt/products/9b309e3b-5c31-4ff8-98b1-1784d9e391f4_s.png
Maxima,"Indų ploviklis PUR BALSAM ALOE VERA, 450 ml",1.39,https://cdn.barbora.lt/products/86578c00-2509-4b78-a2a2-3a0f0221e597_s.png
Maxima,"Plaukų pudra TAFT Volume, 10 g",4.85,https://cdn.barbora.lt/products/07652b66-80b7-44e8-817e-1ad7a075edaf_s.png
Maxima,"Skustuvo galvutės GILLETTE FUSION Proglide, 4vnt.",23.99,https://cdn.barbora.lt/products/45b4cda7-5e43-4ba3-81fe-492f3bb84ad2_s.png
Maxima,"Atšild. balt.blyšk. krevetės (Litopenaeus vanname), nevirtos, 1 kg",8.99,https://cdn.barbora.lt/products/e0c077bb-595d-48b2-a4f1-a5d7d2f8b6e7_s.png
Maxima,"Stalo žaidimas MONOPOLIS, 1 vnt.",22.49,https://cdn.barbora.lt/products/cf9e6055-7429-489b-bf07-ff96ea2261e5_s.png
Maxima,"Šokoladukų rinkinys KINDER MAXI MIX su žaislu, 133 g",10.99,https://cdn.barbora.lt/products/b5e2fddb-5762-4542-b50b-1cb40fe8aded_s.png
Maxima,"Puodelis AURORA WHITE HOME, 500 ml, 1 vnt.",2.99,https://cdn.barbora.lt/products/e365ee8e-9fa5-4f27-a18b-309df1a70983_s.png
Maxima,"Plaukų lakas TAFT Invisible Power, 250 ml",3.89,https://cdn.barbora.lt/products/4b893be6-5f37-44f0-98ba-3526ceb3ff8e_s.png
Maxima,"Puodelis AURORA BASIC 370 ml, stiklinis",1.79,https://cdn.barbora.lt/products/1c58c96f-b11d-4d29-b740-ea800314f68c_s.png
Maxima,"Hermetiškas indelis BORGONOVO IGLOO, 21,5 cm, 2500 ml, 1 vnt.",9.99,https://cdn.barbora.lt/products/4ead0ad7-0538-425a-9291-97b5a63537aa_s.png
Maxima,"Hermetiškas indelis BORGONOVO IGLOO, 22 cm, 1 vnt.",12.49,https://cdn.barbora.lt/products/de060cbd-4d3c-40f6-90f1-d7d11cbd28ae_s.png
Maxima,"Šokoladinių saldainių rinkinys ROSHEN ASSORTMENT ELEGANT, 145 g",2.39,https://cdn.barbora.lt/products/67d18c40-19aa-4e5c-81a3-cf4555202177_s.png
Maxima,"Vyriška dušo želė PALMOLIVE MEN REVITALIZING SPORT, 750 ml",9.99,https://cdn.barbora.lt/products/f83ea159-b356-407a-b551-486651766ae0_s.png
Maxima,"Skutimosi putos NIVEA MEN SENSITIVE COOL jautriai odai, 200 ml",5.49,https://cdn.barbora.lt/products/896c053a-95db-4c63-a4d3-8d2d468906ae_s.png
Maxima,"Burnos skalavimo skystis ORAL-B Pro-Expert Professional Protection, 500 ml",4.75,https://cdn.barbora.lt/products/c3fcdca5-f0a2-41ed-856b-d5b113fd45f3_s.png
Maxima,MARGARITA micelinis vanduo su šermukšnių ekstraktu ir biokolagenu 200 ml,4.99,https://cdn.barbora.lt/products/45dcd022-dde5-43e7-9d91-3cde9c890320_s.png
Maxima,"Drėkinamasis kūno kremas NIDA su alavijų ir agurkų ekstr., 150 ml",2.15,https://cdn.barbora.lt/products/3b045ee9-d568-4bc1-83e3-49dec66dd49a_s.png
Maxima,"Vyriškas rutulinis dezodorantas WELEDA MEN, 50 ml",9.99,https://cdn.barbora.lt/products/0b82bd4e-0fe6-4eb9-a8cc-b2e5c96c222c_s.png
Maxima,ECODENTA juodas balinamasis burnos skalavimo skystis su juodąją anglimi 500 ml,6.35,https://cdn.barbora.lt/products/2b522863-1c20-4240-9bfa-bd3029ab00e6_s.png
Maxima,"WC valiklis BREF EXCELLENCE COLOR AKTIV+ LAVENDER, 700 ml",2.49,https://cdn.barbora.lt/products/a4a7e994-92d7-4522-96ea-baae660eac8c_s.png
Maxima,"Dušo želė FA FIJI DREAM, 250 ml",3.89,https://cdn.barbora.lt/products/ca79f68f-15f3-4b3d-b64c-5d2cae08199f_s.png
Maxima,"Micelinis vanduo BIODERMA, 500 ml",16.79,https://cdn.barbora.lt/products/ba93ccc2-8016-4902-a036-5dc2ccea5a5d_s.png
Maxima,"Vyr. plaukų šampūnas-kondicionierius VĖJAS su gintaro ekst., 250 ml",2.19,https://cdn.barbora.lt/products/ec4c741c-7883-401f-a6fb-2dd1b5a3535a_s.png
Maxima,"NIVEA® Hairmilk Natural Shine žvilgesio suteikiantis šampūnas, 250 ml",4.79,https://cdn.barbora.lt/products/a2215b8c-04a0-432b-ac16-95016a0f0921_s.png
Maxima,"Kadagių uogos SANTA MARIA, 21 g",1.99,https://cdn.barbora.lt/products/8f0a9cfc-273c-4e31-8328-16dad0c8f397_s.png
Maxima,"Minkštas vaikiškas dantų šepetėlis ELMEX, 3-6 m., 1 vnt.",5.99,https://cdn.barbora.lt/products/e4dfbbbc-ecd5-414e-bbcf-e5745b8e35ab_s.png
Maxima,"Šokoladiniai saldainiai AFTER EIGHT, apelsinų skonio, 400 g",7.49,https://cdn.barbora.lt/products/a606b270-bae4-497d-b573-373200ea2cfd_s.png
Maxima,"Veido tonikas BIODERMA, 250 ml",14.99,https://cdn.barbora.lt/products/c8096efd-15b9-41a7-923a-99d3afb2e41f_s.png
Maxima,"Dantų pasta NIDA su bruknių ekstraktu, 100 ml",2.89,https://cdn.barbora.lt/products/be5e7e57-6227-4ca5-b596-e21d7091f8f1_s.png
Maxima,"Sauskelnės PAMPERS Premium Care, Small Pack, 0 dydis, 30 vnt.",5.19,https://cdn.barbora.lt/products/951b6951-c159-40ab-a1ca-0122bf07da85_s.png
Maxima,"Maitinamasis pėdų kremas GREEN FEEL'S, 75 ml",1.99,https://cdn.barbora.lt/products/60a78493-b290-40ed-98f4-09610ae75379_s.png
Maxima,"Dantų pasta RAPID WHITE „ANTI COLOR“, 75 ml",9.99,https://cdn.barbora.lt/products/850eeeed-0992-43eb-acd7-2807ccda3e41_s.png
Maxima,"NIVEA Q10 ENERGY lakštinė veido kaukė, prisotinta energizuojančio serumo, pavargusiai ir papilkėjusiai odai.",3.59,https://cdn.barbora.lt/products/3e39c37c-ff6f-4611-a655-6e433b757397_s.png
Maxima," Keptuvė UNIWELL INCSHEF, 20 cm",12.99,https://cdn.barbora.lt/products/56e14590-b5f3-4385-93f1-882758a53bba_s.png
Maxima,KILIG HYDRATING intensyviai drėkinantis gelinis kremas sausai veido odai 50 ml,10.59,https://cdn.barbora.lt/products/e25e0adc-ae04-450f-9c3e-1e055c1464d2_s.png
Maxima,ECODENTA organic dantų pasta jautiriems dantims ir dantenoms su druska 75 ml,6.59,https://cdn.barbora.lt/products/ec5eb9cb-73f4-46f4-825f-12ebcff852e3_s.png
Maxima,"Vyriškas pl.šampūnas-kondicionierius-dušo želė GREEN FEEL'S, 250 ml",2.99,https://cdn.barbora.lt/products/34c2e4b0-8a2e-4afc-b358-59bb60b6439d_s.png
Maxima,ECODENTA balinamoji dantų pasta jautriems dantims su omyadent 100 ml,5.85,https://cdn.barbora.lt/products/c29ad9f6-5567-4e1a-a0d2-ed141217e33b_s.png
Maxima,ECODENTA apelsinų skonio juoda balinamoji dantų pasta 100 ml,4.99,https://cdn.barbora.lt/products/89a336f4-ae6d-445e-ad89-9502fb12c1e9_s.png
Maxima,"NIVEA dezodorantas antiperspirantas moterims Fresh Citrus, 150 ml",4.79,https://cdn.barbora.lt/products/6f75494a-9245-4a13-9fc0-1715843335d5_s.png
Maxima,"Marinuoti mažieji aštuonkojai LOCAS, 200 g",4.99,https://cdn.barbora.lt/products/b19b5a68-2cb4-4201-b675-a687762a222b_s.png
Maxima,"Blakstienų tušas MAYBELLINE LASH,juodas, 1 vnt.",13.99,https://cdn.barbora.lt/products/4cded750-09b4-46b2-a617-6b211367596d_s.png
Maxima,MARGARITA Švelnus šampūnas su mėlynių ir šalavijų ekstraktais 400ml,4.25,https://cdn.barbora.lt/products/2a0d3953-4a80-4412-a226-16e26d2cc758_s.png
Maxima,"Prieskonių mišinys VEGETA NATUR SHASHLIK, 20 g",0.48,https://cdn.barbora.lt/products/2fc4df0e-4adf-4cf5-8aea-a5b40208c376_s.png
Maxima,"Žolelių arbata ŽOLYNĖLIS VYRAMS, 30 g",1.49,https://cdn.barbora.lt/products/84b6321c-a1cc-4db0-8d02-0db942674081_s.png
Maxima,"Vonios druska AQUA AMBER su levandomis, 500 g",1.59,https://cdn.barbora.lt/products/4672fe4e-da6d-4cdb-9771-6f7c2228574a_s.png
Maxima,"Šviežia plonai pjaustyta kiaulienos šoninė WELL DONE, 300 g, 300 g",2.29,https://cdn.barbora.lt/products/5840bd18-01fa-44a9-973b-fa1ef5ed611b_s.png
Maxima,"Sūdyti skrudinti migdolai SEEBERGER, 150 g",4.69,https://cdn.barbora.lt/products/3b77d6bd-7210-4a73-a134-704c1515a922_s.png
Maxima,"Nuotolinio valdymo pultas BO INTERACTIVE, 1 vnt.",7.19,https://cdn.barbora.lt/products/e11d8bcf-0ef1-4dcf-9d32-429f02a8d893_s.png
Maxima,"Dušo gelis OLD SPICE Whitewater, 675ml",4.99,https://cdn.barbora.lt/products/828189d6-828d-45ba-82fb-245d1b2d7b33_s.png
Maxima, Trintuvė su rankena UNIWELL,2.99,https://cdn.barbora.lt/products/dbc3faa2-3241-4e97-8e3f-c2492b2ce468_s.png
Maxima,"Higieniniai paketai ALWAYS Ultra Secure Night, S4, 6 vnt.",1.99,https://cdn.barbora.lt/products/b1fca54e-51dc-45ed-a5e8-157c0299552e_s.png
Maxima,MARGARITA Plaukų balzamas su alaus mielių ekstraktu ir keratinu 200ml,4.35,https://cdn.barbora.lt/products/8815dc2a-6536-4696-915f-699b22eccaff_s.png
Maxima,"Plaukų kondicionierius SCHAUMA REPAIR&CARE, 250 ml",3.69,https://cdn.barbora.lt/products/0c5e4212-9fcf-45f6-b443-54efd39c504c_s.png
Maxima,"Dušo gelis OLD SPICE Tiger Claw, 400ml",3.45,https://cdn.barbora.lt/products/5f8514db-b5cf-400b-9c8c-5a26ebe738f5_s.png
Maxima,"Moteriškas rutulinis dezodorantas GARNIER, 50 ml",4.99,https://cdn.barbora.lt/products/d84a11fd-bae3-45ef-8caa-ec9a6a3a70bf_s.png
Maxima,"Moteriškas rutulinis dezodorantas GARNIER , 50 ml",4.99,https://cdn.barbora.lt/products/7b4e8cd9-8a3f-4725-a0c1-8699de6ef90e_s.png
Maxima,"Sviestiniai florentinai HENRY LAMBERTZ, 150 g",3.49,https://cdn.barbora.lt/products/42761b79-f8f1-49a8-9bae-6da9c734d43d_s.png
Maxima,"Vyriškas purškiamasis dezodorantas INSETTE DARK, 150 ml",1.49,https://cdn.barbora.lt/products/fa684e7f-ddb9-4c1b-96c3-1ae7c8526ef5_s.png
Maxima,"NIVEA Lip lūpų balzamas, 5,2 g",5.09,https://cdn.barbora.lt/products/35ae0411-e85a-41d3-b411-7bd84a7b4623_s.png
Maxima,"NIVEA Fresh Sensation rutulinis dezodorantas antiperspirantas moterims, 50 ml ",4.79,https://cdn.barbora.lt/products/290a0642-bc49-43ef-82e9-17365008e9e2_s.png
Maxima,"Palmių vaško žvakė NICHE, 1 vnt.",3.49,https://cdn.barbora.lt/products/753792ad-0e3e-42ba-b699-c388a2e83b94_s.png
Maxima,"Muilas vaikams TINDI su kviečių gemalų aliejumi, 90 g",1.49,https://cdn.barbora.lt/products/d97e8dbe-5214-4975-8127-74a2ae6d2299_s.png
Maxima,"Dantų pasta ORAL-B Pro Expert, Healthy White, 75ml",3.05,https://cdn.barbora.lt/products/ac612401-fc44-4f24-9ec0-bb20f4ddd454_s.png
Maxima,"Pipirų mišinys SANTA MARIA, 258 g",4.44,https://cdn.barbora.lt/products/027af7a7-2034-42a7-842d-14ba2ff9e6bd_s.png
Maxima,"Lazdelės su sausainių skonio glaistu POCKY, 40 g",1.49,https://cdn.barbora.lt/products/e42cd200-73dc-4f38-9cbb-71c7968337f3_s.png
Maxima,"Grūsti juodieji pipirai SANTA MARIA, 217 g",4.99,https://cdn.barbora.lt/products/f341815d-ff9b-4d40-bea3-b6c4de601e3e_s.png
Maxima,"Dušo želė DOVE ADVANCED CARE DEEPLY NOURISHING, 400 ml",7.69,https://cdn.barbora.lt/products/a351d885-8412-4803-a120-a60db3e1548e_s.png
Maxima,"Dušo želė DOVE HYDRATE, 450 ml",7.59,https://cdn.barbora.lt/products/f9f0fa1c-6f1b-449d-b0d8-e2e7a8b35d77_s.png
Maxima,"Pieninis šokoladas LACMI su žemės riešutais ir karamele, 87 g",1.13,https://cdn.barbora.lt/products/6632cd6c-2359-48dd-8eb5-ab238babd872_s.png
Maxima,"HISKIN Crazy Hair Minkštinantis kondicionierius sausiems ir pažeistiems plaukams su bananų aromatu,",6.99,https://cdn.barbora.lt/products/12a3c779-6fa8-4699-9241-5c64431ef03c_s.png
Maxima,"Dušo želė PALMOLIVE NATURALS JASMIN, 500 ml",6.39,https://cdn.barbora.lt/products/5e669686-21c0-49c4-9a9c-ede7274f075e_s.png
Maxima,"ELSEVEkondicionierius, 200ml",3.19,https://cdn.barbora.lt/products/b3030b81-9724-4a16-a2c4-b5f39958ebf1_s.png
Maxima,"Fructis Keratin Sleek šilumos suaktyvinamas serumas plaukams, 50ml",6.49,https://cdn.barbora.lt/products/afdb3c88-85d3-4b00-9d77-1e0f3de5cd93_s.png
Maxima,"Juod XL alyvuogės be kauliukų WD 330g, 330 g",1.59,https://cdn.barbora.lt/products/1eb6a214-df3f-4e04-86d3-d6d7d25224f2_s.png
Maxima,"PALMOLIVE dušo želė  Skin Radiance Avocado Honey, 500ml",6.49,https://cdn.barbora.lt/products/e66fdda3-4bdb-479e-8d4a-93ac2a3c5746_s.png
Maxima,"Dušo gelis OLD SPICE Night Panther, 675ml",4.99,https://cdn.barbora.lt/products/424b330e-808d-4cc7-8618-8ded64c144cd_s.png
Maxima,"Skystas muilas IEVA acai uogų ir migdolų 0,5 L",4.79,https://cdn.barbora.lt/products/1997ce80-5ae2-4b22-88bb-4e95a97f777e_s.png
Maxima,"Virtuvinių rankšluosčių komplektas 2x40x70cm,3 diz",5.99,https://cdn.barbora.lt/products/8d882061-e3e4-44b1-be77-f78f715436f2_s.png
Maxima,"Menkių kepenų paštetas WELL DONE, 100 g",1.99,https://cdn.barbora.lt/products/787056bc-3273-476a-9540-55c38c1d73f5_s.png
Maxima,"Skystasis muilas DOVE ORIGINAL, 250 ml",3.99,https://cdn.barbora.lt/products/b48ddb57-a733-4e39-b6fe-f33d7116811e_s.png
Maxima,"Moteriškas purškiamasis dezodorantas REXONA ALOE VERA, 150 ml",4.29,https://cdn.barbora.lt/products/c6a5c836-90cd-4d9b-a0d6-6bcc69550c07_s.png
Maxima,"Plaukų šampūnas SCHAUMA 7 HERBS, 400 ml",4.59,https://cdn.barbora.lt/products/c825f05d-0dea-4cc1-a8da-e5e6bad6d584_s.png
Maxima,"Stiklinis dangtis UNIWELL EDAY, 24 cm, 1 vnt.",5.99,https://cdn.barbora.lt/products/0bcefe2c-7237-4889-81b9-2175989edb2a_s.png
Maxima,"Juodieji pipirai su druska malūnėlyje SANTA MARIA, 110 g",2.97,https://cdn.barbora.lt/products/2b7a719d-157d-4427-83dd-0c11be683320_s.png
Maxima,"NIVEA® 2in1 Express šampūnas ir kondicionierius, 250 ml",4.79,https://cdn.barbora.lt/products/1f17d521-aae0-47ab-a664-799d6b2dec9f_s.png
Maxima,"NIVEA Dušo želė vyrams  SENSITIVE, 250 ml",4.19,https://cdn.barbora.lt/products/09c8f7d2-6efe-40c1-9a58-ec8e31dcc64a_s.png
Maxima,"Česnakų spaudyklė TESCOMA PRESTO, 1 vnt.",8.99,https://cdn.barbora.lt/products/f365fab9-4992-4b08-8a6c-83add3a07fa3_s.png
Maxima,"Fiksuojamasis dantų protezų kremas BLEND A DENT Complete Strong Hold, Fresh Flavor, 47 g",7.99,https://cdn.barbora.lt/products/9d705175-8219-44bf-98aa-6029564e12ca_s.png
Maxima,"Blakstienų tušas MAYBELLINE COLOSSAL BLACK, 10,7 ml",12.99,https://cdn.barbora.lt/products/bc9b5d77-9161-460a-81d0-327ccfc003f3_s.png
Maxima,"Dantų šepetėlis PARODONTAX EXTRA SOFT, 1 vnt.",4.19,https://cdn.barbora.lt/products/d634cb81-6ca1-4bfe-9066-9bf08cc4dfd6_s.png
Maxima,"Duonos kepimo indas SIMAX, 28,5 x 12 x 7,6 cm, 1 vnt.",7.49,https://cdn.barbora.lt/products/3fdbe62b-d726-4c0b-9a4d-93cbaa3e4b22_s.png
Maxima,"Vyriški vienkartiniai skustuvai WILKINSON SENS, 4 vnt.",4.79,https://cdn.barbora.lt/products/39a02008-aac8-4fc8-91ad-a759e631c62a_s.png
Maxima,"Vyr.skutimosi peiliukai LASER STAINLESS, 5 vnt.",0.29,https://cdn.barbora.lt/products/7ed5c11c-c5ef-45de-9538-e98ba4ef9caa_s.png
Maxima,"Plastikinis dubuo ILAJA, 2,5 l",1.49,https://cdn.barbora.lt/products/160af6ee-55cf-4edf-8ff3-3152cd91e0d1_s.png
Maxima,"Žolelių arbata ŽOLYNĖLIS GRACIJA SISTEMA, 40 g",1.79,https://cdn.barbora.lt/products/d32d4322-6b58-4da4-af8e-49ebf883e916_s.png
Maxima,"Dantų pasta BIOREPAIR PRO WHITE, 75 ml",7.29,https://cdn.barbora.lt/products/13543a52-40d4-4015-9253-d6a02aa9b464_s.png
Maxima,"The Doctor Health & Care Levandų vonios druska, 500 g",2.49,https://cdn.barbora.lt/products/b1a4a5e5-f2c4-4b3e-8361-285480dfc5b6_s.png
Maxima,MARGARITA Universalus kūno kremas su šaltalankių aliejumi 200ml,4.25,https://cdn.barbora.lt/products/671846cd-c467-49be-bf15-3f00d04f88b9_s.png
Maxima,"Dantų pasta LACALUT WHITE & REPAIR, 75 ml",4.79,https://cdn.barbora.lt/products/790d063f-73ee-4ae0-a577-c14b7a99571d_s.png
Maxima,"Burnos skalavimo skystis ELMEX SENSITIVE, 400 ml",10.69,https://cdn.barbora.lt/products/66a96839-38d6-4d52-9616-7abb5f0e032c_s.png
Maxima,"Dantų šepetėlis JORDAN ULTIMATE YOU MEDIUM, 1 vnt.",2.39,https://cdn.barbora.lt/products/11bb4d24-dd4c-4ac8-89d9-26a9bdcf25dd_s.png
Maxima,"Skustuvai BIC PURE3 PINK LADY (4+2 vnt.), 6 vnt.",3.99,https://cdn.barbora.lt/products/b10692d5-7365-4c54-bb05-8e16c33f61e1_s.png
Maxima,"NIVEA MEN CREME kremas veidui, rankoms ir kūnui, 75 ml",4.19,https://cdn.barbora.lt/products/94a36784-4fda-4b90-8af9-c5c8897d7db3_s.png
Maxima,Konditerinis švirkštas TESCOMA DELICIA,9.99,https://cdn.barbora.lt/products/4f811777-6374-4345-a377-e5c52d891abc_s.png
Maxima,"Kūno šveitiklis ORGANIC SHOP MANGO & SUGAR, 250 ml",4.39,https://cdn.barbora.lt/products/b18ee58b-ac19-405e-ae59-166416fa9018_s.png
Maxima,"Vienkartiniai skustuvai VENUS 3, 6vnt.",9.99,https://cdn.barbora.lt/products/465797b9-21c0-4351-8c67-8d63f344ebf1_s.png
Maxima,"Depiliacinis veido kremas BYLY DEPIL ALOE VERA, 5 vnt",3.49,https://cdn.barbora.lt/products/1c948ee1-71a2-4e3d-b0fd-24dbfbbb561f_s.png
Maxima,"Juodieji eršketų ikrai, 50 g",34.99,https://cdn.barbora.lt/products/c03a3dbb-9ec6-4d58-b3aa-8010e20e703c_s.png
Maxima,Peilių galąstuvas FISKARS ESSENTIAL,16.99,https://cdn.barbora.lt/products/5c761ff7-0c62-4f6d-8ade-a80b7912fadd_s.png
Maxima,"Zefyrai LAIMA MAIGUMS su juodųjų serbentų įdaru, 185 g",3.49,https://cdn.barbora.lt/products/2fc8e65a-a27f-4de5-9308-11da75ecd3d2_s.png
Maxima,"Skutimosi želė NIVEA MEN SENSITIVE COOL jautriai odai, 200 ml",6.69,https://cdn.barbora.lt/products/7ce642e8-0d25-457e-b57a-7da61377ad99_s.png
Maxima,"Mokomasis išmanusis šuniukas FISHER PRICE, 1 vnt.",35.99,https://cdn.barbora.lt/products/0457abfa-daf5-49ee-912d-59cfedce71de_s.png
Maxima,"Purškiamas dezodorantas OLD SPICE Wolfthorn, 150ml",3.15,https://cdn.barbora.lt/products/175ddbb8-c26a-465a-97b4-10a99a901c5b_s.png
Maxima,"Veido kaukė su hialuronu SCHAEBENS, 2 vnt.",1.85,https://cdn.barbora.lt/products/951964da-bb12-4ef9-b6b8-2ca035f479cd_s.png
Maxima,"Veido tonikas NIDA su alavijų ekstraktu, 150 ml",2.49,https://cdn.barbora.lt/products/3b005dac-1994-418c-afe1-757d6161beea_s.png
Maxima,"Universalus kūno kremas NIDA su kviečių gemalų aliejumi, 150 ml",2.15,https://cdn.barbora.lt/products/e373061b-220d-4bfc-a488-1abd78378905_s.png
Maxima,"Dažytų plaukų šampūnas NIDA su gintaro ekstraktu, 250 ml",2.19,https://cdn.barbora.lt/products/c7e3facc-0bba-4500-9629-1f0cff96eae0_s.png
Maxima,"Sausų plaukų šampūnas NIDA su kviečių baltymais, 250 ml",2.19,https://cdn.barbora.lt/products/2655a6f4-5333-4932-857f-5535f9198e35_s.png
Maxima,"Aštrusis SUSLAVIČIAUS pomidorų kečupas, 500 g",1.68,https://cdn.barbora.lt/products/067b1b59-a759-4428-b861-bd73b19bfacd_s.png
Maxima,MARGARITA gaivinamasis veido tonikas su alavijų ekstraktu 200 ml,4.25,https://cdn.barbora.lt/products/5d1101e1-0800-4ea6-bb52-8e77a8bcbff2_s.png
Maxima,"Kasdieniniai įklotai BELLA IDEALE, 28 vnt.",1.69,https://cdn.barbora.lt/products/8f81549c-791b-4dd2-af79-260131f3ed5a_s.png
Maxima,"Vyriškas riebių plaukų šampūnas VĖJAS su dilgėlių ekstraktu, 250 ml",2.19,https://cdn.barbora.lt/products/989b53d5-81b3-4e28-abd2-791f67a25460_s.png
Maxima,KILIG NOURISHING veido kremas su dvigubu maitinimo efektu 50ml ,10.99,https://cdn.barbora.lt/products/19ad2093-57b2-4b45-936c-c25d6c2069c7_s.png
Maxima,"Dušo želė FA FIJI DREAM, 400 ml",4.99,https://cdn.barbora.lt/products/3148e7d2-81ab-40be-b217-7007962ce424_s.png
Maxima,"Valomasis vanduo į raudonį linkusiai odai BIODERMA SENSIBIO H2O AR, 250 ml",14.49,https://cdn.barbora.lt/products/53afd742-fdef-4c7c-ba9c-8e13bb50cac2_s.png
Maxima,"Veido kremas BIODERMA, 40 ml",19.99,https://cdn.barbora.lt/products/31793081-7fcb-487b-8040-2a848984c223_s.png
Maxima,"Vyriškos kojinės SKINIJA, 43-46 dydis, 1 vnt.",2.15,https://cdn.barbora.lt/products/a39018d0-47ce-449c-bc24-91f0fd69e774_s.png
Maxima,"Vyriškos kojinės SKINIJA, 43-46 dydis, 1 vnt.",1.73,https://cdn.barbora.lt/products/36da2eff-c284-477f-b4d3-c84fb26175b7_s.png
Maxima,"Juodojo šokolado dražė LAIMA, mėlynių skonio, 140 g",2.79,https://cdn.barbora.lt/products/03468ad2-a58a-4626-b92a-56ebb61cad99_s.png
Maxima,"Stiklinis arbatinukas UNIWELL, 1000 ml, 1 vnt.",11.99,https://cdn.barbora.lt/products/5cc17733-c002-4e76-ba73-cd243f111cd0_s.png
Maxima,"Kavinukas UNIWELL EDAY, 1000 ml, 1 vnt.",7.99,https://cdn.barbora.lt/products/81b3afbd-785c-4f32-8246-7e8605102257_s.png
Maxima,"Dušo gelis OLD SPICE Deep Sea, 400ml",3.15,https://cdn.barbora.lt/products/8756fd0a-8604-4e53-b5be-5518ffd189e1_s.png
Maxima,"Skustuvo galvutės VENUS Extra Smooth Sensitive, 4vnt.",23.99,https://cdn.barbora.lt/products/877c3541-1d8f-4800-89e3-21edbeea5dae_s.png
Maxima,"Baltų audinių skystasis skalbiklis BALANCE, 1.5 l",6.09,https://cdn.barbora.lt/products/13d0c34d-b1cb-4f35-a78c-16549b8a301a_s.png
Maxima,"WC valiklis-gaiviklis BREF BRILLIANT GEL SPRING RAIN, 126 g",4.49,https://cdn.barbora.lt/products/21b0f979-d11f-4c6f-945d-c74007ba1c76_s.png
Maxima,"Mokomasis žaidimas BO EDUCATIONAL ABĖCĖLĖ, 1 vnt.",4.79,https://cdn.barbora.lt/products/5e69671d-7829-4b1d-b037-2443f0b417ad_s.png
Maxima,KILIG MOISTURIZING intensyviai plaukus drėkinanti kaukė su betainu 200 ml,5.29,https://cdn.barbora.lt/products/e3e311a5-0186-4fad-b741-1ed1004ba64c_s.png
Maxima,"Lakštinė lūpų kaukė GARNIER , 1 vnt.",1.55,https://cdn.barbora.lt/products/80303bb7-01ce-43a0-9a35-9c48a5ed74e6_s.png
Maxima,"Dušo želė VIVIAN GRAY YLANG&VANILLA, 300 ml",6.99,https://cdn.barbora.lt/products/b325d023-d1d2-4035-bcbd-948f5717b08a_s.png
Maxima,"Vytintos kiaulienos lazdelės, 70 g",2.79,https://cdn.barbora.lt/products/bee133e6-f2f6-4597-a7a9-d4bcffcaddc1_s.png
Maxima,"Vyriškos kojinės SKINIJA, 43-46 dydis, 1 vnt.",2.69,https://cdn.barbora.lt/products/35159392-5c8f-4b45-b1cc-2c102db356af_s.png
Maxima,"Rankų ir kūno kremas GREEN FEEL'S, 200 ml",5.99,https://cdn.barbora.lt/products/88924548-bf2c-4425-b4bd-77a8623c2bb6_s.png
Maxima,"Šiukšlių maišai VORTEX FLEXY DRAWSTR, 35 l, 15 vnt.",3.29,https://cdn.barbora.lt/products/ef0dc2c1-58dc-4ee1-9624-fcf5d2b9e6c1_s.png
Maxima,"Šokoladiniai saldainiai AFTER EIGHT, braškių skonio, 400 g",7.49,https://cdn.barbora.lt/products/18b22f4f-5808-4797-b41d-fdd420d5509a_s.png
Maxima,Kūdikių vonios žaislai YW248553,2.39,https://cdn.barbora.lt/products/718fc062-51b7-49bd-bb37-f8c955fce634_s.png
Maxima,"Automobilių oro gaiviklis WILD BLACK PANTHER, 1 vnt.",1.29,https://cdn.barbora.lt/products/37de7bf0-f924-42d0-b51d-5a6ba460865b_s.png
Maxima,"Peilis duonai PRESTO, 20 cm",6.99,https://cdn.barbora.lt/products/89bd3ae9-420e-4428-8f5f-800c1b3849e6_s.png
Maxima,"Palmių vaško žvakė CANDLE FAMILY EMMA, 1 vnt.",3.49,https://cdn.barbora.lt/products/3a8d360d-b4d9-4cca-a251-e4994e2fbf1b_s.png
Maxima,"Plaukų kondicionierius GARNIER FRUCTIS HAIR , 350 ml",5.19,https://cdn.barbora.lt/products/5c79abf6-815e-4c07-b77c-adcc555e7d82_s.png
Maxima,ARAS 3IN1 ŠAMPŪNAS-KONDICIONIERIUS IR DUŠO ŽELĖ 250 ML,3.49,https://cdn.barbora.lt/products/3739ae25-3644-41d8-9a27-b39576706d7e_s.png
Maxima,"Palmių vaško žvakė CANDLE FAMILY ALLURE, 10 cm, 1 vnt.",3.49,https://cdn.barbora.lt/products/6a4c330a-402b-4b5a-8021-b9dc53ca89ff_s.png
Maxima,"Maža figūrėlė GABBY´S DOLLHOUSE, 1 vnt.",3.59,https://cdn.barbora.lt/products/c5932919-a6e6-4703-8362-b88785166f1e_s.png
Maxima,"Surimio lazdelės su garstyčių padažu VIČI, 200 g",1.61,https://cdn.barbora.lt/products/bc4fdb24-d61a-4c34-8fd5-34ec071106c9_s.png
Maxima,"Dantų pasta COLGATE FIRST SMILES, 0-5 metai, 50 ml",2.85,https://cdn.barbora.lt/products/660c665b-3407-4804-baad-00f01d94fecf_s.png
Maxima,"Plaukų kaukė GLISS 4IN1 Repair, 400 ml",4.74,https://cdn.barbora.lt/products/679916cb-521c-40fc-829e-87c5bc72012a_s.png
Maxima,"Plaukų kondicionierius PANTENE Bond Repair, 160 ml",6.99,https://cdn.barbora.lt/products/679fb151-b2c9-4658-bbb1-6daee8d172b3_s.png
Maxima,"Vytinta ispaniška šoninė ESPANA, nerūš., 80 g",2.29,https://cdn.barbora.lt/products/82f29295-ae78-4653-93cc-c29fedbe7ef7_s.png
Maxima,"Kondicionierius GLISS Liquid Silk, 200ml",2.39,https://cdn.barbora.lt/products/5aacef83-feb0-4d7f-b9f3-5e977fb1a472_s.png
Maxima,"Pėdų kremas NEUTROGENA INTENCE REPAIR, 50 ml",5.99,https://cdn.barbora.lt/products/40968392-1379-49ee-a913-7517bc1209f2_s.png
Maxima,"ECODENTA KAKĖ MAKĖ Minkštas dantų šepetėlis vaikams, 3-7 m.",3.99,https://cdn.barbora.lt/products/6c3dceea-08f0-42ef-ac06-e744662af4b8_s.png
Maxima,ECODENTA dantenas sauganti dantų pasta su arbatmedžio aliejumi 100 ml ,6.35,https://cdn.barbora.lt/products/35ab1ae5-32a9-40ef-9d95-621268ef7c61_s.png
Maxima,ELSEVE  balzamas  200ml,3.19,https://cdn.barbora.lt/products/c91f64f5-218f-48b3-a4a3-f06889851dd0_s.png
Maxima,"Dušo želė DOVE REPLENESHING, 400 ml",7.69,https://cdn.barbora.lt/products/36240c9d-4fef-4944-9de2-c7e8f9b5ae2b_s.png
Maxima,"Dantų pasta COLGATE TOTAL GUM CARE&SENSITIVITY, 75 ml",4.49,https://cdn.barbora.lt/products/3893bf6a-4a58-4eb2-b5d5-317d33f0846d_s.png
Maxima,"Mot. pieštukinis dezodorantas REXONA INVISIBLE BLACK & WHITE, 50 ml",4.29,https://cdn.barbora.lt/products/b5705036-71e5-4e4d-a5fd-f6bb87faaebf_s.png
Maxima,Danų pasta COLGATE ADVANCE WHITE PURPLE 75 ml,4.99,https://cdn.barbora.lt/products/65a78e0c-5a59-4d58-9d32-e59d1ccc3f50_s.png
Maxima,"Vytinta ROKIŠKIO kiaulienos išpjova, a. r., 150 g",3.69,https://cdn.barbora.lt/products/5ee7209b-775f-4fe7-90a6-adc0281ff493_s.png
Maxima,"Žaliosios alyvuogės WELL DONE, įdarytos lašišų pasta, 280 g",1.49,https://cdn.barbora.lt/products/fe83a603-c512-40c5-ad9c-2ee9ef4a1889_s.png
Maxima,"Vyriška dušo želė PALMOLIVE MEN INTENS Spice Up, 750 ml",9.99,https://cdn.barbora.lt/products/b0ab8394-c02e-4fbf-af35-865b12fa7858_s.png
Maxima,"Peppa Pig vonios burbulai aviečių aromato, 5vnt x 50 g",6.99,https://cdn.barbora.lt/products/c9da5abb-115e-40ef-a618-e760844b6225_s.png
Maxima,"VASELINE lūpų balzamas Creme Brulee, 7 g",3.99,https://cdn.barbora.lt/products/945da5bb-5dcb-4003-9ab3-aa740a50c392_s.png
Maxima,"Vaikiška dušo želė PALMOLIVE SEA, 750ml",10.99,https://cdn.barbora.lt/products/bf35777d-625f-42fb-bbf2-e54476a73ac9_s.png
Maxima,Žaislinis robotas Pocket Titans,1.79,https://cdn.barbora.lt/products/238d4232-c0f9-4682-89f7-fc2f67efcd91_s.png
Maxima,"Plaukų kondicionierius AUSSIE Deep Hydration, 200 ml",9.99,https://cdn.barbora.lt/products/61736afe-0e51-4dcc-8a25-aea843ddae85_s.png
Maxima,"Higieniniai paketai ALWAYS Ultra Super Extra, S3, 7 vnt.",1.99,https://cdn.barbora.lt/products/5d01a41e-0cb1-49db-86c0-5666e4ed592d_s.png
Maxima,"Higieniniai paketai ALWAYS Ultra Super Plus, S2, 8 vnt.",1.99,https://cdn.barbora.lt/products/9acb8acb-08ab-415a-bc1c-4626ca23fcc6_s.png
Maxima,"Vyriškas purškiamasis dezodorantas REXONA COBALT, 150 ml",4.29,https://cdn.barbora.lt/products/c9d91c0e-356d-4253-bf56-31c398981c29_s.png
Maxima,"Žaliosios alyvuogės ITLV su lašišų įdaru, 300 g",1.86,https://cdn.barbora.lt/products/7504a511-d2ee-4cd9-bec0-a0c281da9447_s.png
Maxima,"Veido depiliavimo vaško juostelės „ Veet Easy Gel“, 20 vnt.",7.99,https://cdn.barbora.lt/products/0d5d2202-b862-406e-8907-1d8787a4a31f_s.png
Maxima,"Vienkartiniai skustuvai GILLETTE BLUE II PLUS, 5 vnt.",3.99,https://cdn.barbora.lt/products/920f7ad3-d93f-4444-8346-6f44386fed31_s.png
Maxima,"Tamponai BELLA, Regular 16 vnt.",1.39,https://cdn.barbora.lt/products/a1be57d5-ad41-4f40-97fa-5ea77cd786a7_s.png
Maxima,"Vienkartiniai skustuvai GILLETTE BLUE 3 Plus Comfort, 3 vnt.",4.69,https://cdn.barbora.lt/products/6d3c27a9-2634-4566-b809-d8ad91ae6816_s.png
Maxima,"Šefo peilis UNIWELL, 20cm, 1 vnt.",2.39,https://cdn.barbora.lt/products/eb49e382-69ee-4539-8024-7373892c853e_s.png
Maxima,"Lupimo peilis UNIWELL, 8 cm, 1 vnt.",1.49,https://cdn.barbora.lt/products/58e04f42-1ab5-47b4-82c7-a12c48a22668_s.png
Maxima,"NIVEA Dušo želė vyrams ACTIVE CLEAN, 250 ml",4.19,https://cdn.barbora.lt/products/f2f7bf05-7bef-44d1-a676-4a3d3d47b616_s.png
Maxima,"Plaukų lakas TAFT Ultimate, 250 ml",3.89,https://cdn.barbora.lt/products/9792bb0d-fff5-4429-a612-e0c5991fd734_s.png
Maxima,"Kūno depiliavimo juostelės BYLY DEPIL MINT & GREEN TEA, 20 vnt",4.55,https://cdn.barbora.lt/products/9cae5dc1-15f9-421d-b131-912d9f96e935_s.png
Maxima,"Automobilio oro gaiviklis WUNDER-BAUM, ARTIC WHITE, 1 vnt.",1.49,https://cdn.barbora.lt/products/c4bbec44-125e-4b7e-835b-a1dbc8f6b503_s.png
Maxima,"Lūpų balzamas CARMEX TUBE, 10 g",5.69,https://cdn.barbora.lt/products/168bfd76-d11c-4bd4-83b9-8b9d42578d6c_s.png
Maxima,"Plaukų šampūnas HEAD&SHOULDERS Nourish, 400ml",8.49,https://cdn.barbora.lt/products/ca2a232c-d54a-4538-8a6c-bae06c3ffda1_s.png
Maxima,"Dantų šepetėlis COLGATE 360° BLACK, 1 vnt.",4.19,https://cdn.barbora.lt/products/cc47faaf-68bd-4024-8856-08472db7386a_s.png
Maxima,"Plaukų šampūnas NATURA SIBERICA (WHITE CEDAR), 400 ml",7.99,https://cdn.barbora.lt/products/8a9b6ba9-cc37-4d0f-8f5a-bd0ce4d73e84_s.png
Maxima,"Intymios higienos prausiklis BELLA HYDRO NATURAL, 300 ml",2.25,https://cdn.barbora.lt/products/e77ca9f7-08b8-48d3-a49f-6fae7cec8a48_s.png
Maxima,"Dušo želė GREEN FEEL'S, 250 ml",2.69,https://cdn.barbora.lt/products/84e7a88d-931e-4fa1-9a10-678ee22e4f59_s.png
Maxima,"Moteriškas purškiamasis dezodorantas FA FIJI DREAM, 150 ml",4.49,https://cdn.barbora.lt/products/06f1bc93-edca-4f9b-965c-6649f1dcb25a_s.png
Maxima,"Plaukų kondicionierius GENERA su ramunėlėmis, 500 ml",1.89,https://cdn.barbora.lt/products/1f3b477a-e535-433f-a3d9-132aac80a84c_s.png
Maxima,"Juodieji pipirai malūnėlyje SAUDA, 100 g",5.03,https://cdn.barbora.lt/products/77c1cada-8b3f-4c5e-bfa2-916aa4501a3c_s.png
Maxima,"NIVEA® Hairmilk Shine kondicionierius, 200 ml",4.79,https://cdn.barbora.lt/products/cd381808-6ca3-4498-8680-2f3dc4511c97_s.png
Maxima,"Naktinis veido kremas GREEN FEEL'S, 50 ml",6.99,https://cdn.barbora.lt/products/7617d7c9-42f5-4314-ba34-9a30795ad137_s.png
Maxima,"NIVEA Olive drėkinamasis rankų kremas, 75 ml",3.79,https://cdn.barbora.lt/products/df7e8453-d31b-4359-bcbe-a9cae740eb70_s.png
Maxima,"Lūpų balzamas GREEN FEEL'S, 5 g",1.99,https://cdn.barbora.lt/products/82abf62b-f722-4161-a1b9-34c5dcc6399a_s.png
Maxima,"Purškiamas dezodorantas OLD SPICE Captain, 150ml",3.15,https://cdn.barbora.lt/products/17f8f706-c693-444d-ad64-d130812d2e24_s.png
Maxima,"Vaik.dantų šep. JORDAN GREEN CLEAN(5-10m.), ypač minkštas, 1 vnt.",3.39,https://cdn.barbora.lt/products/94897f94-57b3-4e6d-872a-8fe9350b0aca_s.png
Maxima,"Dantų pasta GREEN FEEL'S, 100 ml",4.99,https://cdn.barbora.lt/products/3b8f3f90-8ff1-409f-838d-fdaa1552bdad_s.png
Maxima,"Vyriškas plaukų šampūnas SCHAUMA 3IN1, 400 ml",4.59,https://cdn.barbora.lt/products/e921572d-0502-463f-85a8-2691c83bc44f_s.png
Maxima,"Vienkartinės lėkštės ILAJA SUGARCANE,23cm 10vnt",1.99,https://cdn.barbora.lt/products/aaf57124-2fe2-4c5d-9bcc-e9cdf3ac1dde_s.png
Maxima,"Dažom. plaukų kremas PALETTE INTENSIVE COLOR CR, Nr. 10-19, 1 vnt.",5.49,https://cdn.barbora.lt/products/c731dc17-ef27-43fd-bb5b-4224d75d0b9c_s.png
Maxima,"Sauskelnės-kelnaitės PAMPERS Pants, Mega Pack, 3 dydis, 128 vnt.",29.39,https://cdn.barbora.lt/products/74089d2a-9be8-4de6-9baf-ab4efaa415a0_s.png
Maxima,"Sauskelnės-kelnaitės PAMPERS Pants, Maxi Pack, 6 dydis, 36 vnt.",13.29,https://cdn.barbora.lt/products/4e803f3c-6ab3-431d-b22f-ceb6ed1eabed_s.png
Maxima,"NIVEA MEN ""FRESH KICK"" purškiamas antiperspirantas vyrams, 150 ml",4.79,https://cdn.barbora.lt/products/9db1a587-6e2d-4f5f-81ba-7774dae6cb3b_s.png
Maxima,"Šonkaulių prieskonių mišinys SAUDA, 197 g",3.21,https://cdn.barbora.lt/products/bd995663-30ce-476a-9352-f63c1a92793b_s.png
Maxima,Dulkių šluotelė SWIFFER mini rinkinys +4vnt,3.59,https://cdn.barbora.lt/products/14e44cf9-4162-4322-9b5d-7248db69be01_s.png
Maxima,"Vyriškas plaukų šampūnas GREEN FEEL'S ŽALGIRIS, 250 ml",4.29,https://cdn.barbora.lt/products/abc606b2-d4da-4ec1-8722-bd079b7de8fb_s.png
Maxima,"Vyr. vienkartiniai skustuvai WILKINSON XTREME3BLACK, 4 vnt., 4 vnt.",3.99,https://cdn.barbora.lt/products/25ee987a-9221-4b85-8726-774e88f63846_s.png
Maxima,"Higieniniai paketai BELLA BIO BASED ULTRA THIN NORMAL, 10 vnt.",2.79,https://cdn.barbora.lt/products/2b5e414a-153c-4881-bf16-a6ea9d186111_s.png
Maxima,MARGARITA Itin stiprios fiksacijos plaukų lakas su dilgėlių ekstraktu ir kolagenu 250ml,5.65,https://cdn.barbora.lt/products/588eaf09-e0e0-40f8-8262-d85c561e4e6c_s.png
Maxima,"Higieniniai paketai ALWAYS Platinum Normal, S1, 30 vnt.",5.59,https://cdn.barbora.lt/products/87ae8547-535d-4a3a-92b8-de04f12fde6f_s.png
Maxima,"Dantų pasta JORDAN MANGO MINT, 50 ml",3.49,https://cdn.barbora.lt/products/61a449af-4f84-4eb0-8c1f-f656b25f6dbf_s.png
Maxima,"Lengvai įsigeriantis rankų kremas NEUTROGENA, 150 ml",9.39,https://cdn.barbora.lt/products/0e978988-2c51-444f-8176-55703ecfe123_s.png
Maxima,"Vyriškas skutimosi gelis GILLETTE SOOTHING, 240 ml",5.79,https://cdn.barbora.lt/products/568a7a11-f1d8-4104-bfcf-03830038bf07_s.png
Maxima,"Ant pirštų maunamos marionetės YW248575, 1 vnt.",2.99,https://cdn.barbora.lt/products/f5aca65e-cdbd-493d-a790-4d05289d98b4_s.png
Maxima,KILIG RETINOL gelinė veido kaukė su retinoliu 3x7 ml,3.99,https://cdn.barbora.lt/products/254a4c79-66f0-4703-b2fe-721df6eea9b4_s.png
Maxima,"Vyriška dušo želė PALMOLIVE MEN INTENSE SPICE UP, 500 ml",6.29,https://cdn.barbora.lt/products/47c4bc79-1287-4d75-86cf-47c2d01f84ec_s.png
Maxima,"Plaukų kaukė GARNIER FRUCTIS, 320 ml",5.84,https://cdn.barbora.lt/products/28dde910-30ec-4e09-b1f1-acbe96170930_s.png
Maxima,"Dėmių valiklis RESQ (baltų audinių), 90 g",1.85,https://cdn.barbora.lt/products/122627ac-a898-4d38-9135-acc910847fa2_s.png
Maxima,"Interaktyvusis policijos automobilis BO, 1 vnt.",14.39,https://cdn.barbora.lt/products/c6b94640-c2fe-4313-b547-efabcccc4c9f_s.png
Maxima,"Puodelis su lėkštute AURORA WHITE HOME, 230 ml, 1 vnt.",2.49,https://cdn.barbora.lt/products/a27cc3dc-5311-413f-bc7a-ec72b1ee112e_s.png
Maxima," Keptuvė UNIWELL, 20 cm",10.99,https://cdn.barbora.lt/products/ff4fb209-fa73-46cf-a38a-469df72c740d_s.png
Maxima,"Moteriški vienkartiniai skustuvai DIVUS2, 5 vnt., 5 vnt.",0.95,https://cdn.barbora.lt/products/67b4b195-f88e-4c72-a16e-2244103f07c8_s.png
Maxima,"SUSLAVIČIAUS padažas MAJONEZAS & GARSTYČIOS, 47 % rieb., 370 g",1.89,https://cdn.barbora.lt/products/7121803b-6b0e-4b3d-9f6d-d0b191a83514_s.png
Maxima,Elektrinio dantų šepetėlio galvutės ORAL-B Cross Action Black Pro 4vnt,18.19,https://cdn.barbora.lt/products/0dfabc29-9438-432b-9e47-9fe6a2d9e79a_s.png
Maxima,"Plaukų šampūnas HEAD&SHOULDERS Menthol 2in1, 330 ml",8.49,https://cdn.barbora.lt/products/60079a46-9ba6-4068-b892-6ea31ce715ad_s.png
Maxima,"Moteriškas rutulinis dezodorantas FA FEEL REFRESHED, 50 ml",4.49,https://cdn.barbora.lt/products/30206450-8115-4472-a671-5503771f2947_s.png
Maxima,CL Kūrybinis rinkinys „Mini lavos lempa“,7.19,https://cdn.barbora.lt/products/4cbe29b5-8360-4007-8fd0-0dda61445418_s.png
Maxima,"Becukris juodasis šokoladas VALOR su migdolais, 150 g",4.29,https://cdn.barbora.lt/products/23197803-41ac-4dc9-8441-2d853fbac693_s.png
Maxima,"Akių pieštukas MAYBELLINE , Nr. 10, 1 vnt.",4.99,https://cdn.barbora.lt/products/a219e3b4-cb3e-4f00-ae74-0b617804e6b2_s.png
Maxima,"Vyriškas pieštukinis dezodorantas MENNEN SPEED STICK ALPINE, 50 g",4.49,https://cdn.barbora.lt/products/f7ccfb3b-660e-4f4f-aff2-cd01286a83ac_s.png
Maxima,"Mot. pieštuk.antiperspirantas LADY SPEED STICK INVISIBLE DRY, 40 g",4.49,https://cdn.barbora.lt/products/ba00f713-d073-4410-b632-339208ee9f85_s.png
Maxima,"Moteriškas purškiamasis antiperspirantas REXONA ADV.P.I.B&W, 150 ml",4.79,https://cdn.barbora.lt/products/75186977-cd18-4a7d-98ba-9e71e7a98376_s.png
Maxima,"Pudra kūdikių odos priežiūrai BUBCHEN SOS, 80 g",6.49,https://cdn.barbora.lt/products/c45dfec1-351c-4cd8-8077-2e37f78ff53f_s.png
Maxima,"Skutimosi peiliukai GILLETTE PLATINUM, 5 vnt., 5 vnt.",1.09,https://cdn.barbora.lt/products/699cb2bd-2315-400c-9e63-f0f41d0eef40_s.png
Maxima,Espresso šaukšteliai UNIWELL Brasio 6vnt,3.99,https://cdn.barbora.lt/products/6f307041-5478-42a3-999f-860c866fef0f_s.png
Maxima,"NEBULOUS STARS kūno lipdukai Body Gem, asort., 11451",4.79,https://cdn.barbora.lt/products/75c9733e-ea3b-411c-9a84-7977af8fc499_s.png
Maxima,"Sauskelnės-kelnaitės PAMPERS Pants, Maxi Pack, 7 dydis, 32 vnt.",13.29,https://cdn.barbora.lt/products/b3ce22d9-9892-42f7-a51b-49dad41334e5_s.png
Maxima,AQUAFRESH dantų pasta Little Teeth (3-5m) 50 ml,2.39,https://cdn.barbora.lt/products/c8b245af-3ba1-4692-95b1-f6dbf0b332e5_s.png
Maxima,"Rankų kremas NEUTROGENA NORWEGIAN FORMULA INTENSE REPAIR CIC, 50 ml",6.69,https://cdn.barbora.lt/products/ed1f6f41-52d7-4861-97fb-af655dfd5bfb_s.png
Maxima,ELSEVE  šampūnas 400ml,4.39,https://cdn.barbora.lt/products/d1be7d16-d43f-446a-8bc6-c03b77263620_s.png
Maxima,"Dantų pasta ELMEX SENSITIVE PLUS SENSITIVITY+GUM, 75 ml",9.59,https://cdn.barbora.lt/products/34981202-c5c0-4320-9d66-d2d76245d65e_s.png
Maxima,Vyriškas pieštukinis dezodorantas OLD SPICE EPIC LEGEND;50ml,3.15,https://cdn.barbora.lt/products/f6fa82e1-77ee-4e28-9233-4c8ee7ff49b0_s.png
Maxima,"Valgomieji ledai KAR KAR su kakaviniais sausainiais, 90 g",1.29,https://cdn.barbora.lt/products/9b3dcbf9-217a-49ee-bbbe-2979bbe7173a_s.png
Maxima,"Žaliosios alyvuogės LA ABUELA WELL DONE, 340 g",1.95,https://cdn.barbora.lt/products/e1101ea6-bd27-481c-9307-8e592e82e791_s.png
Maxima,"Higieniniai paketai ALWAYS Platinum Secure Night Extra, S5, 16 vnt.",5.59,https://cdn.barbora.lt/products/2af0ec27-3dd1-427b-a38b-d56def06ab98_s.png
Maxima,NIVEA MEN SENSITIVE POWER šampūnas plaukams vyrams 250 ml,4.49,https://cdn.barbora.lt/products/6c159e5f-fb3e-467a-a836-dcc3f0574dc0_s.png
Maxima,"Skystas muilas IEVA medaus ir avokado 0,5 L",4.79,https://cdn.barbora.lt/products/67354962-892d-47d6-827c-3b3186b3e4de_s.png
Maxima,"HAS PD Rinkinys „Gėlės“, asort.",4.79,https://cdn.barbora.lt/products/c84c76c8-2248-4e6e-b33c-d30799ed9cee_s.png
Maxima,NIVEA MEN STRONG POWER šampūnas plaukams vyrams 500 ml,7.99,https://cdn.barbora.lt/products/828377cc-478a-4acc-bc6d-4d0c1c3e16e4_s.png
Maxima,NIVEA pieštukinis antiperspirantas Derma Control Defend moterims 50 ml,5.39,https://cdn.barbora.lt/products/f4a48aaf-484f-450b-9394-f195e49f04bc_s.png
Maxima,"Plaukų šampūnas AUSSIE Oh My Gloss, 300 ml",9.89,https://cdn.barbora.lt/products/966cad40-341c-485b-8c84-282012ee38ca_s.png
Maxima,"Juodoji arbata CHRISTMAS CARNIVAL COLLECT. CHRISTMAS FANTASY, 75 g",9.99,https://cdn.barbora.lt/products/6f4cb86e-169d-47e8-a70e-5556de3887f3_s.png
Maxima,"Guminukai AMOS (CHRISTMAS SOCK), 88 g	",2.79,https://cdn.barbora.lt/products/67023a25-8aae-4e1e-9f23-d44eb56736df_s.png
Maxima,"Dažom. plaukų kremas PALETTE INTENSIVE COLOR CREME, Nr. 1-1, 1 vnt.",5.49,https://cdn.barbora.lt/products/9bb4eeae-cdb2-4361-bac5-cfae1ef9e2e5_s.png
Maxima,"NIVEA® Color Care hairspray, 250 ml",7.19,https://cdn.barbora.lt/products/4be90492-1a2b-4487-a259-c8c3cfe86c69_s.png
Maxima,"Skutimosi želė NIVEA MEN, 200 ml",6.69,https://cdn.barbora.lt/products/d70ab654-b2d4-4998-b7c5-2027be617dd0_s.png
Maxima,"Skystasis muilas DOVE FINE SILK, 250 ml",4.79,https://cdn.barbora.lt/products/217569d8-60b8-4f06-a9e2-26a084470f64_s.png
Maxima,"Kūdikių kūno aliejus JOHNSON'S BABY su alavijais, 200 ml",4.29,https://cdn.barbora.lt/products/8333c73e-2f7a-4ed1-bb62-0dd94672ef11_s.png
Maxima,"Virtas KLEBONIŠKAS kiaulienos vyniotinis, a. r., 1 kg",9.69,https://cdn.barbora.lt/products/1afd05cc-a2cd-42e2-8470-da3a81c33a3d_s.png
Maxima,"Universaliosios virtuvės žirklės TESCOMA PRESTO, 22 cm, 1 vnt.",5.99,https://cdn.barbora.lt/products/27db5a90-152e-40ea-a1f8-965034c7492b_s.png
Maxima,"Vaikiška prausimosi želė HIPP BABY SANFT, 400 ml",6.65,https://cdn.barbora.lt/products/81de1956-e0eb-49ec-ad81-41e45972c8aa_s.png
Maxima,"Stiklinis dangtis UNIWELL EDAY, 20 cm, 1 vnt.",4.99,https://cdn.barbora.lt/products/a49e0d6d-339e-49fe-92f4-ece465a25935_s.png
Maxima,"Burnos skalavimo skystis PARODONTAX, 500 ml",7.39,https://cdn.barbora.lt/products/809b9c06-d709-4643-b8bc-88e403c9e305_s.png
Maxima,"Dantų šepetėlis JORDAN INDIVIDUAL REACH SOFT, 1 vnt.",3.79,https://cdn.barbora.lt/products/a35e6fd7-8f01-4c74-825e-1d8740584c5b_s.png
Maxima,"Higieniniai paketai BELLA FOR TEENS SENSITIVE, 10 vnt.",1.19,https://cdn.barbora.lt/products/da951d86-b820-4dda-8fed-312c07cebf29_s.png
Maxima,"Plaukų šampūnas GLISS Ultimate Repair, 250 ml",2.39,https://cdn.barbora.lt/products/62b91902-94f4-457d-b2e1-1eb0b79f899a_s.png
Maxima," Atvirukas su voku, 1 vnt.",1.07,https://cdn.barbora.lt/products/bf2570de-8716-45ce-bd46-f92d8b137f01_s.png
Maxima,"Vyriškas rutulinis dezodorantas DOVE MAN INVISIBLE DRY, 50 ml",4.59,https://cdn.barbora.lt/products/487202c6-f017-4013-8ab9-ba052f2eef1b_s.png
Maxima,"Pagalvė ELDORADO HOME, 68 x 68 cm, 1 vnt.",13.99,https://cdn.barbora.lt/products/f65748e3-697c-4464-9e8e-badd3cf3bc53_s.png
Maxima,"Dantų pasta vaikams BRAŠKIŲ SKONIO BIOREPAIR, 50 ml., 0-6 m.",4.99,https://cdn.barbora.lt/products/b390d756-2aeb-45f2-9588-6dfea594814b_s.png
Maxima,"Hermetiškas indelis BORGONOVO IGLOO, 18 cm, 1 vnt.",8.99,https://cdn.barbora.lt/products/0cc97574-4add-4612-88f3-721318b97622_s.png
Maxima,"Pažeistų plaukų šampūnas OPLEPIKHA SIBERICA, 400 ml",9.29,https://cdn.barbora.lt/products/4365a5d0-0b76-4ea0-b17e-e245570055a4_s.png
Maxima,"Purškiamasis dezodorantas FA, 150 ml",4.49,https://cdn.barbora.lt/products/b9f28ef9-93ce-45d8-af22-37a062770339_s.png
Maxima,"Higieniniai paketai BELLA PERFECTA ULTRA NIGHT, 7 vnt.",1.35,https://cdn.barbora.lt/products/24223691-d8b8-4673-a888-9ed9dde5b4e0_s.png
Maxima,"Puodas su rankena VELVET TVS, 14 cm, 1 vnt.",10.99,https://cdn.barbora.lt/products/9cddaba3-dd30-4a19-b6b5-8f36abd3cae8_s.png
Maxima,"Švelnus kūdikių kremas SEBAMED, 50 ml",5.19,https://cdn.barbora.lt/products/cd4bc3c6-0030-41c2-85e7-2d8df25e0a78_s.png
Maxima,"Stalo žaidimas TACTIC ALIAS JUNIOR, kelioninis, 1 vnt.",5.99,https://cdn.barbora.lt/products/2c760d99-bec7-47f0-a5b9-b69394730e19_s.png
Maxima,"Micelinis vanduo L'OREAL WATER SOFT, 400 ml",6.49,https://cdn.barbora.lt/products/f7eb2577-c923-4bcb-ae9a-906cc4827a1b_s.png
Maxima,"Dušo gelis OLD SPICE Wolfthorn, 400ml",3.45,https://cdn.barbora.lt/products/f5aeceb1-3fdf-47ad-9094-c7d455bb34a9_s.png
Maxima,"Naktinis veido kremas NIDA su kviečių gemalų aliejumi, 50 ml",3.49,https://cdn.barbora.lt/products/f9e648a1-1163-4364-b5da-fc179e1fd676_s.png
Maxima,"Veido kremas NIDA (ANTI-AGE) su gintaro rūgštimi, 50 ml",6.99,https://cdn.barbora.lt/products/b8fc78e7-da2a-4fe9-99c3-6799e54c7c9e_s.png
Maxima,"Paakių kremas NIDA su hialurono rūgštimi, 50 ml",7.29,https://cdn.barbora.lt/products/548999f8-1908-4ce0-be67-78b97749c1f2_s.png
Maxima,"Plaukų šampūnas HEAD&SHOULDERS Tea Tree, 400 ml",8.49,https://cdn.barbora.lt/products/0c63c269-da9e-4f45-846b-c0fa2256292b_s.png
Maxima,"Kūno prausiklis-šampūnas WELEDA KIDS 2 IN 1 (apelsinų kv.), 150 ml",9.99,https://cdn.barbora.lt/products/30774318-6487-4d29-acf7-25069568a7b7_s.png
Maxima,"WC valiklis BREF EXCELLENCE GEL COLOR AKTIV+ CITRUS, 700 ml",2.49,https://cdn.barbora.lt/products/885011b8-3319-4288-9c98-4301ef31dcf3_s.png
Maxima,"Moteriškas rutulinis dezodorantas FA FIJI DREAM, 50 ml",4.49,https://cdn.barbora.lt/products/b1843d2c-8da9-4061-96c5-b61b4a9ef9ec_s.png
Maxima,NIVEA dvifazis vadeniui atsparaus akių makiažo valiklis 125ml,5.99,https://cdn.barbora.lt/products/e1cd4736-55eb-4185-a2bd-902854bb6862_s.png
Maxima,"Rankų kremas NIDA su gintaro ekstraktu, 75 ml",1.49,https://cdn.barbora.lt/products/aabcb082-7a55-4f47-8c44-4493b296acb9_s.png
Maxima,"Moteriškas rutulinis apsauginis dezodorantas BIONSEN, 50 ml",3.49,https://cdn.barbora.lt/products/a2973c6f-8e92-4d88-9627-c4bc29c7b47e_s.png
Maxima,"Žaislinis automobilis CARS, 1 vnt.",3.41,https://cdn.barbora.lt/products/a5c843c3-53de-46da-8d40-326ae2de9323_s.png
Maxima,"Vyriškas rutulinis dezodorantas GENERA BLUE WATER, 50 ml",1.38,https://cdn.barbora.lt/products/b441a30a-6120-409c-b788-36f87b209007_s.png
Maxima,"Veido valomasis gelis-putos NEUTROGENA HYDRO BOOST, 200 ml",10.89,https://cdn.barbora.lt/products/4ba993ad-321f-4d4d-a8d8-d1830efb61db_s.png
Maxima,"Šampūnas GREEN FEEL'S, 250 ml",2.99,https://cdn.barbora.lt/products/076849d0-a725-4ca7-9e52-113958b7b79d_s.png
Maxima,"Skutimosi gelis GILLETTE FUSION Ultra Sensitive, 75ml",4.29,https://cdn.barbora.lt/products/111cdd89-377f-4250-bf10-c7cd9748de9a_s.png
Maxima,"Drėk.veido serumas NIDA su gintaro ir alavijų ekstr., 30 ml",3.89,https://cdn.barbora.lt/products/6ca8746a-053b-4e02-a6fd-cea37e92bb26_s.png
Maxima,"Dieninis veido odos kremas  GREEN FEEL'S, 50 ml",6.99,https://cdn.barbora.lt/products/7631d982-7ea1-45d4-b4c5-d764640ac890_s.png
Maxima,"Lūpų balzamas PEPSI, 1 vnt.",2.59,https://cdn.barbora.lt/products/37e9f9a7-a2ee-4034-ae01-52fc3d2d5f8a_s.png
Maxima,"Vyriškas purškiamasis dezodorantas REXONA WORKOUT, 150 ml",4.29,https://cdn.barbora.lt/products/a330447c-9c8b-47ab-b752-2e820b0e6012_s.png
Maxima,"Skustuvo galvutės GILLETTE FUSION Proglide, 8vnt",44.99,https://cdn.barbora.lt/products/998bf530-d23a-4c36-ac7b-8e3607d3ab78_s.png
Maxima,"Palmių vaško žvakė CANDLE FAMILY SĖKMĖS ŽVAKĖS, 7 cm, 1 vnt.",2.99,https://cdn.barbora.lt/products/2f58274c-ec19-432a-99af-a61054860250_s.png
Maxima,"Filtrav.ąsotis AQUAPHOR Smile A5 Mg+2,9L, 1 vnt.",12.99,https://cdn.barbora.lt/products/bbaa2eef-2499-4318-84f0-a7a938e66e30_s.png
Maxima,Filtravimo kasetė AQUAPHOR A5,7.99,https://cdn.barbora.lt/products/5a18c6d6-dd0c-407d-ba2f-fa524d85bd0e_s.png
Maxima,"Vaikiškas prausiklis-putos TINDI, 475 ml",3.79,https://cdn.barbora.lt/products/5a960cb2-236f-42af-be41-bf4a6c85a880_s.png
Maxima,"Plaukų balzamas GLISS Split ends, 200 ml",2.39,https://cdn.barbora.lt/products/ed9c765e-0947-4797-b5da-671a04ddb2fe_s.png
Maxima,"Kūd. plaukų,kūno prausiklis MARGARITA su agurkų ekstr.,0+, 250 ml",3.19,https://cdn.barbora.lt/products/33f200eb-87b4-4829-9f3a-4c7d2e230e21_s.png
Maxima,"Kreminis veido prausiklis MARGARITA SENSITIVE SKIN, 250 ml",6.49,https://cdn.barbora.lt/products/43067ece-3040-4daa-95ba-c8e6771483c4_s.png
Maxima,"Sojų vaško žvakė CANDLE FAMILY LAIMINGI NAMAI, 1 vnt.",7.99,https://cdn.barbora.lt/products/7d342c24-104d-4909-bb95-62e91e4d377b_s.png
Maxima,MARGARITA Šampūnas su kolagenu ir ricinos aliejumi pažeistiems plaukams 400ml,4.25,https://cdn.barbora.lt/products/cb5556a1-6d1f-46d6-a6e1-7568e18c4f34_s.png
Maxima,"Vonios druska BEAUTY JAR DON'T PANIC IT'S ORGANIC, 600 g",2.69,https://cdn.barbora.lt/products/08d6ed36-45f3-45e4-9e00-f5326bbcc14b_s.png
Maxima,"Prieskonių mišinys paukštienai SAUDA, 217 g",3.21,https://cdn.barbora.lt/products/cb858873-c339-4d42-86f5-cab8fc813bd5_s.png
Maxima,"Mėsos prieskonių mišinys SAUDA, 207 g",3.21,https://cdn.barbora.lt/products/16515a12-bf48-4856-8124-5eaeede618ce_s.png
Maxima,KILIG VITAMIN C drėkinantis kūno kremas su vitaminu C 200 ml,4.59,https://cdn.barbora.lt/products/746bf524-9f18-4ef9-8191-c43ea17f3d2f_s.png
Maxima, Mentelė UNIWELL,2.99,https://cdn.barbora.lt/products/e20b9ca4-4109-488c-96d5-403dcff46642_s.png
Maxima, Perforuota mentelė UNIWELL,2.99,https://cdn.barbora.lt/products/95a13d7f-a0a8-4276-85f0-24b9bbc562fe_s.png
Maxima,"Kūno losjonas NEUTROGENA DEEP MOISTURE sausai odai, 400 ml",10.99,https://cdn.barbora.lt/products/1dd264e1-1748-4344-8334-ef3ff3a65830_s.png
Maxima,"Skystasis kreminis muilas VIVIAN GRAY JASMINE & PATCHOULI, 300 ml",6.99,https://cdn.barbora.lt/products/6a5134d1-7150-4a04-a8be-7f9390fc008b_s.png
Maxima,"Plaukų kondicionierius SCHAUMA COLOR SHINE, 250 ml",3.69,https://cdn.barbora.lt/products/352f0c2c-9613-4054-a19c-58d6bab02c2d_s.png
Maxima,"Skustuvo galvutės VENUS Smooth Sensitive Pink, 4vnt",15.99,https://cdn.barbora.lt/products/c3c8b423-815c-4fac-92a9-8b026ca61fa0_s.png
Maxima,"Vonios putos BEAUTY JAR HOT TUB CLUB, 400 ml",4.29,https://cdn.barbora.lt/products/345a9c19-f70d-491c-a171-496d74de6d4a_s.png
Maxima,"Moteriški kvepalai BI-ES MISS VIVIANE, 15 ml",4.59,https://cdn.barbora.lt/products/1f2c17e3-74c3-408e-b327-c3a9a18982bb_s.png
Maxima," Keptuvė UNIWELL Frypan MORETTI, 28 cm",24.99,https://cdn.barbora.lt/products/3c29b436-1695-46c8-b672-dcd8ea129037_s.png
Maxima,"Dantų pasta ELMEX SENSITIVE PLUS COMPLETE CARE, 75 ml",8.19,https://cdn.barbora.lt/products/936026ef-08ac-4cbe-bda8-205e176e3461_s.png
Maxima,"Burnos skalavimo skystis LISTERINE TOTAL CARE, 1 l",12.49,https://cdn.barbora.lt/products/80c41e8e-6a9d-4dee-a94c-25d0bb0e759f_s.png
Maxima,"Kūdikių servetėlės PAMPERS Harmonie New Baby, Plastic Free, 4x46 vnt.",9.09,https://cdn.barbora.lt/products/9d641af4-e14f-40f8-847d-c29ccdd4a44a_s.png
Maxima,"Skustuvo galvutės VENUS Spa Breeze, 4vnt.",17.99,https://cdn.barbora.lt/products/31599618-76fa-4144-a5c7-1c7ff40efc94_s.png
Maxima,AQUAFRESH dantų šeptėlis Little Teeth (3-5m),3.49,https://cdn.barbora.lt/products/de4d6b2f-a428-4320-b05c-a4eb0dfe07f2_s.png
Maxima,NIVEA Fresh Sensation purškiamasis antiperspirantas vyrams 250 ml,5.99,https://cdn.barbora.lt/products/9bd44ad0-5146-46df-9afa-110ed8ca1974_s.png
Maxima,"Viščiukų broilerių sparnų vidurinės dalys FLAMENKO marinate, 500 g",3.49,https://cdn.barbora.lt/products/371e46d6-7f57-4fe4-b11f-49bfb0b6150c_s.png
Maxima,"Knyga-žaislas CANPOL BABIES SENSORY TOY SOFT, 0+, 1 vnt.",9.59,https://cdn.barbora.lt/products/8e1bd520-8222-4a52-af3b-cb3c2ce2c0ae_s.png
Maxima,"Kūno prausiklis FAITH IN NATURE LEVANDER&GERANIUM, 400 ml",7.99,https://cdn.barbora.lt/products/86228172-9b5f-49bd-99fc-92a81e813291_s.png
Maxima,"Plaukų šampūnas HEAD&SHOULDERS Apple 2in1, 330 ml",8.49,https://cdn.barbora.lt/products/9e698110-f3f3-4940-89a5-c80709030e07_s.png
Maxima,"Plaukų šampūnas HEAD&SHOULDERS Apple, 500 ml",9.59,https://cdn.barbora.lt/products/2af1f2d0-8afb-40f2-bff6-37f68636b0a4_s.png
Maxima,Plaukų šampūnas HEAD&SHOULDERS MENTHOL;800ml,13.99,https://cdn.barbora.lt/products/324cfcb6-eee9-48c5-b455-06e199c33d31_s.png
Maxima,"Pieninis šokoladas LACMI su riešutų įdaru ir sausainiais, 265 g",2.51,https://cdn.barbora.lt/products/00c1d17f-0062-4f11-bb15-c186c3518b48_s.png
Maxima,"Lakštinė veido kaukė NIVEA SKIN MOISTURE, 1 vnt.",3.69,https://cdn.barbora.lt/products/76721cf5-f78a-4200-a9f9-be957a1cfddc_s.png
Maxima,"Plaukų šampūnas HEAD&SHOULDERS Smooth&Silky 2in1, 330 ml",8.49,https://cdn.barbora.lt/products/bf367444-786f-4588-abeb-26fe89384e71_s.png
Maxima,"Lazdelės su žaliosios arbatos skonio glaistu POCKY, 33 g",1.49,https://cdn.barbora.lt/products/8c42d097-9a06-4894-bab1-07c1f194f9b3_s.png
Maxima,"NIVEA SKIN DETOX lakštinė veido kaukė, prisotinta detoksikuojančio serumo, sudirgusiai odai",3.49,https://cdn.barbora.lt/products/3a53acb5-0340-4ae4-b450-d4bcb8bb249b_s.png
Maxima,"Purškiamasis kvapas CANDLE FAMILY VELVET, 1 vnt.",4.99,https://cdn.barbora.lt/products/867c3b77-de1a-429d-8a5e-5c42daa544c6_s.png
Maxima,"Purškiamasis kvapas CANDLE FAMILY NICHE, 1 vnt.",4.99,https://cdn.barbora.lt/products/229aaa81-f921-489f-99bb-5dd855d8c3c7_s.png
Maxima,"Šampūnas GLISS Liquid Silk, 400ml",3.39,https://cdn.barbora.lt/products/ae0379a4-0dcf-4e5e-acfc-b9608eef4127_s.png
Maxima,"Namukas-automobiliukas FISHER PRICE, 1 vnt.",8.99,https://cdn.barbora.lt/products/d0e8d359-57da-409f-83af-d24cf3efb9b5_s.png
Maxima,Šakutės UNIWELL Brasio 3 vnt.,3.99,https://cdn.barbora.lt/products/1ba0b2f5-3b30-4a15-89f1-bb7578700e62_s.png
Maxima,"Namų kvapas ""MEILĖ SAU"" by Indrė Bareikienė, 120ml",13.99,https://cdn.barbora.lt/products/8cb19b16-a3ae-4755-b090-edea38f03bd7_s.png
Maxima,"HISKIN Crazy Hair Atkuriamoji plaukų kaukė su mėlynių aromatu, 300 ml",7.99,https://cdn.barbora.lt/products/02040dbd-db47-4a81-ba41-69e064aa8522_s.png
Maxima,ECODENTA dantų pasta su CBD ir probiotikais 100 ml,6.35,https://cdn.barbora.lt/products/e0007911-3b01-4ff5-91b1-e3daf250ee85_s.png
Maxima,"Zefyrai LAIMA MAIGUMS aplieti šokoladu, aviečių skonio, 175 g",2.3,https://cdn.barbora.lt/products/105e259e-2348-4796-9736-3145245da361_s.png
Maxima,"Mot. sisteminio skustuvo galvutės GILLETTE VENUS SUGARBERRY, 3 vnt.",17.99,https://cdn.barbora.lt/products/cb12ec33-bd00-413c-8395-e7c92f9b004d_s.png
Maxima,"Moteriškas pieštukinis dezodorantas DOVE CUCUMBER&GREEN TEA, 50 ml",3.99,https://cdn.barbora.lt/products/f2477dfb-32ee-496c-af15-05d096d1017d_s.png
Maxima,"Kepimo maišeliai sumuštiniams, BEATOS VIRTUVĖ, 20 vnt.",5.99,https://cdn.barbora.lt/products/f0f65dd0-37f8-463d-b158-6fe7258ce87d_s.png
Maxima,"Silikonizuoti kepimo maišeliai, BEATOS VIRTUVĖ, 10 vnt.",4.99,https://cdn.barbora.lt/products/56e7db4d-98f9-477b-86cf-413192f5c29d_s.png
Maxima,HAS PD Rinkinys „Gimtadienis“,10.19,https://cdn.barbora.lt/products/d40ebc8f-ba52-413f-88c8-41c1c4f2f50b_s.png
Maxima,"WOW GENERATION švytėjimo suteikianti kūno priemonė, skirtingi dizainai, WOW00139",2.99,https://cdn.barbora.lt/products/d57f6f7a-454a-48d9-8072-dcdd1a1dc5d9_s.png
Maxima,"PAW PATROL transporto priemonė Fire Rescue Chase, 6072641",13.19,https://cdn.barbora.lt/products/b3f891f1-e687-4d33-9cd4-e97e5dd8f675_s.png
Maxima,"Ruginės duonos traškučiai LINKOSUO, česnakų skonio, 120 g",2.25,https://cdn.barbora.lt/products/78d07852-500b-4ee8-80d4-f2626e7c945e_s.png
Maxima,"Dėmių valiklis RESQ spalvotiems audiniams, 1.5L",6.75,https://cdn.barbora.lt/products/3fbe71e1-1310-43bc-9084-a16d2feed380_s.png
Maxima,"Plaukų kondicionierius AUSSIE Oh My Gloss, 200 ml",9.99,https://cdn.barbora.lt/products/51081467-6059-4c8e-a9aa-660c45e6cfec_s.png
Maxima,"Vytinta čipotlės jautiena, a. r., 1 vnt.",3.39,https://cdn.barbora.lt/products/ca3d5d73-c997-404d-90b9-a6f77ef7a77e_s.png
Maxima,"Kvietinė duona su saulėgrąžomis EKO, 300 g",1.49,https://cdn.barbora.lt/products/9d778763-f21a-421b-bf19-e7143f878c3d_s.png
Maxima,"BASMATI SELLA ryžiai GRALLA, 4 x 100 g, 400 g",0.89,https://cdn.barbora.lt/products/5d3b613b-004c-41f0-b6a0-fa9bd800071a_s.png
Maxima,"Burnos skalavimo skystis COLGATE TOTAL, 250 ml",4.29,https://cdn.barbora.lt/products/b9a28e65-48a2-4fdd-aa6e-5bb8edf6c6ee_s.png
Maxima,"NIVEA Soft drėkinamasis kremas veidui, kūnui, rankoms, 75 ml",5.39,https://cdn.barbora.lt/products/1cf70a19-6aed-4b88-97e6-d213ccaa837f_s.png
Maxima,"Higieniniai paketai BELLA NOVA MAXI, 10 vnt.",0.95,https://cdn.barbora.lt/products/307f2395-e1bc-47fc-b8d6-57ef8190862b_s.png
Maxima,"Higieniniai įklotai BELLA PANTY MINI, 36 vnt.",1.05,https://cdn.barbora.lt/products/fd2ca9aa-97d0-43b7-b407-ecd78b59fa29_s.png
Maxima,"Vandens filtro kasetė AQUAPHOR, 1 vnt.",4.99,https://cdn.barbora.lt/products/e1db5030-6023-4bd7-a295-9e1f5c09d1da_s.png
Maxima,"Dušo želė FA YOGHURT FRESH&ALOE VERA, 250 ml",3.89,https://cdn.barbora.lt/products/a8fe19ec-1345-4816-85ed-ae7040836bbd_s.png
Maxima,"Moteriškas purškiamasis dezodorantas FA PINK PASSION, 150 ml",4.49,https://cdn.barbora.lt/products/8db8586f-45fc-44ed-aa5d-b072a42d5205_s.png
Maxima,THAI dezodoruojantis mineralas-lazdelė 100 g,7.79,https://cdn.barbora.lt/products/f055e2c9-2fe2-4110-ad92-dac3d38c9d33_s.png
Maxima,"Plaukų šampūnas HEAD&SHOULDERS Citrus, 400 ml",8.49,https://cdn.barbora.lt/products/be0ef810-9b49-46ed-9730-610680e70252_s.png
Maxima,"Automobilio oro gaiviklis WUNDER-BAUM, VANILLA, 1 vnt.",1.49,https://cdn.barbora.lt/products/4cc4e6a0-f9e5-4b03-ae2d-0679242d3d53_s.png
Maxima,"Automobilio oro gaiviklis WUNDER-BAUM, BLACK, 1 vnt.",1.49,https://cdn.barbora.lt/products/13d7adce-5cc4-4024-8929-97801fc4cf8d_s.png
Maxima,"Žuvų prieskonių mišinys SAUDA, 80 g",0.76,https://cdn.barbora.lt/products/e71e61eb-6c22-4a94-a738-73c7f08b12c8_s.png
Maxima,"Dantų siūlas SENSODYNE GENTLE, 30 m.",3.99,https://cdn.barbora.lt/products/1282bf80-b716-41ac-9e99-899f4f245ea3_s.png
Maxima,"Kasdieniai įklotai BELLA PANTY SENSITIVE, 60 vnt.",1.99,https://cdn.barbora.lt/products/ba9b3b73-d9e6-4ec1-8f35-a79b20d9dcaf_s.png
Maxima,"Atstatomasis plaukų balzamas-kaukė ELFA, 200 ml",3.33,https://cdn.barbora.lt/products/96a9bf3d-62f3-4f1e-987c-46dab9cd3785_s.png
Maxima,"Aerozolinis dezodorantas FA MYSTIC MOMENTS, 150 ml",4.49,https://cdn.barbora.lt/products/af86a31f-d1ea-4b8e-bf3a-5fc0a2c990e3_s.png
Maxima,"Purumo suteikianti pudra GOT2B Powderfull, 10 g",10.69,https://cdn.barbora.lt/products/51b2e308-9118-43f9-a229-fcc644dab1e3_s.png
Maxima,"Dušo gelis vaikams ""FA KIDS Surfing Mermaid"", 250ml ",3.89,https://cdn.barbora.lt/products/9628ddce-5513-444b-bc14-c5d14e56d574_s.png
Maxima,"Vyriškas rutulinis dezodorantas DOVE CLEAN COMFORT, 50 ml",4.59,https://cdn.barbora.lt/products/7ab1f761-b3bb-4f13-a0f8-f00714b31e9d_s.png
Maxima,"Plaukų dažai L'OREAL EXCELLENCE CREME, Nr. 8.1, 1 vnt.",6.59,https://cdn.barbora.lt/products/f897d973-c4a4-4316-94e1-381eee2cf532_s.png
Maxima,"Plaukų šampūnas PANTENE Intensive Repair Active Nutri-Plex, 250 ml",3.99,https://cdn.barbora.lt/products/4bffe492-53bc-4e7a-99ff-c6ffaa2f8dfd_s.png
Maxima,"Bulvių prieskoniai su žolelėmis SAUDA, 35 g",0.69,https://cdn.barbora.lt/products/b38e86d0-10d3-4831-9e05-790838420d08_s.png
Maxima,"Skutimosi gelis GILLETTE MACH3  Extra Comfort, 200ml",4.55,https://cdn.barbora.lt/products/715b32be-1f98-41ad-aad5-2e334d8cad43_s.png
Maxima,"Vyriškas purškiamasis dezodorantas FA MEN INVISIBLE, 150 ml",4.49,https://cdn.barbora.lt/products/b4e810c7-1469-4704-bdcd-6364a98c83ac_s.png
Maxima,"Atvirukas su voku, matinis, 1 vnt.",1.43,https://cdn.barbora.lt/products/fe89a4e5-dda3-4f98-baf2-863a2f41279f_s.png
Maxima,"Plaukų šampūnas OGX su argano aliejumi, 385 ml",13.99,https://cdn.barbora.lt/products/2823d603-f513-4748-89eb-db396ba061df_s.png
Maxima,"Higieniniai paketai BELLA PER.ULT.BLUE MEGA P., 32 vnt.",3.35,https://cdn.barbora.lt/products/1f3c2bcb-6e79-4582-b143-604dcaa5ab1e_s.png
Maxima,"Stalo žaidimas TREFL MISTAKOS, 1 vnt.",8.99,https://cdn.barbora.lt/products/90dc166c-ae41-40f9-a91f-414339fbdb04_s.png
Maxima,"Plaukų putos SYOSS Full Hair, 250 ml",8.19,https://cdn.barbora.lt/products/3a19dd2d-ed55-47c2-8212-caf55053d9a9_s.png
Maxima,"Rut.dezodorantas FA, 50 ml",4.49,https://cdn.barbora.lt/products/9f62b9c6-a731-462b-afd9-3ce1e28287ca_s.png
Maxima,"Kūdikių gabalinis muilas SEBAMED, 100 g",4.69,https://cdn.barbora.lt/products/92995789-5c9c-471b-b859-82f6529c3f0a_s.png
Maxima,"Vyriškos kojinės SKINIJA, 43-46 dydis, 1 vnt.",5.67,https://cdn.barbora.lt/products/8e7bdf5e-a620-431e-ac68-1190e3c54bf4_s.png
Maxima,"Plaukų šampūnas HEAD&SHOULDERS  Apple, 250 ml",6.29,https://cdn.barbora.lt/products/f37605ad-809e-40d2-88d5-07a4fd15d850_s.png
Maxima,"Rankų kremas GREEN FEEL'S, 75 ml",1.99,https://cdn.barbora.lt/products/f4fcd126-e51d-4156-adf2-0bba9b6abad9_s.png
Maxima,"Plaukų šampūnas OGX su biotinu ir kolagenu, 385 ml",13.99,https://cdn.barbora.lt/products/9e2cc721-257a-408f-a95e-5a8e54a38c4f_s.png
Maxima,Plaukų kondicionierius OGX su biotinu ir kolagenu 385ml,13.99,https://cdn.barbora.lt/products/940cc229-ba36-4fc4-a12f-4b2bf139e395_s.png
Maxima,"Puodelis LUMINARC NUEVO, 500 ml",4.49,https://cdn.barbora.lt/products/130fe758-edcf-42c0-809e-5824ddcf7022_s.png
Maxima,"Lupimo peilis FISKARS ESSENTIAL, 11 cm, 1 vnt.",8.99,https://cdn.barbora.lt/products/35777e30-beab-4f50-bdcb-04cf6fbb1be4_s.png
Maxima,MARGARITA Rankų kremas su spanguolių ekstraktu 75ml,2.75,https://cdn.barbora.lt/products/763745ee-3864-43a9-864d-e1c58a4e1233_s.png
Maxima,"Vienkartiniai skustuvai GILLETTE BLUE 3 Plus Sport, 6+2vnt",8.99,https://cdn.barbora.lt/products/2e4b542a-0860-4882-81a7-c9d7f6338416_s.png
Maxima,"Dažomasis plaukų šaknų purškiklis SYOSS ROOT, tamsiai ruda, 120 ml",9.29,https://cdn.barbora.lt/products/0743fad8-f7ff-4d13-a00f-cd0d98ae4d60_s.png
Maxima,"Dieninis veido kremas L'OREAL , 50 ml",14.15,https://cdn.barbora.lt/products/b66decdb-66b4-43c8-8105-d966e6afa614_s.png
Maxima,"Dantų pasta WELEDA su druska, 75 ml",6.29,https://cdn.barbora.lt/products/892d7c7b-a3d9-4443-9d75-25262b752166_s.png
Maxima,"Higieniniai įklotai ALWAYS Long, Odour Lock, 26 vnt.",2.85,https://cdn.barbora.lt/products/cce999a8-2343-4f1b-a983-f41bb2946cb9_s.png
Maxima,"Plaukų modeliavimo molis TAFT LOOKS Molding Clay, 75 ml",4.49,https://cdn.barbora.lt/products/5a2a71e1-e868-4d22-a2dd-fc93ebe0353c_s.png
Maxima,"Vyriškas purškiamasis dezodorantas REXONA ACTIVE PROTECTION, 150 ml",4.29,https://cdn.barbora.lt/products/915d65e9-a47b-41f0-bbb6-36adb2e0ff72_s.png
Maxima,"Losjonas VĖJAS po skutimosi su gintaro ekst. ir pantenoliu, 150 ml",3.89,https://cdn.barbora.lt/products/cdb2ccc9-5860-4732-af2a-aa5af9df2937_s.png
Maxima,KILIG VITAMIN C regeneruojantis veido kremas 50 ml ,12.75,https://cdn.barbora.lt/products/e81842fa-0c29-4d06-a3ef-45a5fb435a0b_s.png
Maxima,"Šokoladinių saldainių rinkinys ROSHEN CHOCOLATERIA, 194 g",3.59,https://cdn.barbora.lt/products/43dc9789-0079-4e39-8d75-2e51f5d81835_s.png
Maxima,"Indų ploviklis PUR RASPBERRY&RED CURRANT, 450 ml",1.39,https://cdn.barbora.lt/products/ffaf167c-11dc-4753-a12c-3df494d3e3d8_s.png
Maxima,"Dubenėlis LUMINARC DIWALI juodas 14,5 cm",3.69,https://cdn.barbora.lt/products/d69a8221-df6b-49c4-847e-323189958bbd_s.png
Maxima,"Vienkartiniai skustuvai VENUS 3 SENSITIVE, 6 vnt.",8.79,https://cdn.barbora.lt/products/c9c72895-2a74-4a51-bd23-2be59b2ee6e1_s.png
Maxima,"Burnos gaiviklis STAY COOL, mėtų skonio, 20 ml",4.49,https://cdn.barbora.lt/products/13d0e032-a0b9-4217-b453-217cf0860258_s.png
Maxima,"Plaukų aliejus GREEN FEEL'S, 100 ml",6.99,https://cdn.barbora.lt/products/e2ca4a10-3d42-4ef6-ae49-623a2baea1af_s.png
Maxima,"Lūpų balzamas MENTOS, 4 g, 4 g",2.59,https://cdn.barbora.lt/products/c29dd5d6-247e-4faf-9858-b73541fa8711_s.png
Maxima,"Namų kvapas su lazdelėmis LAUMĖS KERAI, 1 vnt.",8.99,https://cdn.barbora.lt/products/8527ec90-b273-4a88-a522-5e5dd33a34e3_s.png
Maxima,Plaukų šampūnas HEAD&SHOULDERS Deep Hydration 400 ml,8.49,https://cdn.barbora.lt/products/af41e1e4-358c-49dc-94f6-5e4b56f00f73_s.png
Maxima,"Lakštinė veido kaukė SKIN PLANET, 1 vnt.",2.29,https://cdn.barbora.lt/products/64b3a3c2-abdf-4fb2-8b3e-658a2499ae55_s.png
Maxima,"Lakštinė veido kaukė SKIN PLANET, 25g",2.29,https://cdn.barbora.lt/products/8e3f3cd2-d1e4-4933-b08d-1c4ef9c5f79f_s.png
Maxima,"Dantų pasta ECODENTA, 75 ml",3.19,https://cdn.barbora.lt/products/2e689048-7c15-477a-89ad-a90f2e0f48e8_s.png
Maxima,"Med.vienkartiniai peiliai ILAJA, 10 vnt.",0.99,https://cdn.barbora.lt/products/333dd3f6-3480-49d6-aaa5-f5d3cd7a5c6e_s.png
Maxima,"Serviravimo lėkštė FRIENDS TIME, 21 cm",4.29,https://cdn.barbora.lt/products/e12f2593-0600-45e4-80b9-8807416410b6_s.png
Maxima,MARGARITA Atstatomoji plaukų kaukė su mėlynių ir šalavijų ekstraktais 250ml,5.55,https://cdn.barbora.lt/products/f6ec1f6e-f9f1-46d9-b5d9-507d8f33930c_s.png
Maxima,"Skystasis muilas DERMOMED Migdolas, 1 l",3.79,https://cdn.barbora.lt/products/da0b4334-88bc-4e06-90b6-c1ff55488a07_s.png
Maxima,"Birių produktų indas UNIWELL FAGO, 1,5 l",6.99,https://cdn.barbora.lt/products/9158bc0a-9040-457f-aa77-f4c866db3861_s.png
Maxima,MARGARITA Šampūnas su šaltalankių aliejumi kasdienei priežiūrai 400ml,4.25,https://cdn.barbora.lt/products/f1ff7cff-effb-494c-9794-2f6318e373c3_s.png
Maxima,"Š. r. sauso sūd. KLEBONIŠKA nugarinė su rūkytomis pap., a.r., 1 kg",11.99,https://cdn.barbora.lt/products/7feedfbd-5ac9-49a4-8eae-bc7857d69f50_s.png
Maxima,"Išmanusis telefonas BO INTERACTIVE, 1 vnt.",8.39,https://cdn.barbora.lt/products/482d9149-53df-4188-8d87-fa5f695767e5_s.png
Maxima,MARGARITA Itin stiprios fiksacijos plaukų putos su šaltalankių aliejumi ir kolagenu 250ml,5.65,https://cdn.barbora.lt/products/89061c0a-6ca9-44c2-bdcc-f0a4ac7fa87f_s.png
Maxima,"Skustuvas VENUS Extra Smooth Sensitive Platinum Rosegold, 1 galvutė",16.99,https://cdn.barbora.lt/products/712a7c7c-59f6-4474-a0c0-65ab52a65d60_s.png
Maxima,"Vienkartiniai dubenėliai ILAJA WHITE,470ml20vnt.",4.99,https://cdn.barbora.lt/products/58afcb35-a083-4ef2-9414-c61f45069feb_s.png
Maxima,"Moteriškas rutulinis dezodorantas GARNIER, 50 ml",4.99,https://cdn.barbora.lt/products/cb2ab1b9-4cc4-4f96-965e-c3e312fe317b_s.png
Maxima,"Moteriškas purškiamasis dezodorantas REXONA PINK BLUSH, 150 ml",4.29,https://cdn.barbora.lt/products/3b2a5773-a482-496d-8bda-3721934e238c_s.png
Maxima,"Plaukų kondicionierius SCHAUMA 7HERBS FRESHNESS, 250 ml",3.69,https://cdn.barbora.lt/products/90465483-1eb9-4493-8900-8c951dada95c_s.png
Maxima,"Sojų vaško žvakė CANDLE FAMILY DANIELLE, 1 vnt.",6.49,https://cdn.barbora.lt/products/b923b9c0-c150-4a95-9b52-ba92c6b7326f_s.png
Maxima,"Rubiko kubas SPINMASTER, 3 x 3",7.79,https://cdn.barbora.lt/products/4aaf4046-b384-4c05-9456-1bb0aa997cfd_s.png
Maxima,Vaikiška dantų pasta LACALUT BABY (nuo 0 iki 2 metų),3.99,https://cdn.barbora.lt/products/1038d1c2-3f9e-4a93-916d-d59626a44f07_s.png
Maxima,"Automobilių oro gaiviklis WILD JUNGLE KING, 1 vnt.",1.29,https://cdn.barbora.lt/products/1afcdd1c-2975-4b6c-a841-3b2e8cb76d41_s.png
Maxima,"Putojantis standiklis SYOSS Curl, 250ml",8.19,https://cdn.barbora.lt/products/6ca360bd-562b-4c7d-b0b2-d8a00fe66098_s.png
Maxima,"Moteriškas rutulinis dezodorantas ADIDAS COOL & CARE CONTROL, 50 ml",4.89,https://cdn.barbora.lt/products/b3628ccd-35a1-469b-b971-4cd30f4c46ae_s.png
Maxima,"Žemės riešutų ledai DIONE su šokolado skonio įdaru, 300 g",5.29,https://cdn.barbora.lt/products/5bc54c42-8c66-485e-a7b3-d255bd143226_s.png
Maxima,Puodelis AURORA Meadow dark 470ml,2.99,https://cdn.barbora.lt/products/bc34392a-fe90-471b-824e-18745b846e97_s.png
Maxima,"Pieninis šokoladas LACMI su migdolais ir kokosų kremu, 280 g",3.17,https://cdn.barbora.lt/products/4a0371f6-22b1-4c70-a7bb-f7e81a4a2a9b_s.png
Maxima,"Stalo žaidimas (atminties, domino), 4 skirtingi žaidimai",2.49,https://cdn.barbora.lt/products/10c02a1e-d9d6-4db7-af3c-0586ea5fcab3_s.png
Maxima,"Dantų pasta ORAL-B Pro Expert Advanced, Extra Whitening, 75 ml",4.39,https://cdn.barbora.lt/products/b60ed369-5d10-4065-8bcf-09908e227f8b_s.png
Maxima,"Lietinių keptuvė UNIWELL, 26 cm",15.99,https://cdn.barbora.lt/products/6ff7ec36-6e8b-4492-81f5-109d48cd5569_s.png
Maxima,"Vyriški vienkartiniai skustuvai DIVUS2, 5 vnt.",0.95,https://cdn.barbora.lt/products/e3c0675b-bf6e-4380-b9ff-d7cc3ec1493c_s.png
Maxima,RASA AGE CONTROL Stangrinamoji lakštinė veido kaukė 23 g,4.89,https://cdn.barbora.lt/products/70d3e26f-fe67-4ad8-8c13-a59c4966cebc_s.png
Maxima,"Lavinamieji kamuoliukai TULLO, 0+ mėn., 5 vnt.",6.59,https://cdn.barbora.lt/products/c1122f21-dabc-41e3-ab82-b8a489dcb3ac_s.png
Maxima,"Automobilių oro gaiviklis ROTZ BUBBLE GUM, 1 vnt.",1.19,https://cdn.barbora.lt/products/4dc26d1c-9a0e-4060-9719-a8a9c2ec895a_s.png
Maxima,"Veido kremas GREEN FEEL'S, 50 ml",4.99,https://cdn.barbora.lt/products/35291b85-a706-441f-bf44-2864dce6f48c_s.png
Maxima,"Plaukų kondicionierius PANTENE Hydra Glow Miracles, 160 ml",6.99,https://cdn.barbora.lt/products/265940ef-4793-4567-88b8-3b8c3a9ec854_s.png
Maxima,"Plaukų šampūnas HEAD&SHOULDERS Classic Clean, 500 ml",9.59,https://cdn.barbora.lt/products/53056277-3bf8-47a1-a262-74643ca2dbfe_s.png
Maxima,"Plaukų želė TAFT Stand Up Look, 150 ml",3.55,https://cdn.barbora.lt/products/aee38f30-b401-4b04-aa4f-3a3c53f80f0c_s.png
Maxima,"Paakių kaukė GARNIER , 1 vnt.",1.39,https://cdn.barbora.lt/products/3384b04a-d53c-4bb7-9156-1e99d2f0e20f_s.png
Maxima,"Dušo želė DOVE SILKY VELVET, 450 ml",7.59,https://cdn.barbora.lt/products/0450be12-6c50-4b65-9b4d-38e9d1409830_s.png
Maxima,"Higieniniai paketai ALWAYS Platinum Extra Secure Night, S5, 8 vnt.",3.19,https://cdn.barbora.lt/products/8d715842-75b0-4bb0-bd70-6a980675ade2_s.png
Maxima,Moteriškas pieštukinis dezodorantas LADY SPEED STICK Z%R.P.40 ,5.29,https://cdn.barbora.lt/products/aacecc35-c453-4d2f-9aab-463d8cf35887_s.png
Maxima,Vyriškas dušo gelis OLD SPICE WOLFTHORN;1l,7.35,https://cdn.barbora.lt/products/a0e067f4-fe3c-417f-bef8-2c9ddfadda81_s.png
Maxima,"Beauty of Joseon Glow Serum: Propolis + Niacinamide serumas, 30 ml",19.49,https://cdn.barbora.lt/products/1ff7f495-cc5b-4395-9827-d72de631a5ab_s.png
Maxima,"Birių produktų indas UNIWELL CLIP 1,8 L",5.99,https://cdn.barbora.lt/products/b0881970-f866-4d8d-aa02-e81c1cce55a7_s.png
Maxima,"Purškiamas kondicionierius GLISS Liquid Silk, 200ml",3.49,https://cdn.barbora.lt/products/dbdf4a43-1256-4696-8822-e08cfcd70048_s.png
Maxima,COREGA  protezų kremas MAX Fixation+Comfort 40g,7.99,https://cdn.barbora.lt/products/bd7c3c7d-dabd-40a2-975f-e59b1bf691e3_s.png
Maxima,"SCHAUMA Men Hair Booster plaukų šampūnas, 400ml",4.59,https://cdn.barbora.lt/products/ebcd53ed-3a4d-4ca6-b935-3081d9d3663e_s.png
Maxima,"Šiukšlių maišai su virvele VORTEX, 35 l, 15 vnt., 1 vnt.",1.79,https://cdn.barbora.lt/products/65595ae9-07ff-4d4e-b7a5-2c8d0e4ebb61_s.png
Maxima,"Dantų pasta PARODONTAX GUM STRENGHTEN & PROTECT, 75 ml",7.99,https://cdn.barbora.lt/products/356f057c-b77a-4847-9797-cb9306b58591_s.png
Maxima,"Tamponai BELLA for Teens Mini, N16",1.59,https://cdn.barbora.lt/products/48004e65-fe81-4582-a412-b2455cb526b5_s.png
Maxima,"HISKIN Crazy Hair Aliejų mišinys mažo ir vidutinio poringumo plaukams su apelsinų kvapu, 100 ml",6.59,https://cdn.barbora.lt/products/c9a13c23-76d5-4b70-8907-755d018581f1_s.png
Maxima,"HISKIN Crazy Hair Giliai valantis šampūnas su laimų ir kivių aromatu, 300 ml",6.99,https://cdn.barbora.lt/products/189e8f20-56a3-4fc6-b94f-6d11824dd087_s.png
Maxima,"HISKIN Crazy Hair Protein kondicionierius garbanotiems ir šiurkštiems plaukams su šokolado aromatu,",6.99,https://cdn.barbora.lt/products/0433e8ca-04e1-4d1a-a0ce-1b821ce22ce7_s.png
Maxima,"HISKIN Crazy Hair Losjonas galvos odai su levandų aromatu, 100 ml",6.59,https://cdn.barbora.lt/products/014dc853-a0db-4b51-8988-d1e17344f526_s.png
Maxima,"ELSEVE  šampūnas, 250 ml",3.19,https://cdn.barbora.lt/products/b1f61995-8c9d-431c-97d0-9eafb1d8409a_s.png
Maxima,ELSEVE  balzamas 200ml,3.19,https://cdn.barbora.lt/products/d8ab2fa7-5c72-444e-9f4d-0908d5a4a928_s.png
Maxima,"Dušo želė DOVE SANDALWOOD&VANILLA, 400 ml",5.99,https://cdn.barbora.lt/products/ec42a4a6-72ce-48d9-bc93-40d3f98cdcbd_s.png
Maxima,"Kondicionierius GLISS Full Hair Wonder, 200ml",2.39,https://cdn.barbora.lt/products/621f5469-dc26-44f3-be29-8faeaedae06c_s.png
Maxima,"Prieskoniai VEGETA FINE BLEND, smulkūs, 200 g",1.39,https://cdn.barbora.lt/products/79fb2dc1-16ca-406f-803d-f2bb5ea9425a_s.png
Maxima,"Kepintų riešutų mišinys SEEBERGER LUXURY, 150 g",4.69,https://cdn.barbora.lt/products/d75d35ff-8c4e-45ff-a11e-cf19a9a4c2b1_s.png
Maxima,"Higieniniai paketai BELLA PERFECTA PURE N, 20 vnt.",1.89,https://cdn.barbora.lt/products/8fbe11e8-5b27-4056-bc7a-b948662a70f3_s.png
Maxima,"Dantų šepetėlis ORAL-B Pro-3DWhite, Whitening Clean, Medium, balti šereliai, 2 vnt.",3.09,https://cdn.barbora.lt/products/fe9c989f-101d-4116-9924-5d8fab63ab86_s.png
Maxima,"Vyriška dušo želė PALMOLIVE MEN INTENS Jazz Up, 500 ml",6.29,https://cdn.barbora.lt/products/59133a4c-6450-4b61-9729-370733e286e9_s.png
Maxima,Šampūnas ir dušo želė vaikams Bubchen Cola Monster 230ml,4.49,https://cdn.barbora.lt/products/eff9e25c-7a8b-43a8-befa-a58c6ce40afc_s.png
Maxima,"Ruginės duonos traškučiai LINKOSUO, grietinės ir aitriųjų paprikų padažo „Sriracha“ skonio, 120 g",2.25,https://cdn.barbora.lt/products/eeb10a92-eac1-44a7-8181-5758857af738_s.png
Maxima,"Modelinas HEY CLAY, 1 indelis",1.19,https://cdn.barbora.lt/products/5b995da7-2b0a-47cf-a6f9-f8c18c1cb91c_s.png
Maxima,"Plaukų aliejus AUSSIE Reconstructor, 100 ml",8.49,https://cdn.barbora.lt/products/c34588a4-ec43-4200-a714-a02f55609fa1_s.png
Maxima,"Ledinukai BECKY’S, kolos, citrinų, apelsinų, braškių skonio, 135 g",2.79,https://cdn.barbora.lt/products/5667efd5-ca82-4f76-8865-8e1a41394bb1_s.png
Maxima,"Juodoji arbata CHRISTMAS CARNIVAL COLLECTION WINTER FESTIVAL, 75 g",9.99,https://cdn.barbora.lt/products/d14f04a7-b62f-48dc-af94-a133591f0e98_s.png
Maxima,"Dažom. plaukų kremas PALETTE INTENSIVE COLOR CREM, Nr. 4-89, 1 vnt.",5.49,https://cdn.barbora.lt/products/92edda16-519c-490c-9346-5431ab04c119_s.png
Maxima,"Plaukų lakas TAFT Ultra Strong, 250 ml",3.89,https://cdn.barbora.lt/products/01c75529-86dd-4040-83c3-62ad181141fd_s.png
Maxima,"Dažom. plaukų kremas PALETTE INTENSIVE COLOR CREME, Nr. 5-0, 1 vnt.",5.49,https://cdn.barbora.lt/products/6078e004-6b74-4735-b85f-afeb11e186cf_s.png
Maxima,"Sausas šuniukų ėdalas FRISKIES su vištiena ir daržovėmis, 3 kg",6.99,https://cdn.barbora.lt/products/b352bd76-9fd1-4618-92d5-143ae64526d4_s.png
Maxima,"Vaikų vonios putos BUBCHEN (tinka jautriai odai), 400 ml",7.59,https://cdn.barbora.lt/products/bedc847a-bfaf-496a-aae7-69f61d4c75b4_s.png
Maxima,"Vaikiškas šampūnas TINDI su kviečių gemalų ekstraktu, 210 ml",1.69,https://cdn.barbora.lt/products/c3d67203-19df-40c8-90ef-a3144d98b107_s.png
Maxima,NIVEA Valomosios juostelės nosies porų valymui,7.99,https://cdn.barbora.lt/products/74b6c105-c829-4fcd-8d99-a1c242631fe5_s.png
Maxima,"Plaukų šampūnas SCHAUMA COLOR SHINE su granatais, 400 ml",4.59,https://cdn.barbora.lt/products/3a7b7879-b29d-4e32-8e07-37ce508ea2e9_s.png
Maxima,"Vaikiškas veido ir kūno kremas HIPP BABY SANFT, 75 ml",3.29,https://cdn.barbora.lt/products/1fc59531-2b63-4db1-a9d6-cc56908e88b2_s.png
Maxima,"Plaukų dažai L'OREAL CASTING CREME GLOSS, Nr. 300, 1 vnt.",10.59,https://cdn.barbora.lt/products/9c88d834-9d46-42ff-88c3-eaff4d8107f6_s.png
Maxima,"Automodelių rinkinys HOT WHEELS, 3 vnt., 1 vnt.",6.59,https://cdn.barbora.lt/products/27e7dcad-cb8c-49d6-ae59-2d6517c0789a_s.png
Maxima,"Tamponai BELLA, 16 vnt.",1.39,https://cdn.barbora.lt/products/36e0e512-7da0-4f5f-bbc8-fdb718c0b223_s.png
Maxima,"TESORI d'ORIENTE Hammam kreminis kūno prausiklis, 500 ml",8.29,https://cdn.barbora.lt/products/b8a53204-39d5-4cf6-a99a-fe1fe5008031_s.png
Maxima,"Moteriškas rutulinis dezodorantas REXONA ALOE VERA, 50 ml",4.29,https://cdn.barbora.lt/products/bd4e3ff2-889a-4c69-ad2e-804177eb7d8e_s.png
Maxima,"NIVEA valomasis pienelis su migdolų aliejumi sausai ir jautriai odai, 200 ml",7.29,https://cdn.barbora.lt/products/e3ad77a2-7e94-4f3f-ad01-135f70d1239b_s.png
Maxima,"Plaukų dažai L'OREAL CASTING CREME GLOSS, Nr. 515, 1 vnt.",10.59,https://cdn.barbora.lt/products/24bc8470-6fdf-42ee-90ff-164292fd9d78_s.png
Maxima,"Silikoninė keksiukų kepimo forma JULIETTE, 1 vnt.",8.99,https://cdn.barbora.lt/products/839a0b19-48df-4378-9fcb-d95bd7cf82d0_s.png
Maxima,"Silikoninė kepimo forma JULIETTE, 24 cm, 1 vnt.",11.99,https://cdn.barbora.lt/products/aa79fba7-ffca-4001-96c8-dc5a233fabbe_s.png
Maxima,"Gerberų puokštė, 15 vnt, 15 vnt.",4.99,https://cdn.barbora.lt/products/3965e682-5b01-45a8-885f-a0859856e233_s.png
Maxima,Stalo žaidimas TACTIC LAIVŲ MŪŠIS,6.99,https://cdn.barbora.lt/products/34962c6b-893e-4630-82fa-fe79788f2dc0_s.png
Maxima,"Antklodė ELDORADO HOME, 200 x 220 cm, 1 vnt.",37.99,https://cdn.barbora.lt/products/50eee858-0ff9-40e0-b2b0-9f797f3a336a_s.png
Maxima,"Šampūnas ir dušo želė BUBCHEN SPORTO DRAUGAS, 230 ml",3.99,https://cdn.barbora.lt/products/d90e8a4a-eb91-4c53-8cff-3a67b8f4e515_s.png
Maxima,"Higieniniai įklotai BELLA PANTY SOFT DEO, 60 vnt.",1.95,https://cdn.barbora.lt/products/071b0a42-ad2d-4da9-b441-4533a89c87e2_s.png
Maxima,"Kūno šveitiklis GEOMAR EMOLLIENT, 600 g",10.99,https://cdn.barbora.lt/products/6d9a0a8e-29be-4c66-92c5-5cc1101a8824_s.png
Maxima,"Automobilio oro gaiviklis WUNDER-BAUM, BUBBLE GUM, 1 vnt.",1.49,https://cdn.barbora.lt/products/8c891dc2-79a0-4eb1-b115-cde0aba4e8d3_s.png
Maxima,"Burnos skalavimo skystis LISTERINE COOLMINT MILD, 500 ml",7.99,https://cdn.barbora.lt/products/58723eae-f28b-4bf7-91a5-57367512d1ba_s.png
Maxima,"NIVEA WATERMELLON SHINE puoselėjamasis lūpų balzamas, 4,8 g
",3.65,https://cdn.barbora.lt/products/96173af9-59c6-4a7a-9155-da5e8e5acb46_s.png
Maxima,"Plaukų modeliavimo pasta GOT2B Phenomenal, 100 ml",10.69,https://cdn.barbora.lt/products/328ab431-83f1-4e36-8adb-3a7bea006b70_s.png
Maxima,"Mentelė FISKARS, 1 vnt.",12.99,https://cdn.barbora.lt/products/b37d1224-708d-41e1-8b67-ff1039589a8c_s.png
Maxima,"Fiksuojamasis dantų protezų kremas BLEND A DENT Plus Unbeatable Bite, No Flavor, 40 g",7.99,https://cdn.barbora.lt/products/7328fa5e-3653-4b8f-b10c-73257bd1d863_s.png
Maxima,"Vyr.šampūnas NATURA SIBERICA (ELNIO GALIA) nuo pleiskanų, 250 ml",6.59,https://cdn.barbora.lt/products/6987d467-6059-411a-ad63-f34fda3da7c8_s.png
Maxima,"Veido ir kūno prausiklis SEBAMED SENSITIVE SKIN, 1 l",22.19,https://cdn.barbora.lt/products/5d59cc40-8c6c-4f3d-8ee5-5600cdb9f45e_s.png
Maxima,"Vyriškos kojinės SKINIJA, 43-46 dydis, 1 vnt.",3.29,https://cdn.barbora.lt/products/a68c889f-e3b9-4f72-80f5-b626715280da_s.png
Maxima,"Vaikiškas dantų šepetėlis HUMBLE BRUSH (rausvas), 1 vnt.",4.09,https://cdn.barbora.lt/products/8ac353e4-e69e-4a7b-ae38-c5447565aee5_s.png
Maxima,"Gelinio lako valiklis SINCERO SALON, 150 ml",3.49,https://cdn.barbora.lt/products/304edbbb-3a3f-41c0-8014-9b97a572ebfa_s.png
Maxima,MARGARITA paakių kremas su alavijų ekstraktu ir biokolagenu 15 ml,4.25,https://cdn.barbora.lt/products/2643a07b-0947-4ccb-92fc-e86bfe9adc61_s.png
Maxima,"Šunų skanėstas FRISKIES FUNTASTIX, 175 g",1.71,https://cdn.barbora.lt/products/442878df-6d61-47d4-912b-c106f35d2261_s.png
Maxima,MARGARITA Nenuplaunamas plaukų balzamas su dilgėlių ekstraktu normaliems ir riebiems plaukams 150ml,2.99,https://cdn.barbora.lt/products/cea16535-8d17-462d-bf07-684a5bac93fe_s.png
Maxima,"Fiksuojamasis dantų protezų kremas COREGA, mėtų skonio, 40 g",9.95,https://cdn.barbora.lt/products/a0661eb8-5061-48b1-a325-5734bef30325_s.png
Maxima,"Higieniniai paketai BELLA IDEALE NIGHT, 14 vnt.",2.29,https://cdn.barbora.lt/products/efcaf7ac-9186-4e9e-a57f-25c4af592237_s.png
Maxima,"Kramtomieji saldainiai SKITTLES CRAZY SOURS, 95 g",1.13,https://cdn.barbora.lt/products/9f3451b4-991c-4496-8bd9-40a14cf6386d_s.png
Maxima,"Higieniniai paketai ALWAYS Platinum Normal, S1, 8 vnt.",1.99,https://cdn.barbora.lt/products/d653c0df-ef53-4835-b52c-a03ac252d69b_s.png
Maxima,"Plaukų šampūnas NATURA SIBERICA (FROZEN BERRIES) su vitam., 400 ml",7.99,https://cdn.barbora.lt/products/51d2f9ab-47cd-48f6-a5be-1ffc575bffaf_s.png
Maxima,"Kosmetinis pienelis NIDA su kviečių gemalų aliejumi, 150 ml",2.79,https://cdn.barbora.lt/products/b717e424-7537-409f-854d-7b618203ef77_s.png
Maxima,"Veido kremas NIDA (ANTI-ACNE) su salicio rūgštimi, 50 ml",6.49,https://cdn.barbora.lt/products/28e7c3a0-26c6-41e5-b5de-a078a9e5ddc6_s.png
Maxima,"Veido kremas MIXA, 50 ml",7.49,https://cdn.barbora.lt/products/8d9937c2-9020-4681-af9f-d2c6cd75d3b2_s.png
Maxima,"Blakstienų tušas MAYBELLINE LASH SENSATIONAL INTENSE BLACK, 1 vnt.",13.89,https://cdn.barbora.lt/products/15f698ef-eb0e-457f-9366-6c2fb08d724b_s.png
Maxima,"Rutulinis dezodorantas WELEDA POMEGRANATE, 50 ml",9.99,https://cdn.barbora.lt/products/7b3fd074-6868-4100-b4a1-e8ae5eb15b32_s.png
Maxima,"Šakutė UNIWELL SALI, 1 vnt.",0.99,https://cdn.barbora.lt/products/2e0a8771-c929-42c0-85f8-4294592f6064_s.png
Maxima,"Plaukų formavimo molis GOT2B Phenomenal, 100 ml",10.69,https://cdn.barbora.lt/products/1de22fc3-f898-4c3e-a25f-1e20a475ec4b_s.png
Maxima,"Pieninis šokoladas LACMI su neskaldytais migdolais, 90 g",1.31,https://cdn.barbora.lt/products/6bbf7d71-9a55-4366-a83e-c45bba896b1b_s.png
Maxima,"Puodas su dangčiu, 2.7L",8.99,https://cdn.barbora.lt/products/f62ece5a-3630-4e80-a8de-bc13f6756e79_s.png
Maxima,"Penkių pipirų mišinys SANTA MARIA, 190 g",5.24,https://cdn.barbora.lt/products/5c275de1-b255-456d-80e7-45f01b340364_s.png
Maxima,"Vienkartiniai skustuvai VENUS Simply3, 8 vnt.",8.99,https://cdn.barbora.lt/products/1367d1d6-d37d-483e-9149-29a8bc8ac049_s.png
Maxima,"Universalusis veido ir kūno kremas GREEN FEEL'S, 200 ml",5.99,https://cdn.barbora.lt/products/0da8b191-2a0e-462a-8207-d5ac412992a4_s.png
Maxima,"Lėkštė LUMINARC DIWALI, 19 cm, 1 vnt.",2.49,https://cdn.barbora.lt/products/42c984c7-a8b3-4b36-9e88-a8498db9e0ab_s.png
Maxima,"Skustuvai BIC MISS SOLEIL SENSITIVE, 3 vnt., 3 vnt.",4.99,https://cdn.barbora.lt/products/7c0875a5-1d77-46f9-a9f0-13a711b03700_s.png
Maxima,"Lūpų balzamas SEBAMED BABY, 4.8 g",4.29,https://cdn.barbora.lt/products/eb5ef09b-f8f5-4230-8009-68ae96346003_s.png
Maxima,"Dieninis veido kremas L'OREAL, 50 ml",7.79,https://cdn.barbora.lt/products/fe49cf01-6673-48de-92db-d2286284a9d3_s.png
Maxima,"Lėlytė su aksesuarais, 1 vnt.",2.39,https://cdn.barbora.lt/products/5d7f5412-7574-4fc9-840a-36d9c89928c8_s.png
Maxima,"Dantų pasta GREEN FEEL'S, 100 ml",4.99,https://cdn.barbora.lt/products/745f921f-1b30-4174-ab75-df5b88f6f262_s.png
Maxima,"Vienkartiniai skustuvai GILLETTE BLUE 2 Plus, 10+4 vnt.",9.39,https://cdn.barbora.lt/products/580722d1-e5e5-4d85-8c6c-3220500bfd40_s.png
Maxima,"NIVEA MEN SENSITIVE drėkinamasis veido kremas, 50 ml",9.89,https://cdn.barbora.lt/products/fb38dfa7-f370-40f2-ae32-04d97ed86698_s.png
Maxima,ECODENTA organic dantų pasta nuo apnašų su kokosų aliejumi 75 ml ,6.59,https://cdn.barbora.lt/products/607f8ba9-d6b0-4f87-9bdf-79304654c70f_s.png
Maxima,"Žemės riešutų plombyras KAR KAR su karamele, 90 g",1.29,https://cdn.barbora.lt/products/74e14848-c2b8-4943-8167-c3cec5f7f0e7_s.png
Maxima,"Moteriškas vienkartin.skustuvas WILKINSON SWORD XTREME3,4vnt, 4 vnt.",5.29,https://cdn.barbora.lt/products/1cc86590-ff87-4b9f-88ce-e60e188c099b_s.png
Maxima,"Dušo gelis FA YOGHURT VANILLA HONEY, 750 ml",7.99,https://cdn.barbora.lt/products/06a4884e-e683-4397-933a-c8579c303b83_s.png
Maxima,"Purškiamas plaukų kondicionierius GLISS Split Ends, 200 ml",3.64,https://cdn.barbora.lt/products/abb92bde-6ab9-4078-ab62-a4d88472e001_s.png
Maxima,"Maitinamasis rankų kremas MARION, 50 ml",2.69,https://cdn.barbora.lt/products/3fe4f28d-b38b-41fd-9db8-c8f3690cc10e_s.png
Maxima,"Kosmetiniai vatos krapštukai CLEANIC ROSE, 200 vnt.",1.99,https://cdn.barbora.lt/products/d4494c5d-c5c6-4271-8fb6-73620dbc82ed_s.png
Maxima,"Blizgantis šlykštukas SLIMY, 1 vnt.",3.59,https://cdn.barbora.lt/products/25a3ad4b-824f-424c-bec8-f1531fefb1cf_s.png
Maxima,"MARGARITA Lūpų balzamas jautriai odai su bičiu vašku 4,4g",2.79,https://cdn.barbora.lt/products/f3975c53-1dcc-4878-82d9-3916b7716c84_s.png
Maxima,"Birių produktų indas UNIWELL FAGO 1,15 l",6.99,https://cdn.barbora.lt/products/db116463-59d0-4564-85f8-0263b6e57ce3_s.png
Maxima,"Žaidimų rinkinys PLAY-DOH DANTISTAS, 1 vnt.",18.59,https://cdn.barbora.lt/products/55bc2657-5e84-4369-96f9-a9ab197b8ea9_s.png
Maxima,"NIVEA purškiamas dezodorantas antiperspirantas moterims Fresh Rose Touch, 150 ml",4.79,https://cdn.barbora.lt/products/6647483f-aa0b-47dd-9a64-4469089c3964_s.png
Maxima,"Rankų kremas NIVEA INTENSIVE MOISTURE, 100 ml",6.09,https://cdn.barbora.lt/products/ad67d3de-91c5-44a4-809c-ee59c5fed8ff_s.png
Maxima,"Dantų pasta LACALUT MULTI-EFFECT PLUS, 75 ml",4.99,https://cdn.barbora.lt/products/82b1daf0-fac9-4e98-bba1-ab94ee487236_s.png
Maxima,"Moteriškas purškiamasis antiperspirantas DOVE ACAI BERRY, 150 ml",4.59,https://cdn.barbora.lt/products/c4739236-3f03-4932-8aa7-b059ef7b90a7_s.png
Maxima,"WC valiklis-gaiviklis BREF BRILLIANT GEL ARCTIC OCEAN, 126 g",4.49,https://cdn.barbora.lt/products/1df99d14-6f10-4103-81e3-2773989e4327_s.png
Maxima,"Karštai rūkytas EKSTRA servelatas BIOVELA, a. r., 400 g",3.29,https://cdn.barbora.lt/products/7df1cfbd-039b-4880-928c-f5078f94eaba_s.png
Maxima,"Burnos skalavimo skystis LISTERINE CLEAN&FRESH, 500 ml",7.99,https://cdn.barbora.lt/products/58b37dc9-cf67-4026-8b26-339d8e1cc925_s.png
Maxima,"Marlinių servetėlių rinkinys KORLĖJA, 5 vnt.",7.59,https://cdn.barbora.lt/products/3caf99f0-f667-4a32-975c-cbfada63e8b8_s.png
Maxima,"Veido kremas GREEN FEEL'S, 50 ml",4.99,https://cdn.barbora.lt/products/6d5dcd4e-50b6-4429-8d55-965a26237e44_s.png
Maxima,"Rankinė su pieninio šokolado saldainiais FIZZY, 100 g",10.99,https://cdn.barbora.lt/products/682aa8cd-e2be-429b-8a5b-c13be3d23558_s.png
Maxima, Peilių galąstuvas UNIWELL,4.99,https://cdn.barbora.lt/products/3a5f7651-c457-426f-8066-2d146871db9b_s.png
Maxima,"Dantų pasta JORDAN „GREEN CLEAN GENTLE WHITENING“, 75 ml",3.49,https://cdn.barbora.lt/products/239a76e5-f46b-4976-95b9-45a3b9e1fc80_s.png
Maxima,"Dantų pasta BLEND A MED 3D WHITE Charcoal, 75ml",2.79,https://cdn.barbora.lt/products/437b0032-c72b-4524-925c-be92cd01fe42_s.png
Maxima,"Prakaito ir dezodoranto dėmių valiklis RESQ, 450 ml",3.25,https://cdn.barbora.lt/products/e16892c1-a235-4677-b133-39e7c9c4f2f2_s.png
Maxima,"Vyriškos skutimosi putos NIVEA SENSITIVE PRO ULTRA CALMING, 200 ml",6.35,https://cdn.barbora.lt/products/8152183f-78c9-4250-b81c-06903d32073b_s.png
Maxima,"The Doctor Health & Care Spygliuočių vonios druska, 500 g ",2.49,https://cdn.barbora.lt/products/05aa1cc5-79da-46dd-baaa-808e5b89a81e_s.png
Maxima,"Plaukų kondicionierius GLISS Aqua Revive, 200 ml",2.39,https://cdn.barbora.lt/products/d3381cd2-bd31-4757-ad49-695f8b09fba3_s.png
Maxima,"Vyriškas purškiamasis dezodorantas GARNIER MEN, 150 ml",5.49,https://cdn.barbora.lt/products/94cd1990-03c6-4515-8143-ae5398130aaa_s.png
Maxima,"Purškiamasis plaukų kondicionierius GLISS Aqua Revive, 200 ml",3.64,https://cdn.barbora.lt/products/543f5c2e-d6b3-42bf-bbc9-b0360fec88c1_s.png
Maxima,"Vyriškas rutulinis dezodorantas FA MEN RED CEDARWOOD, 50 ml",4.49,https://cdn.barbora.lt/products/8e121fba-6846-42f2-962f-99aaa83f2415_s.png
Maxima,"Vyriškas rutulinis dezodorantas GARNIER MEN SPORT, 50 ml",4.19,https://cdn.barbora.lt/products/68093fea-a399-4725-a704-52e559650fda_s.png
Maxima,"Plaukų kondicionierius GREEN FEEL'S, 100 ml",5.99,https://cdn.barbora.lt/products/26aa01d5-2ba4-4976-8bf1-f30caeaae2bc_s.png
Maxima,"Vonios burbulas BUBBLES JUICY MELON, 115 g",2.39,https://cdn.barbora.lt/products/c9528090-e874-4bd3-a063-97b97e54377b_s.png
Maxima,"Moteriški kvepalai BI-ES FLORIAL, 15 ml",4.59,https://cdn.barbora.lt/products/4eb0b31e-4e98-4a08-a37b-461b4884f18d_s.png
Maxima,"Paakių kaukė SCHAEBENS su hialuronu, 1 vnt.",2.69,https://cdn.barbora.lt/products/077e6f29-6af9-4a38-8a1f-67f695863de0_s.png
Maxima,"Dėlionė TREFL TRAKAI, 1000 detalių, 1 vnt.",5.39,https://cdn.barbora.lt/products/5c004f7e-4f09-458d-b329-8e4ccf7769b5_s.png
Maxima,"Ekologiški citrinpipiriai SANTA MARIA, 60 g",1.99,https://cdn.barbora.lt/products/458bc527-f744-4932-bf10-63552a0b7dad_s.png
Maxima,"Stiklinis dangtis UNIWELL, 16x18x20 cm",7.99,https://cdn.barbora.lt/products/3086e29a-39c4-423f-8d12-d42811910750_s.png
Maxima,"Šiukšlių maišai VORTEX FLEXY DUO STRAWSTR, 70 l, 10 vnt., 1 vnt.",4.69,https://cdn.barbora.lt/products/67cd1a6e-5ddb-4614-90f3-f1c6a5904629_s.png
Maxima,"Mikropluošto šluostė ROTZ, 30 x 40cm",1.49,https://cdn.barbora.lt/products/413916ad-0aaf-42b2-bb43-34bc02bf5f44_s.png
Maxima,"Blakstienų tušas MAYBELLINE LASH SENSATIONAL SKY HIGH, rudas, 7 ml",13.99,https://cdn.barbora.lt/products/9f8c6c61-d78a-412c-a89a-6122bece5730_s.png
Maxima,"NIVEA® DERMA SKIN CLEAR tonikas į bėrimus linkusiai odai, 200 ml",7.99,https://cdn.barbora.lt/products/f0447241-88db-4521-a81c-1e44839fb113_s.png
Maxima,"Purškiamas dezodorantas OLD SPICE Oasis, 150ml",3.15,https://cdn.barbora.lt/products/3bd713e0-7d78-4227-9f2c-a108f4eb9a1a_s.png
Maxima,"Moteriškas purškiamasis dezodorantas FA PARADISE MOMENTS, 150 ml",4.49,https://cdn.barbora.lt/products/48b5fbe4-88f3-437a-b7ae-209ebd16b000_s.png
Maxima,Vyriškas dušo gelis OLD SPICE CAPTAIN;1l,7.35,https://cdn.barbora.lt/products/5b5cd699-3d40-49f7-85fd-a08e038d1b7a_s.png
Maxima,"Plaukų šampūnas L'OREAL ELSEVE , 200 ml",6.59,https://cdn.barbora.lt/products/3a568cf4-b7c0-4f12-9583-b614459ae073_s.png
Maxima,"Aštrus trintų pomidorų padažas SUSLAVIČIAUS, 490 g",2.46,https://cdn.barbora.lt/products/cca0246a-1bfc-4a71-be01-0efc3a1c6c6f_s.png
Maxima,"Dantų šepetėlis LACALUT KIDS, 1 vnt.",3.59,https://cdn.barbora.lt/products/f0e7e293-4564-4ecc-95eb-51f6484f38d0_s.png
Maxima,Stiklinės AURORA NOLA 440 ml 6 vnt.,14.99,https://cdn.barbora.lt/products/be7794db-b983-4084-a16b-ec77fd1a273b_s.png
Maxima,"Pieštukinis antiperspirantas GILLETTE Arctic Ice, 70ml",6.49,https://cdn.barbora.lt/products/7145cf2e-be51-4f92-90cf-90151f0bcef1_s.png
Maxima,Lakštinė veido kaukė MJCARE PEARL 22 g,1.69,https://cdn.barbora.lt/products/2234fb04-7a40-48a6-a503-c4bf849cd8a6_s.png
Maxima,"Lakštinė veido kaukė MJCARE, 1 vnt.",1.69,https://cdn.barbora.lt/products/e7346a73-3e31-46ea-a9a0-6181e540193c_s.png
Maxima,"Šokoladinis Kalėdų senelis KINDER PINK su staigmena, 75 g",4.59,https://cdn.barbora.lt/products/6b6510f5-9087-435a-b8c5-d1e7f0bdc202_s.png
Maxima,"Patalynės komplektas, 140 x 200 cm, 1 vnt. 50 x 70 cm, 1 vnt.",15.99,https://cdn.barbora.lt/products/e2d94a62-1608-4480-a118-8f128892fd9e_s.png
Maxima,RASA INTENSE BODY CARE Apsauginis rankų kremas 75 ml,4.49,https://cdn.barbora.lt/products/596d4111-08c1-40f5-a031-adcfdbb87456_s.png
Maxima,"NIVEA MEN Fresh Active pieštukinis dezodorantas vyrams, 50 ml",5.39,https://cdn.barbora.lt/products/2d10840a-6ece-4a42-8a36-4480ae7d0bd4_s.png
Maxima,"Plaukų kaukė GLISS 4IN1 Nourish, 400 ml",4.74,https://cdn.barbora.lt/products/0f388956-86a4-4f02-a179-a522dfcb2034_s.png
Maxima,"Automobilių oro gaiviklis ROTZ MIDNIGHT BLOOM, 1 vnt.",1.19,https://cdn.barbora.lt/products/6fb49091-83d7-4644-94da-95333ca4fc7b_s.png
Maxima,"Dantų pasta COLGATE MAX WHITE BYE BYE STAINS, 75 ml",6.29,https://cdn.barbora.lt/products/f3c9c975-0e0b-472a-ac96-dd6377777ea6_s.png
Maxima,"Pieštukinis dezodorantas OLD SPICE Rockstar, 50ml",3.15,https://cdn.barbora.lt/products/1b0e72af-1580-4807-8737-2975525612e6_s.png
Maxima,"Plaukų šampūnas PANTENE Hydra Glow Miracles, 250 ml",7.19,https://cdn.barbora.lt/products/d1fc5354-7283-41da-9fea-5d5fc53fedf7_s.png
Maxima,"Kūno prausiklis FAITH IN NATURE DRAGON FRUIT, 400 ml",7.99,https://cdn.barbora.lt/products/b7516e17-541c-4ed5-815a-335f17554fab_s.png
Maxima,"Dušo gelis OLD SPICE Rockstar, 400ml",3.45,https://cdn.barbora.lt/products/e31f4b61-52bf-4eb1-bf1b-b43e51bd308a_s.png
Maxima,"Dantų šepetėlis ELMEX CARIES INTERDENTAL SOFT, 1 vnt.",6.29,https://cdn.barbora.lt/products/a9ad18c2-9a83-449b-b571-6902edb94167_s.png
Maxima,"Dantų šepetėlis COLGATE BIG KIDS SMILES, 6-9 m., 1 vnt.",2.69,https://cdn.barbora.lt/products/0b83d91f-92ff-4acf-a632-103f924cebd5_s.png
Maxima,"Dušo želė DOVE ADVANCED CARE NOURISHING, 400 ml",7.69,https://cdn.barbora.lt/products/de9a5125-4c03-4b21-9c2b-a6ceaa924a97_s.png
Maxima,"Citrinų rūgštis SANTA MARIA, 32 g",0.49,https://cdn.barbora.lt/products/4ba5578c-ba1b-458a-8420-d6cc90b4f4e7_s.png
Maxima,ECODENTA dantų pasta su mėlynių ekstraktu 100 ml ,3.49,https://cdn.barbora.lt/products/eeaeb963-98c9-44b0-b866-20ae5ca18c08_s.png
Maxima,"Dušo želė NUNU, 250 ml",7.99,https://cdn.barbora.lt/products/3f01f29a-5a29-433b-b804-33fd1e765f31_s.png
Maxima,"Mot.pieštukin.antiperspirantas LADY SPEED STICK WILD FREESIA, 40 g",4.49,https://cdn.barbora.lt/products/9d8514e9-81e1-430b-8af3-322580038bf7_s.png
Maxima,"Lakštinė veido kaukė NIVEA SKIN RADIANCE, 1 vnt.",3.69,https://cdn.barbora.lt/products/cd27b330-0060-43ef-9bdc-dff50f4c556a_s.png
Maxima,"Dušo gelis OLD SPICE Bearglove, 675ml",4.99,https://cdn.barbora.lt/products/35167091-49fa-4d1d-9d36-f0e0a6c5bca9_s.png
Maxima,"Plaukų šampūnas PANTENE Intensive Repair Active Nutri-Plex, 90 ml",2.29,https://cdn.barbora.lt/products/4fc5a984-5c12-4a8c-9d36-8db2981ddd41_s.png
Maxima,Skustuvas GILLETTE FUSION + sk. galvutės 5vnt.,25.49,https://cdn.barbora.lt/products/282d4609-d95a-47c5-92d5-efae4923e32a_s.png
Maxima,"Pėdų kremas NEUTROGENA FAST ABSORBING, 100 ml",5.99,https://cdn.barbora.lt/products/70694ee4-1fe5-4dfa-9a39-9ec6a49bb5c7_s.png
Maxima,"NEUTROGENA Hydro Boost aqua valomasis gelis, 200ml",8.99,https://cdn.barbora.lt/products/c3b721bb-514e-4369-a12c-dcdfc2067a60_s.png
Maxima,Desertinės šakutės UNIWELL Rotondo 4vnt.,5.99,https://cdn.barbora.lt/products/6d952082-a748-480d-8b71-aa046927b890_s.png
Maxima,"Šaldytos žaliakriauklės midijos su česnakiniu sviestu, 125 g",6.99,https://cdn.barbora.lt/products/2d4829ac-5112-4514-845a-22dda8b2f7dd_s.png
Maxima,MARGARITA KAKĖ MAKĖ Braškių kvapo rankų muilas 250 ml,4.29,https://cdn.barbora.lt/products/7bbcde32-6402-4602-af4d-46339cb839aa_s.png
Maxima,"Keptuvė TEFAL So'light, 24cm",33.99,https://cdn.barbora.lt/products/1d135829-56a5-4729-94c4-a32a9430bcb7_s.png
Maxima,ELSEVE  šampūnas 400 ml,4.39,https://cdn.barbora.lt/products/56cedb08-557a-49c5-9b4c-01b483f4faa9_s.png
Maxima,ELSEVE  plaukų kremas 200 ml,4.79,https://cdn.barbora.lt/products/3a2addb0-bc3e-474a-8e19-c22c658d8534_s.png
Maxima,ELSEVE ALIEJUS  plaukams 100ml.,8.09,https://cdn.barbora.lt/products/393b376a-48be-48e3-9453-baf0c526ba8c_s.png
Maxima,"Šampūnas GLISS Full Hair Wonder, 400ml",3.39,https://cdn.barbora.lt/products/1383dab0-ede4-4914-aa71-70110d3615a5_s.png
Maxima,"Burnos skalavimo skystis COLGATE TOTAL, 500 ml",7.89,https://cdn.barbora.lt/products/3d24ffea-a6c2-4a06-841a-735aa638e857_s.png
Maxima,"Virti ir marinuoti indiniai kalmarai, 200 g",4.99,https://cdn.barbora.lt/products/2d3538ce-4e04-415f-aee3-f4b2e44a727c_s.png
Maxima,"Pieštukinis antiperspirantas OLD SPICE Night Power, 50ml",3.95,https://cdn.barbora.lt/products/61bb295b-9664-4e4c-abbd-034ed69cc22a_s.png
Maxima,"Vienkartiniai skustuvai VENUS Simply 3 Miami Hybrid, 8vnt.",9.49,https://cdn.barbora.lt/products/95086a43-1a87-47a9-ac26-b29906c95216_s.png
Maxima,"Moteriškas pieštukinis dezodorantas DOVE ORIGINALS, 50 ml",3.99,https://cdn.barbora.lt/products/38b345f2-a577-433d-b3c3-59e8706a672d_s.png
Maxima,GREEN FEEL'S Maitinamasis rankų kremas su šilko ekstraktu 75ml,1.99,https://cdn.barbora.lt/products/49fb1db5-480d-4ea4-9918-1c800a7a9b11_s.png
Maxima,"MARTINELIA plaukų purškalas lengvinantis iššukavimą Mermaids, 200 ml",4.99,https://cdn.barbora.lt/products/ec65f2ee-b3fa-47be-b135-ba48102d29e7_s.png
Maxima,"Kūdikių servetėlės PAMPERS Harmonie Calendula, Plastic Free,  3x44 vnt.",6.85,https://cdn.barbora.lt/products/67d0c483-3e69-4722-b47d-3aadc20fcf0c_s.png
Maxima,"Modelinas HEY CLAY, 3 vnt.",2.99,https://cdn.barbora.lt/products/6eeea14c-7bf8-4ce1-a07b-5432e1bb1781_s.png
Maxima,"Pranc garstyčios SUSLAVIČIAUS 200g, 200 g",1.22,https://cdn.barbora.lt/products/52af3257-ea38-4b66-aee5-684274c25414_s.png
Maxima,"Vyriška dušo želė PALMOLIVE MEN INTENS Ice Blast, 500 ml",6.29,https://cdn.barbora.lt/products/d7bb2ef3-f287-448f-b8c4-d1045560c24d_s.png
Maxima,"MARGARITA ANTI AGE stangrinamasis veido kremas, 50 ml",7.99,https://cdn.barbora.lt/products/170e82d4-e5d5-4570-a409-0e8d8a0a447d_s.png
Maxima,"Dušo gelis DOVE GENTLE PAMPER, 720 ml",9.99,https://cdn.barbora.lt/products/7cbec607-ded6-4155-be16-8b57f4753a61_s.png
Maxima,GREEN FEEL'S šampūnas slinkti linkusiems plaukams 400ml,5.49,https://cdn.barbora.lt/products/71d105a9-fe05-43b1-a604-b4079867bc68_s.png
Maxima,"Dantų šepetėlis ORAL-B Pro-Sensitive Advanced, Gentle Clean, Extra Soft, 2 vnt.",4.39,https://cdn.barbora.lt/products/dca3ab66-f07d-4718-8a53-ba1f031a9bff_s.png
Maxima,"Plaukų šampūnas HEAD&SHOULDERS Men Ultra Old Spice, 800 ml",13.99,https://cdn.barbora.lt/products/485d5591-4423-47d6-a55b-32fb9666d8e8_s.png
Maxima,"VG Sensational skystas kreminis muilas Sensual Jasmine, 350 ml",8.49,https://cdn.barbora.lt/products/db4906f7-e9f8-475e-84fd-b5db645f24e1_s.png
Maxima,"Skystas muilas IEVA pačiulio ir vitamino E 0,5 L",4.79,https://cdn.barbora.lt/products/b0729f79-8925-44af-ab11-16fa067fc151_s.png
Maxima,"Fiksuojamasis dantų protezų kremas BLEND A DENT Complete Strong Hold, No Flavor, 47 g",7.99,https://cdn.barbora.lt/products/3f9533d1-b20f-42e1-b576-aefba0a9c229_s.png
Maxima,"Kilpinių rankšluosčių komplektas 2 x 50 x 90 cm, 2 dizainai",20.99,https://cdn.barbora.lt/products/94b4937c-6d24-4ade-bce8-69ecad8e73f9_s.png
Maxima,BRITA MAXTRA PRO HARD WATER EXPERT vandens filtras 1vnt,11.99,https://cdn.barbora.lt/products/303600f7-103c-4ab7-8e0a-7541b607a020_s.png
Maxima,"Guminukai AMOS BLOCKS (CHRISTMAS TREE COLORS), 170 g	",4.79,https://cdn.barbora.lt/products/f9591bb0-5132-494f-b401-d9908551e84d_s.png
Maxima,"NIVEA Fresh Active purškiamasis antiperspirantas vyrams, 150 ml",4.79,https://cdn.barbora.lt/products/a5bc2a74-dbf3-479d-a60a-a69aa465bcc6_s.png
Maxima,"Plaukų šampūnas GLISS Ultimate Color, 250 ml",2.39,https://cdn.barbora.lt/products/1bf0a4e5-e40b-4eeb-a0ac-174b8dfa8fcc_s.png
Maxima,"Vyriškas rutulinis dezodorantas FA SPORT, 50 ml",4.49,https://cdn.barbora.lt/products/47cc2540-f87e-4aed-9d7b-001d065f406b_s.png
Maxima,"Sriubos lėkštė LUMINARC FESTON, 23 cm, 1 vnt.",1.79,https://cdn.barbora.lt/products/3687981b-7470-47c6-960d-8da9737add9d_s.png
Maxima,"Vystyklas, 1 vnt.",2.89,https://cdn.barbora.lt/products/9209d931-fad4-4633-9900-a054afebc622_s.png
Maxima,"Kvapnusis vanduo CLASSIC MAN DARK po skutimosi, 100 ml",2.85,https://cdn.barbora.lt/products/36f04f4b-c738-40a6-86f6-7a408936e2d9_s.png
Maxima,"NIVEA® Color Brilliance šampūnas, 250 ml",4.79,https://cdn.barbora.lt/products/4e79c8ef-4f27-428f-b814-f8812859ae2d_s.png
Maxima,"Plaukų šampūnas SCHAUMA REPAIR, 400 ml",4.59,https://cdn.barbora.lt/products/569aaa78-7d5c-4791-90d3-ebdc2ddadfcf_s.png
Maxima,"Plaukų dažai L'OREAL CASTING CREME GLOSS, Nr. 400, 1 vnt.",10.59,https://cdn.barbora.lt/products/696317f1-4496-4965-a195-26e2292577eb_s.png
Maxima,"Plaukų modeliavimo klijai GOT2B, 150 ml",10.69,https://cdn.barbora.lt/products/e1de3f36-1263-4564-99e8-75c5e98cbad3_s.png
Maxima,"Skustuvo galvutės GILLETTE FUSION POWER, 4 vnt.",24.99,https://cdn.barbora.lt/products/b6d90be6-3fa9-42fc-9667-30f86d4b661c_s.png
Maxima,"Plaukų dažai L'OREAL EXCELLENCE CREME, Nr. 01, 1 vnt.",6.59,https://cdn.barbora.lt/products/48f2a3ae-f23d-4684-8ba6-e6c9c65dc97f_s.png
Maxima,"Losjonas po skutimosi OLD SPICE Original, 100ml",5.59,https://cdn.barbora.lt/products/2096a651-decf-4149-ae12-d95b61b0f53a_s.png
Maxima,"Plaukų šampūnas SCHAUMA Q10, 400 ml",4.59,https://cdn.barbora.lt/products/987d5eaa-76ac-49fb-99a0-8573b04abe4b_s.png
Maxima,"Higieniniai paketai BELLA PERFECTA NIGHT, 7 vnt.",0.99,https://cdn.barbora.lt/products/fe90cf2d-a321-4789-93c0-085c92cd9462_s.png
Maxima,"Plaukų šampūnas GLISS Ultimate Color, 400 ml",3.39,https://cdn.barbora.lt/products/0de75ac5-08a1-421f-95b3-2f0a407e832c_s.png
Maxima,"Stiklinė kepimo forma PYREX, 22 x 13 cm, 1 vnt.",7.99,https://cdn.barbora.lt/products/7c63b252-075b-4572-bce9-36cbdfa5511f_s.png
Maxima,"Plaukų želė SYOSS Max Hold, 250 ml",8.59,https://cdn.barbora.lt/products/98f6449c-b8bf-431d-a0c0-233c045495c3_s.png
Maxima,"Lėlė BARBIE-ELEGANTIŠKOJI, 1 vnt.",7.19,https://cdn.barbora.lt/products/26207273-772b-4bc2-b0e7-4c6b57086f81_s.png
Maxima,THAI purškiamas dezodorantas 100 g,6.99,https://cdn.barbora.lt/products/fa9f6ccd-29e3-48f1-a62c-d82ec81b2a7b_s.png
Maxima,"Skustuvas VENUS Extra Smooth, 1 galvutė",9.69,https://cdn.barbora.lt/products/062e4de0-dd55-49fe-9dc7-7947f5842a09_s.png
Maxima,"Dušo gelis vaikams ""FA KIDS Surfing Pirate"", 250ml ",3.89,https://cdn.barbora.lt/products/eb4ceab3-5658-4134-be69-dfc8728fd7b8_s.png
Maxima,"Silikoninsė kepimo formelės JULIETTE, 6 vnt., 6 vnt.",6.99,https://cdn.barbora.lt/products/4bb6f1b9-6b50-4f79-bcc9-2c3d0890c8bb_s.png
Maxima,"NIVEA FOR MEN Losjonas po skutimosi SENSITIVE, 100 ml",11.99,https://cdn.barbora.lt/products/29523fff-c221-474d-8977-174004e89d60_s.png
Maxima,"Puodelis LUMINARC NUEVO, 250 ml, 1 vnt.",2.29,https://cdn.barbora.lt/products/f8accb5d-1008-4390-928b-7e79d978c538_s.png
Maxima,"Plaukų kondicionierius OGX su argano aliejumi, 385 ml",13.99,https://cdn.barbora.lt/products/67c1883f-5ea5-4c96-a969-20ff8f1a3117_s.png
Maxima,"Hermetiškas indelis BORGONOVO IGLOO, 15 cm, 960 ml, 1 vnt.",7.69,https://cdn.barbora.lt/products/75e1fc4f-24a0-486b-a165-54e94133c503_s.png
Maxima,"Vyriškas pieštukinis dezodorantas REXONA INVISIBLE BLACK&W, 50 ml",4.29,https://cdn.barbora.lt/products/b039e68e-1683-4d8e-a5e6-30903bcd05fa_s.png
Maxima,"Vaik. prausimosi putos HIPP BABY SANFT, 250 ml",7.25,https://cdn.barbora.lt/products/45f870e3-6a0b-4cad-ac04-924e34512116_s.png
Maxima,"Šokoladinis kiškis KINDER su staigmena, 75 g",4.59,https://cdn.barbora.lt/products/dce7c09f-280a-48ec-9f19-4021a69323fe_s.png
Maxima,"Blakstienų tušas MAYBELLINE LASH  VERY BLACK, 1 vnt.",13.89,https://cdn.barbora.lt/products/4afd4db8-172b-4d21-a8dd-3b096d4c1698_s.png
Maxima,"Kūno aliejus RE-GEN OIL, 75 ml",6.99,https://cdn.barbora.lt/products/60fcbcb8-cbcd-4520-888d-c631c9268b8f_s.png
Maxima,"Dantų pasta COLGATE MAX WHITE EXPERT WHITE, 75 ml",7.49,https://cdn.barbora.lt/products/c6d7f230-213f-4b28-a118-450e28daab10_s.png
Maxima,"Vyriškas šampūnas NATURA SIBERICA, 250 ml",6.59,https://cdn.barbora.lt/products/7570461f-1864-4f9f-90d8-a226d605e5fa_s.png
Maxima,"Makiažo valiklis MIXA, 125 ml",4.39,https://cdn.barbora.lt/products/6c116664-f035-446d-892b-f91dfd500e1a_s.png
Maxima,"Stalo žaidimas TACTIC ALIAS PARTY, kelioninis, 1 vnt.",5.49,https://cdn.barbora.lt/products/d124f660-cb0e-46a7-98fa-05de0d186798_s.png
Maxima,"Burnos skalavimo skystis COLGATE PLAX HERBAL FRESH, 500 ml",7.39,https://cdn.barbora.lt/products/b1ffcfc8-7802-4b55-8155-789a4f61240c_s.png
Maxima,"Plaukų želė VENITA SALON SUPERSTRONG, 150 g",1.09,https://cdn.barbora.lt/products/f974f5ab-1442-4463-a3c8-46ad31965869_s.png
Maxima,"Veido kaukė su auksu SCHAEBENS, 2 vnt.",1.85,https://cdn.barbora.lt/products/7697792a-acd5-439d-9bf0-16519c79dcda_s.png
Maxima,"Keptuvė UNIWELL EDAY, 20 cm, 1 vnt.",8.99,https://cdn.barbora.lt/products/e758ec00-9cb9-4ade-bafd-faab2864c93e_s.png
Maxima,"Citrininiai kepsnių prieskoniai su žolelėmis SANTA MARIA, 35 g",0.74,https://cdn.barbora.lt/products/a51e23fc-21ac-4db7-b3ff-e8254c13d761_s.png
Maxima,"Šefo peilis FISKARS ESSENTIAL, 21 cm",14.99,https://cdn.barbora.lt/products/6f524a2a-11ed-4749-9897-cea8082bef3b_s.png
Maxima,"Vyriškas purškiamasis dezodorantas REXONA ACTIVE PROTECT.F, 150 ml",4.29,https://cdn.barbora.lt/products/f88a8d88-d699-4dfd-9934-ce339dc9f9fe_s.png
Maxima,"Veido prausiklis NIDA su žolelių ekstraktu, 150 ml",2.79,https://cdn.barbora.lt/products/dd466902-7fbe-4fb5-ba23-714499817a62_s.png
Maxima,"Dažytų plaukų kondicionierius NIDA su gintaro ekstraktu, 150 ml",2.19,https://cdn.barbora.lt/products/970e5f9f-f35b-42f9-b813-4654cea10d7d_s.png
Maxima,"Masažo aliejus WELEDA su arnikomis, 100 ml",14.49,https://cdn.barbora.lt/products/ef77cfeb-073f-40ba-a103-efe119c1eb78_s.png
Maxima,"NIVEA Protective Care Beeswax rankų kremas, 75 ml",3.49,https://cdn.barbora.lt/products/458762f0-a4c3-4ab5-9a51-8e83c2f7fec9_s.png
Maxima,"Purškiamas dezodorantas OLD SPICE Bearglove, 150ml",3.15,https://cdn.barbora.lt/products/b965579e-8ee3-459f-9ee2-12a7b89dd3ce_s.png
Maxima,"Dantų pasta PARODONTAX COMPLETE PROTECTION WHITENING, 75 ml",7.69,https://cdn.barbora.lt/products/7c42ae87-ef90-45ce-a8b7-43f307ea6d5f_s.png
Maxima,"Higieniniai paketai BELLA IDEALE, 20 vnt.",2.45,https://cdn.barbora.lt/products/2dc68427-b7a9-4124-8839-a44ed5b4fb54_s.png
Maxima,"Veido kremas-gelis NEUTROGENA HYDRO BOOST, 50 ml",19.99,https://cdn.barbora.lt/products/677b079c-6016-4c35-b713-b2e437d56348_s.png
Maxima,"Skystasis muilas GENERA su alavijų ekstraktu, 1 l",2.44,https://cdn.barbora.lt/products/324e5f81-5b65-499d-aa3e-b069ece35ecd_s.png
Maxima,"Kūno kremas-gelis NEUTROGENA HYDRO BOOST, 400 ml",11.89,https://cdn.barbora.lt/products/9fcefd59-c9d2-406e-96b3-aeab01cc5275_s.png
Maxima,"Vyriškas kūno prausiklis VĖJAS sportuojantiems, 250 ml",3.39,https://cdn.barbora.lt/products/638c13fb-9497-437b-92e8-2b14b36e0003_s.png
Maxima,KILIG VITAMIN C regeneruojantis veido serumas 30 ml ,12.75,https://cdn.barbora.lt/products/fe896bd7-4235-4f81-85f4-a1d485409991_s.png
Maxima,"Veido kremas BIODERMA, 40 ml",16.69,https://cdn.barbora.lt/products/886568f7-a439-4def-b0e0-69aa829e496f_s.png
Maxima,"Plaukų modeliavimo pasta SYOSS Texture Clay, 100ml",8.99,https://cdn.barbora.lt/products/4cec6547-3834-4ff8-9893-c202ab4cc581_s.png
Maxima,"Marliniai vystyklai KORLĖJA, 3 vnt., 3 vnt.",6.79,https://cdn.barbora.lt/products/d0786115-98c3-466e-bb41-abee1144f59d_s.png
Maxima,"Burnos gaiviklis STAY COOL, švelnaus mėtų skonio, 20 ml",4.49,https://cdn.barbora.lt/products/7e38d277-8335-4583-8b4a-83be1e54a200_s.png
Maxima,"Kūno aliejus JOHNSON'S BEDTIME, 200 ml",4.29,https://cdn.barbora.lt/products/dfbf5123-1aec-4248-a754-769fcfb42435_s.png
Maxima,"Vaikiškas kūno pienelis BUBCHEN, 50 ml",1.79,https://cdn.barbora.lt/products/19880ccb-afd3-4464-ace8-dbb0b59d2178_s.png
Maxima,"Vaikiškas šampūnas JOHNSON'S BABY BEDTIME, 500 ml",5.29,https://cdn.barbora.lt/products/c3a39949-3e12-4148-aa88-d74ffab63878_s.png
Maxima,"Keptuvė UNIWELL INCSHEF, 28 cm, 1 vnt.",21.99,https://cdn.barbora.lt/products/df2caf61-420a-4175-b8de-0686376783e8_s.png
Maxima,"Kūno kremas GREEN FEEL'S, 200 ml",4.99,https://cdn.barbora.lt/products/fb7b13a7-bd3c-4a8d-94c8-2a6387c834d5_s.png
Maxima,MARGARITA Kreminis šampūnas su ramunėlių ekstraktu ir proteinais  250ml,3.89,https://cdn.barbora.lt/products/d4e7e4c2-e26a-4857-8495-87d584bf9501_s.png
Maxima,"Moteriškas rutulinis dezodorantas FA, 50 ml",4.49,https://cdn.barbora.lt/products/d4b50f70-c8cd-44f6-968e-ffd1cc98cc9c_s.png
Maxima,"KILIG HYDRATING intensyviai drėkinantis gelinis kremas normaliai, mišriai veido odai 50 ml",10.59,https://cdn.barbora.lt/products/e225e034-b620-4ac4-9445-16916a106570_s.png
Maxima,"Plaukų šampūnas GARNIER FRUCTIS HAIR, 350 ml",5.19,https://cdn.barbora.lt/products/f28fa815-5dca-418c-8238-18cf26fa717b_s.png
Maxima,"Vyriškas rutulinis dezodorantas L'OREAL MEN, 50 ml",5.49,https://cdn.barbora.lt/products/d88116e1-329d-4782-b3c0-73a6996d6178_s.png
Maxima,"Bambukiniai tarpdančių šepetėliai HUMBLE, D1, 6 vnt., 1 vnt.",4.99,https://cdn.barbora.lt/products/90fa9ea9-5597-4922-beba-e15f6a17e714_s.png
Maxima,"Plaukų lakas GOT2BE Glued, 300 ml",9.49,https://cdn.barbora.lt/products/9f21034f-247e-4409-ad4b-0a9760ed84d1_s.png
Maxima,"Dubenėlis su dangteliu LUMINARC, 20 cm, 1 vnt.",6.99,https://cdn.barbora.lt/products/f7a26a46-45d4-47b4-b69c-f9505d1d5275_s.png
Maxima,MARGARITA Nenuplaunamas plaukų balzamas su mėlynių ir šalavijų ekstraktais 150ml,3.19,https://cdn.barbora.lt/products/a90e81d6-3edb-48ed-b7fd-b25a1841f626_s.png
Maxima,"Drėkinamasis rankų kremas MARION, 50 ml",2.69,https://cdn.barbora.lt/products/ba168e61-a5d2-4374-8449-6061c2b90cdb_s.png
Maxima,"Marinuotų jūrų gėrybių užkandis EXTRA, 200 g",3.99,https://cdn.barbora.lt/products/72bd632e-2010-458c-a62c-7ed674a02b72_s.png
Maxima,"NIVEA Fresh Rose Touch rutulinis dezodorantas antiperspirantas moterims, 50 ml",4.79,https://cdn.barbora.lt/products/1c6b8fb9-50e7-4610-b555-611fcf4b00f8_s.png
Maxima,"Bokštelis FISHER PRICE SUPK IR STATYK, 1 vnt.",8.57,https://cdn.barbora.lt/products/647efdc8-9b8b-4f05-badf-0456f796320c_s.png
Maxima,"Sauskelnės-kelnaitės PAMPERS Pants, Maxi Pack, 3 dydis, 56 vnt.",13.29,https://cdn.barbora.lt/products/bea44909-1fdf-4f9e-9d9d-c6b32767cdf7_s.png
Maxima,Lėkštė AURORA PEARL CLASSIC DARK 19 cm,3.99,https://cdn.barbora.lt/products/444f4668-9d8b-4a14-a5bd-1ce99f939f78_s.png
Maxima," Prikaistuvis su dangčiu UNIWELL, 16 cm",21.99,https://cdn.barbora.lt/products/17be8b61-a699-4d26-ac86-c31df59ef4ae_s.png
Maxima,"Ant piršto užmaunamas šepetėlis pirm. dantims valyti BABYONO, 1 vnt.",1.99,https://cdn.barbora.lt/products/b5d7261a-2774-44fd-b248-4501726dd77e_s.png
Maxima,"Veido kremas GREEN FEEL'S, 50 ml",9.99,https://cdn.barbora.lt/products/6bf80800-6e28-4ee2-b2dd-8280de1f7807_s.png
Maxima,"Duonos kepimo forma SILVER ELEGANCE,30cm",10.49,https://cdn.barbora.lt/products/d7266e3a-f592-413a-9265-383630d5928d_s.png
Maxima,Makaronų šaukštas UNIWELL,2.99,https://cdn.barbora.lt/products/5c630700-301f-44b4-b671-34c36d3efb01_s.png
Maxima,"Dantų pasta BLEND A MED 3D WHITE Cool Water, 75ml",2.79,https://cdn.barbora.lt/products/9f62b1c9-75d2-49e9-b11c-ae017774d06f_s.png
Maxima,"Vyriškas rutulinis antiperspirantas L'OREAL MEN, 50 ml",5.49,https://cdn.barbora.lt/products/c7155e86-a435-4a02-8d90-1ecdb21c10b4_s.png
Maxima,"Šlapios šluostės SWIFFER, papildymas, 20vnt",9.59,https://cdn.barbora.lt/products/91ee6757-260d-4343-8f0a-a45789b1c079_s.png
Maxima,MARGARITA Stiprios fiksacijos plaukų lakas su alaus mielių ekstraktu ir keratinu 250ml,5.65,https://cdn.barbora.lt/products/f885c69b-6b2f-4683-8b8e-6d45c662aecb_s.png
Maxima,"Purškiamas dezodorantas OLD SPICE Night Panther, 150ml",3.15,https://cdn.barbora.lt/products/fddf6766-a560-4740-bcef-e92e60673bcf_s.png
Maxima,"Žaidimų rinkinys PLAY-DOH VETERINARAS, 1 vnt.",20.99,https://cdn.barbora.lt/products/c5044cbb-4ab9-4deb-8a19-e16fe77126f7_s.png
Maxima,"Vyriškas dušo gelis FA MEN RED CEDARWOOD, 400 ml",4.99,https://cdn.barbora.lt/products/ed8c6c5e-102e-415d-872d-6a968096671e_s.png
Maxima,"Žaislinis nešiojamasis kompiuteris PAŽINK IR IŠMOK, 1 vnt.",27.59,https://cdn.barbora.lt/products/db943731-8a01-45dc-b49b-9c1d2f44ae2e_s.png
Maxima,"Moteriškas purškiamasis dezodorantas GARNIER, 150 ml",5.49,https://cdn.barbora.lt/products/32b48182-d62b-4f89-a34a-a08110a756a5_s.png
Maxima,"Vyriškas rutulinis dezodorantas GARNIER MEN, 50 ml",4.99,https://cdn.barbora.lt/products/12665b9f-74f0-4853-b240-814531c5f79a_s.png
Maxima,"Vyriškas rutulinis dezodorantas GARNIER MEN ACTION, 50 ml",4.99,https://cdn.barbora.lt/products/78ebcf47-392f-46e3-810c-44393b611265_s.png
Maxima,"Dantų šepetėliai ORAL-B ROUNDER BLACK, 3 vnt., 3 vnt.",3.09,https://cdn.barbora.lt/products/88372205-03c7-41e9-90a4-583b849b0353_s.png
Maxima,"Plaukų šampūnas GARNIER BOTANIC THERAPY, 400 ml",5.99,https://cdn.barbora.lt/products/2cb492e6-9717-402e-9d52-58060a403190_s.png
Maxima,"Plaukų šampūnas GARNIER BOTANIC THERAPY, 400 ml",5.99,https://cdn.barbora.lt/products/daa53b28-ba58-4629-be76-6d82f6f926e8_s.png
Maxima,"Moteriškas parfumuotas vanduo LA RIVE HER CHOICE, 100 ml",7.79,https://cdn.barbora.lt/products/7f630260-bc79-471d-917d-d1c420c6de61_s.png
Maxima,"Šiukšlių maišai VORTEX N'WHITE DRAWSTR 40 l, 1 vnt.",3.99,https://cdn.barbora.lt/products/a8024b18-bba3-4b1b-9bcf-c738467041a3_s.png
Maxima,"Vyriška dušo želė ADIDAS AFTER SPORT, 250 ml",4.69,https://cdn.barbora.lt/products/2ec4e446-03c4-4d53-a930-f0ef4a0595b6_s.png
Maxima,"Plaukų šampūnas GARNIER FRUCTIS HAIR, 350 ml",5.19,https://cdn.barbora.lt/products/81f30efe-b3b4-48f0-a022-47238fa1cb5c_s.png
Maxima,"Vonios putos HIPP BABY SANFT, 300 ml",4.99,https://cdn.barbora.lt/products/98bbba6a-5a50-46d9-b343-c73f557f6f11_s.png
Maxima,"Higieniniai įklotai ALWAYS Normal, Fresh Scent, 76 vnt.",4.99,https://cdn.barbora.lt/products/1c0b6d7c-9835-4362-8bb5-c715f071276b_s.png
Maxima,"NIVEA MEN FRESH SENSATION  rutulinis antiperspirantas vyrams, 50 ml",4.79,https://cdn.barbora.lt/products/cce7a0a0-7735-4509-9b7c-927e5b1e5e5a_s.png
Maxima,"Namų kvapas su lazdelėmis CANDLE FAMILY NICHE, 1 vnt.",6.49,https://cdn.barbora.lt/products/f500edb4-1081-4359-b056-4d6beaa5f909_s.png
Maxima,RASA CLEAN EFFECT Veido prausiklis 200 ml,6.89,https://cdn.barbora.lt/products/305e829b-b255-4347-9cb1-9af5b0050f28_s.png
Maxima,KILIG HYDRATING intensyviai drėkinantis veido serumas 30ml,12.69,https://cdn.barbora.lt/products/29839463-655f-4fee-b894-5c8e9ceaddb1_s.png
Maxima,RASA CLEAN EFFECT Dvifazis akių makiažo valiklis 150 ml,6.35,https://cdn.barbora.lt/products/d5716f8b-0b16-4351-beb2-64cc48e6ac17_s.png
Maxima,"Burnos skalavimo skystis COLGATE MAX WHITE PURPLE REVEAL, 500 ml",7.39,https://cdn.barbora.lt/products/1a337712-7e7c-487f-aef5-820804430974_s.png
Maxima,"Šaukštelis TRAMONTINA Polywood, 1 vnt.",1.99,https://cdn.barbora.lt/products/bbef75d2-9fb9-4202-b05c-dac85cc8aeea_s.png
Maxima,"Šakutė TRAMONTINA Polywood, 1 vnt.",1.99,https://cdn.barbora.lt/products/4bdcf77e-d7c6-42f7-ab3b-f28bab081bd8_s.png
Maxima,"Žaliosios alyvuogės ITLV su kumpio įdaru, 300 g",1.86,https://cdn.barbora.lt/products/88b32043-2eab-41a2-8cfa-3c27c73b4225_s.png
Maxima,"Radijo bangomis valdomas automobilis LAMBORGHINI URUS, 1 vnt.",10.79,https://cdn.barbora.lt/products/26173c44-8bb8-4de9-8c32-327a8c97232b_s.png
Maxima,"Dėlionė CLEMENTONI, 1000 detalių, 1 vnt.",5.99,https://cdn.barbora.lt/products/33f5e1fa-4eae-4bc6-9dcf-21b762eede9b_s.png
Maxima,"Veido kremas Q+A HYALURONIC ACID DAILY M,75",9.99,https://cdn.barbora.lt/products/c5b794e5-6fa0-4f65-988b-ba9814b426b1_s.png
Maxima,RASA HYDRO INTENSE Drėkinamoji lakštinė veido kaukė 23 g,4.89,https://cdn.barbora.lt/products/8173edaf-a965-4f7d-925b-21fe0277f755_s.png
Maxima,Dubenėlis AURORA Crest Brown 15 cm,5.99,https://cdn.barbora.lt/products/658d856a-7f48-4148-b896-2e36d1b4dea0_s.png
Maxima,"Lakštinė veido kaukė I'M SORRY FOR MY SKIN SOOTHING, 33 ml",2.49,https://cdn.barbora.lt/products/531de586-7bd9-4ea3-92e3-6cc0fafcb354_s.png
Maxima,"Dušo želė PALMOLIVE SPARKLING BLOOM ROSE, 500 ml",6.39,https://cdn.barbora.lt/products/c6db133a-9365-4669-b1f0-968e1d9875f0_s.png
Maxima,"Intymiosios higienos prausiklis BELLA TEENS, 300 ml",2.75,https://cdn.barbora.lt/products/06884d6d-de02-4d2f-9e22-fcf1d2636c89_s.png
Maxima,"Moteriškas pieštukinis antiperspirantas REXONA ADV.P.I.B&W, 50 ml",4.79,https://cdn.barbora.lt/products/46aac725-4111-43dc-bca5-5393c0552cf4_s.png
Maxima,"BELLA HERBS Aloe, hig.pak. 20vnt.",1.85,https://cdn.barbora.lt/products/ce7c976f-7bad-4116-bc63-3ec630be553c_s.png
Maxima,"Dušo želė DERMOMED ENERGY MANGO, 750 ml",2.99,https://cdn.barbora.lt/products/7dc3e3c5-6876-4bd8-8847-029f8169ef05_s.png
Maxima,Birių produktų indas UNIWELL KONSO 850 ml,2.99,https://cdn.barbora.lt/products/5f5df1b4-7cec-4fbb-8730-f60011f974f2_s.png
Maxima,"Plaukų dažai GARNIER OLIA, Nr. 6.0, 1 vnt.",6.15,https://cdn.barbora.lt/products/f308d68f-5b6b-4f2c-816a-f41cbc0b8894_s.png
Maxima,"Dušo gelis ir šampūnas PAW PATROL SKYE 2IN1, 400 ml",7.99,https://cdn.barbora.lt/products/11031094-8768-436c-a419-fdcc8e822b32_s.png
Maxima,HAS PD Rinkinys „Vaivorykštės ledai“,19.79,https://cdn.barbora.lt/products/666251cd-eeb9-48c1-8473-b5707ecebf1e_s.png
Maxima,"BABY BORN Lėlytė Emma, 43 cm",41.99,https://cdn.barbora.lt/products/8d88fac3-7792-479b-a591-0b2adc801ace_s.png
Maxima,Šaukšteliai UNIWELL Bordeaux 4 vnt.,5.99,https://cdn.barbora.lt/products/a4b73d57-6c77-49a7-8db3-0102c0a2e20b_s.png
Maxima,Šaukšteliai UNIWELL Duke 3 vnt.,3.99,https://cdn.barbora.lt/products/f46d9209-6c45-4fa0-93c7-6b43f22dc427_s.png
Maxima,"Stikliukai ILAJA 100 ml, 6 vnt.",5.99,https://cdn.barbora.lt/products/80bb315b-3993-4e56-b8a8-20314ddea88d_s.png
Maxima,Birių produktų indas UNIWELL ACACIA 970 ml,6.99,https://cdn.barbora.lt/products/ca2a1c22-2152-49e4-a811-9acb85d3573e_s.png
Maxima,"Vaikiškos dušo putos O'LYSEE, braškių ir aviečių kvapo, 250 ml",9.89,https://cdn.barbora.lt/products/888ce2a6-6b8e-413a-83bf-a805c0ec1aa0_s.png
Maxima,"Dantų pasta JORDAN „Kids“ su dozatoriumi (0-5 m.), 150 ml",9.99,https://cdn.barbora.lt/products/5cf654b1-7de9-4493-acb0-ed7742bdda2b_s.png
Maxima,BIC Soleil 3 Escape moteriški vienkartiniai skustuvai 3vnt.,7.19,https://cdn.barbora.lt/products/333a6268-6710-490f-835c-006e511c8d19_s.png
Maxima,"L'Oreal Paris ELSEVE  šampūnas, 400ml",4.39,https://cdn.barbora.lt/products/add7a2c2-7f4b-4ef2-8654-17cba2548b7e_s.png
Maxima,ELSEVE Dream Long šampūnas 1L,10.79,https://cdn.barbora.lt/products/25a5a79c-ea62-47e7-bcf4-f9479ada5625_s.png
Maxima,"ELSEVE  šampūnas, 200ml",6.05,https://cdn.barbora.lt/products/d51fb25b-e193-4ce5-b829-d4699f81f84d_s.png
Maxima,"Tekstūrinis purškiklis plaukams TAFT Aloe Boost, 150ml",4.49,https://cdn.barbora.lt/products/c7c2c4b8-bd2f-40fe-bdf7-6556cd11c45a_s.png
Maxima,"Plaukų lakas TAFT Aloe Boost, 200ml",4.19,https://cdn.barbora.lt/products/e6d4f2d5-b880-4bb9-95a7-aa609e8276ed_s.png
Maxima,"Veido prausimosi putos GREEN FEEL'S, 200 ml",6.99,https://cdn.barbora.lt/products/5ec6942c-0861-49dc-a7b1-1b558038c2f4_s.png
Maxima,HAS PD Rinkinys „Gėlių darželis“,14.99,https://cdn.barbora.lt/products/df8db751-b7d4-441a-a252-04a163e3e495_s.png
Maxima,"Plaukų šampūnas HEAD&SHOULDERS Clarify & Shine, 400 ml",8.49,https://cdn.barbora.lt/products/add7bd46-f6c6-4972-a58f-fdefd3b462bc_s.png
Maxima,"HiPP Babysanft prausimosi putos, papildymas 250ml",5.59,https://cdn.barbora.lt/products/53817b74-9331-4810-a8e6-80e5a88270ad_s.png
Maxima,"Dieninis veido kremas moterims, DIVUS, 50ml",2.99,https://cdn.barbora.lt/products/6323dd8e-f230-42da-8c56-ed8a0a1f04bf_s.png
Maxima,"Bulvių traškučiai CHAZZ THAI, aitriųjų paprikų skonio, 90 g",1.25,https://cdn.barbora.lt/products/fc5da442-77ab-4a28-9e67-4f54a59fd172_s.png
Maxima,"Kūdikių servetėlės PAMPERS Harmonie Aqua, Paw Patrols edition,3x48 vnt.",7.39,https://cdn.barbora.lt/products/12d310d0-a726-40ac-bc70-a608eb6d1e27_s.png
Maxima,"Dantų šepetėlis ORAL-B Pro-Expert Advanced, Deep Clean, Medium, 2 vnt.",4.39,https://cdn.barbora.lt/products/226a0351-6e15-466a-8fa0-42f3479f9f2c_s.png
Maxima,"VG Sensational dušo želė Sparkling Orange, 350 ml",8.49,https://cdn.barbora.lt/products/16e7c253-f5a3-4549-8ede-35b887800fe1_s.png
Maxima,"Dėlionė Mini Huzzle, 1 vnt.",3.49,https://cdn.barbora.lt/products/0b46f8e9-44a2-42f1-a3ae-b3076b9679ed_s.png
Maxima,"RAINBOCORNS pliušinis žaislas su aksesuarais Axolotcorn, asort., 92120",15.89,https://cdn.barbora.lt/products/17e31d34-8b67-44c8-9d12-9c99dcc38e3d_s.png
Maxima,NIVEA ANTI GREASE šampūnas plaukams vyrams 500 ml,7.99,https://cdn.barbora.lt/products/47150006-63b7-4114-a734-128c3ac1fd47_s.png
Maxima,NIVEA MEN Derma Control Defend purškiamas antiperspirantas vyrams 150 ml,4.79,https://cdn.barbora.lt/products/aeda2a2d-5c4b-48fa-b76b-fd3fd759c8d8_s.png
Maxima,"SENSODYNE dantų pasta Cavity Sensitivity White, 75ml",6.49,https://cdn.barbora.lt/products/9d308b25-e6cf-4214-b67b-00c148b5e64e_s.png
Maxima,"Kilpinių rankšluosčių komplektas 2x50x90cm, 2 dizainai",20.99,https://cdn.barbora.lt/products/57d940c7-a382-465a-9f7a-172bd86c9142_s.png
Maxima,"Menkių kepenų paštetas, trumų skonio WELL DONE, 100 g",1.99,https://cdn.barbora.lt/products/8e7d674a-dad4-4eb2-8437-88bca62af36a_s.png
Maxima,Satininė paklodė su guma 140x200+30cm dr.kaulo,14.99,https://cdn.barbora.lt/products/cbac38df-f6a7-4db9-8166-95b9ca175728_s.png
Maxima,"Dažom. plaukų kremas PALETTE INTENSIVE COLOR CREM, Nr. 10-1, 1 vnt.",5.49,https://cdn.barbora.lt/products/4fddc04b-8d5f-46f6-bede-a484962eb3e9_s.png
Maxima,"Moteriškos kojinės SKINIJA, 37-40 dydis, 1 vnt., skirtingi dizainai",1.55,https://cdn.barbora.lt/products/4d05adb8-57e3-4b38-afbd-d67b491a6ee7_s.png
Maxima,"NIVEA® Ultra Strong plaukų lakas, 250 ml",7.19,https://cdn.barbora.lt/products/9a10f7f5-f538-450f-804c-45fbcaaa964d_s.png
Maxima,"NIVEA MEN Veido kremas vyrams PROTECT&CARE, 50 ml",9.89,https://cdn.barbora.lt/products/65e76c78-1451-4006-a5ad-fafc30624689_s.png
Maxima,"Vyriškas pieštukinis dezodorantas REXONA COBALT, 50 ml",4.29,https://cdn.barbora.lt/products/8c7223c5-684b-44fd-819c-0f0a09710d9f_s.png
Maxima,"Skutimosi gelis GILLETTE Series Moisturising, 200ml",5.99,https://cdn.barbora.lt/products/8e901ccc-7eae-4cc3-b581-a860eae129d6_s.png
Maxima,"Kūdikių kremas BUBCHEN, 150 ml",5.69,https://cdn.barbora.lt/products/02c9652e-d61c-4bce-a03b-b885c0926b0d_s.png
Maxima,"Kūdikių kosmetinis kremas BUBCHEN, 75 ml",4.09,https://cdn.barbora.lt/products/5115303c-abf9-48d6-b596-a4f8bf9294b0_s.png
Maxima,"Universalioji priemonė WD-40, 100 ml, 100 ml",4.49,https://cdn.barbora.lt/products/aea0b87d-b28b-4dc7-8d9b-f13bd7749ec2_s.png
Maxima,"Universalioji priemonė WD-40, 200 ml, 200 ml",5.49,https://cdn.barbora.lt/products/8794ad40-7ec5-4f03-abde-432ff8ee934c_s.png
Maxima,"Silkinė LUMINARC FESTON, 22 cm",4.99,https://cdn.barbora.lt/products/96e941ba-168d-4fe5-bd36-f53beaf8d620_s.png
Maxima,"Plaukų lakas WELLAFLEX FINISH & HOLD, 250 ml",5.39,https://cdn.barbora.lt/products/9cdff38c-432b-4350-b75e-2b8163d661a1_s.png
Maxima,"Dantų pasta BLANX CLASSIC ADVANCE WHITENING, 75 ml",7.69,https://cdn.barbora.lt/products/8d6df707-689f-4714-a80d-34ed9598a286_s.png
Maxima,"Dezodoruojamasis kojų kremas MARGARITA, 75 ml",2.85,https://cdn.barbora.lt/products/78bd888e-dccd-406c-b2e9-d5266e9a9baf_s.png
Maxima,NIVEA Valomosios servetelės sausai ir jautriai odai AQUA EFFECT,6.79,https://cdn.barbora.lt/products/40b27d63-184b-4d95-b786-1b0bbed7ec09_s.png
Maxima,"Peilis TESCOMA PRESTO, 12 cm, 1 vnt.",3.99,https://cdn.barbora.lt/products/ea690d28-5621-46bb-b81d-0d5613a2b7cd_s.png
Maxima,"NIVEA® Volume Strength šampūnas, 250 ml",4.49,https://cdn.barbora.lt/products/cd336b59-463c-4acf-ad6c-95880380655d_s.png
Maxima,"Kepimo indas su dangčiu SIMAX, 3,2 l, 1 vnt.",17.99,https://cdn.barbora.lt/products/4083012e-e07b-4c76-ba7c-e27749d439f0_s.png
Maxima,"Higien. paketai BELLA PERFECTA ROSE DEO SOFTIPLAITE, 10 vnt.",1.49,https://cdn.barbora.lt/products/4af0a884-9846-47ea-b1e7-6fd8735799bf_s.png
Maxima,"Automobilio oro gaiviklis WUNDER-BAUM, NEW CAR, 1 vnt.",1.49,https://cdn.barbora.lt/products/4b5bd87b-ccbb-4f9e-b895-9f6b0be2ba78_s.png
Maxima,"Plaukų standiklis TAFT Power Cashmere, 200 ml",3.89,https://cdn.barbora.lt/products/537f3c6c-0ea6-41c5-821b-c5425c061706_s.png
Maxima,"Sausas šunų ėdalas FRISKIES ACTIVE su jautiena, 3 kg",6.85,https://cdn.barbora.lt/products/d1064077-85df-4af8-ad47-74271ead06e4_s.png
Maxima,"Silikoninė kepimo forma JULIETTE, 24 cm, 1 vnt.",9.99,https://cdn.barbora.lt/products/f496e6ef-dff6-4598-8173-e71e6f07008e_s.png
Maxima,"Plaukų lakas TAFT Power&Fullness, 250 ml",3.89,https://cdn.barbora.lt/products/5c4b5e1c-b3f2-4d08-ba23-9b763f4d87e8_s.png
Maxima,"MARGARITA apsauginis lūpų balzamas su šaltalankių ekstraktu 3,7 g",2.49,https://cdn.barbora.lt/products/3db1c3ad-d235-47ec-a267-a593085398dc_s.png
Maxima,"Balzamas po skutimosi Gillette Cooling, 100 ml",7.24,https://cdn.barbora.lt/products/9549c635-163c-4f52-830d-e476119c6b63_s.png
Maxima,"Vaikiškas skystasis muilas FROSCH KINDER (su dozatoriumi), 300 ml",3.55,https://cdn.barbora.lt/products/0d2bfcec-8ea6-4de8-acef-686878233632_s.png
Maxima,"Dantų pasta SENSODYNE REPAIR & PROTECT EXTRA FRESH, 75 ml",7.39,https://cdn.barbora.lt/products/1fe7c236-e153-401d-a1bc-1ce2cc300fb0_s.png
Maxima,"Vyriškas tualetinis vanduo HOMME COLLECTION HEAT, 100 ml",3.99,https://cdn.barbora.lt/products/8b6886ea-f773-472c-a3ec-6cdafcb381ba_s.png
Maxima,"L’Oréal Paris Revitalift Laser paakių kremas brandžiai odai su proretinoliu, 15 ml",12.99,https://cdn.barbora.lt/products/91cce5a5-b961-41f5-bb68-d63ec7b9e2af_s.png
Maxima,"NIVEA Dry Comfort rutulinis antiperspirantas moterims, 50 ml",4.79,https://cdn.barbora.lt/products/87a7fe13-1924-42b5-8f15-aae09306a42d_s.png
Maxima,"Žaidimas TIK TAK BUMM, 1 vnt.",12.49,https://cdn.barbora.lt/products/7f3e6d11-0a1e-413b-9b4c-97782d945a45_s.png
Maxima,"Dantų šepetėlis COLGATE SLIM SOFT CHARCOAL, 1 vnt.",4.49,https://cdn.barbora.lt/products/8771fffa-d94d-4377-b93f-e86a0e41ec03_s.png
Maxima,"Puodelis LUMINARC NUEVO, 320 ml, 1 vnt.",1.99,https://cdn.barbora.lt/products/2b798662-b5d0-42cb-967e-5383b4bfc637_s.png
Maxima,"Rutulinis antiperspirantas DRICLOR, 20 ml",14.99,https://cdn.barbora.lt/products/c76a51b3-1939-4dd6-9ef0-14d49b85f7ed_s.png
Maxima,"Plaukų šampūnas JOHN FRIEDA VOLUME, 250 ml",9.99,https://cdn.barbora.lt/products/32f1e349-d08c-4f75-a570-6788dbc5b1b4_s.png
Maxima,Skustuvas GILLETTE FUSION PROGLIDE + sk. galvutės 2vnt.,17.99,https://cdn.barbora.lt/products/c7e6e709-c891-4d49-ae37-8fddb9864f5a_s.png
Maxima,"Vyr.koj.  SK, 1 vnt.",5.67,https://cdn.barbora.lt/products/296228b7-f327-4cf8-bfac-00c5f19b6916_s.png
Maxima,"Plaukų šampūnas HEAD&SHOULDERS  Citrus, 250 ml",6.29,https://cdn.barbora.lt/products/c5f71366-bdc5-4ca6-b86d-e914b29538cb_s.png
Maxima,"Plaukų šampūnas HEAD&SHOULDERS  Menthol, 250 ml",6.29,https://cdn.barbora.lt/products/004defea-1796-4089-8e19-96ab8d88ff9c_s.png
Maxima,"Moteriškas parfumuotas vanduo IMPERIUM FABIO VERSO, 100 ml",6.59,https://cdn.barbora.lt/products/a95fcf33-2f81-4872-a18c-2baa4c4a802c_s.png
Maxima,"Muzikinė knygelė FISHER PRICE, 1 vnt.",25.19,https://cdn.barbora.lt/products/6464e932-7ec3-4764-a6e9-766747a9f38c_s.png
Maxima,"Naktinis veido kremas L'OREAL REVITALIFT FILLER, 50 ml",13.95,https://cdn.barbora.lt/products/6016813c-0884-40fd-9391-2ac2286e4780_s.png
Maxima,Šefo peilis UNIWELL,8.99,https://cdn.barbora.lt/products/dafd6b82-e859-492c-915b-da936c669a7c_s.png
Maxima," Keptuvė UNIWELL, 24 cm",10.99,https://cdn.barbora.lt/products/e59ab879-dc91-4e1c-8bbd-cfe50a4527d6_s.png
Maxima,"Vyriškas rutulinis dezodorantas L'OREAL MEN EXPERT SHIRT PR., 50 ml",5.49,https://cdn.barbora.lt/products/86891428-4ff6-4466-b97b-c0423ed5709e_s.png
Maxima,"Vyr. rutulinis dezodorantas L'OREAL MEN EXPERT, 50 ml",5.49,https://cdn.barbora.lt/products/807bd9fa-dea7-4bb8-bf0c-3e82e501c3d6_s.png
Maxima,"Lupimo peilis FISKARS ESSENTIAL, 7 cm, 1 vnt.",7.99,https://cdn.barbora.lt/products/76148014-f0f8-49d4-a3b4-174ec6519ef7_s.png
Maxima,"Moteriškas purškiamasis dezodorantas REXONA ACTIVE PROTECT.F, 150 ml",4.29,https://cdn.barbora.lt/products/351ce335-bcdc-466d-be83-d712c5b54efe_s.png
Maxima,"Šašlykų prieskonių mišinys su medumi SAUDA, 70 g",0.69,https://cdn.barbora.lt/products/fa6714d7-3450-4b01-9064-ff93adccdb31_s.png
Maxima,"Vaikiškas šampūnas-prausiklis HIPP (BABY SANFT), 200 ml",5.19,https://cdn.barbora.lt/products/5f2d7c13-0364-41fa-a30d-b97941f41ca0_s.png
Maxima,"Higieniniai paketai ALWAYS Platinum Super Plus, S2, 7 vnt.",1.99,https://cdn.barbora.lt/products/b16a46ec-7195-430f-9a0e-59428e5f76b8_s.png
Maxima,"Plaukų balzamas NATURA SIBERICA (WHITE CEDAR), 400 ml",7.99,https://cdn.barbora.lt/products/fa449e93-dd74-4c78-add6-368a6115a87b_s.png
Maxima,"Veido odos prausiklis-šveitiklis GREEN FEEL'S, 150 ml",4.95,https://cdn.barbora.lt/products/1417d7bc-a224-4b27-913b-5e3368057099_s.png
Maxima,"Stalo žaidimas TACTIC I KNOW mažiesiems, 1 vnt.",14.49,https://cdn.barbora.lt/products/087cd484-a5f5-45f8-818b-26f713c16bc5_s.png
Maxima,"Vaikiškas kūno aliejus WELEDA su medetkomis, 200 ml",16.99,https://cdn.barbora.lt/products/29b2305a-a53d-4f14-b811-2a276f912fd4_s.png
Maxima,"Rankų kremas WELEDA su šaltalankiais, 50 ml",9.19,https://cdn.barbora.lt/products/76f3cc4e-788a-46ec-952e-5c08130ae6c1_s.png
Maxima,"Dantų pasta WELEDA su medetkų ekstraktu, 75 ml",6.29,https://cdn.barbora.lt/products/21a42486-3c85-4128-8b76-1412e4a03bf7_s.png
Maxima,"Miltų mišinys lietiniams blynams CITY TASTE 375g, 375 g",1.19,https://cdn.barbora.lt/products/c317b0bf-dcb9-4d78-8a01-9ef217f307cc_s.png
Maxima,"Šaukštelis UNIWELL SALI, 1 vnt.",0.99,https://cdn.barbora.lt/products/bb2171be-a43f-486e-987b-e38a36e1fbd1_s.png
Maxima,"Šakutė UNIWELL HELLEBORE, 1 vnt.",2.49,https://cdn.barbora.lt/products/3d85fe0e-2c53-46fd-aa98-9d75966966a1_s.png
Maxima,"Radijo bangomis valdomas automobilis CORVETTE C6R 1:18, 1 vnt.",16.19,https://cdn.barbora.lt/products/f961b4ec-30c5-47cc-8cc9-63fbca53a7bb_s.png
Maxima,"Moteriškas rutulinis antiperspirantas NIVEA, 50 ml",4.79,https://cdn.barbora.lt/products/3330a4bb-c9cd-4a94-835c-9262c1ecc2ac_s.png
Maxima,"Micelinis vanduo BIODERMA, 250 ml",16.29,https://cdn.barbora.lt/products/95940d99-e57e-49ec-8137-1894ffd478fe_s.png
Maxima,"Rankų kremas-gelis NEUTROGENA HYDRO BOOST, 75 ml",7.49,https://cdn.barbora.lt/products/d848587d-fd2e-4af8-9e9b-2dd54d5ea8d2_s.png
Maxima,"Skutimosi gelis GILLETTE SENSITIVE COOL, 200 ml",5.99,https://cdn.barbora.lt/products/78f08b38-9e2a-48cf-b3f8-9ac3b70c25a9_s.png
Maxima,"Kvapioji druska SANTA MARIA, 74 g",0.94,https://cdn.barbora.lt/products/89aee0b7-dca1-406e-ad50-a892979b718f_s.png
Maxima,"Dušo gelis OLD SPICE Bearglove, 400ml",3.45,https://cdn.barbora.lt/products/87122370-dbc0-424e-81ab-1912d65e165f_s.png
Maxima,"NIVEA®  DIENINIS KREMAS 65+, 50 ml",11.19,https://cdn.barbora.lt/products/535d33d3-b845-4325-8794-ea4d2f23181a_s.png
Maxima,"Dažytų plaukų kaukė NIDA su gintaro ektraktais, 200 ml",3.29,https://cdn.barbora.lt/products/ed216885-b18d-4804-804a-56c38abdb2df_s.png
Maxima,"Drėkinamoji veido kaukė NIDA su hialurono rūgštimi, 75 ml",3.29,https://cdn.barbora.lt/products/54bdd2e3-9fa0-4550-a17e-00a411d3f247_s.png
Maxima,"Veido šveitiklis NIDA su gintaro ekstraktu, 75 ml",3.29,https://cdn.barbora.lt/products/c97e87bb-41dd-4b74-86ec-a69e4277c82f_s.png
Maxima,"Veido šveitiklis BIODERMA, 100 ml",14.79,https://cdn.barbora.lt/products/cb4ba595-d58d-47cc-8ce9-8c0e72ff5a42_s.png
Maxima,"Kūdikių plaukų ir kūno prausiklis JOHNSON'S TTT, 500 ml",5.99,https://cdn.barbora.lt/products/b25a8a0b-2525-4674-a9ac-589799f9e32e_s.png
Maxima,"Dubenėlis LUMINARC DIWALI baltas, 14,5cm",3.69,https://cdn.barbora.lt/products/efd40ba8-ec99-4a40-aec2-a70b91b6e16d_s.png
Maxima,"Odos drėkiklis L'OREAL, 70 ml",10.39,https://cdn.barbora.lt/products/69d614cc-9a59-4041-8b71-fa0f905379b8_s.png
Maxima,"Depiliacinis kremas SILKIA, 100 ml",5.49,https://cdn.barbora.lt/products/5dd59aa4-dd50-43b6-ace6-8e741be079fa_s.png
Maxima,"STAY COOL burnos gaiviklis, braškių skonio, 20 ml         ",4.49,https://cdn.barbora.lt/products/cd8f93d4-b9b7-4bcf-b25e-be4733640acd_s.png
Maxima,"Skutimosi gelis NIVEA MEN SENSITIVE 3 dienų barzdai, 200 ml",6.69,https://cdn.barbora.lt/products/89549c80-32e7-4a4c-bd9c-37f16a067928_s.png
Maxima,"Dantų šepetėlis PARODONTAX COMPLETE PROTECT EXTRA SOFT, 1 vnt.",3.99,https://cdn.barbora.lt/products/7ffc733d-87c7-4f51-8391-68d9340d4698_s.png
Maxima,Naktinis veido kremas L'OREAL  50 ml,7.09,https://cdn.barbora.lt/products/a69e7b85-4b37-4981-bfe3-cf8c014012b8_s.png
Maxima,"Silpnų plaukų šampūnas SUPER SIBERICA, 400 ml, 400 ml",9.59,https://cdn.barbora.lt/products/8aa26670-512e-4a82-8d69-3370ff737b33_s.png
Maxima,LACALUT sensitive- jautrūs dantys ir švelnus dantų balinimas ,5.99,https://cdn.barbora.lt/products/db7c5a5a-6d47-413c-9afd-03606dd9901d_s.png
Maxima,"Higieniniai paketai BELLA PERFECTA ULTRA GREEN, 20 vnt.",2.39,https://cdn.barbora.lt/products/120ce7bd-73e6-4440-adaf-e8d952d0f1cc_s.png
Maxima,"Lakštinė veido kaukė L'OREAL, 1 vnt.",2.85,https://cdn.barbora.lt/products/a4466823-ae94-4d91-a617-978b218b671e_s.png
Maxima,"Veido kaukė GARNIER SKIN, 1 vnt.",2.09,https://cdn.barbora.lt/products/5be1a649-db37-46fc-87fb-e6cc3354634f_s.png
Maxima,"Indų ploviklis PUR DUO POWER FIG & POMEGRANATE, 750 ml",2.09,https://cdn.barbora.lt/products/0d1bda09-4a64-433e-b872-931e055c3e78_s.png
Maxima,"Bambukiniai tarpdančių šepetėliai HUMBLE, D3, 6 vnt., 1 vnt.",4.99,https://cdn.barbora.lt/products/5ef18aa3-99a2-4a73-b5bd-84dc73155425_s.png
Maxima,"Automobilių oro gaiviklis AREON LIETUVA, 1 vnt.",1.49,https://cdn.barbora.lt/products/d927a590-c394-4c35-8cae-d6d3d76df5cd_s.png
Maxima,"Filtravimo ąsotis BRITA ALUNA, 2,4 l, 1 vnt.",22.99,https://cdn.barbora.lt/products/9f81c692-a046-48a9-9c8f-07f5d0bc4f98_s.png
Maxima,"Plaukų šampūnas GLISS Split Ends, 250 ml",2.39,https://cdn.barbora.lt/products/bf8a85c0-f993-45ad-8686-3ed1a72ff614_s.png
Maxima,"Veido kaukė FASCY NATURAL FORMULA NUTRITION, 23 g",1.99,https://cdn.barbora.lt/products/33b954c2-be91-4a09-a7b8-f05cd62165f0_s.png
Maxima,MARGARITA SENSITIVE SKIN micelinis vanduo su  beržų sula ir vaistažolių ekstraktais 200 ml,5.55,https://cdn.barbora.lt/products/2d79aac1-3b20-4ecb-a422-ceca19247e65_s.png
Maxima,"Žaidimų rinkinys PLAY-DOH PAŠĖLUSIOS ŠUKUOSENOS, 1 vnt.",18.59,https://cdn.barbora.lt/products/4911a2dc-987d-4710-bde5-a37159709739_s.png
Maxima,"Vyriškas purškiamas dezodorantas REXONA INVISIBL.FR.POW, 150ml",4.29,https://cdn.barbora.lt/products/4ac27e57-8c5a-45cb-ab48-5bc6f58661c0_s.png
Maxima,"NIVEA MEN ""FRESH KICK"" rutulinis antiperspirantas vyrams, 50 ml",4.79,https://cdn.barbora.lt/products/63732ba4-03ac-4a49-b90f-978917832af6_s.png
Maxima,"Veido kremas GARNIER BB, LIGHT, 50 ml",6.95,https://cdn.barbora.lt/products/6cb92476-69a5-4e42-947a-b76b34a3f0fd_s.png
Maxima,KILIG VITAMIN BOMB veido serumas su vitaminų kompleksu 30 ml,13.99,https://cdn.barbora.lt/products/89648626-fa25-47df-b539-7387cc0ef7cc_s.png
Maxima,"Prieskonių mišinys žuviai SAUDA, 177 g",3.21,https://cdn.barbora.lt/products/7cedd437-26fa-493a-9c84-087b8551e382_s.png
Maxima," Stiklinis arbatinukas UNIWELL, 1,5 l",15.99,https://cdn.barbora.lt/products/1d4336a8-cbe3-48a6-b5bc-58269edbb219_s.png
Maxima,"Mokomasis žaidimas BO EDUCATIONAL SKAIČIAI, 1 vnt.",4.79,https://cdn.barbora.lt/products/a914a294-6b6b-4152-ba32-6fdd5580eae2_s.png
Maxima,"Valg. ledai DIONE ZERO su sausainių tešlos gabaliukais, 300 g",5.29,https://cdn.barbora.lt/products/863f528d-00a6-4a9c-acea-3f4b222f3332_s.png
Maxima,"Dubenėlis ILAJA CLEAR, 23 cm",6.99,https://cdn.barbora.lt/products/d4110cca-2ba1-4e0e-b7c5-b9bcc823637d_s.png
Maxima,"Higieniniai vatos pagaliukai SEPTONA ECOLIFE, 100 vnt., 1 vnt.",0.95,https://cdn.barbora.lt/products/34dfcaac-8748-40aa-9177-f9c5e5796ecf_s.png
Maxima,"Oro gaiviklis LITTLE JOE BC ŽALGIRIS, 1 vnt.",4.99,https://cdn.barbora.lt/products/2cdaa72b-33f1-491d-8421-8045af21b1a2_s.png
Maxima,"Dušo želė VIVIAN GRAY JASMINE&PATCHOULI, 300 ml",6.99,https://cdn.barbora.lt/products/1cbf1045-2469-4bd5-a7ec-e5da002e4c07_s.png
Maxima,"Pieštukinis dezodorantas OLD SPICE Night Panther, 50ml",3.15,https://cdn.barbora.lt/products/91a78328-949e-4061-8ece-ba5736760f21_s.png
Maxima,"Žaislinė planšetė KELIŲ EISMAS, 1 vnt.",9.29,https://cdn.barbora.lt/products/9737ae20-f664-457e-bca6-5921839f4ebc_s.png
Maxima,"Vyriškas rutulinis dezodorantas GARNIER MEN EXTREME, 50 ml",4.99,https://cdn.barbora.lt/products/d0c3e3c0-0a83-4f74-80e3-68b6aebb0d6e_s.png
Maxima,ECODENTA gaivus ir dantenas apsaugantis skalavimo skystis su arbatmedžio aliejumi 500 ml,6.35,https://cdn.barbora.lt/products/79c32822-09d7-43e3-8827-32a3593da088_s.png
Maxima,"Vonios burbulas BUBBLES BUBBLE YUM, 115 g",2.39,https://cdn.barbora.lt/products/1da10481-782c-4c50-aa3c-f79d293bfc63_s.png
Maxima,"Dantų šepetėliai HUMBLE BRUSH PROUD, 2 vnt., 2 vnt.",4.99,https://cdn.barbora.lt/products/73e1b6b2-59c3-4f09-a13f-0e3f6d9f504a_s.png
Maxima,"Plaukų šampūnas OLAPLEX NR. 4,250ml",29.99,https://cdn.barbora.lt/products/11c75b8f-e95a-4125-99d0-e1ee0a542330_s.png
Maxima,"Dubuo ILAJA SIMPLE, 20 cm",3.49,https://cdn.barbora.lt/products/42371624-3afa-4a05-b01f-531f2e0cff96_s.png
Maxima,KILIG RETINOL naktinis veido serumas su retinoliu 30 ml,14.99,https://cdn.barbora.lt/products/aa1624f8-1dd0-4401-88cf-34c97e968a86_s.png
Maxima,"Plaukų kaukė GARNIER FRUCTIS HAIR , 400 ml",7.01,https://cdn.barbora.lt/products/9b3291d0-0a95-474c-8797-08d91ee3f097_s.png
Maxima,"Plaukų kaukė GARNIER FRUCTIS HAIR, 400 ml",7.01,https://cdn.barbora.lt/products/3e23bcc8-f385-4d15-954e-435364e8e4c1_s.png
Maxima,"Plaukų kaukė GARNIER FRUCTIS, 400 ml",6.99,https://cdn.barbora.lt/products/96c24c20-71c8-4010-bf44-c17ff4302af8_s.png
Maxima,"NIVEA MEN Fresh Kick pieštukinis antiperspirantas vyrams, 50 ml",5.39,https://cdn.barbora.lt/products/57fe93c4-51d0-4a2e-aef4-2831b0100eff_s.png
Maxima,"NIVEA gaivinamasis veido prausimo gelis normaliai ir mišriai odai, 150 ml",5.69,https://cdn.barbora.lt/products/b71a1f7d-22b0-4bb0-8fe4-9070f1c76b95_s.png
Maxima,"Vyriška dušo želė ADIDAS POWER BOOSTER, 250 ml",4.69,https://cdn.barbora.lt/products/e5a47f31-2c2e-4b7f-9bb3-8ef66c42ff25_s.png
Maxima,"Vyriška dušo želė ADIDAS PURE GAME, 250 ml",4.69,https://cdn.barbora.lt/products/4a8e2dcd-e0d8-493f-a63d-adeebf7b0c83_s.png
Maxima,"Veido kaukė DIZAO VITAMINS OF THE SEA COLLAGEN, 30 g",2.99,https://cdn.barbora.lt/products/37f98c5a-b666-4460-aeae-f5ad57fc69da_s.png
Maxima,ARAS DRĖKINAMASIS BALZAMAS PO SKUTIMOSI JAUTRIAI ODAI 100 ML,9.99,https://cdn.barbora.lt/products/6f902584-c302-4ca6-bb1f-fb7733b5caf6_s.png
Maxima,"NIVEA kasdienis valomasis gelis-šveitiklis riebiai ir mišriai odai, 150 ml",5.69,https://cdn.barbora.lt/products/235f73b1-74e4-4c93-8f41-7d46535e41e8_s.png
Maxima,"Moteriškas purškiamasis dezodorantas FA ORIENTAL MOMENTS, 150 ml",4.49,https://cdn.barbora.lt/products/5f013b0a-fd0a-4681-8c01-b82caac46a29_s.png
Maxima,"Moteriškas rutulinis dezodorantas REXONA BIORHYTHM, 50 ml",4.29,https://cdn.barbora.lt/products/46b4866b-4c27-4ea1-a2ac-a2a301d08cab_s.png
Maxima,"Pjaustyta vytinta iberiška mentė ESPANA, a. r., 80 g",3.39,https://cdn.barbora.lt/products/6a5255bf-4aa5-4a3a-8255-beb7e48f7576_s.png
Maxima,Puodelis su lėkštute AURORA PEARL CREAM 100 ml,4.99,https://cdn.barbora.lt/products/22b51a73-5f00-4739-b8dd-2be7719d8749_s.png
Maxima,"Konservavimo dangtelis ILAJA, 1 vnt., 1 vnt.",0.14,https://cdn.barbora.lt/products/0be9b36b-905a-405c-a259-3a1563ba9069_s.png
Maxima,Puodelis AURORA Royal 430ml,4.99,https://cdn.barbora.lt/products/1449aff5-ab83-4073-b447-0fad9c174106_s.png
Maxima,Puodelis ILAJA Nordic white 370ml,3.49,https://cdn.barbora.lt/products/d6899a8a-ccf1-4dd7-81a2-dec3bb59dbab_s.png
Maxima,"Dantų pasta PARODONTAX ACTIVE GUM REPAIR, 75 ml",7.99,https://cdn.barbora.lt/products/ef28c4d3-a5fa-4652-a6d7-4b70a965a533_s.png
Maxima,"Namų kvapas su lazdelėmis CANDLE FAMILY SENSO, 1 vnt.",6.49,https://cdn.barbora.lt/products/10e2c0ed-b377-49f6-9d52-d54fc2d20ca0_s.png
Maxima,"Stiklų valiklis ROTZ, 500ml",2.99,https://cdn.barbora.lt/products/e05c4f41-de22-4a03-a6ef-d5662db44e86_s.png
Maxima,"Vyr. vienkartiniai skustuvai WILKINSON EXTRA3SENSIT, 6 vnt.",4.49,https://cdn.barbora.lt/products/3f7171b2-3d2c-4ce9-a25e-caca9654a6e4_s.png
Maxima,Kūno šveitiklis ORGANIC SHOP WATERMELON&PEACH 250 ml,5.99,https://cdn.barbora.lt/products/a44760c8-8749-43f2-990d-9073c13b1ecc_s.png
Maxima,"Makaronai FILINI PICCOLI WELL DONE, 500 g",0.69,https://cdn.barbora.lt/products/99725e2a-e32f-44fa-b79f-dd7653138973_s.png
Maxima,"Dantų šepetėlis LACALUT BABY, 1 vnt.",3.59,https://cdn.barbora.lt/products/5b3eba8c-aabd-4647-89b7-9c49035e0180_s.png
Maxima,"Pliušinis žaislas AURORA, 15 cm, 1 vnt.",5.39,https://cdn.barbora.lt/products/f8775963-e985-45e1-b2ec-38778fc16e03_s.png
Maxima,"NIVEA Q10 STANGRINAMASIS KŪNO LOSJONAS, 400 ml",9.29,https://cdn.barbora.lt/products/7cc00700-ba90-4196-8bd7-11f3acaca69c_s.png
Maxima,"Higieniniai įklotai BELLA PANTY NEW, 60 vnt.",2.05,https://cdn.barbora.lt/products/3eaf8204-e961-4f40-914a-685b54da4905_s.png
Maxima,"Lakštinė veido kaukė MJCARE, 1 vnt.",1.69,https://cdn.barbora.lt/products/9572328e-54a9-4d83-8903-d1c43b480886_s.png
Maxima,"Stiklų servetėlės TURTLE WAX, 24 vnt.",4.99,https://cdn.barbora.lt/products/ef449820-0d80-4847-b12b-2c2a6c46d9d9_s.png
Maxima,"Veido kaukė BEAUUGREEN, 30 g",3.49,https://cdn.barbora.lt/products/e51a8751-3932-4816-bfed-6a5163d34b13_s.png
Maxima,"Moteriško sisteminio skustuvo galvutės, GILLETTE VENUS, 3galv.",16.99,https://cdn.barbora.lt/products/45542e87-4e42-4d2c-b78e-b6d55af42c6c_s.png
Maxima,"COSRX Advanced Snail 92 All in One Cream veido kremas, 100 g.",23.99,https://cdn.barbora.lt/products/5544d507-792f-450c-94a3-7d9c8f317eb0_s.png
Maxima,"Lakštinė veido kaukė I'M SORRY FOR MY SKIN BRIGHTENING, 33 ml",2.49,https://cdn.barbora.lt/products/8c10d4f0-afce-41eb-8dea-c89367024172_s.png
Maxima,"Plaukų šampūnas PANTENE Bond Repair, 250 ml",7.19,https://cdn.barbora.lt/products/f4e85af9-f7ed-4414-9e37-66ba0204c2c3_s.png
Maxima,"Plaukų šampūnas HEAD&SHOULDERS Pro Expert 7 Anti-hairfall defence, 250 ml",9.29,https://cdn.barbora.lt/products/446b98c8-a89d-4810-a7f3-a65d539929cc_s.png
Maxima,"Plaukų šampūnas HEAD&SHOULDERS Classic Clean, 95 ml",3.49,https://cdn.barbora.lt/products/ef1133c1-dff5-407f-9852-dda706df52d6_s.png
Maxima,"Plaukų želė TAFT Power Activity, 150 ml",3.55,https://cdn.barbora.lt/products/03904534-bf1f-407f-b171-56b0d43e86bd_s.png
Maxima,"Plaukų modeliavimo pasta TAFT Texture, 100 ml",4.49,https://cdn.barbora.lt/products/88b06454-07e8-4246-9afd-b67393f5279b_s.png
Maxima,"Plaukų modeliavimo balzamas TAFT Curl 3, 150 ml",4.49,https://cdn.barbora.lt/products/00258e66-2cdc-4880-adc4-82fac4e140fe_s.png
Maxima,"Dušo želė PALMOLIVE SPARKLING BLOOM ENCHANTED VANILLA, 500 ml",6.39,https://cdn.barbora.lt/products/52689483-e575-4500-9439-e0b8a8d56b7c_s.png
Maxima,"Dantų šepetėlis COLGATE HIGH DENSITY CHARCOAL SOFT, 1 vnt.",3.19,https://cdn.barbora.lt/products/5ad59d48-4d06-4cf6-b984-72d017a94a40_s.png
Maxima,"Lazdelės su dvigubu šokolado glaistu POCKY, 47 g",1.49,https://cdn.barbora.lt/products/0c0f8e82-9587-4f6a-a4ac-55e251b2e77c_s.png
Maxima,"Plaukų šampūnas HEAD&SHOULDERS DEEP HYDRATION, 500 ml",9.59,https://cdn.barbora.lt/products/8749169b-c221-4a92-9f19-fe10c1c9a87b_s.png
Maxima,"Plaukų šampūnas HEAD&SHOULDERS Menthol, 500 ml",9.59,https://cdn.barbora.lt/products/49169518-4425-49f4-8f26-09472c0aeba8_s.png
Maxima,"Pieštukinis dezodorantas OLD SPICE Deep Sea, 85ml",4.65,https://cdn.barbora.lt/products/fe4ffa2f-9a8a-497a-b20f-fb1173985151_s.png
Maxima,Plaukų šampūnas HEAD&SHOULDERS CITRUS;800ml,13.99,https://cdn.barbora.lt/products/e1678630-a39b-47ad-ae3d-656eca1bcfc1_s.png
Maxima,"Plaukų kaukė GLISS Blonde Hair Perfector, 150 ml",3.99,https://cdn.barbora.lt/products/739a21fe-c6ac-469b-adb8-b64b55f8e034_s.png
Maxima,"Plaukų kondicionierius AUSSIE SOS Repair&Revive, 200 ml",10.99,https://cdn.barbora.lt/products/96bbbfd5-c861-4f8c-b586-ad28663c5f39_s.png
Maxima,"Plaukų šampūnas AUSSIE SOS Repair&Revive, 300 ml",10.99,https://cdn.barbora.lt/products/ca4fdb6a-7a7d-4969-b9be-7386ec298303_s.png
Maxima,"Plaukų šampūnas AUSSIE SOS Blonde&Hydrate, 300 ml",10.99,https://cdn.barbora.lt/products/0879f794-d907-4520-b932-529c1904de75_s.png
Maxima,"Plaukų kaukė PANTENE Thick&Strong Active Nutri-Plex, 300 ml",8.99,https://cdn.barbora.lt/products/4204f587-4e88-42a8-aef4-c0d1e3aa2deb_s.png
Maxima,"Žaislinių kulkų papildymas NERF, 20 vnt., 20 vnt.",4.19,https://cdn.barbora.lt/products/49910892-419a-4050-8189-7995b2b2ce64_s.png
Maxima,Vedžiojamas pliušinis žaislas Sprint,13.19,https://cdn.barbora.lt/products/be139d80-7b70-4a5b-aa62-8e73c17f94cb_s.png
Maxima,"Liežuvio valiklis JORDAN CLINIC, 1 vnt.",5.59,https://cdn.barbora.lt/products/b4cf60c2-d5fa-48ea-bd86-1b02720434a3_s.png
Maxima,Šakutės UNIWELL Bordeaux 4 vnt.,9.99,https://cdn.barbora.lt/products/df95b50e-8cf7-4868-acca-5e688ad5745a_s.png
Maxima,ODA PRO Intensyviai drėkinantis niacinamido kremas su hialurono rūgštimi  ,30.95,https://cdn.barbora.lt/products/2e661dcf-602e-48a3-a045-43eca29bc7c3_s.png
Maxima,"HISKIN Crazy Hair Žele didelio poringumo plaukų laminavimui su aviečių aromatu, 300 ml",7.99,https://cdn.barbora.lt/products/d198a7a5-8296-481a-8fc7-b2abd42e2fb9_s.png
Maxima,ELSEVE  balzamas  200ml,3.19,https://cdn.barbora.lt/products/48c195c1-3d2d-496c-8672-714e8c3308b7_s.png
Maxima,ELSEVE  šampūnas 250ml,3.19,https://cdn.barbora.lt/products/2e3aaf34-583a-4024-9580-e66d8c113582_s.png
Maxima,ELSEVE  šampūnas 250ml,3.19,https://cdn.barbora.lt/products/36cb3251-bc7f-4a56-9da4-fb5810fc04b7_s.png
Maxima,ELSEVE  balzamas 200ml,3.19,https://cdn.barbora.lt/products/6a1dc3e2-3df4-40d4-b12e-ade38995a765_s.png
Maxima,ELSEVE  kaukė 300ml,5.49,https://cdn.barbora.lt/products/258ce1c0-10f1-4c93-bc5f-7574bb4397a5_s.png
Maxima,"Moteriškas pieštukinis dezodorantas REXONA COTTON DRY, 50 ml",4.29,https://cdn.barbora.lt/products/40f63bc3-8d2e-4881-a7d8-762d9ab2e994_s.png
Maxima,HAS PD Rinkinys „Fotoaparatas“,11.99,https://cdn.barbora.lt/products/ebeb59fa-a540-4ab9-af07-ade44ca16052_s.png
Maxima,"Veido prausiklis NEUTROGENA CLEAR&RADIANT, 200 ml",8.99,https://cdn.barbora.lt/products/ddde32e0-e5dd-46fa-b64a-6906224afd01_s.png
Maxima,"Šaltai rūkyta ROKIŠKIO kiaulienos sprandinė, a. r., 300 g",5.19,https://cdn.barbora.lt/products/0f6b65cc-3da7-453b-9924-d7afd0c45487_s.png
Maxima,"Dantų šepetėlis ORAL-B Pro-Sensitive Advanced, Gentle Clean, Extra Soft, 1 vnt.",3.09,https://cdn.barbora.lt/products/ba9107f1-7334-497d-ad58-20c6154f22e3_s.png
Maxima,"HAS PD Rinkinys „Maisto produktai“, asort.",10.79,https://cdn.barbora.lt/products/c40b1497-8abd-4078-a014-c8113334487a_s.png
Maxima,"VG Sensational dušo želė Sensual Jasmine, 350 ml",8.49,https://cdn.barbora.lt/products/f8f723e5-0140-4a50-a57f-b516f28d0512_s.png
Maxima,"Mišinys kokteiliui ruošti "" Margarita "", MASTER OF MIXES , 1000 ml ",6.99,https://cdn.barbora.lt/products/56e57490-fe13-48fc-99d1-becbce6d008a_s.png
Maxima,NIVEA Restore rutulinis dezodorantas moterims 50 ml,4.79,https://cdn.barbora.lt/products/68988123-67e7-4fb2-a814-6f95145dd5c1_s.png
Maxima,"Vytinta KLEBONIŠKA kiaulienos išpjova su pomidorais, A. r., 180 g",3.99,https://cdn.barbora.lt/products/8c1ffeba-e52b-45ff-8793-1dfe96473bfc_s.png
Maxima,"Dantų pasta ORAL-B 3D White Advanced, Luxe Perfection Advanced Whitening, 75 ml",5.19,https://cdn.barbora.lt/products/8697356c-31e0-4af5-a4b4-f22da111faf2_s.png
Maxima,Žvejybos stalo žaidimas,6.49,https://cdn.barbora.lt/products/81b66999-a56e-4274-9259-6fc33895e82b_s.png
Maxima,Stalo futbolo žaidimas,19.99,https://cdn.barbora.lt/products/02173192-e34e-4d9b-90d9-569d14cabef0_s.png
Maxima,"Drėgnosios servetėlės DIVUS su vitaminu C, 80 vnt.",1.35,https://cdn.barbora.lt/products/4d34a8a1-9aaa-4545-ae9a-00580bf043eb_s.png
Maxima,"Tuno paštetas WELL DONE, 100 g",1.99,https://cdn.barbora.lt/products/b62008a1-909e-45ba-86cf-909ddda49976_s.png
Maxima,"Kilpinis rankšluostis 50x90cm, žalia",5.99,https://cdn.barbora.lt/products/9bbb2851-58ac-4b0d-860d-313010fc8302_s.png
Maxima,"Kilpinis rankšluostis 50x90cm,mėlyn",5.99,https://cdn.barbora.lt/products/59fffabf-7305-42dd-8bbc-ef067e33fe16_s.png
Maxima,"Paklodė su guma 90x200+30cm,sidabrinė",7.99,https://cdn.barbora.lt/products/12d8f8b1-b332-43b7-8028-e0af83564e27_s.png
Maxima,"Paklodė su guma 90x200+30cm,t.mėlyna",7.99,https://cdn.barbora.lt/products/b6bb403c-1436-43c6-8a02-34fd4994cd18_s.png
Maxima,"PHARMA OIL pleistrai spuogams Clear Vibes, 33vnt",6.49,https://cdn.barbora.lt/products/eaddc265-c41d-4c07-9dfb-fd5e8959f264_s.png
Maxima,"NIVEA® Volume Care putos, 150 ml",7.19,https://cdn.barbora.lt/products/a7a64b70-8b69-481b-a904-d15e934571b7_s.png
Maxima,"NIVEA MEN ACTIVE ENERGY drėkinantis veido kremas, 50 ml",10.99,https://cdn.barbora.lt/products/e86e0885-f91a-42e8-bf5e-f0b9c86617a0_s.png
Maxima,"NIVEA Q10 ANTI-WRINKLE POWER STANGRINAMASIS DIENINIS KREMAS SU SPF15, 50 ml",19.99,https://cdn.barbora.lt/products/15325268-3e6b-4676-bd38-72df03ae6b38_s.png
Maxima,"Plaukų vaškas TAFT Creative Look, 75 ml",4.49,https://cdn.barbora.lt/products/6ff9ee6e-cf3c-4a18-a43b-9724c84a8850_s.png
Maxima,"Skustuvas GILLETTE MACH3, +2 galvutės",10.69,https://cdn.barbora.lt/products/cb5ce557-0f1a-4d71-938b-d9873cdf64a0_s.png
Maxima,"Automodelių rinkinys HOTWHEELS, 5 vnt., 1 vnt.",9.59,https://cdn.barbora.lt/products/2d0b5ff7-e7e6-460d-9b8a-2be20f55d509_s.png
Maxima,"PALETTE DELUXE plaukų dažai 3-0 (800) tamsiai rudas
",7.79,https://cdn.barbora.lt/products/3aad7a25-8e04-46f4-824a-95f4ae36fb67_s.png
Maxima,"Salotinė LUMINARC FESTON, 24 cm, 1 vnt.",5.49,https://cdn.barbora.lt/products/eb1e04f7-e9ac-4435-9446-feae9bbc0800_s.png
Maxima,"NIVEA® Color Brilliance kondicionierius, 200 ml",4.79,https://cdn.barbora.lt/products/615e2d85-3c97-4a8a-afc1-c7567b1342cf_s.png
Maxima,"Vaikiškas kūno aliejus HIPP BABY SANFT, 200 ml",4.75,https://cdn.barbora.lt/products/0110f758-46c3-47e1-bb1c-d36bbae50a9e_s.png
Maxima,"Kondicionierius GLISS Oil Nutritive, 200 ml",3.64,https://cdn.barbora.lt/products/78234073-87f1-4edf-a86f-f91dd3076376_s.png
Maxima,"Plaukų dažai L'OREAL EXCELLENCE CREME, Nr. 9, 1 vnt.",6.59,https://cdn.barbora.lt/products/82f2fe92-2fb4-484c-b4e0-d656b7e815c6_s.png
Maxima,"Peilių galąstuvas TESCOMA PRESTO, 1 vnt.",10.99,https://cdn.barbora.lt/products/b7f1c4c8-6e8c-452b-ba62-f74d42c00d30_s.png
Maxima,"Dantų šepetėlis JORDAN INDIVIDUAL CLEAN MEDIUM, 1 vnt.",3.79,https://cdn.barbora.lt/products/7e3e9922-5e51-4f4b-a49c-52a263f3166d_s.png
Maxima,"Vyriškas rutulinis dezodorantas REXONA COBALT, 50 ml",4.29,https://cdn.barbora.lt/products/cc2a4053-8c2e-4af7-9968-9ad8073eadfd_s.png
Maxima,"Stalo žaidimas TICK TACK BUMM, 1 vnt.",12.49,https://cdn.barbora.lt/products/8703e8f4-f3b7-4bcf-aafb-710d9c5c23b0_s.png
Maxima,"Vyriškas dezodorantas FA COOL EXTREME, 150 ml",4.49,https://cdn.barbora.lt/products/f139da48-15a2-425b-8e71-f91c006fd92a_s.png
Maxima,"Vyriškas tualetinis vanduo CASH, 100 ml",7.69,https://cdn.barbora.lt/products/f8487778-216b-47e7-b158-546628b1af38_s.png
Maxima,"Vyriškas tualetinis vanduo HOMME COLLECTION BOSCO, 100 ml",4.99,https://cdn.barbora.lt/products/3b7851c1-b480-4bef-aa03-31bec5853fd8_s.png
Maxima,"Plaukų formavimo želė SYOSS MEN Power Hold, 250 ml",8.59,https://cdn.barbora.lt/products/746098ad-291c-4fe3-b271-834788909b8a_s.png
Maxima,"Depiliacinės veido juostelės BYLY CHOCOLATE, 12 vnt",3.19,https://cdn.barbora.lt/products/186b89c2-fe5d-4f1f-963d-216b138fa8e6_s.png
Maxima,"Bikinio zonos depiliac. juostelės BYLY DEPIL MINT&GREEN TEA, 12 vnt",3.99,https://cdn.barbora.lt/products/63377c86-3538-4fee-b398-e7e11c3eb1c7_s.png
Maxima,"Vyriška dušo želė DOVE CLEAN COMFORT, 400 ml",5.99,https://cdn.barbora.lt/products/1b2fbfe4-6bc7-44cb-ac3c-4b6597708320_s.png
Maxima,"Blakstienų tušas MAX FACTOR FALSE LASH EFFECT, juodas, 1 vnt.",19.19,https://cdn.barbora.lt/products/7c82a5e0-faa1-430b-999a-4758d3edc34e_s.png
Maxima,"Stalo žaidimas TACTIC TWISTER 2, 1 vnt.",19.99,https://cdn.barbora.lt/products/f258f9bf-d82b-4834-838e-96f025e70dfe_s.png
Maxima,"Plaukų lakas PROFESSIONAL STYLE, 265 ml",2.35,https://cdn.barbora.lt/products/efb04a3e-64f5-4aa6-a7af-531a6c96dd9a_s.png
Maxima,"Blakstienų tušas MAYBELLINE COLOSSAL SMOKY EYES BLACK, 9.5 ml",12.99,https://cdn.barbora.lt/products/d7884add-136c-453f-9df1-a795b0ab66a4_s.png
Maxima,"NIVEA Rich Nourishing maitinamasis kūno losjonas, 400 ml",10.49,https://cdn.barbora.lt/products/46dc25ac-65fd-47ab-8a16-da56b18981fb_s.png
Maxima,"Kūno jūros druskos šveitiklis AQUA AMBER, alavijų kvapo, 300 g",3.59,https://cdn.barbora.lt/products/66eb256e-d7a9-4dde-8ee7-50cca18787ad_s.png
Maxima,"Plaukų putos WELLAFLEX INSTANT VOLUME BOOST, 200 ml",5.39,https://cdn.barbora.lt/products/c9a71655-59cc-4665-8a79-de60d860fe58_s.png
Maxima,"Dažom. plaukų kremas PALETTE INTENSIVE COLOR CREM, Nr. 3-65, 1 vnt.",5.49,https://cdn.barbora.lt/products/11882678-5965-4700-9fd8-70390a5f7e0b_s.png
Maxima,"Salotinė LUMINARC DIWALI, 21 cm, 1 vnt.",7.99,https://cdn.barbora.lt/products/3235c84b-a1ac-4adf-a744-b2f44e03e05d_s.png
Maxima,"Lėkštė LUMINARC DIWALI, 25 cm, 1 vnt.",2.99,https://cdn.barbora.lt/products/d9f45671-e68e-4f5d-b521-fa2c572756f7_s.png
Maxima,"Lėkštė LUMINARC CARINE, 19,5 cm, 1 vnt.",2.69,https://cdn.barbora.lt/products/3b69c716-d3cc-4950-bdee-e6ca402db4e4_s.png
Maxima,"Vienkartiniai skustuvai moterims LASER PETALS 3, 4 vnt.",2.79,https://cdn.barbora.lt/products/66767996-487b-42d1-897c-d56ed39ce11a_s.png
Maxima,"Stalo žaidimas MONOPOLY, 1 vnt.",7.49,https://cdn.barbora.lt/products/fc365703-2db0-4776-a951-8ba79cb2991f_s.png
Maxima,"Vienkartiniai skustuvai BIC 3 ACTION, 4 vnt., 4 vnt.",3.49,https://cdn.barbora.lt/products/ab106585-48e6-4d74-b36f-27188812023e_s.png
Maxima,"BIC Pure Lady 3 Aloe moteriški vienkartiniai skustuvai, 4+2vnt.",3.99,https://cdn.barbora.lt/products/f0ca9343-e4ea-494a-8b64-2a8e07adbbf8_s.png
Maxima,"Kūdikių prausiklis SEBAMED, 200 ml",8.29,https://cdn.barbora.lt/products/6406ebcc-76d4-4530-8b61-9a02391ef171_s.png
Maxima,"Micelinis vanduo MIXA, 400 ml",6.49,https://cdn.barbora.lt/products/6df5c930-1d77-4271-9d09-75b49e42ac05_s.png
Maxima,"Micelinis vanduo MIXA, 400 ml",6.49,https://cdn.barbora.lt/products/57b69c4e-a31d-469e-84c0-24051acbb84d_s.png
Maxima,"Šampūnas slenkantiems plaukams SEBAMED HAIR CARE, 200 ml",14.29,https://cdn.barbora.lt/products/de4ee3b0-e6f5-4fa4-a06e-167e56d5ff5e_s.png
Maxima,"Stalo žaidimas TACTIC ALIAS, kelioninis, 1 vnt.",5.99,https://cdn.barbora.lt/products/39007299-8cf3-46bc-bc7d-58691ea94814_s.png
Maxima,"Dantų šepetėlis COLGATE SLIM SOFT WHITE, 1 vnt.",4.69,https://cdn.barbora.lt/products/5feaa2fe-8c46-461f-9216-0855a9e064a9_s.png
Maxima,"Burnos skalavimo skystis COLGATE MAX WHITE, 500 ml",7.39,https://cdn.barbora.lt/products/42db98fa-559e-46aa-a232-9e02c05bb060_s.png
Maxima,"Šunų skanėstų rinkinys FRISKIES PICNIC, 126 g",1.53,https://cdn.barbora.lt/products/90d9957d-f697-46a2-8279-40fa4874c772_s.png
Maxima,"Vyriškas pieštukinis dezodorantas DOVE COOL FRESH, 50 ml",4.59,https://cdn.barbora.lt/products/c71cd705-e22d-4d8d-bd3c-291e4b03a275_s.png
Maxima,"Želė probleminei veido odai SEBAMED CLEAR FACE, 50 ml",9.49,https://cdn.barbora.lt/products/f9d92179-f8c0-428a-abf8-8100636ea2ba_s.png
Maxima,"Puodas RAVA BOLLIRE, 24 cm, 1 vnt.",26.99,https://cdn.barbora.lt/products/0b8283d1-a19a-4773-836f-5d195ac9e85e_s.png
Maxima,"Drėkinamoji veido kaukė SCHAEBENS, 2 vnt.",1.85,https://cdn.barbora.lt/products/e4dbd548-5ff0-49ca-bb16-8816aa3bf9b3_s.png
Maxima,"Veido kaukė GARNIER SKIN NATURALS , 1 vnt.",2.09,https://cdn.barbora.lt/products/b964660d-a776-46a7-816e-9082a651ae41_s.png
Maxima,"Dažomasis plaukų šaknų purškiklis L'OREAL MAGIC, tams. ruda, 75 ml",8.99,https://cdn.barbora.lt/products/a2707e05-89f3-4d35-8010-6d2512077ed8_s.png
Maxima,"Vyriškas rutulinis dezodorantas L'OREAL MEN EXPERT THERMIC, 50 ml",5.49,https://cdn.barbora.lt/products/b7566afa-44e1-416f-9923-03f876151ac4_s.png
Maxima,"Vyriškas purškiamasis dezodorantas L'OREAL MEN EXPERT SHIRT, 150 ml",5.49,https://cdn.barbora.lt/products/c47573d8-4172-4a27-8973-5845b701d0ba_s.png
Maxima,"Veido kaukė GARNIER SKIN NATURALS, 1 vnt.",2.09,https://cdn.barbora.lt/products/e466f012-a746-4650-8b60-42f4d9c484ce_s.png
Maxima,"Blizgumą mažinantis veido kremas probleminei odai SEBAMED CLEAR FACE, 50 ml",15.49,https://cdn.barbora.lt/products/56346c59-fea1-47a2-8012-7b6240a0aa0d_s.png
Maxima,"NIVEA MEN Balzamas po skutimosi jautriai odai SENSITIVE COOL, 100 ml",11.99,https://cdn.barbora.lt/products/31dfe7e0-8b93-4d11-9264-0fba6225806c_s.png
Maxima,"Higieniniai paketai ALWAYS Platinum Day&Night, S3, 6 vnt.",1.99,https://cdn.barbora.lt/products/382ddadf-16c2-493e-bc71-5c10044a74da_s.png
Maxima,"Atstatomasis plaukų balzamas NATURA SIBERICA (ARCTIC ROSE), 400 ml",7.99,https://cdn.barbora.lt/products/b8c1d10d-8392-414c-881a-8eca39c8348e_s.png
Maxima,"Veido odos tonikas GREEN FEEL'S , 150 ml",5.99,https://cdn.barbora.lt/products/2d05616f-2abb-40e1-97ef-f29b7b3d6126_s.png
Maxima,"Stalo žaidimas ALIAS: aš esu, LT, 1 vnt.",12.49,https://cdn.barbora.lt/products/20138522-88ec-4313-bf2c-1b7debf27824_s.png
Maxima,"Žaislinis automobilis, 1 vnt.",3.29,https://cdn.barbora.lt/products/a35ced0b-2162-4c0c-8328-3bbc6569311a_s.png
Maxima,Ilgas šaukštelis UNIWELL SALI,0.99,https://cdn.barbora.lt/products/3b407dc3-cc90-47c3-9057-bcd280488d0a_s.png
Maxima,"Vyriškas rutulinis dezodorantas REXONA ACTIVE PROTECTION, 50 ml",3.19,https://cdn.barbora.lt/products/9d8b755d-29d8-457c-a5f6-e110be2cc392_s.png
Maxima,"Mot.parfumuotas vanduo JEANNE ARTHES CASSANDRA ROSE BLANCHES, 100 ml",7.79,https://cdn.barbora.lt/products/6ce3b6aa-b46a-4da7-bb18-de1da762b075_s.png
Maxima,"Lūpų balzamas CARMEX CHERRY, 10 g",5.69,https://cdn.barbora.lt/products/d1046f63-401f-46ee-a2ca-c339bbe8146b_s.png
Maxima,"TESORI d'ORIENTE Byzantium kreminė dušo želė, 250 ml",4.49,https://cdn.barbora.lt/products/0d2c77d3-8e6b-49cb-9f15-64596b93beab_s.png
Maxima,"Veido kaukė GARNIER, 1 vnt.",2.09,https://cdn.barbora.lt/products/8e715243-f647-483d-a4cc-7dfd297fb5ba_s.png
Maxima,"Akių kontūro pieštukas MAYBELLINE MASTER PRECISE, 1 vnt.",11.59,https://cdn.barbora.lt/products/62aad94f-a24f-422d-a46f-a40efcdccb6a_s.png
Maxima,"Keptuvė FISKARS FUNCTIONAL FORM, 24 cm, 1 vnt.",45.99,https://cdn.barbora.lt/products/bf057cb4-f2c9-4759-a495-c95337d07a60_s.png
Maxima,"Skutimosi gelis GILLETTE FUSION Ultra Moisturizing, 200ml",6.69,https://cdn.barbora.lt/products/44a37951-b543-4bcc-98d1-eaae4cf1b7b2_s.png
Maxima,"Paakių gelis jautriai odai BIODERMS, 15ml",15.69,https://cdn.barbora.lt/products/b4bf64c9-fe0e-4636-800c-baa2944cf0f7_s.png
Maxima,"Plaukų kaukė ORGANIC SHOP ARGAN&AMLA, 250 ml",3.89,https://cdn.barbora.lt/products/c62e5442-680e-4e8b-93c8-0e34358e41ac_s.png
Maxima,"NIVEA®  NAKTINIS KREMAS 65+, 50 ml",11.19,https://cdn.barbora.lt/products/9a621138-fd98-4f86-a102-f1064ae6cf10_s.png
Maxima,"Dėlionė TREFL VYTIS, 1000 detalių, 1 vnt.",5.39,https://cdn.barbora.lt/products/9b66db84-f738-4a5a-955f-602a0e651c54_s.png
Maxima,"Kremas BIODERMA, 30 ml",17.29,https://cdn.barbora.lt/products/2e5e7e6a-d2db-4bd0-9c91-83ea45ba0e80_s.png
Maxima,"Indų ploviklis PUR LEMON, 750 ml",2.09,https://cdn.barbora.lt/products/bb8dc774-9939-48c4-9877-3e93fc15e0e0_s.png
Maxima,"Vyriškos kojinės SKINIJA, 39-42 dydis, 1 vnt.",1.73,https://cdn.barbora.lt/products/fc537799-9eaa-49ad-8eba-fb94f1730177_s.png
Maxima,"Automobilio stiklo valytuvas BOSCH AEROECO be rėmo, 65 cm, 1 vnt.",11.99,https://cdn.barbora.lt/products/229d83ec-10cf-4435-89e0-67997238c7dc_s.png
Maxima,"Trig.poveikio mic.vanduo NEUTROGENA HYDRO BOOST, 400 ml",10.99,https://cdn.barbora.lt/products/054a0943-3ece-4221-9e01-03a738310857_s.png
Maxima,"Automobilių oro gaiviklis AREON PEARLS SPORT LUX GOLD, 1 vnt.",3.39,https://cdn.barbora.lt/products/07d6efe0-3631-4be0-9874-c02e94c6c7da_s.png
Maxima,"Dantų pasta COLGATE MAX WHITE CHARCOAL, 75 ml",6.49,https://cdn.barbora.lt/products/718ed8cc-f3b5-4697-a54d-f07781c04ca1_s.png
Maxima,"Dantų šepetėlis ELMEX ULTRA SOFT, 1 vnt.",8.79,https://cdn.barbora.lt/products/c69160eb-df50-48c7-8f7d-1fb874c8f96c_s.png
Maxima,"Kompaktinė pudra MAYBELLINE FIT ME, Nr. 115-IVORY, 9 g",11.59,https://cdn.barbora.lt/products/97de9d4c-64f7-4de4-99cf-4f2b8bb210d3_s.png
Maxima,"Elektrinis dantų šepetukas COLGATE, 1 vnt.",8.49,https://cdn.barbora.lt/products/606cda50-e9a6-437f-99a8-d1ef0cae661f_s.png
Maxima,ECODENTA organic daugiafunkcė dantų pasta su kanapių aliejumi 75 ml ,6.79,https://cdn.barbora.lt/products/74b70d06-d307-423b-bc68-37b5d76520f9_s.png
Maxima,Moteriškas purškiamas dezodorantas REXONA BLUE POPPY&APPL.150,4.29,https://cdn.barbora.lt/products/200d7e6f-fc26-4643-89b2-acbaa033235f_s.png
Maxima,"Moteriškas purškiamasis dezodorantas REXONA WHITE FLOWERS AND LYCHEE, 150 ml",4.29,https://cdn.barbora.lt/products/67af622b-173b-4bff-84e5-7092c9fce256_s.png
Maxima,"Paakių kremas L'OREAL, 15 ml",7.45,https://cdn.barbora.lt/products/85246126-de2c-443f-a9f2-38e3c51942da_s.png
Maxima,"Palmių vaško žvakė CANDLE FAMILY, 13 cm, 1 vnt.",4.99,https://cdn.barbora.lt/products/82c37b1a-a53a-4531-87fb-d9a2aa60bc4c_s.png
Maxima,"Vaikiškas kūno ir plaukų šampūnas FROSCH, 300 ml",3.59,https://cdn.barbora.lt/products/1b2a7581-5a60-4eec-9c22-9ee8d148575e_s.png
Maxima,"NIVEA® RANKŲ KREMAS 3 IN 1 ANTI-AGE su Q10 kompleksu ir UV filtru, 100 ml",7.25,https://cdn.barbora.lt/products/39750414-998c-47de-ba5a-e2ba98c641f2_s.png
Maxima,"Lakštinė veido kaukė GARNIER , 1 vnt.",2.09,https://cdn.barbora.lt/products/f73d2935-c2e6-4c6b-9162-9602ba64e5c7_s.png
Maxima,"Micelinis vanduo GARNIER, 400 ml",5.69,https://cdn.barbora.lt/products/883b1f3b-60ee-4a60-b3f8-f0a5856ede3d_s.png
Maxima,"Dantų siūlas HUMBLE su aktyvintosiomis anglimis,su laikikliu, 50 vnt.",4.19,https://cdn.barbora.lt/products/b9a42986-a532-469f-84cf-eaa7d423db48_s.png
Maxima,"Plaukų šampūnas GLISS Split Ends, 400 ml",3.39,https://cdn.barbora.lt/products/d02df087-1794-4248-892a-2ec4d43a668c_s.png
Maxima,"Dantų šepetėlis JORDAN EXPERT WHITE MEDIUM, 1 vnt.",3.69,https://cdn.barbora.lt/products/4aeaae05-3d2f-4554-bd69-a14296b8892a_s.png
Maxima,"Veido kaukė FASCY NATURAL FORMULA ILLUMINATING, 23 g",1.99,https://cdn.barbora.lt/products/6567fd5d-8285-4bd4-bbb4-bf2458d36367_s.png
Maxima,"Keptuvė TEFAL SIMPLY CLEAN, 30 cm, 1 vnt.",32.99,https://cdn.barbora.lt/products/59736e2f-d722-4bf2-8855-7377cb2ff739_s.png
Maxima,"Žaidimas TACTIC AŠ MYLIU LIETUVĄ, 1 vnt.",8.49,https://cdn.barbora.lt/products/df8459cc-80b5-476e-bd31-7728eabefddf_s.png
Maxima,"Dantų pasta BLANX O3X, 75 ml",10.19,https://cdn.barbora.lt/products/ec9f9c94-f786-4ed0-a6ab-5184472a1951_s.png
Maxima,"Oro gaiviklis LITTLE JOE MINI, vaisių kvapo, 1 vnt.",3.99,https://cdn.barbora.lt/products/86faded4-1a8d-4309-9650-05a7496e3924_s.png
Maxima,"Plaukų aliejus PANTENE Argan Infused, 100 ml",11.29,https://cdn.barbora.lt/products/b4c92695-4adb-4ebf-8f82-214dca354905_s.png
Maxima,"Micelinis valomasis vanduo GARNIER, 400 ml",5.99,https://cdn.barbora.lt/products/25d744b7-89cf-413c-be21-0340663831ac_s.png
Maxima,"Antakių pieštukas MAYBELLINE ULTRA SLIM, Nr. 03, 1 vnt.",9.59,https://cdn.barbora.lt/products/27247310-4d0d-45f6-8277-f69aa53783d9_s.png
Maxima,"Vyriškas sisteminis skustuvas GILLETTE MACH3, 5 galvutės, 1 vnt.",16.49,https://cdn.barbora.lt/products/da8099ec-b744-4e52-9a5b-23e93b82dd69_s.png
Maxima,"Atkuriamasis šampūnas SEBAMED HAIR CARE, 200 ml",10.99,https://cdn.barbora.lt/products/cedb64cd-74a6-4f7b-8b8b-629d53d48993_s.png
Maxima,"Bambukinis dantų šepetėlis ECODENTA, minkštas",3.99,https://cdn.barbora.lt/products/d6d7b18e-8118-400d-80af-723e3cd81164_s.png
Maxima,"Bambukinis dantų šepetėlis ECODENTA, vidutinio minkštumo",3.99,https://cdn.barbora.lt/products/f5b8c2ac-f44e-44e8-b2fd-3e9389977d32_s.png
Maxima,"Dantų šepetėlis COLGATE MAX WHITE CHARCOAL, 2 vnt., 2 vnt.",5.49,https://cdn.barbora.lt/products/682688f6-38f0-45e1-a03a-e8873ae0b27f_s.png
Maxima,"Vaikiškas šampūnas-prausiklis BUBCHEN KIDS, 230 ml",4.25,https://cdn.barbora.lt/products/a762f5e6-ee76-4ac9-a27a-5c9624d8a6d7_s.png
Maxima,Lėkštė AURORA PEARL CLASSIC DARK 24 cm,6.99,https://cdn.barbora.lt/products/0775b2df-fbd8-46cf-9486-a384507242b2_s.png
Maxima,"Bekvapės veido depiliavimo vaško juostelės „Veet MINIMA Easy Gel“, 20 vnt.",7.99,https://cdn.barbora.lt/products/47a4f261-ac51-4106-a142-f13bd2db2bd2_s.png
Maxima,"Skystasis muilas-putos SHIK DELLUXE GEORGINA, 500 g",3.29,https://cdn.barbora.lt/products/7ba78bda-d503-4ef1-95bf-e3b056f071a1_s.png
Maxima,"Dantų pasta ELMEX CARIES PROTECTION WHITENING, 75 ml",6.89,https://cdn.barbora.lt/products/53000d98-a23b-405f-ac02-c1750e1566de_s.png
Maxima,"Sausos (8vnt.) ir šlapios (3vnt.) grindų šluostės su šluota SWIFFER, rinkinys",11.99,https://cdn.barbora.lt/products/720a023f-a391-44f3-9bb8-131594716487_s.png
Maxima,KILIG VITAMIN BOMB plaukus stiprinanti kaukė su vitaminų kompleksu 200 ml,5.29,https://cdn.barbora.lt/products/c4648e98-ab51-419e-afde-938a0280f538_s.png
Maxima,"Skutimosi peiliukai King C GILLETTE, 5vnt + skustuvas",23.49,https://cdn.barbora.lt/products/bff74da3-bb8d-4efe-8f38-deb8ec5df841_s.png
Maxima,"Dantų šepetėliai COLGATE 360° FRESH'N PROTECT, 2 vnt., 2 vnt.",4.69,https://cdn.barbora.lt/products/d61afda5-6a21-48d2-a40f-c5940e90f915_s.png
Maxima,Maybelline NewYork Express Brow Satine Duo MediumBrown antak pieštukas,11.99,https://cdn.barbora.lt/products/58eaf987-8502-4667-b810-1301b52b58ba_s.png
Maxima,"Puodelis LUMINARC GRAND CENTRAL, 320 ml, 1 vnt.",2.69,https://cdn.barbora.lt/products/825e3940-91a2-404f-92c1-389525fe2527_s.png
Maxima,"Puodelis LUMINARC GRAND CENTRAL, 250 ml",2.49,https://cdn.barbora.lt/products/ce3e8ec5-0c24-47a1-b51d-b137d51e0ec6_s.png
Maxima,MARGARITA MOIST & MINERALS drėkinamasis veido kremas su mineraliniu vandeniu „Birutė“ 50 ml,10.59,https://cdn.barbora.lt/products/498565dc-cee8-427e-aa32-91e00f63d8fd_s.png
Maxima,"Filtruojanti gertuvė AQUAPHOR City, 0,5 l, 1 vnt., mėlyna",11.99,https://cdn.barbora.lt/products/7721fc37-5727-4cae-9d03-e81820503a70_s.png
Maxima,"Moteriškas gelinis antiperspirantas LADY SPEED STICK, 65 g ",8.29,https://cdn.barbora.lt/products/e2c182fb-2c68-4096-ac8e-a5de94bb2b22_s.png
Maxima,"Vandeniui atsparus blakstienų tušas MAYBELLINE SKY HIGH, 1 vnt.",13.99,https://cdn.barbora.lt/products/b1bbfda0-e60f-4006-b672-7f83a02e3e4c_s.png
Maxima,"Plaukų šampūnas SCHAUMA ROSE OIL 2IN1, 400 ml",4.59,https://cdn.barbora.lt/products/e7be5df1-6881-479a-ae13-76bd60e05f14_s.png
Maxima,"Vienkartiniai skustuvai VENUS 3 Dragonfruit, 3vnt",6.29,https://cdn.barbora.lt/products/d8242f07-0492-432f-a77b-6eacde06bf51_s.png
Maxima,Lėkštė AURORA PEARL CLASSIC GREEN 24 cm,6.99,https://cdn.barbora.lt/products/e1bb511c-4f97-4378-af0b-3080c1364ba0_s.png
Maxima,"Puodelis su lėkštute AURORA PEARL DARK, 220 ml, 1 vnt.",6.99,https://cdn.barbora.lt/products/d59588e1-63ef-45cb-90a1-22eef478dba5_s.png
Maxima,"Moteriškas rutulinis dezodorantas GARNIER , 50 ml",4.99,https://cdn.barbora.lt/products/01e902d5-be2e-4203-a95e-4f4793f82a2d_s.png
Maxima,"Plaukų vaškas SYOSS Max Hold, 150 ml",8.99,https://cdn.barbora.lt/products/26a775d7-068f-4eed-838a-a38cce6eb0d4_s.png
Maxima,"Vyriškas purškiamasis antiperspirantas FA MEN RED CEDARWOOD, 150 ml",4.49,https://cdn.barbora.lt/products/489f8ba3-bde3-4358-aa77-ae36d8331acc_s.png
Maxima,"Dantų pasta JORDAN FRESH MINT, 50 ml",3.49,https://cdn.barbora.lt/products/94abee9e-6c3b-422a-9f25-3001c6c52450_s.png
Maxima,"Paakių kaukė SCHAEBENS su auksu, 1 vnt.",2.69,https://cdn.barbora.lt/products/d106a38f-ccb3-4b64-bb79-04fa2f3dcf9b_s.png
Maxima,"Gertuvė UNIWELL, 800 ml, 1 vnt.",9.99,https://cdn.barbora.lt/products/d21b2275-6460-467c-bd0d-62133ccdcdf8_s.png
Maxima,"Maisto termosas UNIWELL, 750 ml, 1 vnt.",18.99,https://cdn.barbora.lt/products/82eee04b-aeee-44f9-a13b-12916b97413c_s.png
Maxima,"Radijo bangomis valdomas automobilis LEXUS LFA, 1 vnt.",16.19,https://cdn.barbora.lt/products/9f998519-387e-47f7-8e05-37c6e086a61f_s.png
Maxima,"Stalo žaidimas TACTIC WORD BINGO, 1 vnt.",13.99,https://cdn.barbora.lt/products/b54306f7-87f5-4d3f-9c3e-45f2feaaad03_s.png
Maxima,"Dubenėlis ILAJA SIMPLE, 18 cm",2.49,https://cdn.barbora.lt/products/36d91b7a-2c70-420f-8952-ad626d3e6852_s.png
Maxima,"Žaislinis TV pultelis FISHER PRICE, įgarsintas lietuviškai, 1 vnt.",13.79,https://cdn.barbora.lt/products/d7538bf3-6471-49a6-889b-68cbdc9548f1_s.png
Maxima,"Pieninis šokoladas LAIMA EKSTRA su lazdynų riešutais, 90 g",1.6,https://cdn.barbora.lt/products/a166af08-0b63-421f-810b-7b4c651cc288_s.png
Maxima,"Vyriškas tualetinis vanduo ADIDAS ICE DIVE, 100 ml",19.39,https://cdn.barbora.lt/products/355279c3-ba5e-40e3-be83-fecea268fdc5_s.png
Maxima,KILIG RETINOL veido kremas su proretinoliu 50 ml,14.99,https://cdn.barbora.lt/products/80a3c243-805b-4f9f-b373-965ebf8bb79f_s.png
Maxima,"Elektrinis dantų šepetėlis ORAL-B Vitality Pro, Black, 1 vnt.",32.19,https://cdn.barbora.lt/products/9972ab47-98ae-4913-86de-a0aa211b8e68_s.png
Maxima,"Pliušinis žaislas SQUISHMALLOWS, 19 cm, 1 vnt.",7.19,https://cdn.barbora.lt/products/a102bd76-5a77-44ad-9888-ceeaeea7d075_s.png
Maxima,"Plaukų šampūnas GARNIER BOTANIC , 400 ml",5.69,https://cdn.barbora.lt/products/0933966c-cb5d-4b4d-8f95-6e1fa7267e4e_s.png
Maxima,"NIVEA® DERMA SKIN CLEAR Į BĖRIMUS LINKUSIOS ODOS  prausimosi gelis, 150 ml",7.99,https://cdn.barbora.lt/products/080f1ca5-6a4c-4416-948b-3f08190d1651_s.png
Maxima,"NIVEA® DERMA SKIN CLEAR šveitiklsi į bėrimus linkusiai odai, 150 ml",7.99,https://cdn.barbora.lt/products/478f7668-ec2f-4202-a211-4d3d62cbf438_s.png
Maxima,"Vyriškos skutimosi putos GILLETTE SERIES REVITALISING, 200 ml",4.89,https://cdn.barbora.lt/products/f614dd93-bab2-4f48-9bd3-27e17e541c49_s.png
Maxima,"Moteriškas rutulinis dezodorantas ADIDAS PRO INVISIBLE, 50 ml",4.89,https://cdn.barbora.lt/products/077246aa-d612-4a89-9c5c-5a0ab5cfc9f1_s.png
Maxima,"Veido kaukė DIZAO HYALURONIC ACID, 25 g",2.99,https://cdn.barbora.lt/products/2586e850-f052-4862-b7aa-de8bada7204c_s.png
Maxima,"Vyriška dušo želė ADIDAS ICE DIVE, 250 ml",4.69,https://cdn.barbora.lt/products/fa2847e5-8991-4f15-8674-13ee7f539753_s.png
Maxima,"Rankų ir nagų kremas NEUTROGENA NORWEGIAN FORMULA, 75 ml",6.49,https://cdn.barbora.lt/products/60e29516-d2e0-4c21-80b6-4fad9bb3ad64_s.png
Maxima,"Veido kaukė DIZAO COLLAGEN PEPTIDE V-LIFTING, 30 g",2.99,https://cdn.barbora.lt/products/97910ecf-cff0-4132-8f76-250deb20d5ee_s.png
Maxima,"Dantų pasta LACALUT BLACK & WHITE, 75 ml",5.59,https://cdn.barbora.lt/products/32df9ed2-1eb1-414e-bf63-f83aa97be33e_s.png
Maxima,"Plaukų kaukė GREEN FEEL'S, 200 ml",7.99,https://cdn.barbora.lt/products/4e9eeeae-73b6-4057-b27b-b3a67cab578d_s.png
Maxima,"Stalo žaidimas UNO FLEX, 1 vnt.",5.49,https://cdn.barbora.lt/products/367a6698-2969-4a73-8c7c-3c932e39b9f2_s.png
Maxima,"Plaukų aliejus OLAPLEX Nr.7,30ml",29.99,https://cdn.barbora.lt/products/7c685fa9-a488-4a02-9a26-54ebcc5233af_s.png
Maxima,"Pliušinis žaislas SQUISHMALLOWS, 12 cm, 1 vnt.",5.09,https://cdn.barbora.lt/products/591c1668-c4df-48b9-8950-8b0a1e5bd7a3_s.png
Maxima,"Kūno losjonas CERAVE MOISTURIZING, 473ml",25.99,https://cdn.barbora.lt/products/0aaf8326-16a4-4836-91c8-b82672060694_s.png
Maxima,"Žaislinis automobilis Corvette C7, 1:24, 1 vnt.",4.79,https://cdn.barbora.lt/products/4cf5906b-6561-48c8-8585-62fa8cdb7350_s.png
Maxima,"Prie alučio vytintos dešrelės Cheezy a.r., 170 g",3.69,https://cdn.barbora.lt/products/78cd083a-ba47-4913-999d-2e5fcf5dda1e_s.png
Maxima,"Dantų šepetėlis SENSODYNE NOURISH HEALTHY WHITE SOFT, 1 vnt.",5.79,https://cdn.barbora.lt/products/5fe0fe0d-987d-4e35-bcd1-605366e9ec5e_s.png
Maxima,"Mot. vienkartiniai skustuvai WILKINSON EXTRA3BEAUT, 6 vnt.",4.49,https://cdn.barbora.lt/products/3df5cd66-f2b9-4d1c-a36f-061a1d0c39aa_s.png
Maxima,RASA AGE CONTROL Stangrinamasis naktinis veido kremas 50 ml,15.99,https://cdn.barbora.lt/products/727f2a85-49d0-4094-a1b9-005354b2ac03_s.png
Maxima,RASA HYDRO INTENSE Drėkinamasis veido kremas sausai odai 50 ml,14.99,https://cdn.barbora.lt/products/b2de4138-b2c1-43eb-a4a4-2d0966dd9bc3_s.png
Maxima,RASA INTENSE CARE Maitinamasis veido kremas 50 ml,14.99,https://cdn.barbora.lt/products/35c50fff-0795-4000-a12d-8b1971538619_s.png
Maxima,"Dantų pasta BLEND A MED 3D WHITE Arctic Fresh, 75ml",2.79,https://cdn.barbora.lt/products/c1f127ca-15f2-4cb1-8c11-4d16ac0ec400_s.png
Maxima,"Šaukštas TRAMONTINA Polywood, 1 vnt.",1.99,https://cdn.barbora.lt/products/fc843b6e-708e-4fa2-9e59-8db16ca9261e_s.png
Maxima,"Lėlė princesė LITTLE BEBOPS, 25,4 cm, 1 vnt.",5.99,https://cdn.barbora.lt/products/31f68c13-9167-405c-883f-d0a4a0a10943_s.png
Maxima,"NIVEA ALOE & HYDRATION kūno losjonas, 400 ml",10.69,https://cdn.barbora.lt/products/50dcfd74-bfe1-4db0-a85a-ef56000a5b81_s.png
Maxima," Keptuvė UNIWELL ARTISAN, 28 cm",17.99,https://cdn.barbora.lt/products/cc3b574f-ae1f-4568-8fda-f35cba40be04_s.png
Maxima,"Dantų pasta PEARL DROPS LASTING FLAWLESS, 75 ml",4.99,https://cdn.barbora.lt/products/788861c6-9af2-46f1-b60d-d2a0310aaefa_s.png
Maxima,"Servetėlės matiniams prietaisų skydeliams valyti TURTLE WAX, 24 vnt.",4.99,https://cdn.barbora.lt/products/936aa0db-710b-4934-a184-ee991895b76a_s.png
Maxima,"Servetėlės automobilių salonams valyti TURTLE WAX, 24 vnt.",4.99,https://cdn.barbora.lt/products/3a83e8be-ac5b-46dd-b88d-0e0781051ea8_s.png
Maxima,"Odinių paviršių servetėlės TURTLE WAX, 1 vnt.",4.99,https://cdn.barbora.lt/products/254aa0b5-269c-44e0-a9db-3328bc531d60_s.png
Maxima,"Plaukų kaukė GLISS 4IN1 Shine, 400 ml",4.74,https://cdn.barbora.lt/products/a03f2b27-0a75-43ca-b047-cacf58028d3c_s.png
Maxima,RASA HAIR REPAIR SYSTEM Atkuriamasis plaukų kondicionierius 200 ml,6.99,https://cdn.barbora.lt/products/66c555b9-0ad3-4e63-833a-7abebfe59949_s.png
Maxima,"Veido prausiklis Q+A NIACINAMIDE GENTLE E,125",10.99,https://cdn.barbora.lt/products/2c08799b-60c8-4673-b93b-59417925c25b_s.png
Maxima,RASA FIRMING BODY CARE Stangrinamasis kūno kremas 200 ml,6.99,https://cdn.barbora.lt/products/bbd493f4-4173-4cb6-8489-eb196b2e1235_s.png
Maxima,"Dantų gelis DENTINALE NATURAL, 0-4 m., 20 ml",11.39,https://cdn.barbora.lt/products/e08ef0cc-c9b6-488c-a637-7ec82cbb8e46_s.png
Maxima,"COSRX Advanced Snail 96 Mucin Power Essence esencija, 100 ml",19.99,https://cdn.barbora.lt/products/c0dc584b-747c-43e9-ae21-e5612ed71961_s.png
Maxima,AQUAFRESH dantų šepetėlis My Big Teeth Soft,3.49,https://cdn.barbora.lt/products/4748eff7-de76-4e9f-9250-1ac4affe4685_s.png
Maxima,"Rankų kremas GARNIER BODY, 75 ml",6.29,https://cdn.barbora.lt/products/f7a863ac-ae43-4c8b-b87e-36a90fa7d602_s.png
Maxima,"Viskio taurės RCR OPERA, 300 ml, 6 vnt.",24.99,https://cdn.barbora.lt/products/af98c919-3f12-45f5-98ee-1070d0b09691_s.png
Maxima,"Plaukų kondicionierius MAUI su taukmedžio sviestu, 385ml",13.99,https://cdn.barbora.lt/products/876bf239-2f67-48cf-812d-ff77128b1a3e_s.png
Maxima,"Nerūgšt. ratlankių valiklis ROTZ, 500ml",4.29,https://cdn.barbora.lt/products/75a6bd07-82fd-4490-a50f-0660e4687b7b_s.png
Maxima,KILIG PROBIOTICS veido kremas mišriai ir riebiai odai 50 ml,13.99,https://cdn.barbora.lt/products/76a8f8a3-dbf0-4a0c-85db-054330358c7d_s.png
Maxima,"Moteriškas sisteminis skustuvas GILLETTE VENUS SUGARBERRY, 1 vnt.",12.99,https://cdn.barbora.lt/products/82e8ea1b-e2db-4abb-aa50-57a19c5d84aa_s.png
Maxima,"Dantų pasta BLEND A MED COMPLETE Protect 7 Original, 75ml",2.79,https://cdn.barbora.lt/products/ce1626fd-0ac5-47f4-ae14-aa979f43e2d7_s.png
Maxima,"Vyriškas dušo gelis FA MEN SPICY BERGAMOT, 400 ml",4.99,https://cdn.barbora.lt/products/2beac1e0-643d-41f0-8603-e29a7cde877c_s.png
Maxima,"Dušo želė DOVE ADVANCED CARE ANTI-STRESS, 400 ml",7.69,https://cdn.barbora.lt/products/d4cfb916-ec14-48a7-88aa-d25fa4b32fe3_s.png
Maxima,"Viršutinis nagų lako sluoksnis RIMMEL7IN1, 12 ml",5.49,https://cdn.barbora.lt/products/f1665032-a6a3-44c0-ba7a-bea12e02183f_s.png
Maxima,"Vyno taurės AURORA Moments 400 ml 4 vnt, 4 vnt.",19.99,https://cdn.barbora.lt/products/ddf4a3d2-49ea-414d-ac3e-9d8b1887208f_s.png
Maxima,"Filtravimo ąsotis BRITA MARELLA, baltas, 2,4 l, 1 vnt.",26.99,https://cdn.barbora.lt/products/61f217d9-f486-43d3-83d2-fa6683e05abd_s.png
Maxima,"WOW GENERATION nagų lakai, spalvotas ir blizgus",4.79,https://cdn.barbora.lt/products/65a85369-4ea4-4a51-a7bd-6d8a9a16733c_s.png
Maxima,"Mot. gelinis antiperspirantas LADY SPEED STICK INVISIBLE DRY, 65 g",8.19,https://cdn.barbora.lt/products/17d45ba5-8c96-493d-8596-4647cc2570c1_s.png
Maxima,"Mot.pieštukin.antiperspirantas LADY SPEED STICK BLACK ORCHID, 40 g",4.49,https://cdn.barbora.lt/products/9239d741-1642-49de-909f-01befccaee08_s.png
Maxima,"Beauty of Joseon Dynasty Cream veido kremas, 50 ml",25.99,https://cdn.barbora.lt/products/4d78c71b-58f9-42cf-9303-6339d5870f02_s.png
Maxima,Plaukų šampūnas HEAD&SHOULDERS APPLE;800ml,13.99,https://cdn.barbora.lt/products/46e5077a-ab24-418c-8ef5-9fc3b6c22481_s.png
Maxima,"Dušo gelis ir šampūnas su kondic. PAW PATROL CHASE 3IN1, 400 ml",7.99,https://cdn.barbora.lt/products/4951cd4c-116a-40cf-97e0-227d496d7f26_s.png
Maxima,"Plaukų kondicionierius PANTENE Aqua Light Active Nutri-Plex, 275 ml",6.89,https://cdn.barbora.lt/products/da47e196-12a1-4d41-a559-7ccbdb594320_s.png
Maxima,"Plaukų kondicionierius AUSSIE SOS Blonde&Hydrate, 200 ml",10.99,https://cdn.barbora.lt/products/5515a785-edc6-4c1c-9e1a-b16d71ec2d85_s.png
Maxima,Skustuvas GILLETTE FUSION PROGLIDE + sk. galvutės 4vnt.,25.49,https://cdn.barbora.lt/products/1b9a5a66-c1c2-4b4f-9174-68068621824f_s.png
Maxima,"Žaislinis rinkinys BEYBLADE, 1 vnt.",11.99,https://cdn.barbora.lt/products/db9f212b-a12a-4313-941b-d4d9a49836f0_s.png
Maxima,"Interakt. žaisl. Gecko HEX BOTS, 6070281",29.99,https://cdn.barbora.lt/products/8f1962f1-fcf0-4c62-a9a2-aa6924cd3776_s.png
Maxima,"Garnier lakštinė veido kaukė, 22g",2.69,https://cdn.barbora.lt/products/05a162b4-2a7e-4e33-8845-2e69b99587c8_s.png
Maxima,Torto mentelė UWINELL Baguette,5.99,https://cdn.barbora.lt/products/fc713fc1-8d19-4b3a-b971-d3071ff9afed_s.png
Maxima,Dubenėlis AURORA Zout Grey 17 cm,5.99,https://cdn.barbora.lt/products/c93db97a-c6fa-412f-8947-0a77a228eea9_s.png
Maxima,Miltelių žvakė BESPALVĖ,9.99,https://cdn.barbora.lt/products/30ad4e9d-01a1-4644-8ce2-567160b4d2c7_s.png
Maxima,AQUAFRESH dantų pasta Big Teeth ( 6-8m)  50ml,2.39,https://cdn.barbora.lt/products/14411206-bf7c-447e-b644-8ec2d58fe137_s.png
Maxima,"Tamponai BELLA for Teens Super, N16",1.59,https://cdn.barbora.lt/products/93e8384c-fc9a-45df-bb88-8e2dd2c2df49_s.png
Maxima,"Burnos skalavimo skystis PARODONTAX ICY MINT, 500 ml",7.89,https://cdn.barbora.lt/products/1daf7769-4979-49d4-a3bb-3b35f0ca4ccb_s.png
Maxima,"Ikrų užtepėlė su kalmarais WELL DONE, 160 g",1.99,https://cdn.barbora.lt/products/b75a6b2d-0214-4b3d-8394-ce6085c63ea4_s.png
Maxima,"Keptuvė TEFAL So'light, 28cm",37.99,https://cdn.barbora.lt/products/21242f0c-4730-4b80-b951-25146750639e_s.png
Maxima,"Keptuvė TEFAL So'light, 22cm",34.99,https://cdn.barbora.lt/products/fcbe6751-839c-40b3-ab06-3f48c5ca55fb_s.png
Maxima,"ELSEVE  kondicionierius, 150ml",6.59,https://cdn.barbora.lt/products/ac279567-f5f0-4163-a777-8e0889ecc25d_s.png
Maxima,ELSEVE  šampūnas 250ml,3.19,https://cdn.barbora.lt/products/e4be618e-b210-4c69-a93e-b5037039444d_s.png
Maxima,"ELSEVE serumas galvos odai, 102ml",9.49,https://cdn.barbora.lt/products/821ad1c4-122c-4e05-af45-f56913fc1066_s.png
Maxima,"ELSEVE Hyaluron Plump naktinis kremas plaukams, 200ml",3.19,https://cdn.barbora.lt/products/35a129ae-4aae-4930-8883-0733b1e22761_s.png
Maxima,"NIVEA Soft drėkinamasis kremas veidui, kūnui, rankoms, 375 ml",10.99,https://cdn.barbora.lt/products/40f6c8c7-412d-47a7-b5af-b6c1762063cd_s.png
Maxima,"Galvos odos serumas GLISS Scalp&Root Activator, 100ml",5.99,https://cdn.barbora.lt/products/23b5ad47-c0ba-4f88-ba7e-9d3abcf3b4f9_s.png
Maxima,"Plaukų formavimo kremas TAFT Aloe Boost, 100ml",4.49,https://cdn.barbora.lt/products/cf1ee1ec-7abc-47be-bce0-86e0dc44a071_s.png
Maxima,"Antakių formavimo gelis GOT2B Brows&Edges, 16ml",8.99,https://cdn.barbora.lt/products/57548807-ced7-4f10-9ce2-d0d3fde02b99_s.png
Maxima,"Mot. sisteminio skustuvo galvutės GILLETTE VENUS COCONUT, 3 vnt.",17.99,https://cdn.barbora.lt/products/54b2c57a-4499-4a11-bdb4-78cd627036b5_s.png
Maxima,"Pieštukinis antiperspirantas OLD SPICE Power Start, 50ml",3.95,https://cdn.barbora.lt/products/f2361b16-6bae-4599-99fe-ab4f8135c0e4_s.png
Maxima,"Skustuvas VENUS Sugarberry Miami, 1 galvutė",12.99,https://cdn.barbora.lt/products/d773ed83-9269-47cb-aa2a-4815ba1a2994_s.png
Maxima,STICKI ROLLS Apyrankė su lipdukais,5.39,https://cdn.barbora.lt/products/d67b941f-5bce-4423-a703-8bf21de4a088_s.png
Maxima,"ELNETT plaukų lakas, 200 ml",7.49,https://cdn.barbora.lt/products/61887b3a-8ecc-4d1d-9497-19a98ec79b70_s.png
Maxima,Vyriškas purškiamasis dezodorantas OLD SPICE EPIC LEGEND;150,3.15,https://cdn.barbora.lt/products/cc0c99b3-1843-40c5-a9e0-3181e2990706_s.png
Maxima,"Kramtukas, mokomasis dantų šepetėlis kūdikiams JORDAN, 0-12 mėn, 1 vnt",5.99,https://cdn.barbora.lt/products/c390244a-f87c-4158-bd69-e282880effc8_s.png
Maxima,"Vaikiškas tarpdančių siūlas HUMBLE braškių, 30vnt",5.49,https://cdn.barbora.lt/products/26a5c8ce-efda-4c4e-9b80-f390c0edb936_s.png
Maxima,Dubenėlis AURORA CONRAN WHITE 11 cm,1.99,https://cdn.barbora.lt/products/907c2c82-a9e4-4745-955b-2ff545393519_s.png
Maxima,"Šviežios vištienos dešrelės su sūriu WELL DONE, 400 g",2.79,https://cdn.barbora.lt/products/f31d6c82-76dd-46b6-af54-13d8287652fa_s.png
Maxima,"Dušo gelis DOVE CREAMY INDULGING, 720 ml	",9.99,https://cdn.barbora.lt/products/d2295021-7abf-4332-8e9c-a9520ee221da_s.png
Maxima,"Plaukų kondicionierius ""SCHAUMA STRONGER FOR LONGER"", 250 ml",3.69,https://cdn.barbora.lt/products/259c78aa-1dac-4031-8f71-6063cc0a3796_s.png
Maxima,"Higieniniai paketai BELLA PERFECTA PURE MAXI, 16 vnt.",1.89,https://cdn.barbora.lt/products/60b0e217-8f65-4cc7-bb6b-9a8fac35412a_s.png
Maxima,"Maybelline New York Lifter Glaze, 007 Berry Haze",10.99,https://cdn.barbora.lt/products/0b4e04a2-dc61-4b64-90f5-650621811199_s.png
Maxima,"TIRTIR Ceramic Cream veido kremas su keramidais, 50 ml",27.99,https://cdn.barbora.lt/products/0df82838-40a8-400a-9eb7-c88bbcad42a4_s.png
Maxima,"Pieštukinis plaukų vaškas GOT2B Glued Wax Stick, 50g",12.49,https://cdn.barbora.lt/products/b98fd2e4-4ef7-4763-a67c-25970c459640_s.png
Maxima,"Vyriška dušo želė DOVE MEN CLEAN COMFORT, 700 ml",9.99,https://cdn.barbora.lt/products/7d5286c2-e36f-4fb7-95ba-3f94807b4c7a_s.png
Maxima,"SPIDEY AND HIS AMAZING FRIENDS Herojaus figūrėlė, 7,6 cm",4.79,https://cdn.barbora.lt/products/bfb07372-4677-40de-b5b5-7013fb84657e_s.png
Maxima,"VG Sensational skystas kreminis muilas Sparkling Orange, 350 ml",8.49,https://cdn.barbora.lt/products/b6bd5718-d2f4-4f6b-9b21-579fefa28444_s.png
Maxima,Vonios putos IEVA sandalmedžio ir gintaro 1 L,5.49,https://cdn.barbora.lt/products/6a6d4031-c145-4e13-bb0b-6fe01db87082_s.png
Maxima,"WS HYDRO5 peiliukai, 4+1vnt.",21.19,https://cdn.barbora.lt/products/4286de55-094d-43d9-bac7-a862f57f5a38_s.png
Maxima,"WOW GENERATION lūpų blizgis, 3 in 1, skirtingi dizainai, WOW00133",5.39,https://cdn.barbora.lt/products/39e6511f-c6a6-4919-b42b-6bc23ba1de5a_s.png
Maxima,Purškiamas kvapas ALICE 250 ml,4.99,https://cdn.barbora.lt/products/9c004c3d-e9ca-45f8-823a-1be91f49cb1f_s.png
Maxima,Purškiamas kvapas CLOÉ 250 ml,4.99,https://cdn.barbora.lt/products/95d63677-88e0-4eed-af11-9d0cce4bc617_s.png
Maxima,Purškiamas kvapas LIUSI 250 ml,4.99,https://cdn.barbora.lt/products/dfc6d0c2-0179-4aa2-9c9f-03fbdb48df30_s.png
Maxima,"Skustuvo galvutės GILLETTE MACH3, 12vnt",35.99,https://cdn.barbora.lt/products/862ce276-4865-446c-9528-5094238823b5_s.png
Maxima,Satininės patalynės komplektas 140x200/50x70cm dėlion,24.99,https://cdn.barbora.lt/products/cef1b3a8-e25d-4e38-9c4a-5586f799d52d_s.png
Maxima,"Kilpinis rankšluostis 70x130cm, žalia",10.99,https://cdn.barbora.lt/products/82c1e0c6-dac7-4c08-800c-b656fe303889_s.png
Maxima,"Kilpinis rankšluostis 70x130cm,mėlyn",10.99,https://cdn.barbora.lt/products/812aac08-f47e-43ae-b355-a41ac2e6f08f_s.png
Maxima,"Kilpinis rankšluostis 70x130cm, smėlio",10.99,https://cdn.barbora.lt/products/2ee646ff-7367-424f-b656-661c8b21e8c3_s.png
Maxima,"Satininė paklodė su guma 140x200+30cm,š.ruda",14.99,https://cdn.barbora.lt/products/fd48def0-46b8-4520-bd07-b83cde389e6e_s.png
Maxima,Satininė paklodė su guma 140x200+30cm žalia,14.99,https://cdn.barbora.lt/products/188875b5-8611-4710-a1a3-4c1ac9af591a_s.png
Maxima,"Dažom. plaukų kremas PALETTE INTENSIVE COLOR CREM, Nr. 6-88, 1 vnt.",5.49,https://cdn.barbora.lt/products/a81f49bc-f348-40f0-8a55-00e93956e70d_s.png
Maxima,"Dažom. plaukų kremas PALETTE INTENSIVE COLOR CREME, Nr. 3-0, 1 vnt.",5.49,https://cdn.barbora.lt/products/f44c4875-469c-446b-8975-88612e69d656_s.png
Maxima,"NIVEA Q10 ANTI-WRINKLE POWER GILIAI REGENERUOJANTIS NAKTINIS KREMAS, 50 ml",19.99,https://cdn.barbora.lt/products/256b2748-3224-44c9-a87c-ff97d54d6393_s.png
Maxima,"Dažom. plaukų kremas PALETTE INTENSIVE COLOR CREME, Nr. 4-0, 1 vnt.",5.49,https://cdn.barbora.lt/products/3e3e6a71-2d70-4742-949d-bc6e9c7863ff_s.png
Maxima,"Aušinimo skystis, -35 °C, 1 kg, 1 kg",1.99,https://cdn.barbora.lt/products/67fae160-2745-45fc-b9c7-d12e22950465_s.png
Maxima,"Aušinimo skystis, -35 °C, 5 kg, 5 kg",7.99,https://cdn.barbora.lt/products/be792c51-78f6-4e70-a21e-fe536b0fdc79_s.png
Maxima,"Dažom. plaukų kremas PALETTE INTENSIVE COLOR CREM, Nr. 10-2, 1 vnt.",5.49,https://cdn.barbora.lt/products/7342a4eb-d3b7-48df-973c-fd0f0bd51e37_s.png
Maxima,"Plaukų lakas WELLAFLEX INVISIBLE HOLD, 250 ml",5.39,https://cdn.barbora.lt/products/f65c04bd-d5b6-4aa8-bbbd-6abeb84286b4_s.png
Maxima,"Kūdikių dušo gelis BUBCHEN, 400 ml",8.79,https://cdn.barbora.lt/products/deb0df19-4756-4bbb-9204-5fbd6a0dc1dd_s.png
Maxima,"PALETTE DELUXE plaukų dažai 4-99 (880) baklažano
",7.79,https://cdn.barbora.lt/products/7e017d9d-bc3a-445d-a83d-5ce2ff406f41_s.png
Maxima,"Plaukų balzamas GLISS Ultimate Color, 200 ml",2.39,https://cdn.barbora.lt/products/1576c0f3-0bda-4c7c-b947-abe30c3aaa83_s.png
Maxima,"Purškiamasis dezodorantas FA SPORT, 150 ml",4.49,https://cdn.barbora.lt/products/3de0b547-e6c8-45c5-a344-46533a9e491b_s.png
Maxima,Skystas rankų muilas DOVE CUCUMBER 250ml,4.79,https://cdn.barbora.lt/products/bf4aa49b-010b-417c-b57c-5d8c67b5b8fa_s.png
Maxima,"Kojų ir kūno depiliavimo vaško juostelės „Veet Easy Gel“, skirtos jautriai odai, 12 vnt.",7.99,https://cdn.barbora.lt/products/3746c2c5-699b-4dec-96f8-ca3c824d80a4_s.png
Maxima,"Blakstienų tušas L'OREAL TELESCOPIC BLACK, juodas, 8 ml",16.99,https://cdn.barbora.lt/products/f17c79d6-4b79-428c-a765-2d18e013a18d_s.png
Maxima,"Plaukų dažai L'OREAL CASTING CREME GLOSS, Nr. 600, 1 vnt.",10.59,https://cdn.barbora.lt/products/b47b974e-7c69-46f9-823c-4f039f13d360_s.png
Maxima,"Silikoninis dantų šepetėlis CANPOL BABIES (nuo gimimo), 1 vnt.",2.29,https://cdn.barbora.lt/products/3fbdb3ab-bf78-4f54-9e7d-e8e9ac2aad62_s.png
Maxima,"Balzamas GLISS Oil Nutritive, 200 ml",2.39,https://cdn.barbora.lt/products/1c293f7c-ad38-4a88-8325-4ac2491b424f_s.png
Maxima,"Šukuosenos modeliavimo pasta GOT2B, 100 ml",10.69,https://cdn.barbora.lt/products/25cfeab3-9d1d-4c10-bc4b-8647186f15e6_s.png
Maxima,"Plaukų dažai L'OREAL EXCELLENCE CREME, Nr. 10, 1 vnt.",6.59,https://cdn.barbora.lt/products/c28b880a-4c93-46a8-8f9d-0dc7ff52800f_s.png
Maxima,"Servetėlės stiklui valyti ARMORALL, 20 vnt.",3.99,https://cdn.barbora.lt/products/cfeda527-31e5-4a98-ba37-03945bb0ecf2_s.png
Maxima,"Vaikiškas pledas (100x140 cm), 1 vnt.",15.99,https://cdn.barbora.lt/products/fec8ab88-ea94-486c-9cef-10d01c71dc36_s.png
Maxima,"Kamščiatraukis TESCOMA PRESTO, 1 vnt.",6.49,https://cdn.barbora.lt/products/8a6a52fd-25cf-4715-954c-82431fb1f391_s.png
Maxima,"Plaukų kondicionierius NIVEA, 200 ml",4.79,https://cdn.barbora.lt/products/0ed19c52-723f-409e-8c74-ad3011d81f7b_s.png
Maxima,"Parfumuotas vanduo moterims UVD VARENSIA, 50 ml",9.96,https://cdn.barbora.lt/products/c0ce2c5d-48c9-4330-9d4b-92d80a248903_s.png
Maxima,"Stiklinis dangtis TEFAL, 28 cm, 1 vnt.",29.99,https://cdn.barbora.lt/products/551586b0-0934-4206-8534-93621d2104f6_s.png
Maxima,"Aušinimo skystis TURTLE WAX G12 (-35°C, 1 L,raudonas), 1 l",3.99,https://cdn.barbora.lt/products/601dba16-0840-443b-92a4-0955de925a0e_s.png
Maxima,"Plaukų šampūnas GLISS Oil Nutritive, 400 ml",3.39,https://cdn.barbora.lt/products/57361a0c-8bf2-49d4-aa1d-6c72348fcb57_s.png
Maxima,"Sausas šunų ėdalas FRISKIES BALANCE su vištiena ir, 3 kg",6.85,https://cdn.barbora.lt/products/26a2230a-47a1-4cd0-9d27-fdf3cf6a9582_s.png
Maxima,"Burnos skalavimo skystis LISTERINE FRESH, 500 ml",7.99,https://cdn.barbora.lt/products/2298f710-0bb1-4680-b271-32da1194e1a9_s.png
Maxima,"Konditerinis teptukas TESCOMA PRESTO, 1 vnt.",3.49,https://cdn.barbora.lt/products/dab69410-91d0-4d97-a9f6-bf1a35d03e74_s.png
Maxima,"Blakstienų tušas L'OREAL VOLUME BLACK, 9 ml",15.99,https://cdn.barbora.lt/products/0141a832-b2f3-4432-a09e-2b92ba5006a5_s.png
Maxima,"Juodojo šokolado saldainiai LAIMA RIGA BLACK BALSAM, 420 g",7.69,https://cdn.barbora.lt/products/a356541f-eeb8-4d30-94d2-d3b09c2b1e85_s.png
Maxima,"Dantų pasta COLGATE MAX WHITE ONE, 75 ml",6.99,https://cdn.barbora.lt/products/539fe784-dc97-4eab-92f7-cff1f41b5b1d_s.png
Maxima,"Šamp.""BUBCHEN"", 200 ml",3.59,https://cdn.barbora.lt/products/377a8a05-d436-48a4-9cfe-cff466556385_s.png
Maxima,"Oro gaiviklis MON VANILLA CHOCO, 1 vnt.",1.19,https://cdn.barbora.lt/products/563b4385-e7ba-4477-9f3e-a39feb523ca6_s.png
Maxima,"Plaukų aliejus GLISS KUR Ultimate Repair, 75 ml",5.24,https://cdn.barbora.lt/products/3a57b82c-241e-455e-b78d-a5ad7a6f461b_s.png
Maxima,"Skustuvo galvutės GILLETTE FUSION Proglide Power, 4vnt.",29.99,https://cdn.barbora.lt/products/1e372470-78f8-4fa1-916d-798052b30985_s.png
Maxima,"Vyriškas rutulinis dezodorantas FA DOUBLE POWER BOOST, 50 ml",4.49,https://cdn.barbora.lt/products/10edc2e6-69c1-45ed-a4e7-19682564404b_s.png
Maxima,"Plaukų dažai L'OREAL EXCELLENCE CREME, Nr. 600, 1 vnt.",6.59,https://cdn.barbora.lt/products/3c5e58a7-07b9-44ac-a66f-5bbda82b966e_s.png
Maxima,"Stalo žaidimas HASBRO GAMING JENGA, 1 vnt.",17.49,https://cdn.barbora.lt/products/8e2068c8-274b-4fa1-b369-7f12080e543a_s.png
Maxima,"Veido serumas L'OREAL REVITALIFT LASER, 30 ml",13.99,https://cdn.barbora.lt/products/daf97202-f333-4272-a247-c319d214fe31_s.png
Maxima,"Dezodor. FA Men Attraction Force, 150 ml",4.49,https://cdn.barbora.lt/products/d93a7fbe-5163-4ef5-b581-acf4a8991890_s.png
Maxima,Higieniniai įklotai PANTY HERBS TILIA 60 vnt.,2.19,https://cdn.barbora.lt/products/e4d4a1f7-aef9-45fc-8857-bba00683a6f5_s.png
Maxima,"Naktinis veido kremas L'OREAL, 50 ml",13.59,https://cdn.barbora.lt/products/de27129f-055b-4170-9087-3d0a231f7928_s.png
Maxima,"Vaikiškas kremas HIPP BABY nuo iššutimų, 100 ml",4.39,https://cdn.barbora.lt/products/ee91a3d1-ea20-4eae-af27-60abb02a753f_s.png
Maxima,"Automobilių oro gaiviklis AMBI PUR FLOWERS & SPRING, 1 vnt.",5.99,https://cdn.barbora.lt/products/c51b7485-ea8d-45ab-9073-0f80deb1d6b2_s.png
Maxima,"Pieštukinis dezodorantas NATURA AMICA, 60 g",4.29,https://cdn.barbora.lt/products/3b331dfb-cdf4-43aa-8267-ea3002ed2ced_s.png
Maxima,"Plaukų balzamas JOHN FRIEDA VOLUME, 250 ml",9.99,https://cdn.barbora.lt/products/fe22e618-3a3d-4eb0-a997-ca23f5420b07_s.png
Maxima,"Vyriškas skustuvas GILLETTE PROG FLEX, 1 galv., 1 vnt.",21.99,https://cdn.barbora.lt/products/6443b51c-975c-422e-bc26-db0ee2759a05_s.png
Maxima,"Vaikiškos drėgnosios servetelės CLEANIC JUNIOR, 15 vnt., 15 vnt.",0.99,https://cdn.barbora.lt/products/c431c9bc-7546-414b-afdc-b6f1e5808d3f_s.png
Maxima,"Veido ir kūno prausiklis SEBAMED SENSITIVE SKIN, 200 ml",9.79,https://cdn.barbora.lt/products/1e891adf-0899-40ae-95a9-11bb5070ab44_s.png
Maxima,"Kūdikių vonios putos SEBAMED, 500 ml",14.65,https://cdn.barbora.lt/products/47dde609-9847-4d65-a830-d92f05ec7acd_s.png
Maxima,"Vyriškos kojinės SKINIJA, 39-42 dydis, 1 vnt.",3.29,https://cdn.barbora.lt/products/af3b78a0-3b9c-4c95-a5cd-b93a5fcba569_s.png
Maxima,"Vaikiškas dantų šepetėlis HUMBLE BRUSH, 1 vnt.",4.09,https://cdn.barbora.lt/products/5d626433-dbdb-42a0-9e7a-5f7ab8fa2c74_s.png
Maxima,Stalo žaidimas TACTIC ALIAS PARTY,13.99,https://cdn.barbora.lt/products/3b522fff-eec1-4e15-aeec-26120ddda67a_s.png
Maxima,"Plaukų želė VENITA SALON MEGASTRONG, 150 g",1.09,https://cdn.barbora.lt/products/5450bbf0-ebdf-40e0-bd1a-4e493d6e137c_s.png
Maxima,"Burnos skalavimo skystis ELMEX vaikams, 400 ml",8.99,https://cdn.barbora.lt/products/71f469de-a2db-4e89-93c1-1ea7d0763fda_s.png
Maxima,"Skystas akių apvadas MAYBELLINE MASTER INK, 1 vnt.",10.99,https://cdn.barbora.lt/products/c3126588-e93c-46f8-a29c-2956f4b714d3_s.png
Maxima,"Kūno šveitiklis GEOMAR INTENSIVE EXFOLIATION, 600 g",10.99,https://cdn.barbora.lt/products/5ce2f72f-9fbb-4646-ad4e-f9a932bcea4a_s.png
Maxima,"Puodas BOLLIRE RAVA, 18 cm, 1 vnt.",18.99,https://cdn.barbora.lt/products/3ddc1ac4-d272-48d7-8fbb-ed7eaae06339_s.png
Maxima,"Keptuvė UNIWELL EDAY, 26 cm, 1 vnt.",11.49,https://cdn.barbora.lt/products/0e5a8dc0-d8a4-4d91-a7f3-ced93f048ffe_s.png
Maxima,"Dantų pasta ELMEX OPTI-NAMEL PROFESSIONAL, 75 ml",9.49,https://cdn.barbora.lt/products/ff49e69d-573d-45cd-8703-a41324414a16_s.png
Maxima,"Higieniniai įklotai ALWAYS Normal, Fresh Scent, 30 vnt.",2.85,https://cdn.barbora.lt/products/67c29991-d234-4c9c-8bc7-a211f128c558_s.png
Maxima,"Kūno šveitiklis ORGANIC SHOP ORANGE & SUGAR, 250 ml",4.39,https://cdn.barbora.lt/products/11a460df-6512-445b-941b-22a6365b914f_s.png
Maxima,"Kūno šveitiklis ORGANIC SHOP PAPAYA & SUGAR, 250 ml",4.39,https://cdn.barbora.lt/products/a48b978a-ada6-4efe-8ffe-087e00e1d744_s.png
Maxima,"Skustukas FISKARS ESSENTIAL, 6 cm, 1 vnt.",6.99,https://cdn.barbora.lt/products/202155e9-bb24-4879-8f8b-c591b95640ee_s.png
Maxima,"NIVEA gaivinantis micelinis vanduo su aminorūgštimi ir vitaminu E normaliai odai, 400 ml",8.79,https://cdn.barbora.lt/products/d42daeb3-26ab-4dd2-bf53-0dbeef8bb705_s.png
Maxima,Automobilinis laikiklis HAVIT 014,10.99,https://cdn.barbora.lt/products/2dd93ffe-e2c0-47ac-8172-bd18524c3bda_s.png
Maxima,"Vyriški vienkartiniai skustuvai BIC FLEX3 COMFORT, 3 vnt.",4.59,https://cdn.barbora.lt/products/37532809-fab2-435d-a37f-232401e3a136_s.png
Maxima,"L'OREAL MAGIC RETOUCH ataugusių plaukų šaknų purškiklis, BROWN, 75 ml",8.99,https://cdn.barbora.lt/products/528e3a69-a439-41e4-a403-8c881909e372_s.png
Maxima,"Lūpų kontūro pieštukas MAYBELLINE, 1 vnt.",8.29,https://cdn.barbora.lt/products/63881d2f-b423-4787-97d8-099f02aa91c1_s.png
Maxima,"Rankų kremas NEUTROGENA NORWEGIAN FORMULA, 75 ml",5.99,https://cdn.barbora.lt/products/651ffe6e-4799-4d54-b3d5-3dce15dc289c_s.png
Maxima,"NIVEA Q10 ANTI-WRINKLE ENERGY SKAISTUMĄ ATKURIANTIS NAKTINIS KREMAS, 40 ml",16.99,https://cdn.barbora.lt/products/f63e3349-291d-4f1a-b01c-db6156fa240c_s.png
Maxima,"Vaikiškas veido kremas WELEDA su medetkomis, 50 ml",8.99,https://cdn.barbora.lt/products/27623e30-ab46-443c-9479-1225e90b003f_s.png
Maxima,"Purškiamasis dezodorantas WELEDA su citrusiniais vaisiais, 100 ml",14.49,https://cdn.barbora.lt/products/3290a1c9-31d9-46d1-adf0-d81889072412_s.png
Maxima,"NIVEA naktinis atkuriantis kremas visų tipų odai +55, 50 ml",11.19,https://cdn.barbora.lt/products/38a4de63-9bed-4d7d-af71-d20e08eae2dd_s.png
Maxima,"Šaukštas UNIWELL HELLEBORE, 1 vnt.",2.49,https://cdn.barbora.lt/products/c55896ca-3b81-40e6-89dd-c720fe7951e4_s.png
Maxima,"Žaislinis automobilis FORD 1:28, 1 vnt.",4.19,https://cdn.barbora.lt/products/0bdc6abe-e505-4091-9798-7d70a34515a4_s.png
Maxima,"Drėkinamasis veido gelis NEUTROGENA HYDRO BOOST, 50 ml",19.99,https://cdn.barbora.lt/products/423961be-1469-42c0-a4d4-c8b85fc34d0e_s.png
Maxima,"Akių kontūro pieštukas MAYBELLINEMASTER PRECISE, 1 vnt.",11.59,https://cdn.barbora.lt/products/014a5744-74d6-45b4-9f7c-d112a9895213_s.png
Maxima,"Vyriškas probleminės veido odos kremas VĖJAS, 50 ml",4.65,https://cdn.barbora.lt/products/4f3e5c3b-1e08-491b-886b-d39f8edf2281_s.png
Maxima,"Automobilių oro gaiviklis AREON VYTIS, 1 vnt.",1.49,https://cdn.barbora.lt/products/fc8faeaa-1f5f-4670-bceb-af8853cf7b93_s.png
Maxima,"Prikaistuvis, 1,4 l, 1 vnt.",6.99,https://cdn.barbora.lt/products/104c9375-4640-496d-aa5b-6a65855ccf46_s.png
Maxima,"Veido kremas BIODERMA, 40 ml",21.99,https://cdn.barbora.lt/products/ea677668-a1fd-44d7-bb4d-009d555c1bb4_s.png
Maxima,Aušinimo skystis G12 ROTZ –35°C 1kg,2.99,https://cdn.barbora.lt/products/7fe347fa-cad6-4400-aaef-abca5aeb8716_s.png
Maxima,12 keksiukų forma GUARDINI,15.49,https://cdn.barbora.lt/products/106f6416-6578-431f-ab19-94c5dc78fdfa_s.png
Maxima,"Dėlionė TREFL VILNIUS, 1000 detalių, 1 vnt.",5.39,https://cdn.barbora.lt/products/525e8e9a-db05-475b-a76e-2c36443f09e1_s.png
Maxima,"Akių kontūro plunksnelė MAYBELLINE TATTOO LINER 911, 1 vnt.",8.99,https://cdn.barbora.lt/products/641ce1b3-6e8b-48ca-8900-e39cb8af7d35_s.png
Maxima,"NIVEA CELLULAR  „EXPERT LIFT” dieninis kremas, 50 ml",20.45,https://cdn.barbora.lt/products/902048cd-980f-4915-8397-89449239535b_s.png
Maxima,"Automobilio stiklo valytuvas BOSCH AEROECO be rėmo, 40 cm, 1 vnt.",9.99,https://cdn.barbora.lt/products/89be041f-3c3e-4da8-9a4c-b8696d938bc9_s.png
Maxima,"Vaikiškas kūno aliejus JOHNSON'S BABY COTTON TOUCH, 200 ml",5.29,https://cdn.barbora.lt/products/196e5683-bf82-4845-ac49-89d92c45b248_s.png
Maxima,„Hot Wheels“ teminiai automodeliukai,2.09,https://cdn.barbora.lt/products/2db9d769-4d5f-4f50-9fae-1fa3a93c0354_s.png
Maxima,"Dušo gelis OLD SPICE Captain, 400ml",3.45,https://cdn.barbora.lt/products/28de2c95-ed0e-4482-9ff0-e4704fa272ac_s.png
Maxima,"Valomosios veido putos WELEDA, 150 ml",15.99,https://cdn.barbora.lt/products/9e988ea8-2e53-4cb4-ba93-165e5861e7ff_s.png
Maxima,"Lūpų balzamas SEBAMED SENSITIVE SKIN SPF 30, 4,8 g",4.39,https://cdn.barbora.lt/products/c94baaa1-3e4f-4915-8f40-4b836044669f_s.png
Maxima,"Jaunas žaliasis duonvaisius sūryme NATURE'S CHARM, 565 g",2.49,https://cdn.barbora.lt/products/685825c5-ff26-4d44-854c-9d24255390ab_s.png
Maxima,"Puodas su dangčiu 20 cm, DAILY COOK",37.99,https://cdn.barbora.lt/products/5f3d03e1-4135-4a87-a5b8-14d4d330754c_s.png
Maxima,"Mot. tualetinis vanduo LA RIVE QUEEN OF LIFE, 75 ml",7.69,https://cdn.barbora.lt/products/733e7212-c4cf-4c75-b58e-fdb7812375a8_s.png
Maxima,"Namų kvapas su lazdelėmis ELZĖ, 1 vnt.",8.99,https://cdn.barbora.lt/products/b847588f-afb4-4605-89aa-5052a235ab8a_s.png
Maxima,"Dažytų plaukų šampūnas SUPER SIBERICA, 400 ml",9.09,https://cdn.barbora.lt/products/2c00f308-7e4c-4595-8200-20d102709cd4_s.png
Maxima,"Stangrinamoji veido kaukė FILORGA TIME-FILLER MASK, 20 ml",9.99,https://cdn.barbora.lt/products/684ab88b-1276-4a1f-aba8-56a201b477b1_s.png
Maxima,"Filtravimo ąsotis AQUAPHOR ONYX, 2,4 l, 1 vnt.",24.99,https://cdn.barbora.lt/products/787680ba-796c-4324-abd5-a10741bf2b56_s.png
Maxima,"Veido gelis GARNIER, 200 ml",3.89,https://cdn.barbora.lt/products/6d8b9195-62a8-4693-b34b-d38db5a8be83_s.png
Maxima,"Bambukinis dantų šepetėlis HUMBLE B.su aktyvintomis anglimis, 1 vnt.",4.19,https://cdn.barbora.lt/products/373ff6c3-f7cc-42aa-a062-a527428a4efe_s.png
Maxima,"Kūdikių kūno prausiklis BAMBO NATURE EKO, 150 ml",7.99,https://cdn.barbora.lt/products/c513a091-45db-40f3-8341-71ccfadda2f1_s.png
Maxima,"Kūdikių kūno raminamasis kremas BAMBO NATURE EKO, 100 ml",9.59,https://cdn.barbora.lt/products/4da30443-df4c-4f92-b3fc-f7dda975bd95_s.png
Maxima,"Kūno šveitiklis BEAUTY JAR SUGAR LADY, 180 g",4.59,https://cdn.barbora.lt/products/efb3cf44-df1b-42d0-88bd-960a4fb120dd_s.png
Maxima,"Vyriškas purškiamasis dezodorantas L'OREAL MEN , 150 ml",5.49,https://cdn.barbora.lt/products/0ad2e316-7c4a-476d-b5aa-62c616bd7184_s.png
Maxima,"Dubenėlis su dangteliu LUMINARC, 14 cm, 1 vnt.",4.49,https://cdn.barbora.lt/products/0926c2de-37e7-405c-80f6-3a7de54ddae8_s.png
Maxima,"Dubenėlis su dangteliu LUMINARC, 23 cm, 1 vnt.",8.49,https://cdn.barbora.lt/products/e6434426-6dde-4125-8f5d-62f825491d9e_s.png
Maxima,"Moteriškas kreminis antiperspirantas SECRET Natural, 40ml",4.29,https://cdn.barbora.lt/products/bd7290ea-b640-4a2b-8cc0-ce053e0a24af_s.png
Maxima,"Veido kaukė FASCY NATURAL FORMULA ELASTICITY, 23 g",1.99,https://cdn.barbora.lt/products/2ee80a5c-4e0d-416d-b040-0f1da7c5d65b_s.png
Maxima,MARGARITA Drėkinamasis kūno kremas-šerbetas su agurkų ir ramunėlių ekstraktais 250ml,5.49,https://cdn.barbora.lt/products/d0aa759a-9313-43e0-a922-034d6dcc8c39_s.png
Maxima,"Plaukų putos NIVEA, 150 ml",7.19,https://cdn.barbora.lt/products/e85f83fc-d971-42e0-b94a-4f529be8b8df_s.png
Maxima,"Micelinis vanduo L'OREAL, 200 ml",5.19,https://cdn.barbora.lt/products/6270eac6-19fb-4852-bc57-700d9dc50f53_s.png
Maxima,"Oro gaiviklis LITTLE JOE MINI, vanilės kvapo, 1 vnt.",3.99,https://cdn.barbora.lt/products/16d567da-19d0-4f4f-b8f5-755fff4f5814_s.png
Maxima,"Automobilių oro gaiviklis LITTLE JOE MINI NEW CAR, 1 vnt.",3.99,https://cdn.barbora.lt/products/32cc044e-26fb-4294-844d-c3391b32b8db_s.png
Maxima,"Oro gaiviklis LITTLE JOE MINI, braškių kvapo, 1 vnt.",3.99,https://cdn.barbora.lt/products/c023e740-bc11-4141-b9d0-7224fd057a36_s.png
Maxima,"Oro gaiviklis LITTLE JOE MINI, vyšnių kvapo, 1 vnt.",3.99,https://cdn.barbora.lt/products/f7c22eda-daf8-4b5f-be5f-e9c3ec9b0050_s.png
Maxima,"Automobilių oro gaiviklis LITTLE JOE MINI BLACK, 1 vnt.",3.99,https://cdn.barbora.lt/products/cbc143e8-692d-4fcf-b48a-b8d93aba28eb_s.png
Maxima,"Namų kvapas su lazdelėmis CANDLE FAMILY RUGIŲ BOBA, 1 vnt.",8.99,https://cdn.barbora.lt/products/a3969c8c-7d13-40a9-bdfd-e13693b8973a_s.png
Maxima,"Vyriška skutimosi želė NIVEA MEN FRESH KICK, 200 ml",6.69,https://cdn.barbora.lt/products/ba3d932d-fe53-4501-83e9-0e39b4340913_s.png
Maxima,"Plaukų purškiklis TAFT Heat Protection, 250 ml",4.85,https://cdn.barbora.lt/products/074af9d6-77f5-480b-bc64-45f09b9bc44e_s.png
Maxima,"Puodas su dangčiu GRANDFEU BLUE, 4,7 l",73.99,https://cdn.barbora.lt/products/a809cbd2-ebc7-40da-9913-8de2bf85086e_s.png
Maxima,"Lėlė BARBIE, 1 vnt.",10.79,https://cdn.barbora.lt/products/e9fb440f-52e7-4d4b-9c68-64f56ce62fad_s.png
Maxima,"Pliušinis žaislas PAW PATROL, 1 vnt.",10.79,https://cdn.barbora.lt/products/2f0aeee0-1cb0-4639-8eba-1fbfa9258a41_s.png
Maxima,"Žaislinis transporteris-greitkelis HOT WHEELS, 1 vnt.",34.19,https://cdn.barbora.lt/products/df2bc167-3b42-415b-be75-ae1e28045aa9_s.png
Maxima,"Automodeliukai su judančiomis detalėmis MATCHBOX, 1 vnt.",4.55,https://cdn.barbora.lt/products/1ffdc145-749c-462b-9055-d694c1c92806_s.png
Maxima,"Automobilių oro gaiviklis LITTLE JOE MINI OCEAN SPLASH, 1 vnt.",3.99,https://cdn.barbora.lt/products/1f2db105-dc2f-4bcb-b1fc-b78fc2c40748_s.png
Maxima,Dubenėlis AURORA PEARL CLASSIC DARK 15cm,4.99,https://cdn.barbora.lt/products/e8a70556-32ec-48c7-ab8f-bacd979301b6_s.png
Maxima,"Kūno prausiklis WELEDA AROMA SHOWER RELAX, 200 ml",10.79,https://cdn.barbora.lt/products/c5648a54-5674-4c54-9421-68b48076df16_s.png
Maxima,"Moteriškas tualetinis vanduo C-THRU LUMINOUS EMERALD, 50 ml",13.99,https://cdn.barbora.lt/products/91e06f62-e263-4774-b018-1e5dedfd002d_s.png
Maxima,"Kūno šveitiklis GEOMAR DRENANTE, 600 g",10.99,https://cdn.barbora.lt/products/ae03f8c5-00e7-483e-a0d2-83f3ba851dca_s.png
Maxima,"Skutimosi peiliukai King C GILLETTE, 10vnt",5.79,https://cdn.barbora.lt/products/02733d07-a2f4-43ac-a44d-81f3228e84b3_s.png
Maxima,"Barzdos balzamas King C GILLETTE, 100ml",11.69,https://cdn.barbora.lt/products/296e8dfa-49fc-4b01-946e-124c4730e516_s.png
Maxima,"Šveičiamoji pėdų kaukė PARASOFTIN, 1 vnt.",7.99,https://cdn.barbora.lt/products/9a78b412-d927-4165-8855-476da4b6511e_s.png
Maxima,"Vyriško skustuvo galvutės BIC FLEX3HYBRID SENSITIVE, 4 vnt., 4 vnt.",7.49,https://cdn.barbora.lt/products/1ced1377-23f5-41c2-a1a0-f5b8973c0ebe_s.png
Maxima,MARGARITA MOIST & MINERALS drėkinamasis veido tonikas su mineraliniu vandeniu „Birutė“ 200 ml,6.99,https://cdn.barbora.lt/products/2359078f-df55-4e39-812e-9711c5498e1d_s.png
Maxima,"Dantų pasta BIOREPAIR GUM PROTECTION, 75 ml	",7.29,https://cdn.barbora.lt/products/30bc511c-f1c9-4dad-b61f-f30d337dc2a2_s.png
Maxima,"Filtruojanti gertuvė AQUAPHOR City, 0,5 l, 1 vnt",11.99,https://cdn.barbora.lt/products/a956c857-d26a-47a7-b352-8d6d9aaa1236_s.png
Maxima,"Plaukų šampūnas GREEN FEEL'S, 250 ml",5.99,https://cdn.barbora.lt/products/ed50e38a-a64d-432a-a796-74193efafccd_s.png
Maxima,"Plaukų kaukė GREEN FEEL'S, 200 ml",7.99,https://cdn.barbora.lt/products/b7f3751a-fd2a-4d8c-9a81-f311e7993bb0_s.png
Maxima,"Skutimosi gelis GILLETTE Skinguard Ultra Sensitive, 200ml",6.69,https://cdn.barbora.lt/products/a0fcdc75-eefa-43f5-ba19-88e908c49853_s.png
Maxima,"Vyriškos kojinės SKINIJA, 39-42 dydis, 1 vnt.",2.69,https://cdn.barbora.lt/products/e477284d-c215-4fec-8eab-96ee1789b5cc_s.png
Maxima,"Moteriškas purškiamasis dezodorantas GARNIER INVIS, 150 ml",5.49,https://cdn.barbora.lt/products/a3da4a3d-bf57-4db9-a157-abb27c5d7ad8_s.png
Maxima,"Dažomasis plaukų kremas PALETTE DELUXE, Nr. 11-11, 1 vnt.",7.79,https://cdn.barbora.lt/products/830264f6-c7ed-450a-8250-d65f6b917122_s.png
Maxima,"Dantų pasta JORDAN LIQURICE MINT, 50 ml",3.49,https://cdn.barbora.lt/products/bc5d6552-4e82-4b07-b095-3bcb4499988c_s.png
Maxima,"Vyriškas tualetinis vanduo HOMME COLLECTION MAGICAL MAN, 100 ml",4.99,https://cdn.barbora.lt/products/8a7a4a66-0d10-49ca-9e10-44ecd7ff0919_s.png
Maxima," Kelioninis puodelis UNIWELL, 380 ml",9.99,https://cdn.barbora.lt/products/1620a1e2-33f1-4f46-818e-58e8a9a28b1f_s.png
Maxima,"Kiniška (WOK) keptuvė, 28 cm",26.99,https://cdn.barbora.lt/products/c2319b87-e81d-415a-862a-7a35bdf0d208_s.png
Maxima,"Drėkinamasis kūno kremas NIVEA FAMILY CARE ALL PURPOSE, 450 ml",9.99,https://cdn.barbora.lt/products/5554a5f1-ef01-47a7-b0a7-f2dff4ec7e4d_s.png
Maxima,"Lėlė FOXTER, 1 vnt.",5.39,https://cdn.barbora.lt/products/e5a45809-825d-466d-afb8-c4002b116ad7_s.png
Maxima,"Vaikiškas dantų šepetėlis HUMBLE BRUSH MIX ULTRA SOFT, 1 vnt.",2.39,https://cdn.barbora.lt/products/ab753397-bf06-402e-b83f-f9bfd081d387_s.png
Maxima,"Vyriškas pieštukinis dezodorantas REXONA QUANTUM DRY, 50 ml",4.29,https://cdn.barbora.lt/products/eb7ebbf9-86c9-4e3d-a2ff-4e3db622d735_s.png
Maxima,"Mažylių kortelės HEADU MONTESSORI, 1 vnt.",8.99,https://cdn.barbora.lt/products/cb5d90db-f56f-4580-ba35-7d5431111dea_s.png
Maxima,"Bananų žiedai sūryme NATURE'S CHARM, 510 g",2.29,https://cdn.barbora.lt/products/2532119a-0080-4a33-b5e7-0ebed1df7705_s.png
Maxima,"Plaukų kaukė GARNIER FRUCTIS HAIR , 400 ml",7.01,https://cdn.barbora.lt/products/d7894acf-5601-441d-abe2-1c770442d703_s.png
Maxima,"Blakstienų tušas MAYBELLINE FALSIES SURREAL, juodas, 7 ml",14.99,https://cdn.barbora.lt/products/87fe427e-835e-4b90-b539-c85952339483_s.png
Maxima,"Veido kaukė GARNIER , 27 g",1.95,https://cdn.barbora.lt/products/f29a67c7-64a5-475d-9f8e-d7af0b09336c_s.png
Maxima,"Paakių kaukė GARNIER, 5 g",1.79,https://cdn.barbora.lt/products/4b552892-e5f0-4db7-848c-1c76c8bd8fd2_s.png
Maxima,"Akių apvadas MAYBELLINE TATTO INK PERNK, juodas, 1 vnt.",11.59,https://cdn.barbora.lt/products/3253be4e-3010-4eb8-9f0a-37a82e9e8e04_s.png
Maxima,"Vyriško skustuvo galvutės BIC HYBRID FLEX3, 4 galvutės, 4 vnt.",6.99,https://cdn.barbora.lt/products/e5aed7b3-740f-4bed-862c-e85594c82c70_s.png
Maxima,Birių produktų indas UNIWELL HANDIG 1 L,5.99,https://cdn.barbora.lt/products/11ee4352-9ce8-4a25-8465-3b4e46cb2a5d_s.png
Maxima,"Birių produktų indas UNIWELL HANDIG 1,35 L",6.99,https://cdn.barbora.lt/products/07e4655d-9276-455c-8cb5-f61f0f22e693_s.png
Maxima,"Vyriškas purškiamasis dezodorantas ADIDAS PRO INVISIBLE, 150 ml",4.89,https://cdn.barbora.lt/products/a535067d-9359-4a16-a3bb-37f46269d1a6_s.png
Maxima,"Vyriškas rutulinis dezodorantas ADIDAS FRESH ENDURANCE, 50 ml",4.89,https://cdn.barbora.lt/products/74899f20-9f70-47b4-932e-34f295207732_s.png
Maxima,ARAS VEIDO KREMAS VISŲ TIPŲ ODAI SU HIALURONU 50 ML,8.99,https://cdn.barbora.lt/products/b1f5b932-38ed-4a96-81b1-6b40d7506f37_s.png
Maxima,"Dantų pasta COLGATE MAX WHITE ULTRA FRESHNESS PEARLS, 50 ml",9.99,https://cdn.barbora.lt/products/9da361d7-ab40-4f18-b7f9-cb7e27a25c1c_s.png
Maxima,"Lėlė DISNEY FROZEN LEDO KARALIENĖ, 1 vnt.",11.99,https://cdn.barbora.lt/products/3936d331-586d-4a81-8d84-143d4ae29806_s.png
Maxima,"Žaidimo kortos UNO DOS, atnaujintos, 1 vnt.",5.49,https://cdn.barbora.lt/products/a4779528-f0b0-434d-a0c6-4e7bee9f1c04_s.png
Maxima,"Moteriškas purškiamasis dezodorantas REXONA SEXY BOUQUET, 200 ml",5.99,https://cdn.barbora.lt/products/db8f4a54-35cc-48b4-85fb-2b9425a35578_s.png
Maxima,Puodelis su lėkštute AURORA PEARL GREEN 220 ml,6.99,https://cdn.barbora.lt/products/7fd25937-9246-4d35-bc76-200bafe998c2_s.png
Maxima,Puodelis AURORA Meadow white 470ml,2.99,https://cdn.barbora.lt/products/9ed18a94-1866-4fab-adef-8cfac6a60bc2_s.png
Maxima,Dubenėlis ILAJA Hazel Grey 15 cm,3.99,https://cdn.barbora.lt/products/98780ae1-f92f-4a69-97e7-42c00f2ee8ab_s.png
Maxima,Kokteilių taurės Sante Gin Tonic 560 ml 4vnt,14.99,https://cdn.barbora.lt/products/07a2a864-acf1-47c0-87fc-2699711c63a6_s.png
Maxima,"Sojų vaško žvakė CANDLE FAMILY NICHE, 1 vnt.",4.49,https://cdn.barbora.lt/products/a2d878cf-ac9f-436e-a536-f75c353f8a5c_s.png
Maxima,"Vytintos dešrelės PRIE ALUČIO PIRI PIRI, a. r., 170 g",3.69,https://cdn.barbora.lt/products/5002f360-1a75-439b-abd2-e54f2bf6a5c8_s.png
Maxima,"Vyriška dušo želė FA MEN XTRA COOL, 400 ml",4.99,https://cdn.barbora.lt/products/20a5e754-312b-40e3-83ce-9281cabdd4b1_s.png
Maxima,"Dantų šepetėlis SENSODYNE NOURISH HEALTHY CLEAN SOFT, 1 vnt.",5.79,https://cdn.barbora.lt/products/1ba5adc8-2cf0-46fb-93bb-39f663d976b4_s.png
Maxima,"RASA HYDRO INTENSE Drėkinamasis veido kremas normaliai, mišriai odai 50 ml",14.99,https://cdn.barbora.lt/products/94ea6fbd-8718-4c97-9b37-876d66129cde_s.png
Maxima,RASA CLEAN EFFECT Micelinis vanduo 250 ml,7.45,https://cdn.barbora.lt/products/19503767-c4f0-4c38-8740-ad0ed1bbf782_s.png
Maxima,"NIVEA valantis micelinis vanduo su aminorūgštimi ir vandenyno dumbliais mišriai odai, 400 ml",8.29,https://cdn.barbora.lt/products/6cad1d42-70df-4018-b555-79c8d42af1ee_s.png
Maxima,"Skirtingų rūšių rankų kremas DIVUS 100ml, 100 ml",1.49,https://cdn.barbora.lt/products/2e3f57ca-638a-49bd-88c7-2821f12354cc_s.png
Maxima,"Skustuvo galvutės GILLETTE MACH3 Charcoal, 5vnt.",17.49,https://cdn.barbora.lt/products/01b7a953-bdcf-4061-8447-3df3dda03005_s.png
Maxima,Dovanų rinkinys IŠPILDYTOS SVAJONĖS,7.99,https://cdn.barbora.lt/products/2417c46b-0b33-4cde-aedb-457585e0324f_s.png
Maxima,"Blizgios panelės servetėlės TURTLE WAX, 1 vnt.",4.99,https://cdn.barbora.lt/products/d0330653-9835-40fd-8c97-47c17d8b6550_s.png
Maxima,"ETNO žolelių arbata JAUKIEMS ŽIEMOS VAKARAMS su medumi, 222.5 g",7.99,https://cdn.barbora.lt/products/0f9ab012-5ae2-44ff-a7eb-07a057e541f6_s.png
Maxima,"Vakarėlio kortos UNO, 1 vnt.",11.99,https://cdn.barbora.lt/products/4fb916cf-8851-457d-becc-7ce47691ec39_s.png
Maxima,"Paakių serumas Q+A CAFFEINE,15ml",8.99,https://cdn.barbora.lt/products/b3bb9547-2aa6-44e5-9bda-329879a56fbb_s.png
Maxima,RASA HAIR REPAIR SYSTEM Atkuriamasis plaukų šampūnas 500 ml,8.99,https://cdn.barbora.lt/products/35d4e84b-d152-494f-b211-f9a9054f94bb_s.png
Maxima,Moteriškas sisteminis skustuvas GILLETTE VENUS SATIN CARE,13.99,https://cdn.barbora.lt/products/d291781c-6f34-4e09-a518-fe0dd4f02dfa_s.png
Maxima,"NIVEA Pearl & Beauty pieštukinis antiperspirantas moterims, 50 ml",5.39,https://cdn.barbora.lt/products/819c3246-b9e7-4aed-bc50-5e175a9a6428_s.png
Maxima,4M Magiškas vienaragių kristalų terariumas,16.79,https://cdn.barbora.lt/products/a676584b-35d4-4e22-b2c6-33123517561e_s.png
Maxima,"Lazdelės su šokolado skonio glaistu POCKY, 47 g",1.49,https://cdn.barbora.lt/products/33efade5-7523-40e6-a0d2-7ce8856179f3_s.png
Maxima,"Plaukų kaukė GLISS 4IN1 MOISTURE, 400 ml",4.74,https://cdn.barbora.lt/products/2cb7762a-2db9-440b-99a4-7f96f2959bc3_s.png
Maxima,Lėkštė AURORA Crest Brown 28 cm,9.99,https://cdn.barbora.lt/products/6ae1853b-3bfb-44d2-8958-2597e3054221_s.png
Maxima,Dubuo AURORA Crest Brown 20 cm,6.49,https://cdn.barbora.lt/products/36a06cf7-4ad4-42ba-bea4-6bb183783495_s.png
Maxima,"Plaukų kaukė MAUI su taukmedžio sviestu, 400ml",13.99,https://cdn.barbora.lt/products/877a03d1-c67b-4a90-ab88-e1cab177e977_s.png
Maxima,KILIG PROBIOTICS veido prausimosi putos mišriai ir riebiai odai 150 ml,7.99,https://cdn.barbora.lt/products/4edc7f3a-e399-4545-a596-99d4673f7cc5_s.png
Maxima,"Barzdos ir veido drėkiklis King C GILLETTE, 100ml",11.99,https://cdn.barbora.lt/products/7174ea21-f045-4a0d-a16c-b1a468f6d825_s.png
Maxima,Ceramide Protect kūno kremas stiprinantis odos apsauginį barjerą 400ml,8.39,https://cdn.barbora.lt/products/6277b50c-14e7-4afe-b88b-4113085d36b3_s.png
Maxima,"Kūno kremas MIXA UREA CICA REPAIR, 400 ml",9.69,https://cdn.barbora.lt/products/10e721c1-65cc-4e95-bcf9-43920c7b4df8_s.png
Maxima,"Pleistrai PUREDERM TROUBLE CLEAR SPO, 22 vnt., 1 vnt.",4.99,https://cdn.barbora.lt/products/a6bd7f9c-aa41-4f39-98d3-4cb6bff9ff02_s.png
Maxima,"Dušo želė DOVE FRESH CARE, 450 ml",7.59,https://cdn.barbora.lt/products/c49b4eb7-3c67-4f93-a752-6014ad555f20_s.png
Maxima,"Dušo želė DOVE FRUITY NOURISH, 450 ml",7.59,https://cdn.barbora.lt/products/290cbfe7-ae14-40bf-ad78-ac6b24463434_s.png
Maxima,"Dušo želė DOVE ADVANCED GENTLE SCRUB, 400 ml",7.69,https://cdn.barbora.lt/products/2c363628-ea79-43c3-a3b5-78979dbc7c72_s.png
Maxima,"Moteriškas purškiamasis dezodorantas REXONA ALOE VERA, 150 ml",4.99,https://cdn.barbora.lt/products/070a519c-e8f7-4470-9ae0-74c38b60057a_s.png
Maxima,"Moteriškas purškiamasis antiperspirantas REXONA INVISIBLE AQ, 150 ml",4.99,https://cdn.barbora.lt/products/bb01545a-7eca-478f-80b8-477485d6d437_s.png
Maxima,Šampano Taurės AURORA MOMENTS 210 ml 4 vnt.,19.99,https://cdn.barbora.lt/products/b4ff8bbf-1c14-4a28-8385-78b0d25834db_s.png
Maxima,"COSRX The Hyaluronic Acid 3 Serum serumas, 20 ml",21.99,https://cdn.barbora.lt/products/9fc3d01c-55d2-43de-98b5-954cf294f8ea_s.png
Maxima,ECODENTA balinamoji dantų pasta su gintaro ekstraktu 100 ml,5.85,https://cdn.barbora.lt/products/f62af229-1dd1-4fd1-9271-e5973299e671_s.png
Maxima,"Filtravimo ąsotis BRITA ALUNA, mėlynas, 2,4 l, 1 vnt.",23.99,https://cdn.barbora.lt/products/d486f1a2-f118-47ec-a033-fa9117f4c81f_s.png
Maxima,"Dantų pasta COLGATE TOTAL ANTI-TARTAR, 75 ml",4.49,https://cdn.barbora.lt/products/1714c142-b7d1-4a8d-87ad-dc6f6c8b8b7b_s.png
Maxima,"Kepimo forma ovali 30x21,5x7",10.99,https://cdn.barbora.lt/products/fd7a7af6-50cf-4761-b227-fc0976f46bb6_s.png
Maxima,"Blakstienų tušas MAYBELLINE BURGUNDY HAZE, 1 vnt.",13.99,https://cdn.barbora.lt/products/de332b65-7093-4f7f-9d06-475296df0ab9_s.png
Maxima,"Vyriškas gelinis dezodorantas MENNEN SPEED STICK AVALACHE, 85 g",8.59,https://cdn.barbora.lt/products/ca2b4a37-a03c-452c-9541-fc3c3193396f_s.png
Maxima,"NIVEA MEN HYALURON balzamas po skutimosi, 100 ml",11.99,https://cdn.barbora.lt/products/f566ef40-0a4e-4231-a4c6-2b700210aeb2_s.png
Maxima,"NIVEA Dry Comfort pieštukinis antiperspirantas moterims, 50 ml",5.39,https://cdn.barbora.lt/products/9971af1b-067e-4953-ba98-1d7a0ba0990c_s.png
Maxima,"Dušo želė DERMOMED SENSUALITY ARGAN, 750 ml",2.99,https://cdn.barbora.lt/products/3e14b9c8-fcca-4c2c-842e-781db2c56b30_s.png
Maxima,"Plaukų purškiamoji dulksna OGX su argano aliejumi, 118 ml",14.99,https://cdn.barbora.lt/products/b7cf7632-f7e4-4105-a9ee-eb1d7dcdda4b_s.png
Maxima,"JORDAN „Clinic Gum Protector“ burnos skalavimo skystis , 500 ml",7.29,https://cdn.barbora.lt/products/f7f6ea0c-713d-4153-a791-e8030c11d7fb_s.png
Maxima,Dubenėlis AURORA Stone White 15 cm,4.99,https://cdn.barbora.lt/products/aa6bf17c-8000-4855-8c0d-66fa1ec63043_s.png
Maxima,"Birių produktų indas UNIWELL KONSO 1,7 L",3.99,https://cdn.barbora.lt/products/fa0b9712-1070-4eff-92f0-20c745634aa7_s.png
Maxima,"Plaukų dažai GARNIER OLIA, Nr. 4.0, 1 vnt.",6.15,https://cdn.barbora.lt/products/1a5bd201-a156-47aa-a03f-d15eddb235b3_s.png
Maxima,"Plaukų dažai GARNIER OLIA, Nr. 9.0, 1 vnt.",6.15,https://cdn.barbora.lt/products/24480b00-fd30-4532-96f4-877756c19d71_s.png
Maxima,"Purškiamasis kvapas CANDLE FAMILY PRECIOUS, 1 vnt.",4.99,https://cdn.barbora.lt/products/bf277122-7749-4de9-8760-0d37fad1d264_s.png
Maxima,"Kūno kremas NIVEA, 400 ml",14.99,https://cdn.barbora.lt/products/5906a312-698b-434e-b164-081dae960be7_s.png
Maxima,"Plaukų kondicionierius AUSSIE SOS Strength&Length, 200 ml",10.99,https://cdn.barbora.lt/products/2dbc21dd-f1db-49f7-9101-5aaa8bcfae5d_s.png
Maxima,"Plaukų šampūnas AUSSIE SOS Strength&Length, 300 ml",10.99,https://cdn.barbora.lt/products/5b121bb7-891f-4ddf-af80-7c151121d9e3_s.png
Maxima,Skustuvas GILLETTE MACH3 Charcoal +6 galvutės,19.59,https://cdn.barbora.lt/products/c317e199-4b1d-455f-935f-f4ba034f3e5a_s.png
Maxima,"Beauty of Joseon Green Plum Refreshing Toner tonikas, 150 ml",21.99,https://cdn.barbora.lt/products/07249fa4-a92b-454f-8fb2-3c049cf24b23_s.png
Maxima,HAS BEY Kovos rinkinys „Beyblade X Xtreme“,38.99,https://cdn.barbora.lt/products/f84b9226-21b8-4de6-ab72-32887b82388a_s.png
Maxima,"MGA MINIVERSE Žaidimų rinkinys „Cafe""",8.39,https://cdn.barbora.lt/products/ad7026ca-158a-4a02-8d0c-780792ba6a94_s.png
Maxima,Žaidimas „Beždžionėlės akrobatės“ atnaujintas,22.49,https://cdn.barbora.lt/products/decb786e-5964-4a64-9af2-410fa7f55c68_s.png
Maxima,"Antakių formavimo peiliukai WILKINSON SWORD INTUITION, 3 vnt",6.09,https://cdn.barbora.lt/products/36dab130-d34e-4542-a3d0-d562c0f9e274_s.png
Maxima,Desertinės šakutės UNIWELL Brasio 3 vnt.,3.99,https://cdn.barbora.lt/products/4d077b7e-54e0-4d93-b342-f6a14f423722_s.png
Maxima,"Naktiniai paketai BELLA for Teens Sensitive Night, N16",1.95,https://cdn.barbora.lt/products/30590091-0be4-493e-ad9f-d488d6a8df8b_s.png
Maxima,Vyriškas prausiklis ARAS4IN1;250ml,3.49,https://cdn.barbora.lt/products/eb7d0b4d-cce1-4619-a1e5-29f78b96347f_s.png
Maxima,KILIG HAIR BOOST kondicionierius su ricinos aliejumi 200 ml,5.15,https://cdn.barbora.lt/products/b156339a-c16c-4f1e-8250-0f26f6ae3a1f_s.png
Maxima,"KILIG HAIR BOOST serumas su ricinos aliejumi, 100 ml",8.15,https://cdn.barbora.lt/products/82502445-e6e2-4c58-8909-7d2cc397ed98_s.png
Maxima,Kūno prausiklis B.FRESH VITAMIN SEA;473ml,7.49,https://cdn.barbora.lt/products/3a30f81a-eb77-48cc-8acb-e03c430b409d_s.png
Maxima,"Vaikiškas medvilninis rankšluostis BOCIOLAND, 20 x 23 cm, 50 vnt.",3.69,https://cdn.barbora.lt/products/969ccd46-ba6f-4716-aed0-597f56510ff7_s.png
Maxima,Stalo žaidimas KAKĖS MAKĖS 12 DĖLIONIŲ RINKINYS,9.59,https://cdn.barbora.lt/products/b28e69ab-52a3-4ff3-aca5-3dd0f52430da_s.png
Maxima,"Vabzdžių valiklis Shell, 500ml",4.99,https://cdn.barbora.lt/products/bf6a80d2-05ab-4fa7-a0fe-89c7d0ecabc3_s.png
Maxima,"Tekstilės valiklis Shell, 500ml",5.99,https://cdn.barbora.lt/products/cad397f9-0880-4f42-9ec7-1fdd16bdd9e0_s.png
Maxima,"Micelinis vanduo NIVEA, 100 ml",4.49,https://cdn.barbora.lt/products/3c50de8a-0c89-4fbc-8144-df9118849b58_s.png
Maxima,ELSEVE  balzamas 200ml,3.19,https://cdn.barbora.lt/products/44b57070-c304-4e77-b6f1-d0e88322e558_s.png
Maxima,ELSEVE  šampūnas 250ml,3.19,https://cdn.barbora.lt/products/9c47002a-b9c8-4213-931a-e7d3ae0c0614_s.png
Maxima,"ELSEVE Arganine Resist kaukė, 300ml",4.39,https://cdn.barbora.lt/products/ff0f56b2-aca7-4cfb-a12f-a7ad8017c4ff_s.png
Maxima,ELSEVE Color-Vive šampūnas 1L,10.79,https://cdn.barbora.lt/products/bcb58b79-5c5d-407e-9118-ca0dbedc91f4_s.png
Maxima,"Virtų ir marinuotų moliuskų užkandis, 200 g",4.99,https://cdn.barbora.lt/products/6227cbf1-9635-48f7-ae10-c59b406660da_s.png
Maxima,Vyriškas dušo gelis OLD SPICE EPIC LEGEND;400ml,3.45,https://cdn.barbora.lt/products/a736cbde-f265-4f06-9259-35c9fa0883cb_s.png
Maxima,"Moteriškas pieštukinis dezodorantas REXONA ALOE VERA, 50 ml",4.29,https://cdn.barbora.lt/products/5ca0abf5-5451-4e84-a916-82ceee3f85db_s.png
Maxima,"Purškiamas antiperspirantas OLD SPICE Power Start, 150ml",3.95,https://cdn.barbora.lt/products/eac5ff19-82e3-402b-aff7-99b8c75b00d8_s.png
Maxima,"Purškiamas antiperspirantas OLD SPICE Night Power, 150ml

",3.95,https://cdn.barbora.lt/products/2146bf6e-184a-49e0-88ce-1b97d36d4ecb_s.png
Maxima,"Naktinis veido kremas moterims, DIVUS, 50ml",2.99,https://cdn.barbora.lt/products/0857947e-bd1b-46bd-8e36-2358c18a0528_s.png
Maxima,MARGARITA KAKĖ MAKĖ 2IN1 Persikų kvapo plaukų ir kūno prausiklis 250ml,4.19,https://cdn.barbora.lt/products/7439e687-3a67-4c79-b34f-fdf9caa2fbab_s.png
Maxima,„Barbie Deluxe Fashionistas“ lėlė ,16.79,https://cdn.barbora.lt/products/2309b829-34d0-4b63-8502-91f76b6ed7e3_s.png
Maxima,"MONSTER JAM visureigis 1:64, vienguba pakuotė, skirtingi dizainai",6.59,https://cdn.barbora.lt/products/9ee3512a-43a0-473c-a41a-60a37ff339d1_s.png
Maxima,"Elektrinio dantų šepetėlio galvutės ORAL-B iO Gentle Care, White, 4 vnt.",32.89,https://cdn.barbora.lt/products/e8409385-7a88-4fd5-ba5f-b3236be3aec0_s.png
Maxima,"MARGARITA ANTI AGE stangrinamasis veido serumas, 30 ml",8.49,https://cdn.barbora.lt/products/e08ec9d8-6f72-4a1d-b8c9-13cbb855b70a_s.png
Maxima,"TESORI d'ORIENTE Karma kreminė dušo želė, 250 ml",4.49,https://cdn.barbora.lt/products/5be32848-6046-4ca3-b328-f54d85bf859a_s.png
Maxima,"TESORI d'ORIENTE Persian Dream kreminė dušo želė, 250 ml",4.49,https://cdn.barbora.lt/products/660c056f-42ab-4601-9293-65dc868e4c97_s.png
Maxima,"Vyriškas purškiamas dezodorantas REXONA INVISIBLE ON BLACK+WHITE, 200 ml",5.99,https://cdn.barbora.lt/products/d70c767f-db4c-424a-9a3c-2d814156e2db_s.png
Maxima,"Dušo gelis DOVE FRUITY NOURISH, 720 ml",9.99,https://cdn.barbora.lt/products/175b0682-17de-430f-84f8-7cc277cff807_s.png
Maxima,"Šampano taurės RONA Lord 340 ml, 6 vnt.",26.99,https://cdn.barbora.lt/products/a4dc5c0e-ce8b-4876-921e-449855a5509c_s.png
Maxima,"Maybelline New York Lifter Glaze, 002 Pink Drip",10.99,https://cdn.barbora.lt/products/56fb5032-bcd8-4b84-ab25-4a3a1b8ee22d_s.png
Maxima,GREEN FEEL'S stiprinantis kondicionierius su 7 žolelių ekstraktu 250ml,5.49,https://cdn.barbora.lt/products/93f59b52-f828-4d2c-838b-4141d6c580c7_s.png
Maxima,"L'OREAL PARIS, MEN EXPERT HYDRA ENERGETIC, dušo želė, 400 ml",6.99,https://cdn.barbora.lt/products/1db72708-d5ca-435a-a9a9-1aac7ac1068d_s.png
Maxima,"L'Oréal Paris Men Expert Magnesium Defense dušo želės, 400 ml",6.99,https://cdn.barbora.lt/products/84766288-f406-4244-a686-6e493e88c0bc_s.png
Maxima,"L'Oréal Paris Revitalift Laser tripeptidų serumas, 30 ml",14.55,https://cdn.barbora.lt/products/eb54c78e-dd44-4aba-8ec3-7e72f359b796_s.png
Maxima,"VG Sensational skystas kreminis muilas Wild Orchid, 350 ml",8.49,https://cdn.barbora.lt/products/0ce86d3c-2135-4d41-a99d-c00ff5e41fa8_s.png
Maxima,Šampūnas ir dušo želė vaikams Bubchen Squirtle 230 ml,4.49,https://cdn.barbora.lt/products/c1461abf-d69f-4335-b381-446a51114776_s.png
Maxima,"PAW PATROL žaidimų rinkinys Lookout Playset, 6060007",41.99,https://cdn.barbora.lt/products/5c8b5ef8-67c5-4361-b38a-8c805d3623e2_s.png
Maxima,NIVEA MEN rutulinis antiperspirantas Sensitive vyrams 50 ml,4.79,https://cdn.barbora.lt/products/4b970b8a-4795-4571-b894-6d638f0e0beb_s.png
Maxima,"TESORI d'ORIENTE Ikigai  kreminis kūno prausiklis, 500 ml",8.29,https://cdn.barbora.lt/products/041209f9-f6e5-49bf-ab32-f96f1e2ce354_s.png
Maxima,HAPPY Baby vonios putos 400ml,4.99,https://cdn.barbora.lt/products/ef6cfdf4-94a9-43a4-8be0-2c0e9755a1c0_s.png
Maxima,NIVEA ACTIVE CLEAN šampūnas plaukams vyrams 500 ml,7.99,https://cdn.barbora.lt/products/9224d8f6-ef1e-49cf-bad9-9993aaff7a56_s.png
Maxima,Oro futbolo vartų rinkinio žaidimas,13.49,https://cdn.barbora.lt/products/19469d2c-8a6d-4cac-942f-7ce5905d1c42_s.png
Maxima,"Dantų pasta ORAL-B 3D White Advanced, Luxe Perfection Fresh, 75 ml",5.19,https://cdn.barbora.lt/products/1fcd858d-e783-479f-8dc0-53394691f79b_s.png
Maxima,Patalynės komplektas 140x200/50x70cm lapai,15.99,https://cdn.barbora.lt/products/c8103b6e-752f-43be-98cd-eb1505af2851_s.png
Maxima,"Satininė paklodė su guma,140x200+30cm,t.pilka",24.99,https://cdn.barbora.lt/products/58fc0847-f503-4345-8349-ba22c1e4843d_s.png
Maxima,"Satininė paklodė su guma, 180x200+30cm,t.pilka",29.99,https://cdn.barbora.lt/products/34c067e7-8cd6-4e6a-95d9-8bcd88f96d5d_s.png
Maxima,Ištempiamas žaislas Monsterflex,4.79,https://cdn.barbora.lt/products/9346df40-b48e-478d-a932-8c0578ebcd43_s.png
Maxima,"Šaldytas šokoladinis pyragas WELL DONE PREMIUM, 800 g",14.99,https://cdn.barbora.lt/products/c05e9bca-76b7-43a5-bdb9-a1535e000b20_s.png
Maxima,"Sojų vaško žvakė CANDLE FAMILY ""AMBRE""",5.49,https://cdn.barbora.lt/products/8a2e205c-cdaa-4967-a577-7c20ad436b07_s.png
Maxima,"Paklodė su guma 90x200+30cm,alyv",7.99,https://cdn.barbora.lt/products/c545d283-9764-4fc7-a43a-536f948e3245_s.png
Maxima,"Paklodė su guma 90x200+30cm,pilka",7.99,https://cdn.barbora.lt/products/05f7f80a-0005-475d-aa5c-4caaf31bace3_s.png
Maxima,"Dažom. plaukų kremas PALETTE INTENSIVE COLOR CREME, Nr. 7-0, 1 vnt.",5.49,https://cdn.barbora.lt/products/2d2e7cb5-9400-4423-b07d-566ec524ff5b_s.png
Maxima,"NIVEA® Color Care putos, 150 ml",7.19,https://cdn.barbora.lt/products/847f3f52-5533-45f1-b32b-4c25ed5fa375_s.png
Maxima,"Skutimosi putos NIVEA MEN, 200 ml",5.49,https://cdn.barbora.lt/products/c336c248-2c9e-4613-aff2-f37aa746d19e_s.png
Maxima,"Lūpų dažai L'OREAL COLOR RICHE, Nr. 226-ROSE GLACE, 27 g",13.99,https://cdn.barbora.lt/products/7f1132c1-3e89-4a48-a027-5026a55f7e28_s.png
Maxima,"Pieštukinis antiperspirantas GILLETTE Cool Wave, 70ml",6.49,https://cdn.barbora.lt/products/3d4f40fd-f899-44e3-8276-3df1a78aa34f_s.png
Maxima,"Losjonas po skutimosi GILLETTE Refreshing, 100ml",9.29,https://cdn.barbora.lt/products/7025587c-b82b-41da-9ef3-b20b6bd2ac45_s.png
Maxima,"Sėdynių valiklis su šepečiu TURTLE WAX, 400 ml",8.99,https://cdn.barbora.lt/products/2ea642fa-555d-4f16-a50e-1879dd635f36_s.png
Maxima,NIVEA Valomosios servetelės normaliai ir mišriai odai AQUA EFFECT,6.79,https://cdn.barbora.lt/products/9cce8830-3d15-47be-8bb8-a4d8f327cbdb_s.png
Maxima,"PALETTE DELUXE plaukų dažai 3-65 (575) skaisčiai raudonas
",7.79,https://cdn.barbora.lt/products/c95c6529-a654-4eb3-8ab2-6d03d0affc77_s.png
Maxima,"Automodelių rinkinys MATCHBOX, 5 vnt., 5 vnt.",9.59,https://cdn.barbora.lt/products/01b277f8-9621-4ece-bf21-6702e782259a_s.png
Maxima,"Purškiamasis plaukų kondicionierius GLISS Color Perfector, 200 ml",3.64,https://cdn.barbora.lt/products/2d4adbb9-cc50-48f8-8a49-347a367c5e4c_s.png
Maxima,"NIVEA MEN SENSITIVE DRĖKINANMASIS KREMAS, 75 ml",10.29,https://cdn.barbora.lt/products/903a0d5a-9395-423c-b319-6584a4b635a5_s.png
Maxima,"TESORI d'ORIENTE White Musk kreminis kūno prausiklis, 500 ml",8.29,https://cdn.barbora.lt/products/d41b7445-d3e8-4f65-a85b-22d9c6d81ecc_s.png
Maxima,"Skystoji pudra L'OREAL TRUE MATCH, Nr. 2N-vanilla, 30 ml",18.99,https://cdn.barbora.lt/products/31b9e3a6-c00a-4751-81c8-901dbc85daba_s.png
Maxima,"Vyriškas skutimosi gelis GILLETTE SENSITIVE, 75 ml",4.29,https://cdn.barbora.lt/products/b4a4becd-90f5-432b-bba1-e7bf6708e82a_s.png
Maxima,"Stiklinis dangtis LET'S COOK, 26 cm, 1 vnt.",6.49,https://cdn.barbora.lt/products/6b9c8679-2728-449b-a7db-c18c74c1597b_s.png
Maxima,"Juodojo šokolado saldainių rinkinys LAIMA VILNIUS, 360 g",5.87,https://cdn.barbora.lt/products/ef378615-6278-455d-8eb9-1862dfaa51ed_s.png
Maxima,"Peilis TESCOMA PRESTO, 20 cm, 1 vnt.",6.99,https://cdn.barbora.lt/products/23798485-032a-4490-b230-1a6a97f51c88_s.png
Maxima,"Vyriškas veido kremas L'OREAL MEN EXPERT, 50 ml",11.99,https://cdn.barbora.lt/products/2971d203-2678-45f8-9593-6393de4a54a3_s.png
Maxima,"Plaukų dažai L'OREAL CASTING CREME GLOSS, Nr. 415, 1 vnt.",10.59,https://cdn.barbora.lt/products/ab8bc4e4-103a-440f-b5e0-cedca979efc3_s.png
Maxima,"Veido prausiklis GARNIER PURE, 150 ml",4.49,https://cdn.barbora.lt/products/d56dd7d4-fbee-4df8-83b6-fb987af4cf6d_s.png
Maxima,"Plaukų dažai L'OREAL EXCELLENCE CREME, Nr. 300, 1 vnt.",6.59,https://cdn.barbora.lt/products/7da45cfe-d990-453d-bda0-a291ca5ede63_s.png
Maxima,"Plaukų dažai L'OREAL EXCELLENCE CREME, Nr. 400, 1 vnt.",6.59,https://cdn.barbora.lt/products/6d64c9b4-c597-416a-abcb-3a76d83ab45a_s.png
Maxima,"Plaukų dažai L'OREAL EXCELLENCE CREME, Nr. 500, 1 vnt.",6.59,https://cdn.barbora.lt/products/3c97e472-c0af-4124-8058-cce9effcee37_s.png
Maxima,"Keturių pusių trintuvė TESCOMA HANDY, 1 vnt.",13.49,https://cdn.barbora.lt/products/94ae8bca-027b-46d7-864b-ce231fd6be66_s.png
Maxima,"Aušinimo skystis TURTLE WAX G12 (-35°C, 4 L), 4 l",12.99,https://cdn.barbora.lt/products/3fb00e99-c122-4d26-83af-2716e8866477_s.png
Maxima,"Sausas mažų veislių šunų ėdalas FRISKIES su vištiena, 1500 g",4.68,https://cdn.barbora.lt/products/eed035eb-717e-42da-9c24-848b882d25ab_s.png
Maxima,"Automobilio oro gaiviklis WUNDER-BAUM, RELAX, 1 vnt.",1.49,https://cdn.barbora.lt/products/bcf52021-cff2-4e96-b6cf-c5178f8c1b39_s.png
Maxima,"Plaukų dažai L'OREAL EXCELLENCE CREME, Nr. 9.1, 1 vnt.",6.59,https://cdn.barbora.lt/products/a212d39c-f607-46e9-adf6-c040eca37770_s.png
Maxima,"Plaukų dažai L'OREAL EXCELLENCE CREME, Nr. 6.41, 1 vnt.",6.59,https://cdn.barbora.lt/products/c7d646e4-148b-41a1-a181-aa650fae9ded_s.png
Maxima,"Vyriška dušo želė FA COOL EXTREME, 250 ml",3.89,https://cdn.barbora.lt/products/06e31ce2-f2cf-4a67-9a6a-ac1b369982b5_s.png
Maxima,"Plaukų dažai L'OREAL CASTING CREME GLOSS, Nr. 1010, 1 vnt.",10.59,https://cdn.barbora.lt/products/45f01a51-df58-4719-a560-975f19085b93_s.png
Maxima,"Vaik.dantų šepetėlis COLGATE Barbie, 1 vnt.",8.49,https://cdn.barbora.lt/products/f8c43e0b-97ae-49ed-badf-34705afb5f22_s.png
Maxima,"Dažom. plaukų kremas PALETTE INTENSIVE COLOR CREM, Nr. 3-68, 1 vnt.",5.49,https://cdn.barbora.lt/products/8d89628f-1b40-4c26-9ade-139b13039adf_s.png
Maxima,"Plaukų lakas 4 SEASONS EXTRA, 400 ml",2.65,https://cdn.barbora.lt/products/6f8b25dd-39c3-4e65-8d6b-9bcb33983ee2_s.png
Maxima,"Plaukų lakas 4 SEASONS SUPER, 400 ml",2.65,https://cdn.barbora.lt/products/44a3d5d9-6f6a-4f7a-b5e0-0ee37b90a72f_s.png
Maxima,"NIVEA FOR MEN Balzamas po skutimosi SILVER PROTECT, 100 ml",11.99,https://cdn.barbora.lt/products/83f87887-2cdc-4818-84f6-2c57ec72d1c3_s.png
Maxima,"Indų ploviklis PUR DUO POWER LEMON, 450 ml",1.39,https://cdn.barbora.lt/products/8e7f1866-f814-438b-aa77-cc388f58def0_s.png
Maxima,"PALETTE DELUXE plaukų dažai 4-65 (760) akinamai rudas 
",7.79,https://cdn.barbora.lt/products/0cc82ebc-66a7-4fe7-b76f-5bb230ee58f7_s.png
Maxima,"Vyriškas purškiamasis dezodorantas FA MEN SPORT ENERGY BOOST, 150 ml",4.49,https://cdn.barbora.lt/products/18629333-ffda-492e-8642-9b2e50bc6a6f_s.png
Maxima,"Birių produktų indas PLAST TEAM STOCKHOLM, 1000 ml, 1 vnt.",5.99,https://cdn.barbora.lt/products/7afcc4e7-6868-49f9-94e9-7d2af2db210c_s.png
Maxima,"Plaukų šampūnas HEAD&SHOULDERS Apple Fresh, 400 ml",8.49,https://cdn.barbora.lt/products/2d2e1de3-1873-4ce7-8272-aad842cbda88_s.png
Maxima,Dant.šep.COLGATE360MAX WHITE ONE MEDIUM,5.29,https://cdn.barbora.lt/products/61321f00-0f9b-46e6-aa8b-6a71e4b496b7_s.png
Maxima,"Losjonas po skutimosi OLD SPICE Wolfthorn, 100ml",5.59,https://cdn.barbora.lt/products/a80b2045-ebd5-4512-b30a-fe85f94720f1_s.png
Maxima,"CASTING CRÈME GLOSS, 554",10.59,https://cdn.barbora.lt/products/87528935-33a1-41b3-89e4-8c51b3f6431f_s.png
Maxima,"Plaukų putos PROFESSIONAL STYLE EXTRA HOLD, 225 ml",2.15,https://cdn.barbora.lt/products/71ca3069-c8d2-4a9d-b724-42ee17757d93_s.png
Maxima,"Kūno šveitiklis GEOMAR ILLUMINANTING, 600 g",10.99,https://cdn.barbora.lt/products/0b6aa932-b26f-49fb-a945-c6146245be18_s.png
Maxima,"Šokoladiniai saldainiai LAIMA VILNIUS su alkoholio įdaru, 180 g",5.59,https://cdn.barbora.lt/products/2eed856c-8518-4ae9-b0ff-29d14da562ca_s.png
Maxima,"Vyriškas plaukų šampūnas SCHAUMA Men Power, 400 ml",4.59,https://cdn.barbora.lt/products/894a2f20-74ea-41ae-be4b-a2b2c5d91054_s.png
Maxima,"NIVEA raminantis micelinis vanduo su aminorūgštimi ir dekspantenoliu jautriai odai, 200 ml",6.79,https://cdn.barbora.lt/products/1aee051c-f2bd-49c5-b49a-e01481d1740b_s.png
Maxima,"Automodelis HOT WHEELS PAKEISK SPALVĄ, 1 vnt.",5.99,https://cdn.barbora.lt/products/553b8be0-4824-4734-91e8-382ee0fab578_s.png
Maxima,"Žaidimas MATTEL BEŽDŽIONĖLĖS AKROBATĖS, 1 vnt.",21.49,https://cdn.barbora.lt/products/1da07217-3489-4284-8426-abb3a56d0bb0_s.png
Maxima,"Sriubos lėkštė LUMINARC DIWALI, 20 cm, 1 vnt.",2.99,https://cdn.barbora.lt/products/93753055-34a1-4f93-98b0-a8cbc46a73d3_s.png
Maxima,"Lėkštė LUMINARC DIWALI, 27 cm, 1 vnt.",3.49,https://cdn.barbora.lt/products/f864614f-4b2c-4ecb-b437-d40f92e885ff_s.png
Maxima,"Rankų kremas NATURA SIBERICA OBLEPIKHA, 75 ml",6.49,https://cdn.barbora.lt/products/43994a97-4ce0-4a63-9421-55344cbbc548_s.png
Maxima,"Normalių ir riebių plaukų šampūnas OPLEPIKHA SIBERICA, 400 ml",9.29,https://cdn.barbora.lt/products/c062f249-4a5d-4002-93ce-fc95b6c3ebde_s.png
Maxima,"Sriubos lėkštė LUMINARC CARINE, 1 vnt.",3.49,https://cdn.barbora.lt/products/b3717fcd-4f86-4515-8e48-346e9d9ec08a_s.png
Maxima,"Parfumuotas vanduo J.ARTHES CASS.moterims, 100 ml",7.79,https://cdn.barbora.lt/products/66aee5d2-7783-42b9-849b-6fe3fc21c5be_s.png
Maxima,"Blakstienų tušas L'OREAL VOLUME  COUTURE SO BLACK, 9.5 ml",15.99,https://cdn.barbora.lt/products/3481db35-a18d-42c8-8102-0fb5c6651b5a_s.png
Maxima,"Dieninis veido kremas L'OREAL , 50 ml",15.39,https://cdn.barbora.lt/products/3c0613fa-cd9d-4888-88cc-3d433c39cc21_s.png
Maxima,"Plaukų dažai L'OREAL EXCELLENCE CREME, Nr. 10.21, 1 vnt.",6.59,https://cdn.barbora.lt/products/aa7ad0a4-6867-4992-bd41-0142b6441159_s.png
Maxima,"Vyriškas tualetinis vanduo BI-ES COOL PLAY, 100 ml",8.19,https://cdn.barbora.lt/products/fc8eb16c-a10f-46ab-bfa5-065b9e750c10_s.png
Maxima,"Kūdikių losjonas SEBAMED, 200 ml",10.65,https://cdn.barbora.lt/products/79522679-b6c2-4ebe-813d-1dc2afd90e01_s.png
Maxima,"Plaukų šampūnas JOHN FRIEDA SHEERE BLONDE BRIGHTENING, 250 ml",11.19,https://cdn.barbora.lt/products/4076cb0a-0fb0-4e0c-b5a7-8f1787ae1cd4_s.png
Maxima,"Plaukų balzamas JOHN FRIEDA SHEERE BLONDE BRIGHTENING, 250 ml",11.19,https://cdn.barbora.lt/products/0f254908-8598-45e1-b573-e869b0fe570d_s.png
Maxima,"Veido kremas MIXA, 50 ml",7.49,https://cdn.barbora.lt/products/a549ae43-c018-4731-af50-949bc33bb2e0_s.png
Maxima,"Automobilių oro gaiviklis AREON APPLE&CINNAMON, 35 ml",4.29,https://cdn.barbora.lt/products/d0413f12-7d22-424f-a399-88e9aaaa57bb_s.png
Maxima,"Vyriškas veido, kūno ir rankų kremas NIVEA MEN CREME, 150 ml",6.69,https://cdn.barbora.lt/products/334b0444-32d8-4c37-bfcb-0825ee6c0852_s.png
Maxima,"Juodojo šokolado saldainių rinkinys LAIMA LIETUVA, 360 g",5.87,https://cdn.barbora.lt/products/16101f83-a98d-4b97-9370-e3246fcc3506_s.png
Maxima,"Automobilių oro gaiviklis AREON PERFUME COFFEE, 35 ml",4.29,https://cdn.barbora.lt/products/c97a6f4a-7867-4a9f-a54e-676ea179ba52_s.png
Maxima,"Kūno kremas O.SHOP JAPONIJOS KAMELIJA, 250 ml",3.99,https://cdn.barbora.lt/products/4242ef8d-3ac8-4ebb-b53a-bed3c6e9829b_s.png
Maxima,"Skustuvas VENUS Swirl, 1 galvutės",14.19,https://cdn.barbora.lt/products/1f414091-e106-4296-acf4-3ca038cdf8e9_s.png
Maxima,"Plaukų dažai GARNIER OLIA, Nr. B+++, 1 vnt.",5.79,https://cdn.barbora.lt/products/957ef7a8-05f1-4273-8234-9dada4cf2dbf_s.png
Maxima,"Veido kaukė SCHAEBENS su jūros mineralais, 15 ml",1.85,https://cdn.barbora.lt/products/e4863295-b7f1-4e17-aa27-ca3b3e6e48a2_s.png
Maxima,MIXA valomasis gelis problematiškai odai 200ml,4.49,https://cdn.barbora.lt/products/5ddcd3fa-c61e-4a1b-b254-a96066ec2398_s.png
Maxima, Lupimo peilis UNIWELL,4.99,https://cdn.barbora.lt/products/bec93b6f-6630-4799-9c53-4cb8aa489a22_s.png
Maxima,"Moteriškas tualetinis vanduo ANTONIO BANDERAS QUEEN, 50 ml",25.99,https://cdn.barbora.lt/products/fa7a17e1-0a5d-413b-ae23-c9b12644be63_s.png
Maxima,"Dušo želė SEBAMED FRESH SHOWER, 200 ml",6.99,https://cdn.barbora.lt/products/9c3d19bd-5832-4aa9-ae9d-cb0ee5d9d6c0_s.png
Maxima,"Vyriškas tualetinis vanduo NIKE INDIGO, 100 ml",14.99,https://cdn.barbora.lt/products/de94a47d-897d-4115-b9cf-a76c7b1ce537_s.png
Maxima,"Gili keptuvė su dangčiu VENEZIA, 28 cm, 1 vnt.",31.99,https://cdn.barbora.lt/products/5bd2eeb6-e7d0-443d-bef4-5fea1bfa80df_s.png
Maxima,"Garnier MICELINIS VANDUO SU ALIEJAIS, 400ML",5.99,https://cdn.barbora.lt/products/05b79c7a-fdb8-4987-aeb8-c9382147c0a6_s.png
Maxima,"Veido kaukė GARNIER SKIN NATURALS, 1 vnt.",2.09,https://cdn.barbora.lt/products/4d7bc825-349a-4590-bfbd-cfbc0dd8e0d1_s.png
Maxima,"Higieniniai paketai BELLA IDEALE, 20 vnt.",2.45,https://cdn.barbora.lt/products/a0e7f402-f785-4101-8af9-eae16225fa29_s.png
Maxima,"Dantų šepetėlis JORDAN EXPERT CLEAN MEDIUM, 1 vnt.",3.69,https://cdn.barbora.lt/products/f3009c7f-8deb-4392-b6f6-5e3df201391f_s.png
Maxima,Dėlionė–kilimėlis FOXTER,8.99,https://cdn.barbora.lt/products/c9f49f98-6108-49ac-b33f-332cebc8a1ec_s.png
Maxima,"
Panthenol Comfort odą raminantis kūno kremas, 400 ml",8.39,https://cdn.barbora.lt/products/043ed011-20b4-42c4-bd06-1d59bb598dd2_s.png
Maxima,"Burnos skalavimo skystis ELMEX CARIES PROTECTION, 400 ml",10.69,https://cdn.barbora.lt/products/a263aaad-d14d-4f00-b767-1cb5f73d5cf6_s.png
Maxima,"Drėkinamasis dieninis veido kremas LUMENE (KLASSIKKO), 50 ml",8.99,https://cdn.barbora.lt/products/88bcbff7-e231-4749-8946-3c2033fbd31d_s.png
Maxima,"LUMENE KLASSIKKO Naktinis kremas, 50 ml",9.99,https://cdn.barbora.lt/products/88929a16-11fa-4d4a-8710-47f14acd1a9e_s.png
Maxima,"Plaukų balzamas NATURA SIBERICA (FROZEN BERRIES), 400 ml",7.99,https://cdn.barbora.lt/products/ac3894b6-6516-4142-9101-8ba23656ee60_s.png
Maxima,"Skystieji lūpų dažai MAYBELLINE SUPER STAY MATTE INK, Nr. 10, 1 vnt.",13.49,https://cdn.barbora.lt/products/7f9d2c12-1896-4f61-a119-bf3f6d862059_s.png
Maxima,"Maskuoklis MAYBELLINE INSTANT, Nr. 1-light, 1 vnt.",12.99,https://cdn.barbora.lt/products/ac1c6b59-c80d-4d65-addf-62f77efa247a_s.png
Maxima,"Prausiklis kūno odai su granatų ekstraktu Weleda Pomegranate 200ml
",10.99,https://cdn.barbora.lt/products/79aadd9e-21be-45c5-b028-fae77bb232fe_s.png
Maxima,"NIVEA dieninis atkuriantis kremas visų tipų odai +55, 50 ml",11.19,https://cdn.barbora.lt/products/039a5b59-3564-4fc9-8714-095e8fa47115_s.png
Maxima,"Balzamas po skutimosi SEBAMED FOR MEN, 100 ml",10.99,https://cdn.barbora.lt/products/1d41ecb4-f657-4a43-b6f7-79bd855cdea1_s.png
Maxima,"Šaukštelis UNIWELL HELLEBORE, 1 vnt.",2.49,https://cdn.barbora.lt/products/3981ebad-d323-44b5-ad75-5d0ae7748db0_s.png
Maxima,"Skutimosi želė NIVEA MEN DEEP, 200 ml",5.49,https://cdn.barbora.lt/products/7754beb2-737b-449c-88e4-60ab1474b5d9_s.png
Maxima,"TESORI d'ORIENTE Byzantium kreminis kūno prausiklis, 500 ml",8.29,https://cdn.barbora.lt/products/d9c30a93-2d14-45fd-a5c0-108d562ecfb4_s.png
Maxima,"Vyr.naktinis veido kremas VĖJAS su gintaro ekstraktu, 50 ml",4.65,https://cdn.barbora.lt/products/864cbcf4-44fe-4250-a955-d03338650f54_s.png
Maxima,KILIG VITAMIN C paakių gelis 15 ml ,12.75,https://cdn.barbora.lt/products/ca4f90a6-4d7b-4916-9982-932fe61f91bf_s.png
Maxima,"Micelinis vanduo BIODERMA, 250 ml",14.09,https://cdn.barbora.lt/products/cd7f204f-4be3-420d-8345-39611fe91a5d_s.png
Maxima,"Apsaug.kremas BIODERMA CICABIO SPF50+, 30 ml",15.99,https://cdn.barbora.lt/products/e154fe26-9f77-49e3-a10a-eb3512834bd4_s.png
Maxima,Maybelline New York Super Stay Matte Ink125 skyst. lūpų dažai,13.49,https://cdn.barbora.lt/products/0128e049-63d5-4097-b758-581162a609d3_s.png
Maxima,"Vyriškos kojinės SKINIJA, 39-42 dydis, 1 vnt.",2.15,https://cdn.barbora.lt/products/8bf5a2ca-ec57-4484-9091-9d0930bc8843_s.png
Maxima,"Vaikiškas kūno prausiklis JOHNSON'S BABY 2 in 1, 500 ml",5.99,https://cdn.barbora.lt/products/78196cc6-f6b5-493b-bc1f-7ad8e747346a_s.png
Maxima,"Lėkštė LUMINARC DIWALI, 27 cm, 1 vnt.",3.49,https://cdn.barbora.lt/products/037e40a4-0f3e-47e5-a16f-5b8306f57ea5_s.png
Maxima,"Veido kremas GARNIER, 50 ml",5.19,https://cdn.barbora.lt/products/7f701cf7-a87a-422b-a5ab-323b4f36532f_s.png
Maxima,"Micelinis vanduo FILORGA MICELLAR, 400ml",24.99,https://cdn.barbora.lt/products/4c1955b0-1801-44c5-9920-530bc39ee1c6_s.png
Maxima,"Mot. parfumuotas vanduo BI-ES BLOSSOM ORCHID, 100 ml",11.29,https://cdn.barbora.lt/products/098e7553-e9e5-4897-ac17-224d126fd6a0_s.png
Maxima,"Kompaktinė pudra MAYBELLINE FIT ME, Nr. 105-NATURAL IVORY, 9 g",11.59,https://cdn.barbora.lt/products/4e9f932c-198f-483c-b679-a74ae0fe10a7_s.png
Maxima,"Moteriškas parfumuotas vanduo J'AIME 100ml, 100 ml",8.49,https://cdn.barbora.lt/products/01cdeb43-ed50-477f-a3d7-7c9b8daa0738_s.png
Maxima,"Dantų šepetėlis ELMEX SENSITIVE EXTRA SOFT, 1 vnt.",7.39,https://cdn.barbora.lt/products/cc61fffe-f448-427f-a730-efbebf6638ba_s.png
Maxima,"Pliušinis žaislas su funkcijomis, 1 vnt.",20.99,https://cdn.barbora.lt/products/2be83f8f-900a-47fe-b06e-689ed3cad9af_s.png
Maxima,"Makiažo fiksatorius MAYBELLINE FACESTUDIO SETTING SPRAY, 100 ml",13.99,https://cdn.barbora.lt/products/6b69b4f5-b552-4efe-b2fe-053fbd12b33e_s.png
Maxima,"NIVEA Q10 ANTI-WRINKLE EXTRA NOURISH GILIAI ODĄ ATKURIANTIS DIENINIS KREMAS SU SPF15, 50 ml",18.99,https://cdn.barbora.lt/products/4d067cb1-72fc-4cb3-87a9-bc186bd30d1a_s.png
Maxima,"Dažytų plaukų balzamas SUPER SIBERICA, 400 ml",9.09,https://cdn.barbora.lt/products/82dab14c-5b69-426c-99b1-8e892929373f_s.png
Maxima,"Plaukų kaukė SUPER SIBERICA, 300 ml",12.99,https://cdn.barbora.lt/products/e1ceb5db-ce71-4901-ba66-03cbaeae0ed8_s.png
Maxima,"Tonuojanti plaukų priemonė PALETTE DELUXE ASHY BLONDE, 150 ml",7.79,https://cdn.barbora.lt/products/6cd7b011-92d0-407c-9f5b-a883751958f8_s.png
Maxima,Plaukų dažai GLISS COLOR 5-65,4.49,https://cdn.barbora.lt/products/52f9a987-06ce-4a78-b279-72a6c2d58a5f_s.png
Maxima,"Vyriškas tualetinis vanduo ANTONIO BANDERAS DIAVOLO, 100 ml",20.79,https://cdn.barbora.lt/products/27ae7998-a0c4-40b3-ad28-7f9fa9ee18eb_s.png
Maxima,"Antakių pieštukas MAYBELLINE BROW ULTRA SLIM, 1 vnt.",9.59,https://cdn.barbora.lt/products/1d8077b1-8796-43b7-984a-68f02217c371_s.png
Maxima,"Vienkartinių indų rinkinys ILAJA WHITE, 6 asm.",1.99,https://cdn.barbora.lt/products/9bc7616e-f241-4f05-9830-82938e6a4c75_s.png
Maxima,"Langų šluostė TURTLE WAX, 1 vnt.",10.99,https://cdn.barbora.lt/products/cc3b2a41-a65b-4998-af72-0f68759f0ec8_s.png
Maxima,"Intensyvusis tekstilės valiklis, 500 ml",3.49,https://cdn.barbora.lt/products/ba7f1513-ec36-4496-b986-1eb80156af72_s.png
Maxima,"Automobilių oro gaiviklis AMBI PUR GOLD ORCHID, 2 ml, 1 vnt.",5.99,https://cdn.barbora.lt/products/f00c07b4-b126-4b60-8c75-1b5bf93de6a7_s.png
Maxima,"Bambukiniai tarpdančių šepetėliai HUMBLE BRUSH,D2, 6 vnt., 1 vnt.",4.99,https://cdn.barbora.lt/products/7f561d94-586e-4f10-be75-5dd2708ddd78_s.png
Maxima,"Oro gaiviklis AREON MON COFFEE, 1 vnt.",1.19,https://cdn.barbora.lt/products/a66fcefa-ec10-406f-8f49-d4a4d5a401a6_s.png
Maxima,"Veido serumas L'OREAL, 30 ml",14.59,https://cdn.barbora.lt/products/4a46bc63-d66c-4d09-a747-106db8c3cbca_s.png
Maxima,"Veido kaukė FASCY NATURAL FORMULA SOOTHING, 23 g",1.99,https://cdn.barbora.lt/products/1b77a999-655f-4c47-bd02-2db2a534a7d0_s.png
Maxima,"Vyriškas tualetinis vanduo IRONSTONE, 100 ml",7.69,https://cdn.barbora.lt/products/478de2cc-843e-42ac-969e-47c2ea1171e6_s.png
Maxima,"Kortos UNO HARRY POTTER, 1 vnt.",5.49,https://cdn.barbora.lt/products/ce087dd1-1b06-4c5e-8fd1-260ccf586966_s.png
Maxima,"Plaukų serumo ampulės PANTENE Intensive Repair Active Nutri-Plex,45 ml (3x15ml)",7.49,https://cdn.barbora.lt/products/bcbf3731-52b9-40d1-bebb-570124fa5f94_s.png
Maxima,MARGARITA SENSITIVE SKIN drėkinamasis veido kremas su beržų sula ir vaistažolių ekstraktais 50 ml,7.99,https://cdn.barbora.lt/products/77775aa4-31ab-4fce-bb5e-b02973d3d634_s.png
Maxima,"Drėkinamoji veido kaukė NEUTROGENA HYDRO BOOST, 50 ml",22.99,https://cdn.barbora.lt/products/5bd35d85-85d8-4beb-909c-546a99be585e_s.png
Maxima,"Plaukų šampūnas SCHAUMA EVERY DAY, 400 ml",4.59,https://cdn.barbora.lt/products/adea3248-7d15-41d7-8910-a0fb94e2fe32_s.png
Maxima,"Purškiamas plaukų kondicionierius PANTENE SOS Shine, 150 ml",4.49,https://cdn.barbora.lt/products/75e96aa3-c7d4-48bc-86e3-5e7fc78eb387_s.png
Maxima,"BIC Flex 5 vyriški vienkartiniai skustuvai 3vnt.
",9.49,https://cdn.barbora.lt/products/de7e5dca-404f-4450-9037-4d97a6aeebaf_s.png
Maxima,"Lakštinė veido kaukė GARNIER, 28 g",2.09,https://cdn.barbora.lt/products/cbfbf45f-3b56-4a27-bca6-a5a3ce9e941a_s.png
Maxima,"Moteriškas purškiamasis dezodorantas REXONA FRESH POWER, 150 ml",4.29,https://cdn.barbora.lt/products/ae64ec88-2af1-4e20-9e9a-09405ce59eb2_s.png
Maxima,"Moteriškas sisteminis skustuvas BIC CLICK3SOL.SENS., 2 galv., 1 vnt.",4.99,https://cdn.barbora.lt/products/94126102-1bd3-4137-a5a7-401632656af7_s.png
Maxima,"Plaukų dažai PALETTE DELUXE TONER PLATINUM BLONDE, 150 ml",7.79,https://cdn.barbora.lt/products/5891b3c7-b47c-43bd-a89e-4cb7f0a9feb9_s.png
Maxima,KILIG VITAMIN C 2in1 regeneruojantis veido prausiklis - kaukė su AHA rūgštimis 75 ml,7.99,https://cdn.barbora.lt/products/6c3402bd-e259-41c2-8a83-31a536e1825d_s.png
Maxima,"Telefono laikiklis WESTROM, 100 x 85 x 90 mm, 1 vnt.",9.99,https://cdn.barbora.lt/products/cae07c81-f57c-4add-a38d-56bd91f7698f_s.png
Maxima,Puodelis AURORA PEARL CLASSIC DARK 240ml,4.49,https://cdn.barbora.lt/products/dcb4a45b-0c3c-45ad-a104-2bb2f4ee7632_s.png
Maxima,"Lūpų balzamas CARMEX NATURALLY arbūzų kvapo, 4.25 g",6.19,https://cdn.barbora.lt/products/ffbfeb1a-5725-450a-8734-7403812ab879_s.png
Maxima,"Moteriškas tualetinis vanduo NIKE ULTRA PINK, 100 ml",14.99,https://cdn.barbora.lt/products/18d2eeb4-0f28-49f9-bb70-cdc6e64ea208_s.png
Maxima,"Dieninis veido kremas L'OREAL SPF50, 50 ml",13.95,https://cdn.barbora.lt/products/1a91bd60-eccd-4b2a-8a47-084a526f5f72_s.png
Maxima,"Garnier Fructis Goodbye Damage nenuplaunamasis kremas, 400 ml",5.35,https://cdn.barbora.lt/products/f516645d-d185-4149-83d9-00f82bee9bc1_s.png
Maxima,"Veido kremas GARNIER BB, MED, 50 ml",6.95,https://cdn.barbora.lt/products/3e394736-ceff-43ba-96d0-81a4a0986684_s.png
Maxima,"Moter. skustuvo galvutės WILKINSON INTUITION COMPLET, 3 vnt., 3 vnt.",18.79,https://cdn.barbora.lt/products/7eec80fb-714f-45b7-a61e-04cf49bb0aa2_s.png
Maxima,"Plaukų šampūnas HEAD&SHOULDERS Deep Cleansing, 300 ml",9.29,https://cdn.barbora.lt/products/3ab2e7c5-eded-4715-b10d-ac0996688d9d_s.png
Maxima,"Dušo gelis OLD SPICE Captain, 675ml",4.99,https://cdn.barbora.lt/products/805b5947-7042-45b5-857c-d831d85a4d3d_s.png
Maxima,Dulkių šluotelė SWIFFER XXL rinkinys +2vnt,6.59,https://cdn.barbora.lt/products/7e645e38-6f35-42f5-8d02-76f0cad7040f_s.png
Maxima,"Veido serumas NATURA SIBERICA OBPLEPIKHA ENERGY, 30 ml",6.59,https://cdn.barbora.lt/products/f82eb213-bddc-49f8-afc5-90d02cefcd45_s.png
Maxima,"Paakių kremas GREEN FEEL'S, 30 ml",9.99,https://cdn.barbora.lt/products/b90876a0-4b60-4948-9bb0-8cd9fff85a47_s.png
Maxima,"Barzdos prausiklis King C GILLETTE, 350ml",11.69,https://cdn.barbora.lt/products/67e7c0ac-b36a-4d57-9b4f-0e524af9b774_s.png
Maxima,"Plaukų dažai L'OREAL CASTING CREME GLOSS, Nr. 618, 1 vnt.",10.59,https://cdn.barbora.lt/products/8510b0f0-e2e0-4ce4-9ee1-f650467061e8_s.png
Maxima,Maybelline NewYork Express Brow Satine Duo DarkBlond antak piešt,11.99,https://cdn.barbora.lt/products/d7366627-f4e6-4038-8339-f9b5a24a94cc_s.png
Maxima,"Antakių pieštukas MAYBELLINE EXPRESS BROW SATINE DUO, Nr. 05, 1 vnt.",11.99,https://cdn.barbora.lt/products/79f35ddb-da84-4238-b44f-0c82a8bd5bd3_s.png
Maxima,Vidutinio dydžio virėjo peilis FISKARS,27.99,https://cdn.barbora.lt/products/27e83dc9-c09c-4657-9de9-cf80a57a2e8c_s.png
Maxima,"Lupimo peilis tiesiais ašmenimis FISKARS, 1 vnt.",15.99,https://cdn.barbora.lt/products/355f5619-8861-4f24-94c5-d529409a4076_s.png
Maxima,Silikoninis šaukštas FISKARS,12.99,https://cdn.barbora.lt/products/6a81486f-5941-4f79-b318-35c51fa124d0_s.png
Maxima,Kiaurasamtis FISKARS,15.99,https://cdn.barbora.lt/products/111b4b7a-752b-4bb1-8961-45fcd976c55a_s.png
Maxima,"Vyriško skustuvo galvutės BIC FLEX5HYBRID, 4 vnt.",11.49,https://cdn.barbora.lt/products/ebea620d-273a-4e83-b875-e404609a2d8a_s.png
Maxima,"Blakstienų tušas MAYBELLINE COLOSSAL , juodas, 1 vnt.",13.19,https://cdn.barbora.lt/products/6903c5dd-b627-4115-b8be-61f9aa191a69_s.png
Maxima,"Dušo gelis OLD SPICE Night Panther, 400ml",3.45,https://cdn.barbora.lt/products/3d0abb3e-0319-4189-9fe0-a461f77b3763_s.png
Maxima,"Purškiamas dezodorantas OLD SPICE Tiger Claw, 150ml",3.15,https://cdn.barbora.lt/products/08dd689a-f309-47d5-b768-e1b1d5fa206b_s.png
Maxima,"Skutimosi gelis GILLETTE FUSION PROGLIDE Sensitive, 200ml",9.69,https://cdn.barbora.lt/products/3ff755b3-8433-4a59-b70d-8360894e3d1a_s.png
Maxima,"Miltų mišinys angl. šok. pyragaičiams CITY TASTE,400 g, 400 g",1.99,https://cdn.barbora.lt/products/cb333974-d6d0-4ee2-9427-6f5188882b0a_s.png
Maxima,Lėkštė AURORA PEARL CLASSIC GREEN 19 cm,3.99,https://cdn.barbora.lt/products/c81979a8-252b-4ff3-8d87-738df23ee06b_s.png
Maxima,"Žaislinis garvežiukas THOMAS & FRIENDS, 1 vnt.",4.19,https://cdn.barbora.lt/products/60c09cbb-9ac4-4838-822b-df2a7cb201ed_s.png
Maxima,"Moteriškas purškiamasis dezodorantas GARNIER ACTION, 150 ml",5.49,https://cdn.barbora.lt/products/be639c41-b311-4fc2-8d85-1cc799181395_s.png
Maxima,"Moteriškas purškiamasis dezodorantas GARNIER, 150 ml",5.49,https://cdn.barbora.lt/products/838736c0-7be5-4e9a-b23a-b5e39c523ec0_s.png
Maxima,"Moteriškas rutulinis dezodorantas GARNIER, 50 ml",4.99,https://cdn.barbora.lt/products/a1885e18-11ee-4241-8bcd-b078103250c7_s.png
Maxima,"Moteriškas purškiamasis dezodorantas GARNIER , 150 ml",5.49,https://cdn.barbora.lt/products/36d25f84-ee3b-42f7-afa9-c537188a71cd_s.png
Maxima,"NIVEA Rose Touch valomosios veido putos su organiniu rožių vandeniu, 150 ml",7.89,https://cdn.barbora.lt/products/86ad3071-8fa3-484f-8b52-421fd61e4e9b_s.png
Maxima,"Moteriškas purškiamasis dezodorantas GARNIER MINER.INVISIBLE, 150 ml",5.49,https://cdn.barbora.lt/products/f6ec5137-1c2c-4d1a-a27e-27624773ec92_s.png
Maxima,"GARNIER, MINERAL BWC FRESH ALOE, purškiamas dezodorantas 150 ml",5.49,https://cdn.barbora.lt/products/e6103f31-46c3-494c-9a79-14993b1d78fc_s.png
Maxima,"Dėlionė, 60 detalių, 1 vnt.",2.99,https://cdn.barbora.lt/products/c08e7a66-62a6-428f-ab2d-2447957fc23d_s.png
Maxima,"Dantų pasta COLGATE MAX WHITE ULTRA ACTIVE FOAM, 50 ml",9.49,https://cdn.barbora.lt/products/9adab410-77d2-4a79-99b5-b2b9241f7f65_s.png
Maxima,"Micelinis vanduo GARNIER , 400 ml",5.99,https://cdn.barbora.lt/products/71294770-e0e9-431c-b20a-d78cfecd55cf_s.png
Maxima,"Aromatinė kortelė CANDLE FAMILY DALINUOSI LAIME, 1 vnt.",2.99,https://cdn.barbora.lt/products/0254f559-58f9-4bb0-99a1-749b6bbb8ff1_s.png
Maxima,"Aromatinė kortelė CANDLE FAMILY IŠPILDYTOS SVAJONĖS, 1 vnt.",2.99,https://cdn.barbora.lt/products/9bd159a2-b5ea-42a0-aa2d-d09fe0fbad83_s.png
Maxima,"Aromatinė kortelė CANDLE FAMILY LINKIU SĖKMĖS, 1 vnt.",2.99,https://cdn.barbora.lt/products/344e476f-ddc0-4f45-bc9b-0dc4b8d63f3a_s.png
Maxima,"Aromatinė kortelė CANDLE FAMILY NUOSTABIOS AKIMIRKOS, 1 vnt.",2.99,https://cdn.barbora.lt/products/2579ddaf-e99d-4d43-887a-fa799e3ea0d3_s.png
Maxima,"Kūno balzamas NEUTROGENA DEEP MOIST sausai odai, 300 ml",8.79,https://cdn.barbora.lt/products/ff32b011-6d15-4798-9d30-166f7e3fa63b_s.png
Maxima,"Paakių kremas NEUTROGENA RETINOL BOOST, 15 ml",23.99,https://cdn.barbora.lt/products/76e49c7b-72b4-4f69-9bea-5d3106a2ee42_s.png
Maxima,"Naktinis veido kremas NEUTROGENA RETINOL BOOST, 50 ml",23.79,https://cdn.barbora.lt/products/2b7dd9cd-ea5a-4498-b262-cb1e29c72d5c_s.png
Maxima," Termosas UNIWELL, 650 ml",13.99,https://cdn.barbora.lt/products/1c4c4954-8caf-4e5a-a8a1-5ecc06262234_s.png
Maxima,"Termosas UNIWELL, 1,5 l",17.99,https://cdn.barbora.lt/products/abbcafb2-183b-45ad-beef-7bdc1c283984_s.png
Maxima,"Vyriškas skutimosi gelis GILLETTE ORIGINAL, 200 ml",4.99,https://cdn.barbora.lt/products/fba18a96-6834-4e80-bfba-9bde000f355f_s.png
Maxima,"Atkuriamoji plaukų priemonė OLAPLEX NR. 3, 100 ml",29.99,https://cdn.barbora.lt/products/b8243581-0e36-4ed8-8324-42cc61be500d_s.png
Maxima,"Mixa Cica-Repair kūno balzamas, 5% šlapalo + pantenolio, 400 ml",7.25,https://cdn.barbora.lt/products/48655fe5-e6f7-4501-b3e1-f2ba8429910e_s.png
Maxima,"Lakštinė veido kaukė GARNIER SKIN, 22 g",2.09,https://cdn.barbora.lt/products/470cbdd1-57c5-466d-86cb-78ad3e175700_s.png
Maxima,"Vyriškas veido kremas L'OREAL MEN SPF15, 50 ml",11.99,https://cdn.barbora.lt/products/d0c14bb6-9f8e-4456-9f1b-2049ccea242d_s.png
Maxima,"Lakštinė paakių kaukė GARNIER SKIN, 1 vnt.",1.55,https://cdn.barbora.lt/products/eb2507b5-6fc2-4170-a6c9-2ce91053455d_s.png
Maxima,"Antakių tušas MAYBELLINE EXPRESS BROW SCULPT, Nr. 04, 1 vnt.",11.99,https://cdn.barbora.lt/products/d990b88e-aa98-408b-b5f2-2773d61ea11d_s.png
Maxima,"Antakių tušas MAYBELLINE EXPRESS BROW SCULPT, Nr. 06, 1 vnt.",11.99,https://cdn.barbora.lt/products/0617c169-21b9-4a5e-9c4b-2800ca1256cd_s.png
Maxima,"Balzamas po skutimosi GILLETTE Sensitive, 100ml",8.99,https://cdn.barbora.lt/products/1723d9ae-a187-4d11-aad3-380c34daa8d2_s.png
Maxima,"Sojų vaško žvakė CANDLE FAMILY DORROTI, 1 vnt.",6.49,https://cdn.barbora.lt/products/61d854ab-da33-46af-be61-c34d70edea75_s.png
Maxima,"Lėkštė ILAJA SIMPLE, 19 cm",1.99,https://cdn.barbora.lt/products/140a9005-2f2b-4152-8e05-dcfaeef9e41c_s.png
Maxima,"Atšildyti virti Klarko vėžiai (lot. Procambarus clarkii), 1 kg",12.99,https://cdn.barbora.lt/products/7a4e7651-4cee-42af-84cc-f07856c7b0ae_s.png
Maxima,"Vyriškas pieštukinis antiperspirantas NIVEA SILVER PROTECT, 50 ml",5.39,https://cdn.barbora.lt/products/5868e5ab-da39-4a6f-95f1-da8417a3ad37_s.png
Maxima,"Vyriškas tualetinis vanduo ADIDAS VICTORY LEAGUE, 50 ml",14.99,https://cdn.barbora.lt/products/f90cdedd-e11d-4375-aee5-e8f6c09ea040_s.png
Maxima,"Žaidimas HEADU MONTESSORI PALIESK ABĖCĖLĘ, 1 vnt.",8.99,https://cdn.barbora.lt/products/f077c974-14ea-474f-b517-35757f7f2b4c_s.png
Maxima,"Žaidimų rinkinys PLAY-DOH MAGIŠKAS PLAKTUVAS, 1 vnt.",17.99,https://cdn.barbora.lt/products/186ff47c-79c7-490e-b109-e9445f297ed2_s.png
Maxima,"Žaislinis automobilis MSZ 1:32, 1 vnt.",10.19,https://cdn.barbora.lt/products/246bfd94-7cf1-4d41-b520-202fdc7794cb_s.png
Maxima,"Palmių vaško žvakė CANDLE FAMILY DIORA, 1 vnt.",3.49,https://cdn.barbora.lt/products/ba6c7dd8-2730-479d-940f-01c17a0b2d85_s.png
Maxima,"Vyriškas tualetinis vanduo ADIDAS ICE DIVE, 50 ml",14.99,https://cdn.barbora.lt/products/f928f0cd-ff93-475a-8ecd-37aba761854d_s.png
Maxima,"Blakstienų tušo bazė MAYBELLINE  SKY HIGH, 8 ml",13.99,https://cdn.barbora.lt/products/a0982c25-cbff-4d9e-a7e3-88ed33b7a071_s.png
Maxima,"Blakstienų tušas MAYBELLINE COLOSSAL CURL BOUNCE AFTER DARK, 10 ml",13.49,https://cdn.barbora.lt/products/3ea0ef03-1d07-4c93-8b35-6651ada20c6c_s.png
Maxima,"Naktinis veido serumas GARNIER , 30 ml",10.79,https://cdn.barbora.lt/products/1fe28d71-9806-43d3-9857-3c4c75723dc2_s.png
Maxima,"Veido kremas L'OREAL  WATER, 50 ml",16.89,https://cdn.barbora.lt/products/66b39111-b387-4bd3-bd4e-7f32bbf2df6d_s.png
Maxima,"Veido kremas PHARMA OIL DEW-O-METER, 50 ml",16.59,https://cdn.barbora.lt/products/839dbe35-22bc-499e-b5fb-b6e30bab79d5_s.png
Maxima,"Veido kaukė PHARMA OIL GLOW LOWDOWN, 75 ml",15.59,https://cdn.barbora.lt/products/2c797093-d02d-4900-92de-ddef01a93d9a_s.png
Maxima,"Moteriškas parfumuotas vanduo LA RIVE L'EXCELLENTE, 100 ml",7.79,https://cdn.barbora.lt/products/ae9a98ba-88b4-4729-a30d-6fb1fc0601a5_s.png
Maxima,"Moteriškas tualetinis vanduo NIKE URBANITE ORIENTAL, 75 ml",17.99,https://cdn.barbora.lt/products/69bb1809-47df-44fa-9514-ad0c79471732_s.png
Maxima,"Vyriška dušo želė FA MEN KICK OFF, 400 ml",4.99,https://cdn.barbora.lt/products/785c1bfe-9672-4ddb-bfe0-ce3a4f293661_s.png
Maxima,"Žaislinis mados rinkinys POLLY POCKET, 1 vnt.",12.59,https://cdn.barbora.lt/products/b3bda583-c022-4681-a183-e427c98fc408_s.png
Maxima,"Lėlė DISNEY FROZEN ANA, 1 vnt.",11.99,https://cdn.barbora.lt/products/a1d25181-4417-4096-8df6-3dcced1b5d3c_s.png
Maxima,"Moteriškas purškiamasis dezodorantas REXONA INVISIBLE ON B&W, 200 ml	",5.99,https://cdn.barbora.lt/products/0242b242-d206-4af4-a1f2-302eb3f43956_s.png
Maxima,"NEBULOUS STARS figūrėlės spalvinimo rinkinys, assort.",8.99,https://cdn.barbora.lt/products/b797a340-6517-4445-93a9-55b6182d6091_s.png
Maxima,Puodelis AURORA PEARL CLASSIC CREAM350ml,4.49,https://cdn.barbora.lt/products/22211990-f24d-47cd-ab59-9c40e8838130_s.png
Maxima,"Puodelis AURORA SMOKY WHITE, 530 ml",4.99,https://cdn.barbora.lt/products/0b31dd0d-1595-4d9f-8d66-8214309ad696_s.png
Maxima,Puodelis ILAJA Wisp 440ml,2.99,https://cdn.barbora.lt/products/5e2d7638-e796-4007-bfd1-3a998dd27f29_s.png
Maxima,Puodelis AURORA Vintage 410ml,4.99,https://cdn.barbora.lt/products/8a1a0070-843d-4cd6-b2d3-d4c0af037972_s.png
Maxima,Dubenėlis ILAJA Hazel Grey 19 cm,5.49,https://cdn.barbora.lt/products/bdf7649f-6d3c-4be3-908c-81785fb25b5c_s.png
Maxima,"Verkianti lėlytė CRY BABIES, 904996IME",11.99,https://cdn.barbora.lt/products/061bcf7e-a8b1-4d8d-88d0-384cd98655fe_s.png
Maxima,"NIVEA Fresh Sensation purškiamasis antiperspirantas vyrams, 150 ml",4.79,https://cdn.barbora.lt/products/b6383217-1330-4e4d-a6e9-4be10bcf2a6a_s.png
Maxima,Kokteilių taurės SANTE PINA COLADA 440ml4vnt,14.99,https://cdn.barbora.lt/products/3df5bd1c-e265-49dc-aab2-4c6e4d16b54c_s.png
Maxima,"Prieššampūnė plaukų priemonė L'OREAL ELSEVE , 200 ml",8.99,https://cdn.barbora.lt/products/0a4b03ba-52a3-435c-b3ae-cba6f72a6e06_s.png
Maxima,"Sojų vaško žvakė CANDLE FAMILY SENSO, 1 vnt.",4.49,https://cdn.barbora.lt/products/b8232953-340d-40f2-85da-b10be09c6863_s.png
Maxima,"Sojų vaško žvakė CANDLE FAMILY ALLURE, 1 vnt.",4.49,https://cdn.barbora.lt/products/0beb65db-a63d-427a-b08f-9afe7a1fd8e1_s.png
Maxima,"Burnos gaiviklis STAY COOL arbūzų skonio, 20 ml",4.49,https://cdn.barbora.lt/products/a5591b8e-fd93-4a44-9fae-bcaa1f49549a_s.png
Maxima,"Lėkštė AURORA MODERN WHITE, 21 cm",4.99,https://cdn.barbora.lt/products/354b1c2a-82b4-4ce9-98a6-e9456cad3720_s.png
Maxima,Vyno taurės AURORA FLEYA 380 ml 4 vnt.,18.99,https://cdn.barbora.lt/products/42cf58cb-fe3d-49df-9363-60918dfd1736_s.png
Maxima,Vyno taurės AURORA FLEYA 500 ml 4 vnt.,18.99,https://cdn.barbora.lt/products/26f4cb6e-a818-41c3-bb12-d907922ad3b9_s.png
Maxima,"Japoniškas peilis AZZA SANTOKU, 14 cm, 1 vnt.",32.99,https://cdn.barbora.lt/products/c1136140-b202-4daa-af7f-3170a089e747_s.png
Maxima,"Žaidimų rinkinys PLAY-DOH MAŽASIS ŠEFAS, 1 vnt.",13.79,https://cdn.barbora.lt/products/aba5ac52-65db-4d60-9993-a01e67491aa6_s.png
Maxima,Mok. žaid. BO MOK.SKAIČIUOTI 2257LT,6.59,https://cdn.barbora.lt/products/835021f9-6118-4b80-8580-15c239f6de05_s.png
Maxima,"Pliušinis žaislas AURORA, 1 vnt.",9.59,https://cdn.barbora.lt/products/247f3f7c-7ab3-444a-af4c-6d149e5a0b30_s.png
Maxima,"Skustuvas GILLETTE MACH3 Charcoal, +2 galvutės",10.99,https://cdn.barbora.lt/products/b9da9455-aab8-465d-840e-9b80fd47cf98_s.png
Maxima,"Vyriško sisteminio skustuvo galvutės GILLETTE Mach3 Charcoal, 8 vnt.",24.99,https://cdn.barbora.lt/products/ff956edd-d246-46be-ac8d-dfe538c458a9_s.png
Maxima,Kokteilių gaminimo rinkinys,16.99,https://cdn.barbora.lt/products/fdc3adb6-9c16-4888-bf6b-dda35a2df64f_s.png
Maxima,"Dantų pasta PEARL DROPS LUMINOUS BRIGHT, 75 ml",4.99,https://cdn.barbora.lt/products/81d8e1d4-fed9-4676-bdfa-196a112dcdaa_s.png
Maxima,"Vyriški vienkartiniai skustuvai DIVUS3, 5 vnt., 4 vnt.",2.39,https://cdn.barbora.lt/products/9c6f53a0-cf88-4f13-9fe3-3018b5bd317f_s.png
Maxima,"Veido prausiklis GARNIER , 250 ml",5.99,https://cdn.barbora.lt/products/f41b9a82-3393-4759-8486-d55c529b8321_s.png
Maxima,Gili lėkštė ILAJA Simple 20 cm,2.99,https://cdn.barbora.lt/products/8e3b5c44-ba17-444e-bcac-d7010330ec95_s.png
Maxima,Lėkštė ILAJA Simple 27 cm,3.49,https://cdn.barbora.lt/products/d3cdb9b6-b862-4cbf-a4eb-75487d7887d9_s.png
Maxima,"Maža figūrėlė PAW PATROL PUP SQUAD, 1 vnt.",4.19,https://cdn.barbora.lt/products/fadcd0db-8abe-4ace-aa43-92920586dca1_s.png
Maxima,"Patalynės komplektas, 140 x 200 cm, 1 vnt. 50 x 70 cm, 1 vnt.",15.99,https://cdn.barbora.lt/products/205bf828-6f44-4cfa-9729-35c455116bb1_s.png
Maxima,"Veido kaukė BEAUUGREEN, 30 g",3.49,https://cdn.barbora.lt/products/5b518db5-f2b3-421b-9848-58f7d83b0f12_s.png
Maxima,"Veido kaukė BEAUUGREEN, 30 g",3.49,https://cdn.barbora.lt/products/3e21551b-474c-4b66-9f5c-d13312987008_s.png
Maxima,"Dėlionė CLEMENTONI, 104 detalių, 1 vnt.",3.59,https://cdn.barbora.lt/products/e6e89c70-9a46-48b1-9d14-e622b9b5bf7f_s.png
Maxima,"Veido tonikas Q+A NIACINAMIDE DAILY,100ml",10.99,https://cdn.barbora.lt/products/e40b5a74-aace-40e5-a239-a6a63102cd86_s.png
Maxima,RASA HAIR HYDRO INTENSE SYSTEM Drėkinamasis plaukų šampūnas 500 ml,8.99,https://cdn.barbora.lt/products/b0113c59-5d62-4ff5-bd5d-0c477d001b1e_s.png
Maxima,RASA HAIR HYDRO INTENSE SYSTEM Drėkinamasis plaukų kondicionierius 200 ml,6.99,https://cdn.barbora.lt/products/5a5b100c-f088-4f4b-ae3f-3afee827c1dd_s.png
Maxima,"Intymios higienos odos šveitiklis SATIN CARE, 177ml",13.99,https://cdn.barbora.lt/products/d1689f7b-52f1-48b9-8e3d-c6519940c1d8_s.png
Maxima,"Bikinio srities prausiklis ir skutimosi gelis SATIN CARE, 190ml",13.99,https://cdn.barbora.lt/products/eae90646-5397-490c-837c-ac0b1de35186_s.png
Maxima,"Minkšti sensor. blokai-kaladės CANPOL BABIES, nuo 6 mėn., 12 vnt.",12.59,https://cdn.barbora.lt/products/56236f4a-d014-4f95-a03b-bf31d869b502_s.png
Maxima,"Prausiklis sausai ir jautriai odai  CeraVe Crėme Hydrating Cleanser, 473 ml ",29.99,https://cdn.barbora.lt/products/a80ee64c-466d-406e-a006-34344f74879a_s.png
Maxima,"Kreminis kūno prausiklis CERAVE HYDRATING, 236ml",20.99,https://cdn.barbora.lt/products/77965329-1943-44fb-8c51-97a02d054fec_s.png
Maxima,Auto oro gaiviklis ROTZ vanilla,1.19,https://cdn.barbora.lt/products/d0657899-7baa-4d09-ad79-386cdb40ee2a_s.png
Maxima,Automobilių oro gaiviklis ROTZ WILD WATER,1.79,https://cdn.barbora.lt/products/a8632951-d1d2-4814-8271-335e236449ad_s.png
Maxima,"Raudonojo vyno taurės RCR OPERA, 230 ml, 6 vnt.",32.99,https://cdn.barbora.lt/products/5b85a7c8-f093-4c91-9a27-7721fb9f727c_s.png
Maxima,"Plaukų kondicionierius MAUI su kinrožių vandeniu, 385ml",13.99,https://cdn.barbora.lt/products/32b450a2-8848-4603-addf-3005bc657dcb_s.png
Maxima,"Plaukų šampūnas MAUI su taukmedžio sviestu, 385ml",13.99,https://cdn.barbora.lt/products/f59a9c41-8b51-4677-a253-bcf594888aa7_s.png
Maxima,KILIG PROBIOTICS veido serumas su niacinamidu mišriai ir riebiai odai 30 ml,14.99,https://cdn.barbora.lt/products/0cbcf06d-c42e-4e31-9115-1f9065a604d0_s.png
Maxima,"Moteriškas tualetinis vanduo BUGATTI BELLA DONNA INTENSA, 60 ml",29.99,https://cdn.barbora.lt/products/9ad200be-5a14-421d-ab46-040713545113_s.png
Maxima,"Plaukų šampūnas HEAD&SHOULDERS Pro Expert 7 Persistent Dandruff, 250 ml",9.29,https://cdn.barbora.lt/products/0ea11994-edfc-4ab7-bfa3-083040248bde_s.png
Maxima,"Plaukų šampūnas FAITH IN NATURE DRAGON FRUIT, 400 ml",8.99,https://cdn.barbora.lt/products/56989837-9ed7-43e8-b852-1a85c2725a03_s.png
Maxima,"Plaukų kondicionierius FAITH IN NATURE GRAPEFRUIT&ORANGE, 400 ml",8.99,https://cdn.barbora.lt/products/bcc160ff-ffb1-4c3d-b541-11f21919f25c_s.png
Maxima,"Plaukų purškiklis TAFT VOLUME Blow-Dry, 150 ml",4.49,https://cdn.barbora.lt/products/9c3f57f5-c3bf-450d-bb65-6380a13b314a_s.png
Maxima,"Plaukų želė TAFT Maxx Power, 150 ml",3.55,https://cdn.barbora.lt/products/2973755c-48ac-4aa1-98a0-983b2841e66a_s.png
Maxima,"Dantų šepetėlis COLGATE LITTLE KIDS SMILES, 3-5 metai, 1 vnt.",2.99,https://cdn.barbora.lt/products/46e6a595-b889-4c36-a647-71e6a9bc251e_s.png
Maxima,"Kūno kremas MIXA CERAMIDE PROTECT, 400 ml",9.69,https://cdn.barbora.lt/products/acd3a4e7-e688-46a2-9ae6-d27c93499f94_s.png
Maxima,"Puodas su dangčiu, ILAJA, 16X9.5 cm",15.99,https://cdn.barbora.lt/products/ec608a07-5562-4db7-9426-372fae7eecf5_s.png
Maxima,"Mot. vienkartiniai skustuvai WILKINSON QUATTRO V., 3 vnt.",6.99,https://cdn.barbora.lt/products/6483682e-a550-4752-bfdf-9c3db4f586c7_s.png
Maxima,"Mot. vienkartiniai skustuvai WILKINSON XTREME3COC., 4 vnt.",5.99,https://cdn.barbora.lt/products/035c621f-0dc6-4fbf-a327-4d8af362088f_s.png
Maxima,"Skustuvas VENUS Coconut, 1 galvutė",11.99,https://cdn.barbora.lt/products/e9cf6f15-b700-4ee2-9f31-2647596a7b6c_s.png
Maxima,"Antakių klijai MAYBELLINE , Nr. 000 CLEAR, 1 vnt.",10.39,https://cdn.barbora.lt/products/aef0bed4-af04-4deb-86e8-a68c76f837f3_s.png
Maxima,"Moteriškas purškiamasis antiperspirantas REXONA ADV.P.I.B&B, 150 ml",4.99,https://cdn.barbora.lt/products/00bb2598-94ff-4e54-8442-e4e29c4f9511_s.png
Maxima,"Vyriškas purškiamasis dezodorantas REXONA INVISIBLE, 150 ml",4.99,https://cdn.barbora.lt/products/231f7b5c-dcd5-4b85-94c0-f5685e5d6953_s.png
Maxima,"Žais. autom. spalvas keičianti tunelinė plovykla HOT WHEELS, 1 vnt.",29.99,https://cdn.barbora.lt/products/a7ed805a-d5bd-442d-9db8-767f443db0c8_s.png
Maxima,Kepimo forma ovali 35x24x7,12.99,https://cdn.barbora.lt/products/cc4fa783-9b1e-4bb4-9fcb-9211c904a8a9_s.png
Maxima,"Dušo želė DOVE GENTLE PAMPER, 450 ml",7.59,https://cdn.barbora.lt/products/81900b26-e519-404c-a72e-aaa111ca3f93_s.png
Maxima,"Akių pieštukas MAYBELLINE, Nr. 40, 1 vnt.",4.99,https://cdn.barbora.lt/products/7df7bbb2-d3c1-46fd-87df-8b0c9f25ca13_s.png
Maxima,"Daugiafunkcinė makiažo priemonė MAYBELLINE I.P.G4I1, Nr. 1.5, 20 ml",15.09,https://cdn.barbora.lt/products/0ddf9585-b3b1-473b-a236-3b4f91735f79_s.png
Maxima,"SCHOLL, pėdų kaukė sausai odai su makadamijų aliejumi, 1 pora",8.99,https://cdn.barbora.lt/products/82f612df-398d-4dd7-a3dc-96151f0bdd45_s.png
Maxima,"Mot. pieštukinis antiperspirantas LADY SPEED STICK SENSITIVE, 40 g",4.49,https://cdn.barbora.lt/products/9ef2e951-8cf4-4586-84f1-fc9e0081c0f5_s.png
Maxima,Infaillible  Brow  antakių gelis,16.99,https://cdn.barbora.lt/products/df84ef12-bb21-4e34-822a-3e554ce7797b_s.png
Maxima,"Micelinis vanduo NIVEA, 400 ml",9.89,https://cdn.barbora.lt/products/677bcfe3-0f67-4b1c-a812-b5d8475dff2b_s.png
Maxima,"Kūno balzamas NEUTROGENA, 300 ml",8.79,https://cdn.barbora.lt/products/9914792f-ae48-443f-944a-104a52af6bc6_s.png
Maxima,"Veido serumas NEUTROGENA HYDRO BOOST, 30 ml",21.99,https://cdn.barbora.lt/products/896594de-9087-460b-b751-de100dc3fe03_s.png
Maxima,"Dvifazis micelinis vanduo GARNIER SKIN NATURALS su aliejais, 100 ml",2.59,https://cdn.barbora.lt/products/1dbf8245-e80b-4811-9e26-1a41d4f535a4_s.png
Maxima,"Kūno balzamas NEUTROGENA DEEP MOISTURE, 400 ml",11.79,https://cdn.barbora.lt/products/59e3d638-b2fe-419e-ba3d-dd040b5a5e14_s.png
Maxima,"NIVEA REPAIR & CARE KREMAS VEIDUI, KŪNUI IR RANKOMS.12% GLICERINO IR VITAMINAS E, 400 ml",14.99,https://cdn.barbora.lt/products/b4e6d604-b888-4c2a-bae3-7a4defe41b22_s.png
Maxima,"Garnier Olia 10.1, labai šviesi pelenų blondinė. ",6.15,https://cdn.barbora.lt/products/d80411c4-8042-4f91-97c1-087845734b50_s.png
Maxima,"Dušo gelis ir šampūnas PAW PATROL MARSHALL 2IN1, 400 ml",7.99,https://cdn.barbora.lt/products/cee9ccfd-b177-4373-86b7-ae3d5c470e56_s.png
Maxima,"BABOO® lanolino spenelių kremas, 35 ml",10.49,https://cdn.barbora.lt/products/8fed91fc-1516-4403-b5ea-cbfe8ff06f46_s.png
Maxima,"Veido kremas WELEDA WILD ROSE&WHITE TEA, 40 ml",23.99,https://cdn.barbora.lt/products/ecbe7d86-1663-436e-9ac7-41d581448fdf_s.png
Maxima,"Plaukų serumas AUSSIE SOS Hydration, 160 ml",12.49,https://cdn.barbora.lt/products/c8858a82-3c19-4a3b-b226-b774ccb985df_s.png
Maxima,"Plaukų kaukė AUSSIE SOS Hydrate, 500 ml",18.99,https://cdn.barbora.lt/products/0fd1c107-b1f0-4a3d-acca-f425b7a1c7fc_s.png
Maxima,"„Monster High“ lėlė, muzikos festivalio serija",34.79,https://cdn.barbora.lt/products/e3516531-c0b0-4ecc-bd08-142ba1e3712e_s.png
Maxima,"TaftxGliss plaukų lakas ""Holding Me Strongly"" 250ml Naujiena",4.19,https://cdn.barbora.lt/products/605322d9-3dee-4219-bf93-cf4fc2a63297_s.png
Maxima,"Žais. šautuvas N SERIES FLEX NERF, F8623",4.19,https://cdn.barbora.lt/products/ffc3dd92-b331-44f6-9dd0-68524f03e988_s.png
Maxima,BELLA HERBS ALOE VERA kasdieniai įklotai  N60 ,2.19,https://cdn.barbora.lt/products/c29879fa-1775-481d-a4e5-e4514ac6ebd5_s.png
Maxima,"LISTERINE Total Care Extra Mild burnos skalavimo skystis, 500ml",8.49,https://cdn.barbora.lt/products/7bdbc57d-2cd4-4731-8e42-fc7b8455367a_s.png
Maxima,HAS NER N Series šautuvas „Agility“,11.39,https://cdn.barbora.lt/products/9bf6c5c3-e122-4721-8745-7d81b668c480_s.png
Maxima,PUN Interaktyvus žaislas „Punirunes“,17.99,https://cdn.barbora.lt/products/86a3bad4-c47e-4a12-9025-0d792a8c37ee_s.png
Maxima,Migdukas Zuikutis,44.99,https://cdn.barbora.lt/products/3a2f1b55-e483-407f-b480-d2b2e523d44c_s.png
Maxima,"Lėlė BARBIE DREAMTOPIA, 1 vnt.",29.99,https://cdn.barbora.lt/products/afee7b52-2be1-4fff-bd24-c93f4b132b8f_s.png
Maxima,Paakių kremas Q+A su vitaminu C;15ml,10.99,https://cdn.barbora.lt/products/19f68f1d-3f21-4e4b-a286-1f877be602b8_s.png
Maxima,"Beauty of Joseon Glow Deep Serum: Rice + Alpha Arbutin serumas, 30 ml",19.49,https://cdn.barbora.lt/products/849299e3-c474-4087-8657-733495582324_s.png
Maxima,"Beauty of Joseon Ginseng Cleansing Oil valomasis aliejus, 210 ml",22.49,https://cdn.barbora.lt/products/baaf6387-8fee-4273-87ae-976ec2e79d62_s.png
Maxima,Šaukštai UNIWELL Bordeaux 4 vnt.,9.99,https://cdn.barbora.lt/products/3e3563b5-aaec-469b-a8ed-49f741da9b76_s.png
Maxima,Šaukštai UNIWELL Baguette 4 vnt.,9.99,https://cdn.barbora.lt/products/4ac1971c-0833-458b-8769-a0cd4e67823c_s.png
Maxima,Šakutės UNIWELL Baguette 4 vnt.,9.99,https://cdn.barbora.lt/products/e141a694-04f3-4b1d-bece-00cc51e410a1_s.png
Maxima,"Nivea kremas veidui, kūnui, rankoms, 400 ml",14.99,https://cdn.barbora.lt/products/4fb4f2ab-1896-4f28-86c9-28341b906246_s.png
Maxima,"X-SHOT žaislinis šautuvas Manic Insanity, 1 serija, 36603",13.19,https://cdn.barbora.lt/products/13266e79-4bd2-4d83-aec5-34a26644e71c_s.png
Maxima,ODA PRO Daugiafunkcinis prausiklis su azelaino rūgštimi ,23.95,https://cdn.barbora.lt/products/ee1ad19d-d33c-490b-a2d0-874d0f9dad57_s.png
Maxima,ODA PRO Giliai valantis prausiklis su 7% glikolio rūgštimi ,23.95,https://cdn.barbora.lt/products/6701a86a-77da-438e-a05c-370fa0fc6a0d_s.png
Maxima,ODA PRO Drėkinamasis hialurono rūgšties ir vitamino c serumas ,33.89,https://cdn.barbora.lt/products/3e5f015d-02c5-4d1f-aa40-6ca533a97363_s.png
Maxima,"Birių produktų indas UNIWELL ACACIA 1,3L",7.99,https://cdn.barbora.lt/products/c1a37919-33b6-4aa0-a113-1bb962b65150_s.png
Maxima,"Auto oro gaiviklis ROTZ, LoopGel newcar",2.99,https://cdn.barbora.lt/products/8ffc4f52-c389-420b-a1dc-cbd31005df7d_s.png
Maxima,"Tamponai BELLA for Teens Regular, N16",1.59,https://cdn.barbora.lt/products/7fc102c3-cf4b-42a6-80b3-fd681d1a5d05_s.png
Maxima,"Vaikiškos dušo putos O'LYSEE, persikų ir abrikosų kvapo, 250 ml",9.89,https://cdn.barbora.lt/products/36a1901e-4bb1-4153-a5ec-9a6a6a358dbc_s.png
Maxima,"MUNCHKIN vonios žaislų rinkinys, gyvūnai, 9 mėn+,  8 vnt, 012543",11.99,https://cdn.barbora.lt/products/467607c7-bf4b-4fd0-8cd3-a2dd6b175422_s.png
Maxima,"Naktiniai paketai BELLA for Teens Energy Night, pads, N16",1.95,https://cdn.barbora.lt/products/a9f07673-313e-4c38-a0ae-9f5c11de6c0a_s.png
Maxima,KILIG HAIR BOOST šampūnas su ricinos aliejumi 400 ml,6.15,https://cdn.barbora.lt/products/70e7247e-e5aa-4368-90a2-5426f547eafd_s.png
Maxima,KILIG HAIR BOOST galvos odos šveitiklis su ricinos aliejumi ir alyvuogių kauliukais 100 ml,6.15,https://cdn.barbora.lt/products/f6cabdef-2101-4753-b2ec-3d8a02da6155_s.png
Maxima,"Skustuvas VENUS Smooth, 5 galvutės",16.99,https://cdn.barbora.lt/products/bc43a79d-605d-4557-a799-c09d0320863b_s.png
Maxima,Kūno prausiklis B.FRESH YOU'RE ONE IN A M.473,7.49,https://cdn.barbora.lt/products/d62d922d-13ac-4b25-bb42-05dbe24eff75_s.png
Maxima,Servetėlės automobilių stiklams SHELL,3.99,https://cdn.barbora.lt/products/2c83d290-3d9f-46ab-b13b-70b14319bc47_s.png
Maxima,"Automobilių stiklų valiklis SHELL, 500ml",4.99,https://cdn.barbora.lt/products/b65a5cf9-c8ba-4da7-ae48-476a8e0a0e93_s.png
Maxima,NIVEA Dušo želė vyrams TOTAL RELAX 250ml,4.19,https://cdn.barbora.lt/products/57a7793c-fb3c-49da-b785-c06202a2d118_s.png
Maxima,"Dantų šepetėlis ELMEX EXPERT PRECISION SENSITIVE, 1 vnt.",8.29,https://cdn.barbora.lt/products/616e6ffc-be0d-4591-864b-5fdad43e821c_s.png
Maxima,ELSEVE PURPLE kaukė 150ml,5.79,https://cdn.barbora.lt/products/9a31f38f-3efe-46b8-a0c2-4fbb3951b6a0_s.png
Maxima,"ELSEVE  purškiklis ,150ml",7.19,https://cdn.barbora.lt/products/e0bdd3cc-d5a3-473c-accb-06269dd7c4a3_s.png
Maxima,"ELSEVE  kondicionierius, 150ml",6.05,https://cdn.barbora.lt/products/e916f6b6-db38-40e4-a5a7-250997a61548_s.png
Maxima,"ELSEVE  nenuskalaujamas serumas, 150ml",9.09,https://cdn.barbora.lt/products/8ebddc0e-e27c-4bd1-8c04-92db6b98ecb5_s.png
Maxima,"SPIDER-MAN 3D dušo želė ir šampūnas 2 in 1, 400 ml",7.99,https://cdn.barbora.lt/products/880ff48e-2e6c-4517-a6b9-dd4dba27dff5_s.png
Maxima,"Purškiamas kondicionierius GLISS Full Hair Wonder, 200ml",3.64,https://cdn.barbora.lt/products/e3534fac-d4ef-42da-9709-cf0cb1c887f9_s.png
Maxima,"Moteriškas pieštukinis dezodorantas REXONA ACTIVE SHIELD, 50 ml",4.29,https://cdn.barbora.lt/products/428cc37a-325c-41ba-8334-49386a6dcd94_s.png
Maxima,"Pieštukinis antiperspirantas OLD SPICE Sport Power, 50ml",3.95,https://cdn.barbora.lt/products/320a4f0e-2eb6-4338-bf42-2b9bb3a7d49f_s.png
Maxima,"Moteriškas pieštukinis dezodorantas REXONA BRIGHT BOUQUET, 50 ml",4.29,https://cdn.barbora.lt/products/03a2a0b7-9c4f-47ff-8533-299908b7a165_s.png
Maxima,APHMAU Paslaptingas pliušinis „MeeMeow“ kačiukas,13.79,https://cdn.barbora.lt/products/14614c60-f932-4171-9f69-a88fa5120358_s.png
Maxima,"Veido prausimosi putos NEUTROGENA CURCUMA CLEAR, 150 ml",8.99,https://cdn.barbora.lt/products/90015d34-a9aa-4556-b4fd-2a1c7eeb656e_s.png
Maxima,"UNICORN 3D dušo želė ir šampūnas 2 in 1, 400 ml",7.99,https://cdn.barbora.lt/products/60d2cf5b-6ba6-4a1d-ba42-a62491e323c6_s.png
Maxima,BRAWL STARS Figūrėlė uždaroje pakuotėje,3.59,https://cdn.barbora.lt/products/8dfe7d03-952a-454b-a7d4-b2a54e76e798_s.png
Maxima,"Plaukų kaukė PANTENE Bond Repair, 300 ml",15.59,https://cdn.barbora.lt/products/bb5d3b81-3721-43d1-b6ff-86d8977b3fad_s.png
Maxima,"Universalus kondicionierius DIVUS, visų plaukų tipams, 250ml",2.19,https://cdn.barbora.lt/products/97496e1d-f1ed-4c03-b09f-0efe8370000b_s.png
Maxima,"Universalus šampūnas DIVUS, visų plaukų tipams, 250ml",2.19,https://cdn.barbora.lt/products/e858a163-27f3-4dd5-b147-4e5db814be26_s.png
Maxima,„Minecraft“ figūrėlė ,9.59,https://cdn.barbora.lt/products/0818f5f3-1129-4406-8272-0433caf1e841_s.png
Maxima,"Keptuvė FISKARS, 24cm",49.99,https://cdn.barbora.lt/products/e027c564-d6fb-469b-87e8-a6abd154d801_s.png
Maxima,"MONSTER JAM transporto priemonių rinkinys 1:72 Plastic Truck, asort.",4.19,https://cdn.barbora.lt/products/a175542b-c573-433e-9363-72440cd0137d_s.png
Maxima,Dubenėlis AURORA CONRAN WHITE 13 cm,2.49,https://cdn.barbora.lt/products/335faf58-68a8-418a-baf5-6ccae783cb3c_s.png
Maxima,ECODENTA juoda dantų pasta su vulkano mineralais 100ml ,5.09,https://cdn.barbora.lt/products/c9461ef5-c1b2-459a-8370-4dfd0e4e97d1_s.png
Maxima,"MARGARITA ANTI AGE naktinė veido kaukė-kremas, 50 ml",7.99,https://cdn.barbora.lt/products/dcb69674-5361-49ba-ad1c-cda3b488be39_s.png
Maxima,"TESORI d'ORIENTE Karma kreminis kūno prausiklis, 500 ml",8.29,https://cdn.barbora.lt/products/a3f1a362-4b25-4545-b1a3-d310b3c87040_s.png
Maxima,"Plaukų šampūnas ""SCHAUMA STRONGER FOR LONGER"" , 400ml",4.59,https://cdn.barbora.lt/products/9027dc27-e93c-4374-ae83-0f2752866e73_s.png
Maxima,"Kūdikių servetėlės PAMPERS Harmonie New Baby, Plastic Free, Unscented, 3x46 vnt.",7.39,https://cdn.barbora.lt/products/20b959f7-a6d8-4121-8a9a-846807ac2b86_s.png
Maxima,"JORDAN Kids, dantų pastos su dozatoriumi papildymas, 0-5 metai, 150 ml",8.59,https://cdn.barbora.lt/products/034de25f-aeb8-4208-aec1-0d0b7951966c_s.png
Maxima,Miltelių žvakė SENSO,9.99,https://cdn.barbora.lt/products/8b7bb9a1-ac0c-4b1b-ae67-247f5dc0e1c4_s.png
Maxima,"Vyno taurės RONA Lord 510 ml, 6 vnt.",27.99,https://cdn.barbora.lt/products/927bafa9-e928-43a0-8d08-77bb6ff1776d_s.png
Maxima,"Vyno taurės RONA Lord 670 ml, 6 vnt.",29.99,https://cdn.barbora.lt/products/e1f872ba-ce50-4a63-8713-e1374ecd4731_s.png
Maxima,GREEN FEEL'S šampūnas nuo pleiskanų 400ml,5.49,https://cdn.barbora.lt/products/f3164ef1-88ef-4f36-b047-7b54e0e8ad44_s.png
Maxima,"TIRTIR Collagen Lifting Eye Cream paakių kremas, 15 ml",23.99,https://cdn.barbora.lt/products/bf71a71d-3ab1-44f6-a8be-e0d45991d37d_s.png
Maxima,"L'Oréal Paris Men Expert Pure Carbon Total Cleandušo želės, 400 ml",6.99,https://cdn.barbora.lt/products/487a0425-60de-4def-b14d-2cbea59a374f_s.png
Maxima,"Odą skaistinanti dulksna nuo saulės SPF 50+ Vitaminas C, 75 ml",7.19,https://cdn.barbora.lt/products/984e2faf-c6fe-49d6-b8b1-24da2b457385_s.png
Maxima,"MIXA, NIACINAMIDE BRIGHT aliejus su omega 6 ir 9, 100ml. ",9.69,https://cdn.barbora.lt/products/f9f255a4-8790-4dc0-ad2b-84155afa3074_s.png
Maxima,"LLP Interaktyvus pliušinis pandos mažylis, 25 cm",31.19,https://cdn.barbora.lt/products/4af8aed3-3e34-4ecc-86a1-77b36a4c3d0d_s.png
Maxima,"SCRUFF-A-LUVS pliušinis gyvūnėlis, zils, 19 cm",17.99,https://cdn.barbora.lt/products/abc7c4d4-0531-4d78-9ee1-001e69e71a84_s.png
Maxima,"SLIMY Gleivės SUPER BUTTERY, 150 g",5.99,https://cdn.barbora.lt/products/7612e24b-6011-4ef7-a495-4ff1b6113657_s.png
Maxima,"MRBEAST LAB Tampri figūrėlė S3, 3.asort",13.19,https://cdn.barbora.lt/products/ebd17c5a-b541-4dc8-933b-87498e3b5a06_s.png
Maxima,"VG Sensational dušo želė Wild Orchid, 350 ml",8.49,https://cdn.barbora.lt/products/6b34a268-e5a3-4518-aae5-acb44b73804c_s.png
Maxima,"Dr.PAWPAW, WICKED GLIMMER, lūpų pieštukas su rožiniu spindesiu, 3g",5.99,https://cdn.barbora.lt/products/4cce4a3c-9bf8-4545-91b2-150df16ccc7c_s.png
Maxima,"Dantų šepetėlis ORAL-B Pro-3DWhite Advanced, Whitening Clean, Medium, 1 vnt.",3.09,https://cdn.barbora.lt/products/5cdb44e6-d297-4c9b-a9a9-0cee8395784b_s.png
Maxima,"5 SURPRISE miniatiūrų rinkinys My Mini Baby, 1 serija, skirtingi dizainai",9.59,https://cdn.barbora.lt/products/8c1571a9-bbd5-4285-8c56-d225c75e88e6_s.png
Maxima,"	Avių pieno sūris su trumais EL PASTOR, 57 % rieb. s. m., 1 kg",21.99,https://cdn.barbora.lt/products/0a833f19-8064-421b-bd05-9346b1506a66_s.png
Maxima,"RUBBLE & CREW statybinė transporto priemonė Mega Powder Crane, 6073295",15.59,https://cdn.barbora.lt/products/0e30e025-3458-477a-8448-9a0ca661d5e4_s.png
Maxima,"RAINBOCORNS pliušinis žaislas su aksesuarais Eggzania, asort., 92119",20.99,https://cdn.barbora.lt/products/6e389db5-c7b2-42eb-a11d-171184cafea9_s.png
Maxima,"SPONGEBOB pliušinis žaislas, skirtingi dizainai, 73120",5.39,https://cdn.barbora.lt/products/eee95390-0752-4789-9097-6121d8f0fbc6_s.png
Maxima,"Patalynės komplektas 140x200/50x70cm, mašinėlės",15.99,https://cdn.barbora.lt/products/2c79e1a3-f70e-41e1-91bc-c99526cc2a1a_s.png
Maxima,Purškiamas kvapas PIERRE 250 ml,4.99,https://cdn.barbora.lt/products/c75eaae9-d661-409d-b644-dddedb81e2ac_s.png
Maxima,"Verkianti lėlė CRY BABIES, Stitch",4.19,https://cdn.barbora.lt/products/0ce39f6d-1366-4f02-8056-19e30374a369_s.png
Maxima,"Aerozolinis dezodorantas ""FA CALMING Glowing Gardenia"", 150ml",4.49,https://cdn.barbora.lt/products/84b5f0d1-eb2a-4939-9f17-946753170c41_s.png
Maxima,"NIVEA GLOWY LIPS lūpų balzamas, 10 ml",5.99,https://cdn.barbora.lt/products/d56d2509-a2a7-4d55-9257-9bc456711ee5_s.png
Maxima,"Dantų pasta ORAL-B Pro Expert Advanced, Deep Clean, 75 ml",4.39,https://cdn.barbora.lt/products/cef7d08a-2a7e-4544-a0fb-302b0e147ef1_s.png
Maxima,Elektroninis pinbolo žaidimas,27.49,https://cdn.barbora.lt/products/2acd4608-2ad8-4967-a581-6abd82a8e8e8_s.png
Maxima,"Plaukų serumas AUSSIE Oh My Gloss, 160 ml",10.99,https://cdn.barbora.lt/products/ffdb5841-3a08-4355-8b4f-c16d7cac947d_s.png
Maxima,"Skustuvo galvutės GILLETTE FUSION, 12vnt.",56.99,https://cdn.barbora.lt/products/02393fac-5fc3-4be6-a65e-e641191bf2da_s.png
Maxima,"Šaltai rūkytas ROKIŠKIO kiaulienos kumpis, a. r., 350 g",4.49,https://cdn.barbora.lt/products/6e895a7e-3f69-4fbd-8848-c18d985c6ed7_s.png
Maxima,"MAISTO TECH R/C 1:24 valdomas automodelis F1 Oracle Red Bull Racing RB19, 82358",28.13,https://cdn.barbora.lt/products/043f5158-8ae3-4555-bb56-f0209f055dd8_s.png
Maxima,Satininės patalynės komplektas 200x220/2x50x70cm žaliai dryžuota,39.99,https://cdn.barbora.lt/products/e4ce8410-4310-4e8b-a014-557ad24207fb_s.png
Maxima,"Satininės patalynės komplektas 140x200/50x70cm,žalia, dryžuota",24.99,https://cdn.barbora.lt/products/eb47c553-937e-4cc1-93e9-dd18066f581b_s.png
Maxima,"Patalynės komplektas 140x200/50x70cm, mėlynos gėlės",15.99,https://cdn.barbora.lt/products/ec9ee2b9-e3ec-474c-91ae-21ec209492f8_s.png
Maxima,KILIG BB CREAM drėkinamasis veido kremas su atspalviu SPF25 LIGHT 50 ml,14.99,https://cdn.barbora.lt/products/d9a06ce4-3911-46c4-9461-df5f8af42545_s.png
Maxima,"Satininės patalynės komplektas140x200/50x70cm,bijūnai",24.99,https://cdn.barbora.lt/products/8274ccdd-339a-46d0-8b50-eba4a51a4d84_s.png
Maxima,Satininės patalynės komplektas 200x220/2x50x70cm ornamentai,39.99,https://cdn.barbora.lt/products/74d5c8be-692c-4568-9260-c05ce7b9eef3_s.png
Maxima,"Satininės patalynės komplektas 140x200/50x70cm, ornamentai",24.99,https://cdn.barbora.lt/products/fd498be5-3dc8-47e6-883c-3238368a2a85_s.png
Maxima,Satininės patalynės komplektas 140x200/50x70cm t.pilka,34.99,https://cdn.barbora.lt/products/d65d1501-b475-48f7-ad81-fa8316f273a8_s.png
Maxima,"Sojų vaško žvakė CANDLE FAMILY ""PIERRE""",5.49,https://cdn.barbora.lt/products/59ec8087-f62f-428d-b5ee-9644bd2c4977_s.png
Maxima,"Kilpinis rankšluostis 50x90cm, smėlio",5.99,https://cdn.barbora.lt/products/2db49ad6-512f-4649-bb15-5a6dfe9a42da_s.png
Maxima,"Kilpinis rankšluostis 70x130cm, š.ruda",10.99,https://cdn.barbora.lt/products/cff3b808-2cb2-4df1-9316-2e4e2349ca78_s.png
Maxima,"Kilpinis rankšluostis 50x90cm, rusva",7.99,https://cdn.barbora.lt/products/ab12f133-db6d-432b-a613-c241932f4ee7_s.png
Maxima,"L.O.L. SURPRISE EYE SPY Lėlytė, CDU",11.99,https://cdn.barbora.lt/products/2ce3fa00-e8c2-4798-964d-c8d1cedd5688_s.png
Maxima,"L.O.L. SURPRISE EYE SPY Baby Sister Lėlytė, CDU",7.79,https://cdn.barbora.lt/products/f69326c9-f9e3-4bd3-8cbf-ab3f8a14f6df_s.png
Maxima,"Satininė paklodė su guma 200x200+30cm,š.ruda",17.99,https://cdn.barbora.lt/products/4d4b520b-f20b-4b95-a891-5843cbe1808b_s.png
Maxima,"Paklodė su guma 90x200+30cm, balta",7.99,https://cdn.barbora.lt/products/1752de2a-3e13-4f28-95be-6e0f69fa7772_s.png
Maxima,"Satininė paklodė su guma 160x200+30cm,š.ruda",15.99,https://cdn.barbora.lt/products/9ca3ac94-cafd-4e78-9f51-30c09221a3ac_s.png
Maxima,"Paklodė su guma 140x200+30cm,t.pilka",10.99,https://cdn.barbora.lt/products/20a02f97-01de-4cce-8adf-7071cfeff1d5_s.png
Maxima,"Satininė paklodė su guma 90x200+30cm,š.ruda",10.99,https://cdn.barbora.lt/products/85e87c97-bff7-4982-957b-779b5a55bc60_s.png
Maxima,"Satininė paklodė su guma 90x200+30cm, chaki",10.99,https://cdn.barbora.lt/products/ecb4d307-7526-4da9-8be1-3dfa388a32a8_s.png
Maxima,"Satininė paklodė su guma 180x200+30cm,chaki",16.99,https://cdn.barbora.lt/products/7275268c-19ea-4f5d-87db-ecb04d250d0b_s.png
Maxima,Satininė paklodė su guma 180x200+30cm žalia,16.99,https://cdn.barbora.lt/products/421f083b-3438-4dff-a8b3-1037f2f0bc7e_s.png
Maxima,"Satininė paklodė su guma 160x200+30cm,š. ruda",15.99,https://cdn.barbora.lt/products/9ffe98df-0414-4334-a718-5e99f84b7333_s.png
Maxima,"Paklodė su guma 180x200+30cm, balta",12.99,https://cdn.barbora.lt/products/19239e2b-5b80-4333-a245-f092d53a603c_s.png
Maxima,"Paklodė, 180 x 220 cm",8.99,https://cdn.barbora.lt/products/c5ae5977-dfad-410c-b272-579ba36edcaf_s.png
Maxima,"Paklodė, 220 x 240 cm",10.99,https://cdn.barbora.lt/products/2aa1e243-6bd8-443d-8586-aab58982ab40_s.png
Maxima,"Paklodė su guma 160x200+30cm,t.pilka",11.99,https://cdn.barbora.lt/products/b87c4b2c-1073-444d-81f7-876780c87b9e_s.png
Maxima,"ROKIŠKIO kepta kiaulienos nugarinė, įdaryta slyvomis, a. r., 1 kg",11.19,https://cdn.barbora.lt/products/cb7c03b7-035b-4692-bba1-eb9b9a759d84_s.png
Maxima,"Frozen tualetinis vanduo, 30 ml",8.19,https://cdn.barbora.lt/products/6315b68c-8c69-4edb-a7a0-91819bb39d9f_s.png
Maxima,"Unicorn tualetinis vanduo, 30 ml",8.19,https://cdn.barbora.lt/products/14b1fd83-06ad-4c8e-bf28-b5196b76dea6_s.png
Maxima,"Dažom. plaukų kremas PALETTE INTENSIVE COLOR CREM, Nr. 0-00, 1 vnt.",5.49,https://cdn.barbora.lt/products/4dbd0ad4-7586-4fbb-ae67-e91aec69e894_s.png
Maxima,NIVEA tonikas su migdolų aliejumi sausai ir jautriai odai 200ml,5.99,https://cdn.barbora.lt/products/e10025bd-0fcd-4d93-aef7-e56d565c169e_s.png
Maxima,"Dažom. plaukų kremas PALETTE INTENSIVE COLOR CREME, Nr. 1-0, 1 vnt.",5.49,https://cdn.barbora.lt/products/e0776ce0-4d40-426b-8605-18ded501a79c_s.png
Maxima,"Dažom. plaukų kremas PALETTE INTENSIVE COLOR CREME, Nr. 8-0, 1 vnt.",5.49,https://cdn.barbora.lt/products/d763d1a4-0b76-4cb9-a3d2-a19094f0a216_s.png
Maxima,"Skutimosi putos GILLETTE Series Conditioning, 200 ml",4.89,https://cdn.barbora.lt/products/1c757a63-81cc-41fa-a9cf-a166eb2f888d_s.png
Maxima,"Žaidimas KIMBLE (TACTIC), 1 vnt.",8.49,https://cdn.barbora.lt/products/be474828-a61b-4667-bc1f-c8a6cb24afc4_s.png
Maxima,"Vaikų pienelis BUBCHEN, 200 ml",5.59,https://cdn.barbora.lt/products/c59b9bf2-3c86-4fdf-a22c-bcc0b77aea67_s.png
Maxima,"Salono valiklis TURTLE WAX, vanilės kvapo, 500 ml",7.49,https://cdn.barbora.lt/products/ebd3c4ba-46f6-4a22-9425-36ee3027f32e_s.png
Maxima,"Plaukų lakas WELLAFLEX BRILLIANT COLOR, 250 ml",5.39,https://cdn.barbora.lt/products/d7097005-904a-43fd-83a6-412ad1d33a1c_s.png
Maxima,"Blakstienų tušas MAX FACTOR CALORIE 2000 BLACK, juodas, 1 vnt.",13.99,https://cdn.barbora.lt/products/ef7faf86-8c78-466c-8ce0-f8638ccf7c1b_s.png
Maxima,"Kreminė pudra MAX FACTOR LASTING PERFORMANCE, Nr.101, 1 vnt.",18.69,https://cdn.barbora.lt/products/cdf7814a-ca48-486d-88cc-d0361c482187_s.png
Maxima,"Kreminis makiažo pieštukas MAX FACTOR PANSTICK, Nr. 12, 1 vnt.",11.59,https://cdn.barbora.lt/products/9ccedece-5c84-4039-b2f0-f49e53795730_s.png
Maxima,"Kreminis makiažo pieštukas MAX FACTOR PANSTICK, Nr. 14, 1 vnt.",11.59,https://cdn.barbora.lt/products/830b17d1-83df-4bff-bc17-331e764f9ef6_s.png
Maxima,"Lūpų dažai MAX FACTOR LIPFINITY, Nr. 016-GLOWING, 1 vnt.",18.39,https://cdn.barbora.lt/products/f7a702d9-d1bc-4781-bf54-1de8cf7cfcb3_s.png
Maxima,"Plaukų dažai GARNIER COLOR NATURALS, 1 vnt.",4.99,https://cdn.barbora.lt/products/93ab440f-a2c9-4832-9bda-329ca052b691_s.png
Maxima,"Vyriškas tualetinis vanduo BI-ES BRANDY GOLD, 100 ml",6.99,https://cdn.barbora.lt/products/466d161c-9c64-4808-9ece-8295b996135c_s.png
Maxima,"Sėdynių apmušalų valiklis INTERIOR, 500 ml",7.99,https://cdn.barbora.lt/products/b5edd685-a9e0-4825-8461-c852f46410ee_s.png
Maxima,"Lėkštė LUMINARC FESTON, 25 cm, 1 vnt.",2.29,https://cdn.barbora.lt/products/328bec48-eb0d-48c8-8e9b-ff3bba3b0127_s.png
Maxima,"Salotinė LUMINARC FESTON, 16 cm, 1 vnt.",2.09,https://cdn.barbora.lt/products/4c9b674e-cc04-4867-a4df-7b77b943068c_s.png
Maxima,"Paukštienos žirklės FISKARS FUNCTIONAL, 1 vnt.",44.99,https://cdn.barbora.lt/products/7763cfdb-f3a7-407c-8bf7-ff6a3614df56_s.png
Maxima,"Vystyklas, 1 vnt.",2.09,https://cdn.barbora.lt/products/93ab9e81-f62e-4701-8927-861501af1b1d_s.png
Maxima,"Blakstienų tušas RIMMEL EXTRA SUPER LASH BLACK, juodas, 8 ml",5.99,https://cdn.barbora.lt/products/ba9489af-e122-486d-bbce-f83a5a18a336_s.png
Maxima,"Antakių kontūro pieštukas RIMMEL, 1.4 g",4.79,https://cdn.barbora.lt/products/d53a2799-066f-4878-8fbf-8d29e8c683c1_s.png
Maxima,"Odos priežiūros losjonas SONAX, 250ml",12.99,https://cdn.barbora.lt/products/3995e80d-ed38-4cf3-8a44-18cea5304ac5_s.png
Maxima,"Skystoji pudra L'OREAL TRUE MATCH, 30 ml",18.99,https://cdn.barbora.lt/products/fea64a1b-c49d-4230-b9cd-59b7ac893088_s.png
Maxima,"Skystoji pudra L'OREAL TRUE MATCH, Nr. 4N-beige, 30 ml",18.99,https://cdn.barbora.lt/products/e65a7767-00af-441a-ae27-287f00571f9a_s.png
Maxima,"Tualetinis vanduo vyrams UVD, 60 ml",8.79,https://cdn.barbora.lt/products/f3850b7f-00fb-4ab6-93bf-9e37dc8daf38_s.png
Maxima,"Virėjo peilis TESCOMA PRESTO, 17 cm, 1 vnt.",6.99,https://cdn.barbora.lt/products/231be663-9aae-4162-8437-a428eec0ffeb_s.png
Maxima,"Drėgnosios automobilių servetėlės ROTZ, 40 vnt., 40 vnt.",3.49,https://cdn.barbora.lt/products/3c9ecc54-f10c-4b45-93b1-ab5ba569f1c4_s.png
Maxima,"Losjonas po skutimosi GILLETTE Energizing, 100ml",8.99,https://cdn.barbora.lt/products/c0549edd-237c-41a1-852c-d83dbbbde49e_s.png
Maxima,"Plaukų dažai L'OREAL CASTING CREME GLOSS, Nr. 200, 1 vnt.",10.59,https://cdn.barbora.lt/products/d6933ada-f79b-4023-942d-d85cef8f08ca_s.png
Maxima,"Plaukų dažai L'OREAL CASTING, 1 vnt.",10.59,https://cdn.barbora.lt/products/e19d7bc9-689f-4539-b7c5-532806c31aea_s.png
Maxima,"Plaukų dažai L'OREAL CASTING, 1 vnt.",10.59,https://cdn.barbora.lt/products/95648161-4464-44b0-bcf8-8b72c1be46ed_s.png
Maxima,"Parfumuotas vanduo vyrams UVD BLACK, 60 ml",8.79,https://cdn.barbora.lt/products/6d3aa85e-58a3-4e9f-b2ff-77524e70f2a3_s.png
Maxima,"Plaukų dažai L'OREAL EXCELLENCE CREME, Nr. 7, 1 vnt.",6.59,https://cdn.barbora.lt/products/64adcca2-a503-49ec-9521-fb2ed53b5a9e_s.png
Maxima,"Plaukų dažai L'OREAL PREFERENCE, 1 vnt.",13.49,https://cdn.barbora.lt/products/67c4ec22-3043-4492-999d-efad5c110892_s.png
Maxima,"Servetėlės ARMORALL odai valyti, 20 vnt.",3.99,https://cdn.barbora.lt/products/ef1b0a73-a144-41af-8a7d-2045051916b5_s.png
Maxima,"Dantų šepetėlis JORDAN INDIVIDUAL CLEAN SOFT, 1 vnt.",3.79,https://cdn.barbora.lt/products/9458acf2-9a0c-4028-9cdf-551e45cb0b1d_s.png
Maxima,"Stiklinis dangtis TEFAL, 24 cm, 1 vnt.",24.99,https://cdn.barbora.lt/products/23bf1a44-0118-4bfd-9184-913a7bb08275_s.png
Maxima,"Plaukų dažai L'OREAL CASTING CREME GLOSS, Nr. 323, 1 vnt.",10.59,https://cdn.barbora.lt/products/a41a2cbc-3fd7-4247-935f-e748a584696b_s.png
Maxima,NIVEA Klasikinis kremas visai šeimai 100ml,3.99,https://cdn.barbora.lt/products/dcb28468-31e0-4c8a-a44a-5c89ce2d182f_s.png
Maxima,"Vandeniui atsparus blakstienų tušas MAYBELLINE COLOSSAL, 10 ml",12.99,https://cdn.barbora.lt/products/396c72f0-9e88-4f97-9c95-d35d463e6387_s.png
Maxima,"Lėkštė LUMINARC SWEET LINE, 35 x 24 cm",8.99,https://cdn.barbora.lt/products/39e5b7a8-754b-42f1-a220-c435f05c6153_s.png
Maxima,"Salotinė LUMINARC SWEET LINE, 16,5 cm, 1 vnt.",3.99,https://cdn.barbora.lt/products/d0f0c29c-5f5b-43d3-be26-399440091dec_s.png
Maxima,"Skysta pudra L'OREAL TRUE MATCH, 30 ml",18.99,https://cdn.barbora.lt/products/17c87be0-7ce2-4b2b-a86a-8ca7b11baa92_s.png
Maxima,"Tualetinis vanduo AB SEDUCTION IN BLACK, 100 ml",32.99,https://cdn.barbora.lt/products/b4386253-7378-43f0-85e8-165f82d0c687_s.png
Maxima,"Dažomasis plaukų kremas""SYOSS"", 1 vnt.",8.99,https://cdn.barbora.lt/products/ed992539-54b2-4778-b724-8df217cfab7f_s.png
Maxima,"Blakstienų tušas L'OREAL VOLUME EXTRA BLACK, 9 ml",15.99,https://cdn.barbora.lt/products/cbc3dab1-af4b-4e11-90a3-1f705f3683e8_s.png
Maxima,"Savaiminio įdegio kūno dulksna GARNIER , 150 ml",12.29,https://cdn.barbora.lt/products/95ec54c6-4d93-4c04-915d-43697ec71439_s.png
Maxima,"Plaukų dažai GARNIER COLOR NATURALS, Nr. 4.15, 1 vnt.",4.99,https://cdn.barbora.lt/products/fdbd21d9-a637-4b38-af82-63b206969f63_s.png
Maxima,"Plaukų dažai L'OREAL CASTING CREME GLOSS, Nr. 513, 1 vnt.",10.59,https://cdn.barbora.lt/products/6ecc520f-5109-4126-833f-2303df82f404_s.png
Maxima,"Vyriškas tualetinis vanduo ANTONIO BANDERAS GOLDEN SECRET, 100 ml",33.49,https://cdn.barbora.lt/products/83cdd555-6b8a-4d48-b67a-98d17fbf829c_s.png
Maxima,"Blakstienų tušas MAX FACTOR MASTERPIECE MAX BLACK, juodas, 1 vnt.",17.19,https://cdn.barbora.lt/products/313bc23e-6a16-4c9f-9444-77d697c106df_s.png
Maxima,"Birių produktų indas HAMBURG, 2500 ml, 1 vnt.",7.99,https://cdn.barbora.lt/products/817c1edd-f403-48a7-9e29-1662a38efd10_s.png
Maxima,"L′ORÉAL PARIS, EXCELLENCE CREME, ilgalaikiai plaukų dažai, 7.43 Vario auksinė blondinė, 1 vnt.",4.49,https://cdn.barbora.lt/products/84d47299-f447-4503-9df1-f7f460328e78_s.png
Maxima,"Vyriškas rutulinis dezodorantas FA MEN INVISIBLE, 50 ml",4.49,https://cdn.barbora.lt/products/d471e4e9-7374-4025-bfe3-b133832d04fe_s.png
Maxima,"Maskuojamasis pieštukas MAYBELLINE FIT ME, 1 vnt.",10.99,https://cdn.barbora.lt/products/f94f5eb8-db0d-47d5-b2fc-d1c951e623f1_s.png
Maxima,"Akių kontūrų pieštukas MAYBELLINE MASTER PRECISE, juodas, 1 vnt.",11.59,https://cdn.barbora.lt/products/5f39530d-a15d-4c47-a737-48c7e1f3cf73_s.png
Maxima,"Tualetinis vanduo vyrams UVD NIGHT, 60 ml",8.79,https://cdn.barbora.lt/products/b9ed3f9b-585c-442f-871d-5876be6aaa2b_s.png
Maxima,"NIVEA CELLULAR ""EXPERT FILLER“ AKIŲ IR LŪPŲ KONTŪRO KREMAS, 15 ml",17.99,https://cdn.barbora.lt/products/8439c77b-65ba-4d18-b1b5-acc85062a2c1_s.png
Maxima,"Plaukų dažai L'OREAL PREFERENCE PLATINUM EXTREME, 1 vnt.",13.49,https://cdn.barbora.lt/products/29f76d8b-e8a2-4d36-9dc2-f845b742b37e_s.png
Maxima,"NIVEA MEN Losjonas po skutimosi PROTECT&CARE, 100 ml",11.99,https://cdn.barbora.lt/products/13dd0f80-fc35-456a-9c49-e72f8da8b61e_s.png
Maxima,"Dieninis veido kremas L'OREAL REVITALIFT LASER, 50 ml",12.99,https://cdn.barbora.lt/products/81b7d978-3ecb-495b-aaec-2740552f4223_s.png
Maxima,"Servetėlės kilimėliams ir sėdynėms valyti ARMORALL, 20 vnt., 1 vnt.",3.99,https://cdn.barbora.lt/products/f5ff7060-931f-4732-ae9c-bb8f6a875604_s.png
Maxima,"Stalo žaidimas LAŽINKIMĖS?, 1 vnt.",13.99,https://cdn.barbora.lt/products/dfee0c9b-6b12-4438-afc2-104daa9ee4ef_s.png
Maxima,"Higieniniai paketai BELLA HERBS TILIA, 12 vnt.",1.35,https://cdn.barbora.lt/products/b3b99f6e-0031-4799-9dd0-b24fca183b43_s.png
Maxima,"Kūno šveitiklis NATURA SIBERICA OBLEPIKHA su medumi, 300 ml",8.59,https://cdn.barbora.lt/products/f5a49d84-e3f5-415d-ae9f-6229f0cf0aed_s.png
Maxima,"Plaukų šampūnas-šveitiklis NATURA SIBERICA OBLEPIKHA, 200 ml",9.29,https://cdn.barbora.lt/products/124f7cdf-ab76-4b1c-b369-823158eff446_s.png
Maxima,"Pažeistų plaukų balzamas OPLEPIKHA SIBERICA, 400 ml",9.29,https://cdn.barbora.lt/products/888a9a15-6f0c-47d3-bfe8-93e4cb5bcd64_s.png
Maxima,"Lėkštė LUMINARC CARINE, 19,5 cm, 1 vnt.",2.69,https://cdn.barbora.lt/products/d29fd176-e902-4959-aa94-9daab7db0cd4_s.png
Maxima,"Stalo žaidimas TACTIC IKNOW, lietuvių kalba, 1 vnt.",17.99,https://cdn.barbora.lt/products/b0972f6e-bf2f-47a3-b254-fa45bf8e6b12_s.png
Maxima,"Miltelinis gesintuvas, 1 kg, 1 vnt.",17.99,https://cdn.barbora.lt/products/49c9db55-7897-4198-b54e-14365b1968e3_s.png
Maxima,"Plaukų dažai L'OREAL PREFERENCE 11.11, 1 vnt.",13.49,https://cdn.barbora.lt/products/7931df30-a1fc-432f-a7a7-bb321053d353_s.png
Maxima,"Rutulinis dezodorantas NATURA AMICA NEUTRAL, 75 ml",7.79,https://cdn.barbora.lt/products/da61f6b6-5c15-494b-b5f0-fd2bae8be506_s.png
Maxima,"Skustukas FISKARS FIXED BLADE, 1 vnt.",12.99,https://cdn.barbora.lt/products/d0572b6f-be0c-4d27-b587-0d54550c1516_s.png
Maxima,"Valymo šluostės ARMORALL, 3 vnt., 3 vnt.",5.99,https://cdn.barbora.lt/products/9d8f117a-38b2-43a5-bbe8-bf14980345ea_s.png
Maxima,"Plaukų lakas JOHN FRIEDA VOLUME, 250 ml",10.99,https://cdn.barbora.lt/products/eb9c4592-ab7e-4f08-9c43-a8ac99f2ad41_s.png
Maxima,"Plaukų balzamas JOHN FRIEDA FRIZZ EASE, 250 ml",9.99,https://cdn.barbora.lt/products/050768ac-6c97-4e66-b110-273842df21ca_s.png
Maxima,"Vandeniui atsparus blakstienų tušas MAYBELLINE LASH SENSAT., 9.5 ml",13.89,https://cdn.barbora.lt/products/f5b27dff-9367-444f-ad99-bef52159f197_s.png
Maxima,"Plaukų dažai L'OREAL EXCELLENCE CREME, Nr. 100, 1 vnt.",6.59,https://cdn.barbora.lt/products/174ffeb1-6da0-4c64-bfdc-a750539bf396_s.png
Maxima,"Moteriškas tualetinis vanduo BI-ES LASERRE, 100 ml",7.99,https://cdn.barbora.lt/products/4000c7a2-9937-490f-857f-4afb9067ccf7_s.png
Maxima,"Vyriškas kremas NATURA SIBERICA LOKIO JĖGA drėkinantis , 50 ml",12.09,https://cdn.barbora.lt/products/37c27d36-b485-40b3-8e9d-6cda4237d2ee_s.png
Maxima,"Vyr. tonizuojamasis veido kremas NATURA SIBERICA VILKO GALIA, 50 ml",11.79,https://cdn.barbora.lt/products/a0fa54c1-2cf9-4479-87b0-458057879aa7_s.png
Maxima,SEBAMED HAIR CARE atkuriamasis kondicionierius,10.59,https://cdn.barbora.lt/products/53f8437c-8dc9-4c8c-853b-91900e3262e0_s.png
Maxima,"Stalo žaidimas TACTIC LAŽINKIMĖS? VAKARĖLIO VERSIJA, 1 vnt.",13.49,https://cdn.barbora.lt/products/7c9624b8-ae41-4382-b7c8-a4a68ff68b8f_s.png
Maxima,"Automobilių oro gaiviklis AREON MELON, 35 ml",4.29,https://cdn.barbora.lt/products/5006cc3e-9d00-4eac-a743-6835b1146eae_s.png
Maxima,"Vyriškas veido kremas LOREAL MEN EXPERT, 50 ml",9.39,https://cdn.barbora.lt/products/a1ef8e26-9fac-442e-b893-ba4933730867_s.png
Maxima,"Puodas RAVA BOLLIRE, 20 cm, 1 vnt.",21.99,https://cdn.barbora.lt/products/9c306dcc-7d8b-4d3d-93f0-3063be22c233_s.png
Maxima,"Lėlė BARBIE KENAS MADISTAS, 1 vnt.",10.79,https://cdn.barbora.lt/products/b61427f3-56b2-4516-a215-557b5f6b0b90_s.png
Maxima,"Kūno kremas O.SHOP ROŽINIS NEFELIUMAS, 250 ml",3.99,https://cdn.barbora.lt/products/d1cd47e6-6bcf-4ebe-ab9c-4229b6124775_s.png
Maxima,"Vyriška dušo želė DOVE COOL FRESH MEN, 400 ml",6.39,https://cdn.barbora.lt/products/f3ce6a02-83d1-4eb2-aa3f-9e79a87cc460_s.png
Maxima,"Padangų valiklis-aerozolis TURTLE WAX, 500 ml",9.99,https://cdn.barbora.lt/products/883f7613-48e5-4bb0-a380-5cb5c34e1a20_s.png
Maxima,"Paakių kremas L'OREAL REVITALIFT FILLER, 15 ml",12.99,https://cdn.barbora.lt/products/d6ed7bbe-0b48-472d-a715-4b853c22993a_s.png
Maxima,"Antakių šešėliai RIMMEL Nr. 2, 2 g",6.39,https://cdn.barbora.lt/products/d2fbbf27-34ba-4916-92ba-38fafc1c988e_s.png
Maxima,"Dušo želė SEBAMED SPA SHOWER, 200 ml",6.99,https://cdn.barbora.lt/products/72046ef2-0bd0-43a5-b362-3f480bce64ce_s.png
Maxima,"Kūdikių apsauginis veido kremas SEBAMED, 50 ml",13.25,https://cdn.barbora.lt/products/86e9e645-44a3-45bd-af33-0908deae4ae7_s.png
Maxima,"Plaukų putos INTESA, 200 ml",2.39,https://cdn.barbora.lt/products/af4bfc2a-ceee-4370-84bc-8588d08c9fe3_s.png
Maxima,"Skystasis makiažo pagrindas MAYBELLINE FIT ME, Nr. 115-ivory, 30 ml",12.49,https://cdn.barbora.lt/products/619999ee-3228-4c11-9d2a-b8c242461fe1_s.png
Maxima,"Skystasis makiažo pagrindas MAYBELLINE FIT ME, Nr. 105, 30 ml",12.49,https://cdn.barbora.lt/products/a318e55c-fbef-4606-a078-db26143a2b2a_s.png
Maxima,"Dažom. plaukų kremas PALETTE INTENSIVE COLOR CRE, Nr. 12-46, 1 vnt.",5.49,https://cdn.barbora.lt/products/6bb0cbd5-7d9e-4dc8-a6b6-ec8241f23ede_s.png
Maxima,"Plaukų šampūnas OGX su keratino aliejumi, 385 ml",13.99,https://cdn.barbora.lt/products/81e3a2ba-9cb1-4473-b9d3-283cbbb6809c_s.png
Maxima,"Blakstienų tušas RIMMEL (EXTRA SUPER LASH), juodas, 12 ml",5.99,https://cdn.barbora.lt/products/6891b8fc-bc60-44eb-9e7e-819da2126742_s.png
Maxima,"Kūdikių prausiklis SEBAMED, 400 ml",13.29,https://cdn.barbora.lt/products/379ba3e3-e00b-437a-b6e0-3d38c966eb01_s.png
Maxima,"Švelnus šveitiklis probleminei odai SEBAMED CLEAR FACE, 150 ml",13.79,https://cdn.barbora.lt/products/781fb9d8-461e-4710-b526-5d617b304186_s.png
Maxima,SEBAMED SENSITIVESKIN švelnus veido prausiklis riebiai ir mišriai odai,14.69,https://cdn.barbora.lt/products/5ea96db1-b01f-4213-b1d2-0449f61334a6_s.png
Maxima,"Automodelių rinkinys CARS 3, 1 vnt.",13.19,https://cdn.barbora.lt/products/5106e572-cb68-4592-b0b8-35259b6b6966_s.png
Maxima,"Dažomasis plaukų šaknų purškiklis SYOSS ROOT RETOUCH,šviesus, 120 ml",9.29,https://cdn.barbora.lt/products/41167ae8-2366-40c7-8709-5f9c50fb5cba_s.png
Maxima,"Kilimėlių ir užtiesalų valiklis TURTLE WAX, 400 ml",10.49,https://cdn.barbora.lt/products/1693641d-e2a3-46ce-b82f-3a8f4e606eec_s.png
Maxima,"Dušo želė FA MEN SPORT ENERGY BOOST, 400 ml",4.99,https://cdn.barbora.lt/products/3b7cc8d2-4158-433b-9eb6-07097adb1d71_s.png
Maxima,"Jautrios odos veido kremas LUMENE (KLASSIKKO), 50 ml",8.99,https://cdn.barbora.lt/products/44db3a5e-08d9-447f-b9c7-7410f26c6481_s.png
Maxima,"NIVEA Q10 ANTI-WRINKLE POWER REVITALIZUOJANTIS AKIŲ SRITIES KREMAS, 15 ml",17.99,https://cdn.barbora.lt/products/0c001f77-07b3-400e-9c14-28f51bec160a_s.png
Maxima,"Stangrinamasis dieninis veido kremas NIVEA 45+ nuo raukšlių, 50 ml",11.19,https://cdn.barbora.lt/products/33e7092b-dd61-499c-8a71-27317a5c5c78_s.png
Maxima,"Veido šveitiklis GARNIER SKINACTIVEN, 150 ml",4.79,https://cdn.barbora.lt/products/6c44237e-b810-43df-a295-c50d6f9d3eae_s.png
Maxima,"Vyriškas skustuvas LASER SUPER CLICK, 1 vnt.",1.55,https://cdn.barbora.lt/products/2be73f50-f4ef-4d89-8713-92a8620acf29_s.png
Maxima,Kuro sistemos valiklis AtomEx Multi Cleaner (Benzinui),15.99,https://cdn.barbora.lt/products/cf455af6-ae6f-4191-ba8b-377a0b972c4e_s.png
Maxima,"Gertuvė SISTEMA, 600 ml",13.99,https://cdn.barbora.lt/products/bfad8314-cea3-4ead-8f56-facb5f090fa1_s.png
Maxima,"Peilis UNIWELL SALI, 1 vnt.",1.49,https://cdn.barbora.lt/products/be7414d8-5029-41f1-9e59-4346ebbcac57_s.png
Maxima,"Peilis UNIWELL HELLEBORE, 1 vnt.",2.49,https://cdn.barbora.lt/products/337deb18-96b7-4968-bd3d-dc7ba2ff1466_s.png
Maxima,"Blakstienų tušas L'OREAL VOLUMISSIME ROYALE, juodas, 7.5 ml",11.29,https://cdn.barbora.lt/products/d24c3eb4-07e4-45f7-a18a-9a6434f0c96c_s.png
Maxima,"NIVEA MEN Losjonas po skutimosi DEEP, 100 ml",11.99,https://cdn.barbora.lt/products/551231d6-b9ef-4dbe-8ebe-17913968f162_s.png
Maxima,L'Oréal Paris Preference Plaukų dažai  8.23 SANTORINI,13.49,https://cdn.barbora.lt/products/dcf9e1ea-9202-471f-9295-9b3f33bfd718_s.png
Maxima,"Naktiniai higieniniai paketai BELLA IDEALE, 14 vnt., 14 vnt.",2.29,https://cdn.barbora.lt/products/d1fa2b6e-fa86-487b-8368-256786609250_s.png
Maxima,"Plaukų vaškas WELLA SHOCKWAVES INDIE, 75 ml",4.59,https://cdn.barbora.lt/products/c21e38cc-3acc-4b8a-a527-0a48efef6c24_s.png
Maxima,"Veido kremas NEUTROGENA HYDROBOOST SPF25, 50 ml",19.99,https://cdn.barbora.lt/products/bead25e5-fc42-4be4-9a62-30d14e41e42c_s.png
Maxima,"Sintetinė alyva WOLVER ULTRATEC SAE 5W-40, 1 l",7.99,https://cdn.barbora.lt/products/79c251d4-9d36-4230-b333-5f77acceade2_s.png
Maxima,"Plaukų modeliavimo pasta SYOSS Matt Cream, 100ml",8.99,https://cdn.barbora.lt/products/e39a8bb1-a0c9-458f-af22-8979fd66ee6b_s.png
Maxima,"Vyriškas veido prausiklis VĖJAS su gintaro ekstraktu, 150 ml",4.99,https://cdn.barbora.lt/products/a8a4359b-4a5b-4084-88d8-edeb760b79be_s.png
Maxima,"Vyriškas kūno prausiklis VĖJAS su gintaro ekstraktu, 250 ml",3.39,https://cdn.barbora.lt/products/180773b0-312d-44ca-96be-8ed979eb4d7b_s.png
Maxima,"Vyriškas kūno prausiklis VĖJAS su alavijų ekstraktu, 250 ml",3.39,https://cdn.barbora.lt/products/0214b19b-8e9e-4fbe-8ebd-e73ea40628de_s.png
Maxima,"Keptuvė FISKARS FUNCTIONAL FORM, 26 cm, 1 vnt.",49.99,https://cdn.barbora.lt/products/414f031f-5acc-4107-9403-7ef28c5a227d_s.png
Maxima,"Puodas FISKARS FUNCTIONAL FORM, 3 l",82.99,https://cdn.barbora.lt/products/5f7f0065-9650-4d11-aaf9-ebea26137638_s.png
Maxima,"Lakštinė paakių kaukė GARNIER, 1 vnt.",1.39,https://cdn.barbora.lt/products/29db56e2-efe2-4462-ad81-a62e7ec4d5e3_s.png
Maxima,"Raminamasis veido kremas BIODERMA SENSIBIO FORTE, 40 ml",18.39,https://cdn.barbora.lt/products/0e5efafc-6047-4759-b6f3-3850fdf1c0ef_s.png
Maxima,Kūno šveitiklis ORGANIC SHOP RASPBERRY 250 ml,4.99,https://cdn.barbora.lt/products/bbdb09ba-485f-4771-a425-94424400f679_s.png
Maxima,"„Veet Professional“, kojų ir kūno depiliavimo vaško juostelės, skirtos jautriai odai, 40 vnt.",17.59,https://cdn.barbora.lt/products/75a75195-89e5-4bfe-a49d-a890b2d5e992_s.png
Maxima,"Plaukų šampūnas ORGANIC SHOP ARGANAS&AMLA, 280 ml",3.89,https://cdn.barbora.lt/products/beced673-d3f7-4b61-90d8-1efce128ece0_s.png
Maxima,"Lėkštė AURORA WHITE HOME CLASSIC, 26,5cm",3.99,https://cdn.barbora.lt/products/c41532aa-030d-49c3-a798-4d7235ed7685_s.png
Maxima,"Lėkštė AURORA WHITE HOME COUPE, 20,5 cm, 1 vnt.",2.59,https://cdn.barbora.lt/products/e5754f02-c696-4b07-a952-1fb6f7d7f11b_s.png
Maxima,"NIVEA odą tausojantis micelinis vanduo su aminorūgštimi ir migdolų aliejumi sausai odai, 400 ml",8.79,https://cdn.barbora.lt/products/943285a1-6ba4-4634-9088-faee30830dc2_s.png
Maxima,"Veido prausiklis BIODERMA SENSIBIO, 200ml",17.15,https://cdn.barbora.lt/products/c75a5559-4660-4f6c-a8c9-55790352b4f2_s.png
Maxima,"NIVEA CELLULAR „EXPERT LIFT” naktinis kremas, 50 ml",21.49,https://cdn.barbora.lt/products/34d42fac-4d21-489e-aa9f-74e66e9b5c90_s.png
Maxima,"Automobilio stiklo valytuvas BOSCH AEROECO be rėmo, 45 cm, 1 vnt.",9.99,https://cdn.barbora.lt/products/2cffb0e3-672c-4756-ade4-7f82e787cd4d_s.png
Maxima,"Lėkštė LUMINARC DIWALI, 25 cm, 1 vnt.",3.29,https://cdn.barbora.lt/products/b2a06dfe-9ae5-44aa-add1-4b1fca6d2573_s.png
Maxima,"Lėkštė LUMINARC DIWALI, 25 cm, 1 vnt.",2.99,https://cdn.barbora.lt/products/1fcebad7-26e4-4f9b-a3aa-08a3b3f09404_s.png
Maxima,"Sriubos lėkštė LUMINARC DIWALI, 20 cm, 1 vnt.",2.99,https://cdn.barbora.lt/products/a93436b4-066e-498c-91b7-b9e308459ea5_s.png
Maxima,"Lėlytė POLLY POCKET, 1 vnt.",3.59,https://cdn.barbora.lt/products/e93631b5-dd14-4faf-83ea-308eb9ed5f9f_s.png
Maxima,"Lūpų pieštukas MAYBELLINE COLOR SENS., N56, 1 vnt.",8.29,https://cdn.barbora.lt/products/fea0b449-abb6-40a1-83da-882db1f9fa0c_s.png
Maxima,"NIVEA MicellAIR Skin Breathe veido, akių ir lūpų srities micelinis vanduo su rožių vandeniu, 400 ml",9.59,https://cdn.barbora.lt/products/0f824ccc-e6d9-4dc3-b4f0-9bcab5ebbcef_s.png
Maxima,"Valomosios putos FILORGA MOUSSE, 150ml",24.99,https://cdn.barbora.lt/products/18869dc3-dd77-44f1-adf7-ef44856898e4_s.png
Maxima,"Depiliacinės veido juostelės SILKIA, 20 vnt., 20 vnt.",5.49,https://cdn.barbora.lt/products/54885cc0-5185-403a-872e-3f0dbbc71b93_s.png
Maxima,"Depiliacinės bikinio juostelės SILKIA, 20 vnt., 20 vnt.",5.99,https://cdn.barbora.lt/products/78168f78-b593-478e-a9d6-c2e0c8519d3a_s.png
Maxima,"Automobilių oro gaiviklis AREON PEARLS SPORT LUX SILVER, 1 vnt.",3.39,https://cdn.barbora.lt/products/56e12bc2-e815-4ecb-a4eb-e0e93c52011a_s.png
Maxima,"Automobilių oro gaiviklis AREON PEARLS SPORT LUX PLATINUM, 1 vnt.",3.39,https://cdn.barbora.lt/products/2b25656a-19c6-450f-af4e-b3165a3fd493_s.png
Maxima,"Vaikiškas kūno prausiklis JOHNSON'S BABY BEDTIME, 500 ml",5.99,https://cdn.barbora.lt/products/f616796c-f858-4cb8-9ce3-8ec1d10b98de_s.png
Maxima,"Kompaktinė pudra MAYBELLINE FIT ME, Nr. 120-CLASSIC IVORY, 9 g",11.59,https://cdn.barbora.lt/products/bdd43d19-2ccc-421c-8584-b92edbce0b64_s.png
Maxima,Žaidimų rinkinys [GF033,19.99,https://cdn.barbora.lt/products/c7adcf59-21e1-4f35-b87e-1616d7dc96f6_s.png
Maxima,"Plaukų dažai L'OREAL CASTING CREME GLOSS, Nr. 3102, 1 vnt.",10.59,https://cdn.barbora.lt/products/19690e41-778f-41b5-9bdb-5a492953eb76_s.png
Maxima,L'Oréal Paris Excellence Creme plaukų daž.9.3 Very Light Golden Blonde,6.59,https://cdn.barbora.lt/products/bacf62f6-ae9e-4edc-a239-09c494bdb91d_s.png
Maxima,"NIVEA Q10 ANTI-WRINKLE EXTRA NOURISH kremas, 50 ml",18.99,https://cdn.barbora.lt/products/456abe42-4fce-4978-b019-74063b659dc3_s.png
Maxima,"Plaukų balzamas silpniems plaukams SUPER SIBERICA, 400 ml",8.99,https://cdn.barbora.lt/products/4620901a-3dce-49a7-ad8e-dcf9737f799f_s.png
Maxima,"Silpnų plaukų kaukė SUPER SIBERICA, 300 ml",12.99,https://cdn.barbora.lt/products/f96584ae-6f2d-42aa-a16d-aa3334130bda_s.png
Maxima,"Drėkinamoji veido kaukė FILORGA HYDRA-FILLER MASK, 20 ml",9.99,https://cdn.barbora.lt/products/2a342c60-ece2-451e-ba88-9801be9fb789_s.png
Maxima,"Dantų priežiūros rinkinys RAPID WHITE „BLEACHING POWER SET“, 1 vnt.",21.99,https://cdn.barbora.lt/products/4fae9ddd-ff92-47d4-a36d-0979703c1ba5_s.png
Maxima,"Dažomasis plaukų kremas PALETTE DELUXE, Nr. U71, 1 vnt.",7.79,https://cdn.barbora.lt/products/df0618da-5704-481b-9888-febef26d6ba0_s.png
Maxima,"Plaukų dažai GLISS COLOR, Nr. 1-0, 1 vnt.",4.49,https://cdn.barbora.lt/products/6cd8ad69-6b14-4ab9-a1d0-f47b6a646baa_s.png
Maxima,KILIG HYDRATING intensyviai drėkinantis gelinis paakių kremas 15 ml,10.59,https://cdn.barbora.lt/products/c26686c3-f943-452b-b018-1d9baedada15_s.png
Maxima,"Purškiamas dezodorantas OLD SPICE Deep Sea, 150ml",3.15,https://cdn.barbora.lt/products/f82dca13-ee02-44de-83fe-c56331e444a3_s.png
Maxima,"Trasa su dviguba kilpa HOT WHEELS, 1 vnt.",34.79,https://cdn.barbora.lt/products/32d47187-1e3c-470b-a7ae-53f1615d0618_s.png
Maxima,Plaukų dažai GLISS COLOR[8-1,4.49,https://cdn.barbora.lt/products/780ec6e2-ff38-4184-9acb-4d6989e81dfa_s.png
Maxima,"Vienkartinių įrankių rinkinys ILAJA, 1 asm.",0.49,https://cdn.barbora.lt/products/7330c3a7-b090-44ed-94c9-62c6a8d3472a_s.png
Maxima,"Veido kaukė GARNIER, 1 vnt.",2.09,https://cdn.barbora.lt/products/57ab9d9a-8321-40cb-9b52-2b42de6bce3b_s.png
Maxima,"Skystieji lūpų dažai MAYBELLIN , Nr.155, 1 vnt.",13.49,https://cdn.barbora.lt/products/bdf9890c-6aa3-41a8-b880-1c2dda286119_s.png
Maxima,"Universaliosios mikropluošto šluostės TURTLE WAX, 3 vnt.",9.99,https://cdn.barbora.lt/products/128a71b8-bc20-436c-80a5-ea9f9e5c3eb7_s.png
Maxima,"Prieš raukšlinis naktinis kremas FILORGA TIME-FILLER NIGHT, 50 ml.",66.49,https://cdn.barbora.lt/products/32feb9c1-b6fa-4dd1-b9d8-ee8acee8e7d6_s.png
Maxima,"Salono apdailos ir liečiamų ekranų valiklis, 500 ml",3.49,https://cdn.barbora.lt/products/6e3cb254-f70f-4ec7-bfab-81515905518d_s.png
Maxima,"Kūno šveitiklis BEAUTY JAR ALOHA, HAWAII, 200 g",4.59,https://cdn.barbora.lt/products/551bfebe-1376-4b5d-920c-93058daa0932_s.png
Maxima,"Kūno šveitiklis BEAUTY JAR GREEN ORANGE, 200 g",4.59,https://cdn.barbora.lt/products/ac360e5e-46d9-4699-99b5-5e3434a8499d_s.png
Maxima,"Automobilių oro gaiviklis AMBI PUR OLD SPICE, 2 ml",5.99,https://cdn.barbora.lt/products/c8d39b01-49b6-4326-9fd1-eaa5fb3db29d_s.png
Maxima,"Antakių pieštukas L'OREAL BROW ARTIST ,105brun, 1 vnt.",9.99,https://cdn.barbora.lt/products/f52d7205-9442-47f9-95a8-4baac944de0d_s.png
Maxima,"Bambukinis dantų šepetėlis HUMBLE BRUSH PROUD, 1 vnt.",4.19,https://cdn.barbora.lt/products/3e4f4ec0-523c-4d77-aeb7-a7208a89882c_s.png
Maxima,"Serviravimo lėkštė FRIENDS TIME, 29 cm",7.99,https://cdn.barbora.lt/products/3ca81eb5-b4c0-46da-83c4-b86ebb9d4b1e_s.png
Maxima,"Moteriškas pieštukinis antiperspirantas SECRET Delicate, 40ml",4.29,https://cdn.barbora.lt/products/e621cd93-ca2a-4a97-a4c1-49ab9c514a40_s.png
Maxima,"Moteriškas kreminis antiperspirantas SECRET Delicate, 40ml",4.29,https://cdn.barbora.lt/products/798839e3-e6ea-480e-813c-ccdad8c511be_s.png
Maxima,"Lūpų pieštukas L'OREAL, Nr. 362, 1 vnt.",7.19,https://cdn.barbora.lt/products/b0254bda-90ac-4baa-929e-bc9fb56a73a3_s.png
Maxima,"Lūpų blizgis MAYBELLINE, Nr. 001-PEARL, 1 vnt.",11.99,https://cdn.barbora.lt/products/9fe012f2-8775-4b02-a82b-464e07f27330_s.png
Maxima,"Lūpų blizgis MAYBELLINE, Nr. 004-SILK, 1 vnt.",11.99,https://cdn.barbora.lt/products/be11c1c5-9b45-461c-83e4-834b5f895e8b_s.png
Maxima,"Kūno šveitiklis GEOMAR DERMO LEVIGANTE, 600 g",10.99,https://cdn.barbora.lt/products/b2574b90-9a7e-4504-bab5-38d3108ad6be_s.png
Maxima,"Kūno šveitiklis GEOMAR RIMODELLANTE, 600 g",10.99,https://cdn.barbora.lt/products/d369013b-ba02-429d-a1f9-541c2d6561ca_s.png
Maxima,"Kūno šveitiklis GEOMAR ANTI-FATICA, 600 g",10.99,https://cdn.barbora.lt/products/30e2efe5-4af5-4d22-878d-68c3e0a277b9_s.png
Maxima,"Keptuvė SIMPLY CLEAN, 24 cm, 1 vnt.",23.99,https://cdn.barbora.lt/products/0c3b2b55-8ab8-4c2d-af28-ee5a1de0ee52_s.png
Maxima,"Keptuvė SIMPLY CLEAN, 26 cm, 1 vnt.",26.99,https://cdn.barbora.lt/products/2b4742f4-014d-49e2-8326-783ea2f0d276_s.png
Maxima,"Keptuvė SIMPLY CLEAN, 28 cm, 1 vnt.",28.99,https://cdn.barbora.lt/products/aea15181-81f0-45ec-bffd-68d5b5af6f49_s.png
Maxima,"Elektrinio dantų šepetėlio galvutės JORDAN SENSITIVE, 2 vnt.",14.99,https://cdn.barbora.lt/products/e1d53082-3da7-4fae-bcf8-cc07d2ddb917_s.png
Maxima,MARGARITA SENSITIVE SKIN raminamasis veido kremas su beržų sula ir vaistažolių ekstraktais 50 ml,7.99,https://cdn.barbora.lt/products/dd3a7968-e0d8-48fd-b294-228030b3287d_s.png
Maxima,"Lūpų dažai L'OREAL, Nr. 632, GREIGE AMOUREUX, 1 vnt.",13.99,https://cdn.barbora.lt/products/02bec04d-d35f-4414-a05a-5e3e286cfad9_s.png
Maxima,"Kompaktinė pudra MAYBELLINE FIT ME , Nr. 090, 1 vnt.",11.59,https://cdn.barbora.lt/products/cbf28a73-f80c-47ab-bf96-c5f3b1a7ed4a_s.png
Maxima,"Veido tonikas L'OREAL HYALURON SPECIALIST, 200 ml",4.99,https://cdn.barbora.lt/products/018b6246-2193-4bab-8781-9404e0642df7_s.png
Maxima,"Plaukų šampūnas GLISS Blonde Hair Perfector, 250 ml",3.24,https://cdn.barbora.lt/products/5689f10a-c005-419b-ab4f-4b0f2601ea31_s.png
Maxima,"Antakių pieštukas MAYBELLINE ULTRA SLIM, Nr. 02, 1 vnt.",9.59,https://cdn.barbora.lt/products/ac848b9d-2ff5-4d63-b341-54e4854037c0_s.png
Maxima,"Antakių pieštukas MAYBELLINE ULTRA SLIM, Nr. 07, 1 vnt.",9.59,https://cdn.barbora.lt/products/cf0dcb26-ed36-4fe9-8eef-f5479dac7ad2_s.png
Maxima,"NIVEA MEN HYALURON drėkinantis veido kremas su SPF 15, 50 ml",13.49,https://cdn.barbora.lt/products/61588ebe-a5c9-464d-ab96-959395ada242_s.png
Maxima,"Vyriškos skutimosi putos NIVEA MEN FRESH KICK, 200 ml",5.49,https://cdn.barbora.lt/products/d9f8b6a6-f183-47db-87c4-331f263ee404_s.png
Maxima,"Atkuriamoji plaukų priemonė GLISS Ultimate Repair 7 seconds, 200 ml",5.99,https://cdn.barbora.lt/products/756a7c93-ee26-4d29-8d6a-432f127f66c9_s.png
Maxima,"Vyriškas sisteminis skustuvas BIC FLEX5 HYBRID, 2galv., 1 vnt.",10.09,https://cdn.barbora.lt/products/66bd37d3-ca56-47ec-a1d8-9024ef685f4f_s.png
Maxima,"Vyriškas sisteminis skustuvas BIC FLEX3EASY HYBRID, 4 galv., 1 vnt.",7.59,https://cdn.barbora.lt/products/da953879-a646-4496-a1cc-deebbf0327f5_s.png
Maxima,"Vyriškas sisteminis skustuvas BIC FLEX3 HYBR.SENSIT., 2galv., 1 vnt.",7.99,https://cdn.barbora.lt/products/9bf91461-8861-4915-9f91-712bd830a407_s.png
Maxima,"Moteriško skustuvo galvutės BIC CLICK3SOLEIL SENSIT., 4 vnt., 4 vnt.",7.99,https://cdn.barbora.lt/products/0c495af7-260e-4a8d-9ccf-092609f7b7c7_s.png
Maxima,"Transporto priemonė HOT WHEELS RYKLYS, 1 vnt.",19.79,https://cdn.barbora.lt/products/941710a8-2d64-4a36-ac87-d3fb204c9da1_s.png
Maxima,"Žaidimų konsolė FISHER PRICE, 1 vnt.",19.19,https://cdn.barbora.lt/products/f673de8d-b943-4c68-baf9-fc730783babc_s.png
Maxima,"Savaiminio įdegio kūno putos GARNIER AMBRE SOLAIRE, 200 ml",13.29,https://cdn.barbora.lt/products/7befe128-c35c-420e-a803-25a75fa09f5e_s.png
Maxima,KILIG HYDRATING intensyviai drėkinanti veido dulksna 100 ml,9.55,https://cdn.barbora.lt/products/87fb1c05-02f2-47cb-8dfc-a81dcd756a71_s.png
Maxima,"Automobilių oro gaiviklis LITTLE JOE MINI AMBER, 1 vnt.",3.99,https://cdn.barbora.lt/products/2c6d0cb9-46ad-41d1-a3f4-92aa34fb0c4e_s.png
Maxima,Dubenėlis AURORA PEARL CLASSIC DARK 20cm,5.49,https://cdn.barbora.lt/products/37ab45c2-005f-40a3-98c4-f8064da08779_s.png
Maxima,"Birių produktų indas UNIWELL RETRO, 1,15 l, 1 vnt.",3.99,https://cdn.barbora.lt/products/5c8160c8-7b1b-4079-a649-1428c6ef7463_s.png
Maxima,"Moteriškas tualetinis vanduo NIKE ULTRA PURPLE, 100 ml",14.99,https://cdn.barbora.lt/products/04bc6e8f-8925-437e-9e81-5ccb51278444_s.png
Maxima," Puodas su dangčiu UNIWELL, 18 x 10,5 cm",25.99,https://cdn.barbora.lt/products/b9520a49-66d7-433d-86dd-164d9d739b0d_s.png
Maxima,"Depiliacinės vaško juostelės VEET MINIMA EASY GEL, 12 vnt., 12 vnt.",8.29,https://cdn.barbora.lt/products/ed6842be-d8cf-41f7-b214-4edbc5880f9e_s.png
Maxima,"Moteriškas tualetinis vanduo B.U.HIDDEN PARADISE, 50 ml",12.99,https://cdn.barbora.lt/products/f91b27ec-16e0-4269-9a82-7b95a814ceeb_s.png
Maxima,4M Vaikiška laboratorija: velociraptoriaus skeletas,10.19,https://cdn.barbora.lt/products/770fe9a0-1988-4c79-a268-479269801d59_s.png
Maxima,"Blakstienų tušas MAX FACTOR FALSE LASH EFFECT CLUMP DEFY, 13.1 ml",20.19,https://cdn.barbora.lt/products/c68d5644-e79e-4b9b-8636-83629062a0ad_s.png
Maxima,"Akių pieštukas RIMMEL SCANDAL'EYES DEFINER, Nr. 006, 0.35 g",6.39,https://cdn.barbora.lt/products/65cab0a5-6b65-46f1-a1f0-4bb3cbb91a24_s.png
Maxima,"Lūpų blizgis L'OREAL, Nr. 412, 7 ml",10.99,https://cdn.barbora.lt/products/0b3c90c8-b6a7-46c0-b3d2-07a9f2671c31_s.png
Maxima,"L'Oréal Paris Color Riche Les Nus lūpų dažai, 174 Insoucian",13.99,https://cdn.barbora.lt/products/94f2c38f-6902-43b1-afa2-169bb03c3342_s.png
Maxima,"Automobilinis USB įkroviklis, TYPE C, 1 vnt.",5.99,https://cdn.barbora.lt/products/97253ae5-68f1-4ee5-b2db-9c91f26906ed_s.png
Maxima,ICE PROFESSIONAL Keep My Blonde Kondicionierius šviesiems plaukams šalinantis geltonus  atspalvius 250ml,9.29,https://cdn.barbora.lt/products/78fe5d7b-58db-4ccd-aae7-0a7dc2867dc6_s.png
Maxima,"Sausas šunų ėdalas FRISKIES BALANCE su vištiena ir daržov., 10 kg",18.89,https://cdn.barbora.lt/products/826ff6a3-6a8b-4a2a-b352-005a9b4976da_s.png
Maxima,"Veido gelinis drėkiklis L'OREAL , 50 ml",8.39,https://cdn.barbora.lt/products/09d9130a-6bc9-4e91-81f5-05595a6e3201_s.png
Maxima,"NIVEA® ROSE & HYDRATION KŪNO LOSJONAS NORMALIAI IR SAUSAI ODAI, 400 ml",10.69,https://cdn.barbora.lt/products/77799f8a-b9af-4ef4-a8e1-04068768c85f_s.png
Maxima,"Lūpų balzamas COCA COLA, 7.4 g",4.99,https://cdn.barbora.lt/products/f1dd4627-d45c-4bb4-ace7-169e491782a7_s.png
Maxima,"Lūpų balzamas FANTA STRAWBERRY, 7,4 g",4.49,https://cdn.barbora.lt/products/ecc20de2-1b19-4793-9bab-15d7988a3d20_s.png
Maxima,"Kūno losjonas NEUTROGENA INTENSE REPAIR CICA, 400 ml",10.99,https://cdn.barbora.lt/products/01dfde09-996f-4cc4-a8fb-5ea4a692fb2d_s.png
Maxima,"Veido kremas GARNIER BB , 50 ml",6.95,https://cdn.barbora.lt/products/2bd3b64d-32c6-49a9-8eb1-d193e3fa08a5_s.png
Maxima,ICE PROFESSIONAL Refresh My Scalp Šampūnas galvos odai atstatantis 250ml,9.29,https://cdn.barbora.lt/products/ded52d50-6ed6-42df-bbd3-3289cba1bbc6_s.png
Maxima,ICE PROFESSIONALRefresh My Scalp Kondicionierius galvos odai atstatantis  250ml,9.29,https://cdn.barbora.lt/products/b2822b2e-d8eb-434f-9c2f-fe95d1a1e2f6_s.png
Maxima,ICE PROFESSIONAL Refill My Hair Šampūnas sausiems  plaukams 250ml,9.29,https://cdn.barbora.lt/products/6dc5eebd-36cc-4369-8318-001a38aeeee9_s.png
Maxima,ICE PROFESSIONAL Refill My Hair Kondicionierius sausiems plaukams 250ml,9.29,https://cdn.barbora.lt/products/bc0f8806-9aa5-40c2-becb-4cefcaabbac3_s.png
Maxima,"Česnakų spaustukas FUNCTIONAL FORM, 1 vnt.",21.99,https://cdn.barbora.lt/products/31549d5b-d8e6-47a5-a7af-9ec85973815f_s.png
Maxima,MARGARITA MOIST & MINERALS drėkinamasis veido serumas su mineraliniu vandeniu „Birutė“ 30 ml,12.99,https://cdn.barbora.lt/products/3531cab3-2066-4bb5-81cc-8a42a8dbb323_s.png
Maxima,MARGARITA MOIST & MINERALS gelinė drėkinamoji veido kaukė su mineraliniu vandeniu „Birutė“ 3x7 g,3.99,https://cdn.barbora.lt/products/a20b5b1e-2172-4221-a194-6fcc64566601_s.png
Maxima,Stiklinės AURORA GAJA 260 ml 4 vnt.,9.99,https://cdn.barbora.lt/products/21841568-db59-48be-9d19-93be0b958c0c_s.png
Maxima,"Veido kaukė NATURA SIBERICA OBPLEPIKHA VITAMIN GLORY, 100 ml",7.59,https://cdn.barbora.lt/products/ff4e815a-98cd-4f9f-8e18-fcf92e3362ba_s.png
Maxima,"Virėjo peilis FISKARS, 1 vnt.",19.99,https://cdn.barbora.lt/products/ba70d182-b2b3-42c9-bbd6-d6eedffc28cc_s.png
Maxima,"Moteriškas parfumuotas vanduo BI-ES FLORAL, 100 ml",13.99,https://cdn.barbora.lt/products/320ccacd-851e-4153-bd80-3fcfeb5c037b_s.png
Maxima,"Oro gaiviklis LITTLE JOE I LOVE LITHUANIA, 1 vnt.",4.99,https://cdn.barbora.lt/products/a07eace6-fa8a-499c-87d3-9abf0716adf9_s.png
Maxima,"Higieniniai įklotai BELLA BIO BASED ULTRA THIN LONG, 22 vnt.",2.69,https://cdn.barbora.lt/products/c18947e4-43d5-4671-ab0d-41e521735d2c_s.png
Maxima,"BELLA higieniniai įklotai BIO BASED NORMAL, 28 vnt.",2.69,https://cdn.barbora.lt/products/d5cd91f2-f118-4ae6-8b66-ec7e81652f7b_s.png
Maxima,L'Oréal Paris Excellence Plauku dažai Universal Nudes  VLT BLOND 9U,6.59,https://cdn.barbora.lt/products/eee6eeea-dce4-439e-9395-03e24b91b209_s.png
Maxima,"Apsauginis plaukų purškalas JOHN FRIEDA REPAIR&DETOX, 200 ml",12.99,https://cdn.barbora.lt/products/8d157670-5bad-4fae-923d-09eb5aaade14_s.png
Maxima,"Burnos skalavimo skystis LISTERINE NATURAL GUM PROTECTION, 500 ml",8.49,https://cdn.barbora.lt/products/2bd1b832-6481-4ba5-84df-e32bc0468c4a_s.png
Maxima,"Purškiamas dezodorantas OLD SPICE Whitewater, 250ml",4.65,https://cdn.barbora.lt/products/4d6845ce-1ffb-4f01-a966-019a86908dd4_s.png
Maxima,"Vienkartiniai skustuvai VENUS 3 Dragonfruit, 6vnt.",8.79,https://cdn.barbora.lt/products/f433ef88-bd19-4084-9c40-851f90352e92_s.png
Maxima,"Veido serumas GARNIER, 30 ml",10.19,https://cdn.barbora.lt/products/53642188-51d4-4da7-808f-1713df5d06ad_s.png
Maxima,Dubuo AURORA PEARL CLASSIC GREEN 20 cm,5.49,https://cdn.barbora.lt/products/555ce793-f5c9-4584-8f5c-ddbe9974237f_s.png
Maxima,Dubenėlis AURORAPEARL SOHO GREEN 17cm,6.99,https://cdn.barbora.lt/products/a8943ebd-fc0a-4257-b926-201e44a9675a_s.png
Maxima,"Žaislinis robotas FISHER PRICE, 1 vnt.",53.99,https://cdn.barbora.lt/products/4bef95fd-663e-49b0-9921-8b6f4755aa7b_s.png
Maxima,Lėkštė AURORA ATLANTIS 19 cm,6.99,https://cdn.barbora.lt/products/8780789f-b275-47cb-be96-8242913c1487_s.png
Maxima,"Plaukų šampūnas GLISS Aqua Revive, 400 ml",3.39,https://cdn.barbora.lt/products/28d47295-8f57-4b4f-b8a4-847b1dcba6f7_s.png
Maxima,"Rinkinys ENCHANTIMALS, 1 vnt.",10.79,https://cdn.barbora.lt/products/1bae9d4b-0f87-4cd7-823d-17621e4effc8_s.png
Maxima,"Sriubos lėkštė PAMPILLE CLEAR, 20 cm",4.49,https://cdn.barbora.lt/products/e8b51f95-e7ae-4ee9-9246-1114cbb8ba5f_s.png
Maxima,"Salotų dubuo PAMPILLE CLEAR, 24 cm",12.99,https://cdn.barbora.lt/products/ea2a665e-afe7-44e5-af91-c11b3d04c10a_s.png
Maxima,"Dažomasis plaukų kremas PALETTE INTENSIVE COLOR CR,Nr.9.5-21, 1 vnt.",5.49,https://cdn.barbora.lt/products/c0af25a4-8352-43df-92bb-30798cea5615_s.png
Maxima,"Moteriškas rutulinis dezodorantas GARNIER BLACK WHIT, 50 ml",4.99,https://cdn.barbora.lt/products/7c7a83a4-3ba6-4914-a0b3-3ce1cbd39714_s.png
Maxima,"Skutimosi gelis GILLETTE SERIES CLEANSING, 200 ml",5.99,https://cdn.barbora.lt/products/9190cd10-4866-4eb2-b78b-cc3332f2658e_s.png
Maxima,"Blakstienų tušas L'OREAL AIR VOLUME 30H MEGA BLACK, 9.4 ml",16.59,https://cdn.barbora.lt/products/6f8a21b9-35f0-4fd2-83bc-7aad92045125_s.png
Maxima,"Vyriškas purškiamasis dezodorantas GARNIER MEN INVISIBLE, 150 ml",4.55,https://cdn.barbora.lt/products/e769e5b9-e70f-4138-853c-fdf9c7df497e_s.png
Maxima,"JORDAN Green Clean Change dantų šepetėlis, 4 vnt. galvučių, minkštas",6.99,https://cdn.barbora.lt/products/286da318-3b6c-470a-8944-1b5dece7e7dc_s.png
Maxima,"Aromatinė kortelė NUOŠIRDUS AČIŪ, 1 vnt.",2.99,https://cdn.barbora.lt/products/58991522-3454-4f54-919e-f9c77dd5aecc_s.png
Maxima,"Kūno losjonas VIVIAN GRAY BROWN CRYSTALS, 250 ml",7.49,https://cdn.barbora.lt/products/cb1e986d-75bb-44ff-828a-3fd7364965fd_s.png
Maxima,"Moteriškas tualetinis vanduo ELODE WOMAN, 100 ml",9.99,https://cdn.barbora.lt/products/4c518a81-52d7-4539-bde0-cfa340d8103a_s.png
Maxima,"Skutimosi gelis Mach3 Extra Comfort, 200+40 ml",5.79,https://cdn.barbora.lt/products/96ca547b-9a0c-40a2-8adf-40c0339d1c45_s.png
Maxima,"Plaukų kondicionierius OLAPLEX NR.5,250ml",29.99,https://cdn.barbora.lt/products/69d68e3c-34cd-40b1-a6a6-a3355802f931_s.png
Maxima,"NIVEA LUMINOUS 630® ANTISPOT dieninis fuildas, 40 ml",20.99,https://cdn.barbora.lt/products/c1468cf8-797c-4813-a112-1742a2e24693_s.png
Maxima,"Plaukų balzamas GARNIER BOTANIC THERAPY , 200 ml",4.99,https://cdn.barbora.lt/products/96232883-ea31-4038-86e7-00d2ca16be24_s.png
Maxima,"Veido serumas NEUTROGENA CLEAR&DEFEND, 30 ml",10.99,https://cdn.barbora.lt/products/c6ad1c92-437f-4cd7-98ff-4018ecde77ad_s.png
Maxima,"Veido prausimosi putos PHARMA OIL SUNSHINE, 150 ml",14.99,https://cdn.barbora.lt/products/908391c2-2048-416a-b7ff-f8367f0c3d45_s.png
Maxima,"Drėgnosios servetėlės PUREDERM CICA makiažui valyti, 30vnt.",3.99,https://cdn.barbora.lt/products/ff0098c5-85fd-46b8-8a2a-39de79ded5fc_s.png
Maxima,"Balzamas po skutimosi GILLETTE Hydrates, 50ml",7.59,https://cdn.barbora.lt/products/19b37718-8b8e-4976-bc54-239fe7ccae87_s.png
Maxima,"Lėkštė ILAJA SIMPLE, 24 cm",2.49,https://cdn.barbora.lt/products/da42a42d-fe7c-4c0f-b653-85fa3862f301_s.png
Maxima,"Šampano taurės RCR OPERA, 230 ml 6 vnt.",34.99,https://cdn.barbora.lt/products/c1713805-0961-4885-bc1f-ff01dc075bfc_s.png
Maxima,"Veido kremas FILORGA TIME-FILLER 5XP, 50 ml",66.49,https://cdn.barbora.lt/products/f13f6ed4-d120-4ccb-9654-0d1b87f84de4_s.png
Maxima,"Veido serumas FILORGA HYDRA - HYAL, 30 ml",54.99,https://cdn.barbora.lt/products/13e4e7fc-203b-45d7-9eb6-273ec0b87352_s.png
Maxima,"NIVEA Fresh Flower pieštukinis antiperspirantas moterims, 50 ml",5.39,https://cdn.barbora.lt/products/3a474bf6-b2a8-47ea-a061-9aecf66ae2d3_s.png
Maxima,"Losjonas po skutimosi ADIDAS ICE DIVE, 100 ml",11.89,https://cdn.barbora.lt/products/1a1e5dc7-2acd-47e4-a06e-d1be9e9cc703_s.png
Maxima,"Akių pieštukas L'OREAL GRIP GEL BROWN DENIM, 1 vnt.",11.99,https://cdn.barbora.lt/products/6ea14ef3-2f0d-44fb-b7f3-b47f803b307d_s.png
Maxima,"Automobilio stiklo valytuvas BOSCH AERO ECO be rėmo, 70 cm, 1 vnt.",11.99,https://cdn.barbora.lt/products/5f01cc75-447a-4e83-8605-1d6b10d20f7c_s.png
Maxima,Pirmosios pagalbos vaistinėlė,36.99,https://cdn.barbora.lt/products/ef8867fe-be84-49c7-942e-0d2ebcfefdc5_s.png
Maxima,"Pliušinis žaislas SQUISHMALLOWS, 19 cm, 1 vnt.",7.19,https://cdn.barbora.lt/products/883b0c2e-7c81-4392-ab2c-7bc9e98a1dff_s.png
Maxima,"Kortelės HEADU MONTESSORI EMOCIJOS IR VEIKSMAI, 1 vnt.",8.99,https://cdn.barbora.lt/products/985d4b7c-6ade-404c-87a5-e3c829a5bcd8_s.png
Maxima,"Dantų pasta COLGATE MAX WHITE PURPLE REVEAL, 75 ml",9.99,https://cdn.barbora.lt/products/7a11ccf5-86b1-47d7-a2eb-3780e18e0f12_s.png
Maxima,"Plaukų kaukė GARNIER FRUCTIS HAIR , 400 ml",7.01,https://cdn.barbora.lt/products/a0f3a83c-97b5-45c6-b48e-fbcab8450170_s.png
Maxima,"Micelinis vanduo GARNIER, 400 ml",5.19,https://cdn.barbora.lt/products/b366a924-c032-4092-8320-dfbe2f324c0d_s.png
Maxima,"Paakių kremas GARNIER, 15 ml",5.99,https://cdn.barbora.lt/products/8fc36158-c958-4c6c-b008-36fe225a6b8c_s.png
Maxima,"Akių pieštukas MAYBELLINE TATTOO GEL, Nr. 970, 1 vnt.",8.99,https://cdn.barbora.lt/products/61230862-e964-48db-ac5a-31c89deb7dd4_s.png
Maxima,"Veido serumas PHARMA OIL HYDRA HUG, 30 ml",17.99,https://cdn.barbora.lt/products/80aece3d-b9cf-4620-91b5-d059f0d0593e_s.png
Maxima,JaYeonMapping Veritana Moisture Mask Drėk. lakštinė veido kaukė 23g,1.99,https://cdn.barbora.lt/products/a0420954-83aa-404e-bb72-a6e5938d0f82_s.png
Maxima,"Vyriškos skutimosi putos GILLETTE SERIES SOOTHING, 200 ml",4.89,https://cdn.barbora.lt/products/3558415f-ce23-4f56-a4a9-a49a3a82fc91_s.png
Maxima,"Vyriškas rutulinis dezodorantas ADIDAS PRO INVISIBLE, 50 ml",4.89,https://cdn.barbora.lt/products/4550e243-f939-470d-97e9-153d5d5f6094_s.png
Maxima,"Vyriškas purškiamasis dezodorantas ADIDAS FRESH INDURANCE, 150 ml",4.89,https://cdn.barbora.lt/products/3c4e32d3-d820-4ec1-9cbc-8c5217b5778f_s.png
Maxima,"Veido kaukė DIZAO VITAMIN C CALENDULA, 25 g",2.99,https://cdn.barbora.lt/products/4120d2b9-10a4-40ab-b8ae-73c2e6519a39_s.png
Maxima,"Vyriškas tualetinis vanduo NIKE TURQUOISE VIBES, 100 ml",17.99,https://cdn.barbora.lt/products/6a7e4025-4d86-4e15-b9cc-169d324c9034_s.png
Maxima,ARAS DRĖKINAMASIS LOSJONAS PO SKUTIMOSI 100 ML,9.99,https://cdn.barbora.lt/products/59179d00-1ab1-493a-9312-4495090292a4_s.png
Maxima,"Plaukų dažai SYOSS OLEO INTENSE, Nr. 6-54, 1 vnt.",9.49,https://cdn.barbora.lt/products/f4bf45f8-a283-4a19-972a-77b850743623_s.png
Maxima,"Plaukų modeliavimo molis GOT2B Istyler, 75 ml",10.49,https://cdn.barbora.lt/products/4b24e4bc-10cc-4ce7-921d-839f198e8b1e_s.png
Maxima,Plaukų dažai SYOSS OLEO INTENSE 5-54,9.49,https://cdn.barbora.lt/products/e71646c5-037b-4411-93d8-b24220bd4e45_s.png
Maxima,"Žaislinis rinkinys HOT WHEELS MIESTAS, 1 vnt.",12.59,https://cdn.barbora.lt/products/9cc7e42d-a214-40df-96b0-bdec33240fb2_s.png
Maxima,"Vyriškas purškiamasis dezodorantas REXONA COBALT DRY, 200 ml	",5.99,https://cdn.barbora.lt/products/fe147ab4-9268-4801-b1dc-4794248137d2_s.png
Maxima,Puod.su lėkšt. AURORA PEARL CREAM 220 ml,6.99,https://cdn.barbora.lt/products/e002bf56-fe18-483a-a35f-57eb17c57c53_s.png
Maxima,"Automobilių oro gaivikliai AMBI PUR WOOD, 2 vnt., 2 vnt.",9.49,https://cdn.barbora.lt/products/6bc5eb63-08ad-422b-8cd6-5ac037b7723e_s.png
Maxima,Puodelis ILAJA Modern Latte 360ml,2.99,https://cdn.barbora.lt/products/8a7d4676-1c5a-4d7e-9263-2cb4a2760d2b_s.png
Maxima,Puodelis ILAJA Nordic dark 370ml,3.49,https://cdn.barbora.lt/products/66c6e5f5-0ca3-40bf-8b98-e109286ed92c_s.png
Maxima,Puodelis ILAJA CHUNKY 260 ml,3.99,https://cdn.barbora.lt/products/1dc80d5b-bc13-4eae-bb87-046e444b96eb_s.png
Maxima,Lėkštė ILAJA Hazel Grey 25 cm,4.49,https://cdn.barbora.lt/products/5cac9ca8-0c85-4486-b29f-0c3f820eb521_s.png
Maxima,"Karuselė CANPOL BABIES SENSORY TOYS, 1 vnt.",10.79,https://cdn.barbora.lt/products/eff8bcb5-483b-4ad2-a71e-0321647cb451_s.png
Maxima,"Veido losjonas CERAVE SPF50, 52 ml",22.99,https://cdn.barbora.lt/products/0f05ca9e-a052-4a17-917c-c43ec91d86f2_s.png
Maxima,"Apsauginis veido kremas CERAVE SPF30, 52ml",22.99,https://cdn.barbora.lt/products/cc31967d-d064-4fe4-8c0d-cebdaf32e8a6_s.png
Maxima,"Plaukų dažai SYOSS COLOR, Nr. 7-1, 1 vnt.",8.99,https://cdn.barbora.lt/products/d59dfcad-69be-4ab0-83f1-730d978c2c0d_s.png
Maxima,"Salono apdailos valiklis ROTZ, 500ml",2.99,https://cdn.barbora.lt/products/96cb1fdc-8e45-478c-8d14-4422581f9a04_s.png
Maxima,RASA AGE CONTROL Stangrinamasis dieninis veido kremas SPF20 50 ml,15.99,https://cdn.barbora.lt/products/ec7c475c-b973-4148-ab4d-0bbd64e5a8d0_s.png
Maxima,RASA AGE CONTROL Stangrinamasis paakių kremas 15 ml,12.99,https://cdn.barbora.lt/products/8865aa06-8f72-449f-9756-f40cf2b01525_s.png
Maxima,RASA AGE CONTROL Stangrinamasis veido ir kaklo serumas 30 ml,15.89,https://cdn.barbora.lt/products/198c414f-f907-433c-af76-2a9760e39913_s.png
Maxima,NIVEA purškiamas dezodorantas antiperspirantas moterims Fresh Sensation 250 ml,6.39,https://cdn.barbora.lt/products/25abb85a-2f92-4099-80a4-1e3f062fad27_s.png
Maxima,"Higieniniai įklotai ALWAYS Normal, 0% Perfume, 30 vnt.",2.85,https://cdn.barbora.lt/products/4c505026-b5c9-4460-a7f9-0a364e162a9e_s.png
Maxima,"Antakių pieštukas L'OREAL INFAILLIBLE TRIANGULAR, Nr. 3.0, 1 g",10.99,https://cdn.barbora.lt/products/711e4b2a-b3e0-43a7-99d5-0ccbf23d947d_s.png
Maxima,"Dubenėlis AURORA MODERN WHITE, 13 cm",4.99,https://cdn.barbora.lt/products/bbee4d84-2b9f-41ed-a056-b39066d41912_s.png
Maxima,Lėkštė AURORA Modern White 27 cm,6.99,https://cdn.barbora.lt/products/afde5d1d-0a86-4fc0-a87a-185dec4221ca_s.png
Maxima,Kūno šveitiklis ORGANIC SHOP LEMON&MINT 250 ml,5.99,https://cdn.barbora.lt/products/e7d776a9-76f2-4616-806d-f9fdbf58d729_s.png
Maxima,"NIVEA Repair & Care kūno losjonas, 400 ml",10.69,https://cdn.barbora.lt/products/bf71e47c-41df-48fa-a131-2ca45b9a0e8b_s.png
Maxima," Keptuvė UNIWELL, 24 cm",13.99,https://cdn.barbora.lt/products/ec647f8d-5c4c-4eaa-b69c-10ea1892ce4c_s.png
Maxima,"Guminis žaislas JIGGLY PETS su funkcijomis, 1 vnt.	",11.99,https://cdn.barbora.lt/products/c5a3b7d0-4fb9-4d68-820b-34c1cc65fd42_s.png
Maxima,"Veido prausiklis L'OREAL, 150 ml",8.39,https://cdn.barbora.lt/products/90525e06-6908-4283-8c57-511213b8070c_s.png
Maxima,"Lakštinė veido kaukė L'OREAL, 1 vnt.",2.89,https://cdn.barbora.lt/products/5fdf7faa-7f44-4fb9-9e53-417f885667f7_s.png
Maxima,HAPPY Baby dušo želė 2in1 400ml,6.49,https://cdn.barbora.lt/products/54a46161-10a3-4099-9cf8-71f9bf08fc85_s.png
Maxima,"Šampano taurės AURORA Fleya, 300 ml, 4 vnt.",18.99,https://cdn.barbora.lt/products/11c2a184-5d3c-4617-b907-e646ff68d02f_s.png
Maxima,"Satino patalynės komplektas, 140 x 200 cm, 50 x 70 cm, 1 vnt.",27.99,https://cdn.barbora.lt/products/301455ad-b4e7-40f6-8588-2f48ca022969_s.png
Maxima,"Satino patalynės komplektas, 150 x 200 cm, 50 x 70 cm, 1 vnt.",29.99,https://cdn.barbora.lt/products/d1132584-f930-46c0-8def-48b31204e5f2_s.png
Maxima,"Lakštinė veido kaukė su sraigių sekretu  SKIN PLANET Snail Cell Restoring , 26g",3.19,https://cdn.barbora.lt/products/d2866a59-de98-4d92-be2c-15136effb55f_s.png
Maxima,"Drėkinamasis veido kremas MIXSOON BEAN CREAM, 50 ml",38.99,https://cdn.barbora.lt/products/d7dc4d03-8d70-41e2-9a02-b99b314c17b7_s.png
Maxima,"Veido prausiklis Q+A HYALURONIC ACID HYDR,125",9.99,https://cdn.barbora.lt/products/71a06695-d1bb-4830-8d5b-aa01e85d8f2b_s.png
Maxima,"NIVEA MEN POWER serumas, 30 ml",19.99,https://cdn.barbora.lt/products/16a42c61-df69-4092-b9bb-e31c3819ca00_s.png
Maxima,RASA HYDRATING BODY CARE Drėkinamasis kūno kremas 200 ml,6.99,https://cdn.barbora.lt/products/a4578bf9-d922-42e3-883d-a5dd8e4f1714_s.png
Maxima,"Intymios higienos serumas SATIN CARE, 50ml",13.99,https://cdn.barbora.lt/products/2e4bbcbd-c911-4c8a-b717-55d9fc036655_s.png
Maxima,"NIVEA MEN HYALURON drėkinantis akių srities kremas, 15 ml",14.99,https://cdn.barbora.lt/products/99832fd3-315d-4682-84af-f822d831b010_s.png
Maxima,RASA HAIR COLOUR SYSTEM Dažytų plaukų kondicionierius 200 ml,6.99,https://cdn.barbora.lt/products/5afa3df1-8c76-4e2a-a7df-6e18a994ab16_s.png
Maxima,"NIVEA CELLULAR LUMINOUS 630® ANTISPOT serumas, 30 ml",25.29,https://cdn.barbora.lt/products/9b3737ba-f7b7-4eff-b330-a16d1636b635_s.png
Maxima,COSRX AHABHA Clarifying Treatment Toner eksfolijuojantis tonikas 150ml,20.99,https://cdn.barbora.lt/products/90d45f0a-97a4-4dcb-af24-b3c85372733d_s.png
Maxima,"Drėkinamasis veido ir kūno prausiklis CERAVE HYDRATING, 236 ml",19.99,https://cdn.barbora.lt/products/07899e8a-a077-4399-8795-1d3aec5f8dc6_s.png
Maxima,"Drėkinamasis veido ir kūno kremas CeraVe Moisturising Cream, 177 ml",21.49,https://cdn.barbora.lt/products/1a8743a7-eafa-484d-917f-b7a326307176_s.png
Maxima,"Elektrinis dantų šepetėlis ORAL-B Pro 1, Caribbean Blue, 1 vnt.",48.99,https://cdn.barbora.lt/products/080331c6-422a-4075-adca-eb69a366e76b_s.png
Maxima,"NIVEA® Moisture Hyaluron šampūnas, 250 ml",4.49,https://cdn.barbora.lt/products/73f32069-5eba-4dbd-9866-2f8fef611011_s.png
Maxima,"Automobilių oro gaiviklis ROTZ MAJESTIC NOIR, 1 vnt.",1.19,https://cdn.barbora.lt/products/0932bf1d-0487-4873-88f0-fa914f91d86e_s.png
Maxima,Automobilių oro gaiviklis ROTZ BLACK,1.79,https://cdn.barbora.lt/products/b740c7a3-ed14-4391-9e1a-325c6798988c_s.png
Maxima,Automobilių oro gaiviklis ROTZ VANILLA,1.79,https://cdn.barbora.lt/products/b42f9a42-c006-4ceb-b513-a519c1712714_s.png
Maxima,"Makiažo pagrindas RIMMEL LASTING FINISH, 200, 30 ml",12.99,https://cdn.barbora.lt/products/1ee5ca3b-cd90-4b22-8cdb-83cd62f98d43_s.png
Maxima,Lėkštė AURORA Crest Creamy 24 cm,6.99,https://cdn.barbora.lt/products/0e105421-bbd8-4397-93bd-96159067929f_s.png
Maxima,Lėkštė AURORA Crest Brown 24 cm,6.99,https://cdn.barbora.lt/products/bb27417c-8555-469b-bf0d-28f23aca7f85_s.png
Maxima,"Plaukų šampūnas MAUI su kokosų pienu, garban.385ml",13.99,https://cdn.barbora.lt/products/5c38e365-8038-4999-9343-2d1a8db31156_s.png
Maxima,"Plaukų kondicionierius MAUI su kokosų pienu garbanotiems, 385 ml",13.99,https://cdn.barbora.lt/products/71319b00-887b-4317-bf73-6de66097a544_s.png
Maxima,"Plaukų šampūnas MAUI su kinrožių vandeniu, 385ml",13.99,https://cdn.barbora.lt/products/2f98bfe8-0f8f-4318-951c-82288f3f9b48_s.png
Maxima,KILIG CLEAN & FRESH veido tonikas 250 ml,6.99,https://cdn.barbora.lt/products/5ffc51e7-5478-4e09-be86-7a0b45e324ee_s.png
Maxima,"Moteriškas tualetinis vanduo BUGATTI BELLA DONNA, 60 ml",29.99,https://cdn.barbora.lt/products/f286ab7e-e29d-43c7-aa85-602e80241af9_s.png
Maxima,"Lakštinė veido kaukė I'M SORRY FOR MY SKIN, 33 ml",2.49,https://cdn.barbora.lt/products/da0af717-4135-47ad-a119-4767ec83545a_s.png
Maxima,"Lūpų balzamas SMACKER CAPTAIN AMERICA, 4 g",6.99,https://cdn.barbora.lt/products/cf6ab28e-019b-4ea4-8815-af66e26136d4_s.png
Maxima,"Lakštinė veido kaukė I'M SORRY FOR MY SKIN RELAXING, 33 ml",2.49,https://cdn.barbora.lt/products/3ecd842b-39d5-4f0a-b09b-0672208a26e5_s.png
Maxima,"Drėkinamasis kremas NEUTROGENA CLEAR & DEFEND, 50 ml",10.99,https://cdn.barbora.lt/products/35b20f49-ba4c-458a-b623-0e0eb1c11335_s.png
Maxima,"Plaukų kaukė PANTENE Hydra Glow Miracles, 300 ml",15.59,https://cdn.barbora.lt/products/05d817e4-e50d-4123-b1b6-1563d9927f7d_s.png
Maxima,"Plaukų kondicionierius FAITH IN NATURE LEVANDER&GERANIUM, 400 ml",8.99,https://cdn.barbora.lt/products/f2919b7a-0f90-43d6-b15e-c89c113abbb3_s.png
Maxima,"Plaukų šampūnas FAITH IN NATURE GRAPEFRUIT&ORANGE, 400 ml",8.99,https://cdn.barbora.lt/products/f7922440-4949-417c-9af9-e45b8528f794_s.png
Maxima,"Plaukų šampūnas HEAD&SHOULDERS Classic Clean 2in1, 250 ml",6.99,https://cdn.barbora.lt/products/da8e0df2-5f1c-42c8-8fe5-043ea33ad2b1_s.png
Maxima,"Plaukų šampūnas HEAD&SHOULDERS Menthol 2in1, 250 ml",6.99,https://cdn.barbora.lt/products/4d4a3ab3-2d15-4a42-be29-07137589765c_s.png
Maxima,"Lakštinė veido kaukė PHARMA OIL LIFT ME UP, 1 vnt.",6.49,https://cdn.barbora.lt/products/15b90e79-d16a-48ec-b740-801a0df3fae4_s.png
Maxima,"Panthenol Comfort odą raminantis kremas veidui, kūnui ir rankoms 400ml",9.69,https://cdn.barbora.lt/products/79dc5697-2ee1-4476-9dd6-b298fcce0cbe_s.png
Maxima,"Plaukų priemonė GARNIER FRUCTIS, 200 ml",8.99,https://cdn.barbora.lt/products/02c8a133-efcc-4d8a-b0f0-eda1b0e328a4_s.png
Maxima,Žaid. rink. PLAY-DOH. GLOTNUČIŲ PLAKTUVĖ,10.79,https://cdn.barbora.lt/products/4eda2b35-49d1-41cc-87ad-eab8fbec10a2_s.png
Maxima,"Rubiko kubas RUBIK´S MINI, 2x2",5.99,https://cdn.barbora.lt/products/106db0cb-e3fa-4827-8283-2d4b133b207c_s.png
Maxima,"Dušo želė DOVE ADVANCED CARE REVIVING, 400 ml",7.69,https://cdn.barbora.lt/products/df0abd00-3d52-4cb0-ae4a-eb10b4657955_s.png
Maxima,"Blakstienų tušas MAYBELLINE  META BLACK, 1 vnt.",14.99,https://cdn.barbora.lt/products/65ffccb5-1324-48ae-9048-fe19034551bd_s.png
Maxima,"Blakstienų tušas MAYBELLINE BLUE MIST, 1 vnt.",13.99,https://cdn.barbora.lt/products/a4bed646-9d19-4be3-bffa-8b4f2746aa68_s.png
Maxima,"Lūpų blizgis MAYBELLINE LIFTER PLUMP, Nr. 001-BLUSH BLAZE, 1 vnt.",11.99,https://cdn.barbora.lt/products/1852b329-70f4-4983-89a7-88e5cfc32a53_s.png
Maxima,"Lūpų blizgis MAYBELLINE LIFTER PLUMP, Nr. 007-COCAO ZING, 1 vnt.",11.99,https://cdn.barbora.lt/products/b2b60f7c-e892-4b9a-900c-6d5ddb223b5f_s.png
Maxima,"Lūpų blizgis MAYBELLINE LIFTER PLUMP, Nr. 002-MAUVE BITE, 1 vnt.",11.99,https://cdn.barbora.lt/products/5c8bcedf-365c-428e-b3b6-3a61dd9e4197_s.png
Maxima,"Plaukų paruošiamasis šampūnas GARNIER FRUCTIS CURLS METHOD, 200 ml",7.09,https://cdn.barbora.lt/products/57150e13-e250-470e-8c90-3a6caa9e552f_s.png
Maxima,"Moteriškas purškiamasis dezodorantas REXONA INVISIBLE PURE, 150 ml",4.99,https://cdn.barbora.lt/products/48ef6d91-ee03-42cb-b35a-679838641e9a_s.png
Maxima,"Vyriškas purškiamasis dezodorantas REXONA COBALT DRY, 150 ml",4.99,https://cdn.barbora.lt/products/f5fe8630-bb1e-41ed-be9f-38b53dd9fa8e_s.png
Maxima,"Vyriškas purškiamasis dezodorantas REXONA QUANTUM DRY, 150 ml",4.99,https://cdn.barbora.lt/products/73cca2d3-09af-4444-be01-6029f677c983_s.png
Maxima,"Moteriškas pieštukinis antiperspirantas REXONA ADV.P.I.B&B, 50 ml",4.79,https://cdn.barbora.lt/products/70307ff5-bf61-421f-9248-d5455cd80277_s.png
Maxima,Vyno taurės AURORA Moments 360 ml 4 vnt,19.99,https://cdn.barbora.lt/products/5ea693bb-0131-4886-8d97-321958703e4b_s.png
Maxima,"Plaukų šampūnas NUNU, 400 ml",14.99,https://cdn.barbora.lt/products/e6fbd942-af9d-4174-b649-25f6eeb351af_s.png
Maxima,"Kūno kremas NUNU, 250 ml",13.99,https://cdn.barbora.lt/products/a542876d-4ca7-4fb3-9e3d-2334d05c8287_s.png
Maxima,"Plaukų kaukė NUNU, 200 ml",12.99,https://cdn.barbora.lt/products/b723fcbc-0a22-4684-90b7-10ae9e43c2fe_s.png
Maxima,"Filtravimo ąsotis BRITA MARELLA, mėlynas, 2,4 l, 1 vnt.",26.99,https://cdn.barbora.lt/products/88ce9376-b68f-493d-abef-40d19d2fbf8d_s.png
Maxima,"Daugiafunkcinė makiažo priemonė MAYBELLINE I.P.G4IN1, Nr. 01, 20 ml",15.09,https://cdn.barbora.lt/products/e8b02bf3-e621-4111-80f0-2820f2a908a6_s.png
Maxima,"Akių pieštukas MAYBELLINE , Nr. 60, 1 vnt.",4.99,https://cdn.barbora.lt/products/8947251b-2635-4b94-94f9-82843a0be21d_s.png
Maxima,"Maskuoklis L'OREAL SERUM, Nr. 1N, 11 ml",15.59,https://cdn.barbora.lt/products/8d8f7cad-e3c3-460c-93ce-4b8a6d2ee7cd_s.png
Maxima,"Blakstienų tušas L'OREAL EYE, juodas, 1 vnt.",16.59,https://cdn.barbora.lt/products/fed9535b-1ef3-4fe6-a4dc-3150e3331557_s.png
Maxima,WOW GENERATION geriausių draugių kaklo papuošalas,7.79,https://cdn.barbora.lt/products/7294beb4-5871-48b5-b3c1-65597c9738a4_s.png
Maxima,"Mot. piešt.antiperspirantas LADY SPEED STICK ORCHARD BLOSSOM, 40 g",4.49,https://cdn.barbora.lt/products/b969fa86-49b2-4c0a-9402-b68c822d3ab6_s.png
Maxima,"Vyriškas gelinis dezodorantas MENNEN SPEED STICK, 85 g",8.59,https://cdn.barbora.lt/products/9326ac3e-5303-47e4-a9ca-c975b7dd56c4_s.png
Maxima,"Oro gaiviklis AREON MON VANILLA BLACK, 1 vnt.",1.19,https://cdn.barbora.lt/products/db9413a2-fb9d-4919-a070-0972a6631dca_s.png
Maxima,LACALT FIX NEUTRAL lipnus protezų kremas,6.99,https://cdn.barbora.lt/products/e96cdf1a-846d-4f8c-ba93-0d94f2156a80_s.png
Maxima,"Plaukų šampūnas HEAD&SHOULDERS Citrus 2in1, 330ml",8.49,https://cdn.barbora.lt/products/73ef040b-4442-40a8-a18a-016de25f4676_s.png
Maxima,"Dieninis veido kremas NIVEA Q10 SPF30, 50 ml",19.99,https://cdn.barbora.lt/products/dd24d457-6b00-43e0-b041-90540f8b51fa_s.png
Maxima,L'Oreal Paris  serumas-prausiklis 150 ml,7.65,https://cdn.barbora.lt/products/70ea9ae3-7609-485f-9638-cc6dc2cce140_s.png
Maxima,"Vyriškas tualetinis vanduo STR8 GAME, 100 ml",14.99,https://cdn.barbora.lt/products/f80259c6-fa3c-4b29-8f3f-03f6803675e2_s.png
Maxima,"Pliušinis žaislas Palm Pals AURORA, 1 vnt.	",4.79,https://cdn.barbora.lt/products/b4f28073-7e67-4654-9d98-1a30506b5abc_s.png
Maxima,"Beauty of Joseon Relief Sun apsaug. kremas nuo saulės SPF50+, 50ml	",20.95,https://cdn.barbora.lt/products/b178b94e-f86c-4718-8c60-ac6996e99ac8_s.png
Maxima,"Bevielis telefono įkroviklis-laikiklis HAVIT 3034, 1 vnt.",29.99,https://cdn.barbora.lt/products/3f616ac6-b839-4156-afaf-49fd21b3ae98_s.png
Maxima,Puodelis AURORA Stone Grey 420 ml,4.99,https://cdn.barbora.lt/products/656138cc-bab2-4719-9e1b-469d250cacda_s.png
Maxima,Lėkštė AURORA Stone White 15 cm,3.99,https://cdn.barbora.lt/products/bde0e74a-b321-409d-b725-113bfa4c3c64_s.png
Maxima,"Plaukų dažai GARNIER OLIA, Nr. 5.0, 1 vnt.",6.15,https://cdn.barbora.lt/products/652b535b-f9ae-4d3a-95a2-7155ff0f624c_s.png
Maxima,"Garnier Olia 7.13, smėlio tamsi blondinė. ",6.15,https://cdn.barbora.lt/products/64f59619-0e30-4bbf-a958-f2cd7ebc7853_s.png
Maxima,"Garnier Olia 5.15, šalta ruda. ",6.15,https://cdn.barbora.lt/products/f44fc817-85f9-4474-9a13-99f3160fbf06_s.png
Maxima,"Pokerio rinkinys, 200 žetonų",13.49,https://cdn.barbora.lt/products/938dc4ca-4cf7-4dbe-ac06-e78f0a99eb52_s.png
Maxima,"Plaukų dažai GARNIER OLIA, Nr. 1.0, 1 vnt.",6.15,https://cdn.barbora.lt/products/e1424eb0-3f2b-4c22-ba79-25a7c791cb93_s.png
Maxima,"Plaukų dažai GARNIER OLIA, Nr. 5.35, 1 vnt.",6.15,https://cdn.barbora.lt/products/e6fc0074-5c0e-4b1f-8fd6-f69754b05505_s.png
Maxima,"Plaukų dažai GARNIER OLIA, Nr. 6.35, 1 vnt.",6.15,https://cdn.barbora.lt/products/81056983-0827-4d95-8dd1-ee09bf22b057_s.png
Maxima,"Plaukų dažai GARNIER OLIA, Nr. 7.0, 1 vnt.",6.15,https://cdn.barbora.lt/products/23fcdb65-76d3-4c17-9c41-a607d0227183_s.png
Maxima,"Vaik.muilas UTI PUTI su gysločio ekstraktu, 75 g",0.65,https://cdn.barbora.lt/products/6a3ed12b-4bee-4a68-ae25-a75c2769b234_s.png
Maxima,"Radijo bangomis valdomas automobilis, 1 vnt.",14.99,https://cdn.barbora.lt/products/4bb3fbbc-8a5c-43f6-9817-ceb046d70190_s.png
Maxima,"Garnier Body kūno pienelis, 400 ml",9.49,https://cdn.barbora.lt/products/c7bf0e49-5826-4831-96a4-05d7c495a567_s.png
Maxima,"Plaukų šampūnas HEAD&SHOULDERS Deep Hydration, 250 ml",6.29,https://cdn.barbora.lt/products/55c87b1a-799a-407e-9724-dd32e00e196f_s.png
Maxima,"Vyriškas pieštukinis dezodorantas REXONA ADVANCED COBALT DRY, 50 ml",4.99,https://cdn.barbora.lt/products/eba5e220-2934-4097-87f3-e28d01e7cd9e_s.png
Maxima,"Kūno balzamas NEUTROGENA ULTRA NOIRISHING, 300 ml",8.79,https://cdn.barbora.lt/products/08d8889f-6740-40ae-b0d7-7f160806f790_s.png
Maxima,"Plaukų purškiklis TAFTxGLISS LOVELY LONG, 150 ml",4.85,https://cdn.barbora.lt/products/e8f232e8-1586-4622-827d-ef3c64859f6d_s.png
Maxima,"Žaislinis šautuvas PINPOINT NERF, 1 vnt.",20.99,https://cdn.barbora.lt/products/7c513dbe-57a4-414a-a6d0-53a5ccdc9883_s.png
Maxima,HAS NER N Series šautuvas „Infinite“,35.99,https://cdn.barbora.lt/products/ab4776b6-f773-4b79-9b6c-92f06d28fe5e_s.png
Maxima,"Žaidimas 5 sekundės TREFL, 02666T, 1 vnt.",11.99,https://cdn.barbora.lt/products/6f0381ee-cd5a-4777-987a-f87280d0d9d0_s.png
Maxima,"Interaktyvus žaislas HATCHIMALS ALIVE PUFFICORN, 1 vnt.",71.99,https://cdn.barbora.lt/products/01ab1406-9927-438a-bac5-1954112e0836_s.png
Maxima,"Žaislinis rinkinys HEXBOTS NANO LAND, 1 vnt.",20.99,https://cdn.barbora.lt/products/97e8e3cf-0897-4041-a020-a203f315c9f5_s.png
Maxima,HEX Interaktyvi šviečianti nano figūrėlė,4.79,https://cdn.barbora.lt/products/f17d236a-c272-4aba-a4a5-80a1658cf4b1_s.png
Maxima,"CARS automodelis ""Pakeisk spalvą!""",11.39,https://cdn.barbora.lt/products/7eb01817-9ed2-4f86-a723-b642f2e74613_s.png
Maxima,„Hot Wheels“ RC automodelis ,29.99,https://cdn.barbora.lt/products/2360651e-3108-484c-a265-ec5416d1a661_s.png
Maxima,"Kortų žaidimas UNO SKIP - BO, 1 vnt.",6.99,https://cdn.barbora.lt/products/41a970ce-077a-49a5-8bd3-20ce1aeda294_s.png
Maxima,"Žaislinis rinkinys BARBIE COLOR REVEAL, 1 vnt.",20.99,https://cdn.barbora.lt/products/a9384238-e3f3-4f78-b3ba-d56b4ec9bab8_s.png
Maxima,Peiliai UNIWELL Bordeaux 4 vnt.,9.99,https://cdn.barbora.lt/products/674cb960-f2b9-47a4-99e5-6b79a480f298_s.png
Maxima,Šaukšteliai UNIWELL Baguette 4 vnt.,5.99,https://cdn.barbora.lt/products/09ac6348-a145-4d7a-8b23-a8d8f7679dc0_s.png
Maxima,Salotų įrankiai UNIWELL Baguette 2 vnt.,9.99,https://cdn.barbora.lt/products/39bb119e-a737-406c-b419-4eaf2b02a5fe_s.png
Maxima,Stalo įrankiai UNIWELL Sala 16 vnt.,49.99,https://cdn.barbora.lt/products/785efc8d-03e6-4c26-9021-8b23b4a4fbe5_s.png
Maxima,Peiliai UNIWELL Baguette 4 vnt.,9.99,https://cdn.barbora.lt/products/666f54cf-af7d-44f1-a30a-19b8f797cc48_s.png
Maxima,Peiliai UNIWELL Brasio 2 vnt.,3.99,https://cdn.barbora.lt/products/158b8364-e8db-4248-a7ea-c2fb2d323e7b_s.png
Maxima,Kosmetikos rinkinys CREATE IT!,20.99,https://cdn.barbora.lt/products/02349362-2589-45ee-b06b-95e313ea4230_s.png
Maxima,"Maybelline New York Lifter lūpų pieštukas, 007 Big Lift",8.99,https://cdn.barbora.lt/products/b66a8d19-563a-454b-8d12-4c49a20a1e84_s.png
Maxima,"Maybelline New York Lifter lūpų pieštukas, 005 On it",8.99,https://cdn.barbora.lt/products/bcec9d8a-f9c9-43c9-bd35-2f35d4d176e0_s.png
Maxima,"Žaislinis pistoletas XSHOT HORRORFIRE REAPER, 1 vnt.",11.99,https://cdn.barbora.lt/products/4af4f61e-19fb-40e9-b058-e852a3c6da42_s.png
Maxima,"Žaislinis pistoletas XSHOT BLASTERCORN, 1 vnt.",11.99,https://cdn.barbora.lt/products/8db3b315-66c6-44a2-bbb7-211ad204f556_s.png
Maxima,Puodelis AURORA Tan 470 ml,7.99,https://cdn.barbora.lt/products/7374cdb8-c612-42cc-b816-7df210373bf7_s.png
Maxima,ODA PRO Kasdienis putų prausiklis,19.89,https://cdn.barbora.lt/products/4a50a73b-624a-4669-80cd-c18fce24a770_s.png
Maxima,DRĖKINAMASIS VEIDO KREMAS NUO SAULĖS SPF30 IR MĖLYNOSIOS ŠVIESOS,30.95,https://cdn.barbora.lt/products/7b0217cb-56d7-4709-afb5-1fb3fb9e9e7e_s.png
Maxima,MARGARITA MOIST&MINERALS veido putos su mineral. vandeniu Birutė 150ml,7.99,https://cdn.barbora.lt/products/15079f05-1461-4131-89f7-eae2ca1f6d8c_s.png
Maxima,"Auto oro gaiviklis ROTZ,LoopGel redfruit",2.99,https://cdn.barbora.lt/products/601fef6e-b163-4bc7-880b-6923da3bf79f_s.png
Maxima,Lėkštė AURORA Zout Grey 25 cm,7.99,https://cdn.barbora.lt/products/137e5d48-5565-4c0a-80a5-58aa248b74d2_s.png
Maxima,"L'Oreal Paris True Match Nude makiažo pagrindas su serumu, 1-2, 30 ml",21.99,https://cdn.barbora.lt/products/ecdf2e05-e04f-44b0-9b1f-689839362a7b_s.png
Maxima,"Vaikiškos dušo putos O'LYSEE, obuolių ir kriaušių kvapo, 250 ml",9.89,https://cdn.barbora.lt/products/7be6cdf0-c1a5-4559-a39b-952895763ae6_s.png
Maxima,"Sojų vaško žvakė AŠ MYLIU SAVE, 1 vnt.",9.99,https://cdn.barbora.lt/products/5c064954-f2f0-4a95-bff6-4f40501a63af_s.png
Maxima,"Purškiamasis kvapas AŠ MYLIU SAVE, 1 vnt. ",7.99,https://cdn.barbora.lt/products/8a7f4534-1140-46e4-bbaa-762efe9197ba_s.png
Maxima,"Namų kvapai AŠ MYLIU SAVE, 1 vnt.",17.99,https://cdn.barbora.lt/products/1b6b7eb0-c4dd-4195-85ce-56f2c88e3cd1_s.png
Maxima,"O'LYSEE dušo putos LA DELICATESSE, 200 ml",9.99,https://cdn.barbora.lt/products/7b1246dc-c3fa-453f-9cf5-0065e31578f7_s.png
Maxima,Green Feel's plaukų aliejus NUNU by Simona Nainė 100ml,12.99,https://cdn.barbora.lt/products/f9f3efdb-d0a4-41bd-9339-0fd376e4c574_s.png
Maxima,Kūno prausiklis B.FRESH IT TAKES TWO TO M.473,7.49,https://cdn.barbora.lt/products/f8bb425d-128d-45b3-bca2-a91728024d52_s.png
Maxima,Kūno prausiklis B.FRESH FRESSSSH AF!;473ml,7.49,https://cdn.barbora.lt/products/7dda44d0-eb36-4e85-99a0-7d18e868613d_s.png
Maxima,"Automobilio variklio valiklis Shell, 500ml",6.99,https://cdn.barbora.lt/products/0c61b786-d873-45a9-8ff1-5689c9ff6596_s.png
Maxima,"MAYBELLINE NEW YORK, LASH SENSATIONAL, SKY HIGH, blakstienų tušas, PLUM TWILIGHT, 8 ml",15.09,https://cdn.barbora.lt/products/3385fcbc-8563-44c0-b108-6d4dd202a520_s.png
Maxima,ELSEVE  kaukė 300 ml,5.49,https://cdn.barbora.lt/products/5f4be14d-9c18-43ac-bada-587325ca6f38_s.png
Maxima,"ELSEVE plaukų kaukė, 300ml",5.49,https://cdn.barbora.lt/products/b8fa10d2-f670-4f65-9f35-27ddc50343dd_s.png
Maxima,"ELSEVE  serumas galvos odai, 102 ml",7.19,https://cdn.barbora.lt/products/085d646c-5bf6-4e0e-ab32-f4592908dc76_s.png
Maxima,"ELSEVE  plaukų purškiklis, 150ml",7.19,https://cdn.barbora.lt/products/52cfe0b6-cb08-4853-b92d-ade54a20abad_s.png
Maxima,"Dušo želė DOVE CREAMY INDULGING, 450 ml",7.59,https://cdn.barbora.lt/products/90fb3179-5a01-4b36-a1ff-29a3cf4d7f57_s.png
Maxima,"NIVEA CELLULAR EXPERT FILLER dieninis kremas, 50 ml",21.49,https://cdn.barbora.lt/products/cf3ea33e-bb4e-418c-8ed9-5ecd8da0dc3c_s.png
Maxima,"L'Oreal Paris Casting Creme Gloss pusiau ilgalaikiai plaukų dažai be amoniako, 780",10.59,https://cdn.barbora.lt/products/5ee7995f-7ef1-4fe7-93e2-4631b9a30159_s.png
Maxima,Dantų šepetėlis COLGATE GENTLE CLEAN SENSITIVE,4.69,https://cdn.barbora.lt/products/7b3b6975-4315-4383-9cfd-a9c39ba6e733_s.png
Maxima,"L'Oreal Paris Casting Creme Gloss pusiau ilgalaikiai plaukų dažai be amoniako, 360",10.59,https://cdn.barbora.lt/products/9b2ab735-9dab-47b3-8016-4006c8f4a895_s.png
Maxima,Lakštinė veido kaukė SKIN PLANET GOLD LIFTING,1.99,https://cdn.barbora.lt/products/a20e7d09-27eb-4b27-876f-7be56e51ee2d_s.png
Maxima,Veido prausimosi putos PHARMA OIL SUNSHINE;50ml,8.99,https://cdn.barbora.lt/products/4dbb1777-5be2-4d75-9000-eb3eb26e5559_s.png
Maxima,Lakštinė veido kaukė SKIN PLANET GINSENG NOUR,1.99,https://cdn.barbora.lt/products/09b61f18-7fe8-4526-96d4-8db81e904f2d_s.png
Maxima,"HAS MON Papildymas „Nemokama stovėjimo aikštelė: aukso puodas“, LT",9.99,https://cdn.barbora.lt/products/4b08a2f5-30f9-43ad-b875-4c633c6ebc9c_s.png
Maxima,"Plaukų dažai SYOSS COLOR 6-46 Šaltas tamsiai šviesus, 1vnt.",8.99,https://cdn.barbora.lt/products/26ec1e49-bbe4-43f8-aa91-df7ee735189c_s.png
Maxima,"Vyr. sisteminio skustuvo galvutės GILLETTE SENSOR3+ COMFORT, 8 vnt.",7.99,https://cdn.barbora.lt/products/278d8733-59ca-4a38-b0d2-01a6bdefca06_s.png
Maxima,"Elektrinis dantų šepetėlis ORAL-B IO 2 NIGHT BLACK, 1 vnt.",73.49,https://cdn.barbora.lt/products/7cf28a17-e854-49c9-bea1-6569bc31b3ed_s.png
Maxima,"Maybelline New York Super Stay Lumi Matte makiažo pagrindas, 128",18.99,https://cdn.barbora.lt/products/8ec88af0-1cea-476d-b4e2-2c8ef2e011f2_s.png
Maxima,"Moteriškas parfumuotas vanduo PARIS BLEU ROUGE AVENUE, 100 ml",17.99,https://cdn.barbora.lt/products/0801d588-3f6e-432c-a49b-92397a4a0f5f_s.png
Maxima,"Vyriškas parfumuotas vanduo PARIS BLEU TOBACCO CLUB, 100 ml",26.99,https://cdn.barbora.lt/products/d680b022-c2bf-4966-938a-93b16867ffa4_s.png
Maxima,"Vyriškas parfumuotas vanduo PARIS BLEU MYSTIC BLUE, 100 ml",17.99,https://cdn.barbora.lt/products/469aed80-be93-4bd0-bfbe-ff36ab720cff_s.png
Maxima,"Plaukų kondicionierius PANTENE Smooth&Silky Active Nutri-Plex, 275 ml",6.89,https://cdn.barbora.lt/products/9e0ad9b9-53a0-4521-8c84-ea18e2e8cd5a_s.png
Maxima,"Purškiamas antiperspirantas OLD SPICE Sport Power, 150ml

",3.95,https://cdn.barbora.lt/products/b24209b8-d537-452e-a475-239c09eecff0_s.png
Maxima,"MARTINELIA kūno dulksna Super Girl, 210 ml",6.49,https://cdn.barbora.lt/products/33174cc4-5061-498f-8336-60113d5d9b4c_s.png
Maxima,"Telefono laikiklis AIR VENT WESTROM, 1 vnt.",9.99,https://cdn.barbora.lt/products/60c3dcd1-1db0-414d-85b1-156724a89513_s.png
Maxima,"Kondicionierius DIVUS, dažytiems plaukams, 250ml",2.19,https://cdn.barbora.lt/products/94ec4be4-bd18-4515-a092-a4451eb1ca09_s.png
Maxima,Minnie 2D Shower Gel & Shampoo 2 in 1 400 ml,7.99,https://cdn.barbora.lt/products/e1e923d7-8fd1-4ca0-8530-6c1bf7218e9c_s.png
Maxima,Apsauginė priemonė vaikams nuo saulės Bubchen 50ml,6.99,https://cdn.barbora.lt/products/7ea58f2f-d45b-4d88-8b18-fca355c9e739_s.png
Maxima,Dviejų „Minecraft“ figūrėlių rinkinys ,19.19,https://cdn.barbora.lt/products/044e6090-c208-41a9-af59-6184f19f4f12_s.png
Maxima,MINECRAFT figūrėlė - Snifer,21.14,https://cdn.barbora.lt/products/dae98301-c3ca-4f26-bc37-9bebb3590200_s.png
Maxima,POLLY POCKET žaidimų rinkinys,15.59,https://cdn.barbora.lt/products/f55d6705-9f92-43ae-b95a-c4ed5b405d3c_s.png
Maxima,Lėkštė AURORA CONRAN WHITE 18 cm,2.99,https://cdn.barbora.lt/products/a1031282-2bbd-47ac-b8d4-a556d640abfd_s.png
Maxima,Maybelline New York Grippy Serum makiažo bazė,18.99,https://cdn.barbora.lt/products/0096e983-48b2-48df-bdef-fc4618a81756_s.png
Maxima,"Keptuvė 24cm, UNIWELL",19.99,https://cdn.barbora.lt/products/62bbf755-7c91-41a3-904b-7ca26bc1172a_s.png
Maxima,"Prikaistuvis su dangčiu 18cm, UNIWELL",22.99,https://cdn.barbora.lt/products/84f52eef-b9e3-4897-b72e-d5a4151e62f2_s.png
Maxima,"Kepinti migdolų riešutai SEEBERGER, 150 g",3.99,https://cdn.barbora.lt/products/8219e128-57f1-4dac-bbc8-cc2d73e7352c_s.png
Maxima,"MARGARITA ANTI AGE stangrinamasis paakių kremas, 15 ml",7.99,https://cdn.barbora.lt/products/8053807d-6ebe-4116-9920-7b3e6f9ed9fa_s.png
Maxima,"L'Oreal Paris Big Deal blakstienų tušas, atsparus vandeniui",17.99,https://cdn.barbora.lt/products/a412df23-2a67-465b-8701-c08f15c35501_s.png
Maxima,"TESORI d'ORIENTE Persian Dream kreminis kūno prausiklis, 500 ml",8.29,https://cdn.barbora.lt/products/b64ff17b-8542-428f-9bd8-4968c4855ce0_s.png
Maxima,"Higieniniai paketai BELLA PERFECTA PURE NIGHT, 14 vnt.",1.89,https://cdn.barbora.lt/products/1ee60bff-ad5f-4094-a4b3-56eb7a506915_s.png
Maxima,"L'Oreal Paris Plump Ambition lūpų aliejus, 601 Worth It",16.99,https://cdn.barbora.lt/products/03034c1f-a6fe-4ecc-92cd-87f29c2057e2_s.png
Maxima,"Maybelline New York Lifter Glaze, 006 Carmel Glow",10.99,https://cdn.barbora.lt/products/1e61482d-3948-451b-b2ab-6d2ecb850b9e_s.png
Maxima,"Maybelline New York Lifter Glaze, 008 Acai Glaze",10.99,https://cdn.barbora.lt/products/36a5bd12-6aa0-477c-ad1a-82f973ef3d0b_s.png
Maxima,GREEN FEEL'S sausų plaukų kondicionierius 250ml,5.49,https://cdn.barbora.lt/products/3929efe3-35bf-4dd8-ab58-7935a6e24c7b_s.png
Maxima,"TIRTIR Milk Skin Toner Light tonikas, 150 ml",24.99,https://cdn.barbora.lt/products/40272c77-8d12-4102-b418-fcb0efaa6336_s.png
Maxima,NIVEA MAITINAMASIS DIENINIS KREMAS SU SPF30 SAUSAI IR JAUTRIAI ODAI 50 ml,10.99,https://cdn.barbora.lt/products/e7151e83-c147-45f2-82b6-6509afb0df51_s.png
Maxima,Vyriška dušo želė DOVE MEN EXTRA FRESH;700ml,9.99,https://cdn.barbora.lt/products/634ba771-3b45-4449-b8d5-c48dfc7a9ee6_s.png
Maxima,NIVEA LUMINOUS630® SKIN GLOW ŠVYTĖJIMĄ SKATINANTIS SERUMAS 15 ml,14.99,https://cdn.barbora.lt/products/4b1672a3-cdc6-4b4e-9b01-8319d8865f2c_s.png
Maxima,NIVEA Q10 STANGRINAMASIS KŪNO SERUMAS-LOSJONAS 200 ml,13.99,https://cdn.barbora.lt/products/5dc414cc-9c3c-4d7b-98aa-f04e300c046e_s.png
Maxima,Veido tonikas - dulksna RASA CLEAN EFFECT  200 ml,9.99,https://cdn.barbora.lt/products/9304ec93-23de-4632-901e-ec76c0845c2a_s.png
Maxima,"GARNIER HYALURON BARRIER REPAIR LIQUID CARE drėkinamoji veido esencija, 120 ml",5.39,https://cdn.barbora.lt/products/fc001681-89dc-40cf-bd1c-d50aba8b646b_s.png
Maxima,"MIXA, NIACINAMIDE BRIGHT skaistinantis kūno losjonas, 250ml.",5.55,https://cdn.barbora.lt/products/d15681cb-c60d-44a0-9ca9-96a0d3cec57f_s.png
Maxima,"MIXA, NIACINAMIDE BRIGHT odą skaistinantis veido, kūno ir rankų kremas, 400ml.",9.69,https://cdn.barbora.lt/products/41db9afe-8c76-4fe7-b61c-7d70d4d5864b_s.png
Maxima,NERF LOADOUT šautuvas ARCTIC ZEROSTRIKER,26.99,https://cdn.barbora.lt/products/08fd8dc8-69ac-4ed3-8d7e-5c67d93f3034_s.png
Maxima,"HAS MON Žaidimas „Monopolis: mobilioji bankininkystė“, LIT",29.99,https://cdn.barbora.lt/products/c132aad1-157d-48a9-aad5-b484b154be2c_s.png
Maxima,"Žaislinė slibino figūrėlė DRAGONS, 1 vnt.",13.19,https://cdn.barbora.lt/products/794a9ce4-4efa-493a-b4fa-1cb4359ff969_s.png
Maxima,"HAS TRA CYBERWORLD Šarvuota figūrėlė CYBER CHANGES, 10 cm, asort.",10.79,https://cdn.barbora.lt/products/8bba8068-a483-436c-9b89-120a42e5f123_s.png
Maxima,"BABY BORN Mažoji lėlytė mergaitė, 36 cm",23.99,https://cdn.barbora.lt/products/8eb1d307-aa2c-4959-bf87-7d745b58f0ed_s.png
Maxima,STICKI ROLLS STITCH Papuošalų rinkinys,15.59,https://cdn.barbora.lt/products/d7285d52-9e91-4ee7-9f58-718a26c8a738_s.png
Maxima,Dantų šepetėlis COLGATE TOTAL BLACK SOFT,6.29,https://cdn.barbora.lt/products/e69781ef-dcfd-4c38-b352-f376864ecf97_s.png
Maxima,"Garnier Color Naturals plaukų dažai, 101+ ledinė platininė blondinė",4.99,https://cdn.barbora.lt/products/af29d9b8-33db-4717-a95e-bcbdd75b1b7c_s.png
Maxima,"OGX plaukų kaukė su argano aliejumi , 300ml",13.99,https://cdn.barbora.lt/products/0318e08c-a607-4f62-8bb4-870f3c04b981_s.png
Maxima,"TESORI d'ORIENTE Ikigai kreminė dušo želė, 250 ml",4.49,https://cdn.barbora.lt/products/70aa4fda-260b-423b-aec1-8795c1947aec_s.png
Maxima,BTZ Interaktyvus skaitmeninis gyvūnėlis „Jurassic World“,31.79,https://cdn.barbora.lt/products/1a8d3417-2b83-46c9-91c9-892d5a385758_s.png
Maxima,BTZ HARRY POTTER Interaktyvus skaitmeninis personažas,34.19,https://cdn.barbora.lt/products/ab3c31b8-600b-45f8-80c8-57247241887f_s.png
Maxima,FURREAL Interaktyvi letenėlėmis minkanti katytė Bella,53.99,https://cdn.barbora.lt/products/26ad109e-3da4-49c4-8efa-bdc1e4d0b761_s.png
Maxima,GDH Figūrėlių rinkinys,21.59,https://cdn.barbora.lt/products/ab1381eb-a250-4e55-a452-cff927c57eb3_s.png
Maxima,"Raktų pakabukas FUNKO POP GOKU, 1 vnt.",7.79,https://cdn.barbora.lt/products/8673c659-0c33-49b7-b215-4adefaf6b1c0_s.png
Maxima,"PAW PATROL gaisrinis automobilis Fire Rescue Deluxe, 6072600",64.79,https://cdn.barbora.lt/products/ef40b151-8e7c-4661-b930-5175bb94b017_s.png
Maxima,"HAPPY YAPPERS interaktyvus pliušinis paukštis Tukanas, 9591",17.99,https://cdn.barbora.lt/products/d7a1bc96-689d-4a8c-a80b-841ac1c36839_s.png
Maxima,"5 SURPRISE miniatiūrų rinkinys Transformers, asort., 77687GQ2",10.19,https://cdn.barbora.lt/products/79441868-7448-4713-81f6-15b41e1e6cb8_s.png
Maxima,"RAINBOCORNS pliušinis žaislas su aksesuarais Mamacorn, asort., 92121",35.99,https://cdn.barbora.lt/products/0dee61e1-f717-49cd-a05c-9708c0e22d77_s.png
Maxima,"METAL MACHINES surenkamas automodelis Sonic The Hedgehog, asort., 67128",23.99,https://cdn.barbora.lt/products/bceb067e-81a2-49f1-b800-6c7480a19722_s.png
Maxima,"JOHN DEERE mini krutuvas Build a Buddy, 47608",11.39,https://cdn.barbora.lt/products/27c9c7cc-29f9-45e2-b916-858e7edbb29f_s.png
Maxima,NIVEA DERMA SKIN CLEAR MICELINIS VANDUO Į BĖRIMUS LINKUSIAI ODAI SU 5% SERUMO 400 ml,9.89,https://cdn.barbora.lt/products/598247e1-2982-4861-a05a-f532b2656341_s.png
Maxima,NIVEA Restore purškiamas antiperspirantas moterims 50 ml,4.79,https://cdn.barbora.lt/products/c2666c9d-9cf4-452a-9a82-2ad8a7c80f7e_s.png
Maxima,Žaidimas PICTIONARY (lietuvių kalba),16.49,https://cdn.barbora.lt/products/aaf2f684-5583-40da-bf1d-6719eaa61108_s.png
Maxima,"Vytintas kalakutienos batonėlis, a. r., 25 g",1.19,https://cdn.barbora.lt/products/53312824-5073-4d91-9879-09fb8a9a4049_s.png
Maxima,Namų kvapas su lazdelėmis LIUSI 50 ml,6.99,https://cdn.barbora.lt/products/b2d15708-9878-4721-90ac-69ffec9e0ed3_s.png
Maxima,"Dušo gelis ""FA MEN Attraction Force"",  400ml ",4.99,https://cdn.barbora.lt/products/9aa0fbe7-86fd-45dc-95f0-364c2d4575d0_s.png
Maxima,"BBURAGO 1:43 lenktyninis automodelis Aston Martin AMR23 #14 Fernando Alonso, 18-38090",8.99,https://cdn.barbora.lt/products/4326589d-0cd1-488d-8206-670bef4e7fa8_s.png
Maxima,"RASTAR R/C 1:24 valdomas automodelis Ferrari 499P, 10370",25.19,https://cdn.barbora.lt/products/59412bb6-cad1-42c3-af5b-d1db52baa543_s.png
Maxima,Patalynės komplektas 200x220/2x50x70cm lapai,29.99,https://cdn.barbora.lt/products/3c3f9cb3-566d-445e-b4e0-67302e11349c_s.png
Maxima,"Satininės patalynės komplektas 200x220/2x50x70cm,b.kavos",39.99,https://cdn.barbora.lt/products/ed8d038d-adab-440d-88a3-bbcd9f34a8b4_s.png
Maxima,"Patalynės komplektas 140x200/50x70cm,pilka",15.99,https://cdn.barbora.lt/products/ae5b9766-0083-4f8a-9966-b47bb767781b_s.png
Maxima,"Satininės patalynės komplektas 140x200/50x70cm,b.kavos",24.99,https://cdn.barbora.lt/products/00837421-90a2-495d-a772-7702706070bc_s.png
Maxima,"Patalynės komplektas 140x200/50x70cm,žal. gėlės",15.99,https://cdn.barbora.lt/products/407eeb8f-402e-41c4-a932-a18fa5ce36e7_s.png
Maxima,"Satininės patalynės komplektas 200x220/2x50x70cm t.mėlyna, dryžuota",39.99,https://cdn.barbora.lt/products/b2e37a81-90a8-4b65-8198-5f6dbee0febc_s.png
Maxima,Satininės patalynės komplektas 140x200/50x70cm gėlės,24.99,https://cdn.barbora.lt/products/cee1d80c-6efb-4e74-b690-23adec9ea655_s.png
Maxima,Satininės patalynės komplektas  200x220/2x50x70cm t.pilka,49.99,https://cdn.barbora.lt/products/0debf4de-6140-4aeb-99fb-4d8a7faeceee_s.png
Maxima,"Satininės patalynės komplektas140x200/50x70cm,alyvų",34.99,https://cdn.barbora.lt/products/1df4ea75-fe94-474b-b0c6-60d1968f348d_s.png
Maxima,"L'Oreal Paris Infaillible 24H Face Sculptor kreminė kontūravimo priemonė, Light Medium Contour",15.79,https://cdn.barbora.lt/products/cbc27a56-b93f-44c0-8311-f9cd09e1a442_s.png
Maxima,"Kilpinis rankšluostis 70x130cm, t.pilka",10.99,https://cdn.barbora.lt/products/c123595b-d6e0-4f74-b79c-391434464734_s.png
Maxima,"Kilpinis rankšluostis 70x130cm,balintos kavos",15.99,https://cdn.barbora.lt/products/5143b052-88fb-406a-8b4d-597cc46e1399_s.png
Maxima,"STITCH Tampri kolekcinė figūrėlė uždaroje pakuotėje, 5 cm, 5.asort",8.39,https://cdn.barbora.lt/products/10cbf84b-9628-4e2d-aa4e-487146537f4f_s.png
Maxima,Satininė paklodė su guma 160x200+30cm dr.kaulo,15.99,https://cdn.barbora.lt/products/c0c8597a-9b27-4d6e-b705-5ed18f957e79_s.png
Maxima,"Satininė paklodė su guma 140x200+30cm,t. mėlyna",14.99,https://cdn.barbora.lt/products/bc4a7f48-892a-4511-928c-3a9783490482_s.png
Maxima,Satininė paklodė su guma 160x200+30cm žalia,15.99,https://cdn.barbora.lt/products/38896a85-4bdf-47b4-8b12-5244a6ae328f_s.png
Maxima,"Paklodė su guma 140x200+30cm, balta",10.99,https://cdn.barbora.lt/products/f073440c-7390-4148-86e3-d0b21b64cbbb_s.png
Maxima,Satininė paklodė su guma 140x200+30cm chaki,14.99,https://cdn.barbora.lt/products/267ddf88-fa05-4785-b82e-5c792dc55ac3_s.png
Maxima,"Paklodė su guma 160x200+30cm,sidabrinė",11.99,https://cdn.barbora.lt/products/c405f01c-beb8-47e7-a6b5-6f81045c34eb_s.png
Maxima,"Satininė paklodė su guma 180x200+30cm,t. mėlyna",16.99,https://cdn.barbora.lt/products/9580e4be-3ece-4737-b493-c06e1fd6307a_s.png
Maxima,"Satininė paklodė su guma 200x200+30cm,chaki",17.99,https://cdn.barbora.lt/products/a71a2239-93ef-4123-b6b4-f9363968fcd4_s.png
Maxima,Satininė paklodė su guma 200x200+30cm dr.kaulo,17.99,https://cdn.barbora.lt/products/1dc0c4c9-d522-4510-a186-e35f60887cda_s.png
Maxima,"Satininė paklodė su guma 180x200+30cm,š.ruda",16.99,https://cdn.barbora.lt/products/5c1e3e15-2b6e-465d-b79d-55334645fbfd_s.png
Maxima,"Satininė paklodė su guma 140x200+30cm,š.pilka",14.99,https://cdn.barbora.lt/products/9ebec2ce-201d-4584-a328-22461c2c700d_s.png
Maxima,"Paklodė su guma 180x200+30cm,t.pilka",12.99,https://cdn.barbora.lt/products/24c42170-913c-4573-9259-4d5d3513d03f_s.png
Maxima,Satininė paklodė su guma 180x200+30cm dr.kaulo,16.99,https://cdn.barbora.lt/products/adee072d-b7f9-4796-8dc2-b5b24c88df5a_s.png
Maxima,"Paklodė su guma 160x200+30cm, balta",11.99,https://cdn.barbora.lt/products/7c42ed70-3d2c-4453-a8ca-5fddcc17a44c_s.png
Maxima,"Paklodė su guma 90x200+30cm,t.pilka",7.99,https://cdn.barbora.lt/products/2a1542ea-1e6c-48f6-ab4d-21b823ec639b_s.png
Maxima,"Satininė paklodė su guma 200x200+30cm,t. mėlyna",17.99,https://cdn.barbora.lt/products/af111097-e931-407f-b626-9cbb89a7a812_s.png
Maxima,"NEUTROGENA NF Intense Repair Cica kremas, 400ml",14.59,https://cdn.barbora.lt/products/c36a2462-386c-451e-9b68-04c9689fc069_s.png
Maxima,"OGX Bond Protein atkuriamasis šampūnas, 385ml",13.99,https://cdn.barbora.lt/products/6eaac23e-36fc-46b2-990c-21d35d5bff07_s.png
Maxima,"VASELINE kūno losjonas Advanced Repair, 600 ml",8.99,https://cdn.barbora.lt/products/eba78b94-5404-43a8-9e72-008f74f510df_s.png
Maxima,"VASELINE kūno losjonas Soothing Hydration, 600 ml",8.99,https://cdn.barbora.lt/products/d4496e4c-9e9e-4d74-aabb-c60df6c1daa9_s.png
Maxima,"NIVEA Q10 ANTI-WRINKLE POWER STANGRINANTIS AKIŲ SRITIES KREMAS, 15 ml",19.99,https://cdn.barbora.lt/products/67478d83-2fb1-4528-821c-983c50847b89_s.png
Maxima,"NIVEA FOR MEN Balzamas po skutimosi PROTECT&CARE, 100 ml",11.99,https://cdn.barbora.lt/products/836380bf-32f4-4b9c-8596-462f6fabf91f_s.png
Maxima,GARNIER SKIN NATURALS PURE ACTIVE poras sutraukiantis tonikas,3.39,https://cdn.barbora.lt/products/0b97a991-9efb-40d9-9c33-15fddc2cb65f_s.png
Maxima,"Lūpų dažai L'OREAL COLOR RICHE, 27 g",13.99,https://cdn.barbora.lt/products/0f701de1-e8cd-4cc6-be45-5562a70aeeef_s.png
Maxima,"Stalo žaidimų rinkinys 5IN1, 1 vnt.",21.49,https://cdn.barbora.lt/products/e8e256d3-762e-486c-84d7-24725b999d9a_s.png
Maxima,"Odinių paviršių valiklis TURTLE WAX, 500 ml",8.99,https://cdn.barbora.lt/products/b85e0746-7e91-4f76-84d1-b00d72fdaac8_s.png
Maxima,"Salono valiklis TURTLE WAX, laukų kvapo, 500 ml",7.49,https://cdn.barbora.lt/products/8baedf88-b116-4876-a6fe-6136371b8414_s.png
Maxima,"Salono valiklis TURTLE WAX, braškių kvapo, 500 ml",7.49,https://cdn.barbora.lt/products/bc38abe3-c1ba-470f-a2a7-2d948a5e9359_s.png
Maxima,"Automobilio lemputė OSRAM, H7, 12 V, 55 W, 1 vnt.",5.99,https://cdn.barbora.lt/products/7a881fd2-cde3-46ad-8ffa-8de07acd5269_s.png
Maxima,"Lūpų dažai MAX FACTOR LIPFINITY, Nr. 070-SPICY, 1 vnt.",16.79,https://cdn.barbora.lt/products/9ea4f603-3509-4938-806c-a1af278c2e3a_s.png
Maxima,"Kreminė pudra MAX FACTOR LASTING PERFORMANCE, Nr.105, 1 vnt.",18.69,https://cdn.barbora.lt/products/33ebc32d-6b58-4792-8b00-af41b9c93a23_s.png
Maxima,"Kreminė pudra MAX FACTOR LASTING PERFORMANCE, Nr.106, 1 vnt.",18.69,https://cdn.barbora.lt/products/fbbe6493-ecb7-4646-8bf3-d799e2bf8971_s.png
Maxima,"Antakių pieštukas MAX FACTOR, 1 vnt.",7.89,https://cdn.barbora.lt/products/7d29efb6-e703-42c2-8a27-de28fea18b93_s.png
Maxima,"Akių pieštukas MAX FACTOR KOHL, 1 vnt.",7.79,https://cdn.barbora.lt/products/99d3ca05-9ade-4264-b109-4ac98dc44448_s.png
Maxima,"Akių pieštukas MAX FACTOR KOHL, 1 vnt.",7.79,https://cdn.barbora.lt/products/a70aea3f-e5c6-4941-89eb-ddac1b98e7d4_s.png
Maxima,"Akių pieštukas MAX FACTOR KOHL, 1 vnt.",7.79,https://cdn.barbora.lt/products/e78274a5-58df-4cdf-a1e8-301048664eed_s.png
Maxima,"Akių pieštukas MAX FACTOR KOHL, 1 vnt.",7.79,https://cdn.barbora.lt/products/44ffb185-2ab1-4270-bf6d-df6647865b02_s.png
Maxima,"Kreminis makiažo pieštukas MAX FACTOR PANSTICK, Nr. 13, 1 vnt.",11.59,https://cdn.barbora.lt/products/fd5c5572-a7c7-45aa-a08a-3e7a5afcba48_s.png
Maxima,"Tualetinis vanduo DIAVOLO, 50 ml",12.49,https://cdn.barbora.lt/products/a36e108a-a747-4341-a303-b7dedacf5a98_s.png
Maxima,"Lūpų dažai MAX FACTOR LIPFINITY, Nr. 030-COOL, 1 vnt.",18.39,https://cdn.barbora.lt/products/443cd714-1840-4a66-84d8-22822170cdee_s.png
Maxima,"Automobilių šampūnas su vašku TURTLE WAX, 500 ml",6.99,https://cdn.barbora.lt/products/360ac01a-f2a2-42ff-a9f7-5f6a40dbef51_s.png
Maxima,"PALETTE DELUXE plaukų dažai 3-65 (750) šokoladinis
",7.79,https://cdn.barbora.lt/products/5022db8d-abce-44af-9834-44c065b56e25_s.png
Maxima,"Garnier Color Naturals 2.10, mėlynių juoda. ",4.99,https://cdn.barbora.lt/products/f536883f-da5c-4e11-82c1-d390f96c819d_s.png
Maxima,"Garnier Color Naturals 4.3, auksinė ruda. ",4.99,https://cdn.barbora.lt/products/4278bfd7-bcb9-4e9c-97f1-b859cc97edc1_s.png
Maxima,"Plaukų dažai GARNIER COLOR NATURALS, Nr. 110, 1 vnt.",4.99,https://cdn.barbora.lt/products/f2268bd7-b825-4a33-bfe9-5a77847bf49c_s.png
Maxima,"Geltonieji greipfrutai WHITE MARSH, 1 kg",1.99,https://cdn.barbora.lt/products/6ba065d1-4e6e-4faf-83c8-f5b20d0d843d_s.png
Maxima,"Žalieji greipfrutai SWEETIE, 1 kg",1.69,https://cdn.barbora.lt/products/09875d73-4d09-4a9d-8c49-c6abb922dc55_s.png
Maxima,"Akių kontūro pieštukas RIMMEL SOFT KOHL, 1 vnt.",4.79,https://cdn.barbora.lt/products/71424c79-b571-464b-a541-cda6406cb733_s.png
Maxima,"Antakių kontūro pieštukas RIMMEL, 1.4 g",4.79,https://cdn.barbora.lt/products/6620523b-74db-46d2-9f2c-50f89010f8b4_s.png
Maxima,"Antakių kontūro pieštukas RIMMEL, 1.4 g",4.79,https://cdn.barbora.lt/products/804074b4-10f3-4839-9371-cbfb01ef5c13_s.png
Maxima,"Maskuojantis pieštukas RIMMEL HIDE THE BLEMISH, Nr. 103, 4.5 g",5.79,https://cdn.barbora.lt/products/8bfc9230-da65-41db-b8d7-b34b675acaba_s.png
Maxima,"Pieštukinis dezodorantas BIONSEN, 40 ml",5.29,https://cdn.barbora.lt/products/63493290-fcb4-412d-9a66-4c0361432433_s.png
Maxima,"Skystoji pudra L'OREAL TRUE MATCH, 30 ml",18.99,https://cdn.barbora.lt/products/5a687ae0-cb07-41a3-8192-203fea3cc54c_s.png
Maxima,"Skystoji pudra L'OREAL TRUE MATCH, 30 ml",18.99,https://cdn.barbora.lt/products/a920e6bb-668d-4f51-bb6a-8b3420a87527_s.png
Maxima,"Skystoji pudra L'OREAL TRUE MATCH, 30 ml",18.99,https://cdn.barbora.lt/products/4c8553c5-a31b-4d93-abc9-4f71d38c4ddf_s.png
Maxima,"Skystoji pudra L'OREAL TRUE MATCH, Nr. 3N-beige cream, 30 ml",18.99,https://cdn.barbora.lt/products/fc3ebdf1-1c8e-4937-963e-57b0c4bbc88b_s.png
Maxima,Plaukų dažai PALETTE ICC 6-0,5.49,https://cdn.barbora.lt/products/fb2a864d-99c2-407b-b0da-f402189c6977_s.png
Maxima,"Kompaktinė pudra L'OREAL TRUE MATCH, Nr. W3, GOLDEN BEIGE, 53 g",19.09,https://cdn.barbora.lt/products/fc9c0a9a-6c8e-4c34-bbbe-ef90eb856d4f_s.png
Maxima,"Peilis TESCOMA PRESTO, 14 cm",4.49,https://cdn.barbora.lt/products/cf23d571-0dd3-4501-812b-e9fa9defa7b0_s.png
Maxima,"Kompaktinė pudra L'OREAL TRUE MATCH, Nr. N3, BEIGE, 9 g",19.09,https://cdn.barbora.lt/products/c0f25a05-fa0a-49a8-a7dc-cf25f847b989_s.png
Maxima,"Kompaktinė pudra L'OREAL TRUE MATCH, Nr. R2-C2, ROSE VANILLA, 9 g",19.09,https://cdn.barbora.lt/products/f7607d0c-7aad-46e0-89e8-108ead865c80_s.png
Maxima,"Plaukų dažai L'OREAL PREFERENCE BRASILIA 3B, 1 vnt.",13.49,https://cdn.barbora.lt/products/72ffb850-39d5-41e9-9adf-e346b9b22a0c_s.png
Maxima,"Plaukų dažai L'OREAL RECITAL PREFERENCE, 1 vnt.",13.49,https://cdn.barbora.lt/products/d7ffa5ae-8eed-4255-9332-ff08a2c06a86_s.png
Maxima,L'Oréal Paris Excellence Creme plaukų dažai 8 Light Blonde,6.59,https://cdn.barbora.lt/products/7b0f2588-3f2f-4e5e-a215-5959d93be63e_s.png
Maxima,"Servetėlės ARMORALL, matinės, 20 vnt.",3.99,https://cdn.barbora.lt/products/d19d6af1-2076-44e7-ba2f-c5c6c1246da4_s.png
Maxima,"Vyr. tualetinis vanduo ANTONIO BANDERAS BLUE SEDUCTION, 100 ml",36.99,https://cdn.barbora.lt/products/47d7aa6d-78a7-44eb-a455-f5401447bb6a_s.png
Maxima,Gelis revitalizantas EX120 benzininiams varikliams,21.99,https://cdn.barbora.lt/products/e0d0d266-0e1c-4339-9473-9ea713c2db9a_s.png
Maxima,"Dyzelinių variklių gelis, 9 ml",21.99,https://cdn.barbora.lt/products/cb5755e0-0189-4a43-97b5-ae90480c6f6e_s.png
Maxima,Gelis revitalizantas EX120 mehaninėms pavarų dėžėms ir reduktoriams,21.99,https://cdn.barbora.lt/products/77cac4bf-838a-4881-b270-ceeed1e4d844_s.png
Maxima,Gelis revitalizantas EX120 vairo stiprintuvui,21.99,https://cdn.barbora.lt/products/d8642643-c01c-4e0e-8b2b-304d3ce24c73_s.png
Maxima,"SCHOLL, balzamas suskilusiems kulnams, 60 ml",9.99,https://cdn.barbora.lt/products/d0d25bd1-4b67-4706-88a0-83a3ca4c63e7_s.png
Maxima,"Blakstienų tušas L'OREAL TELESCOPIC CARBON BLACK, juodas, 8 ml",16.99,https://cdn.barbora.lt/products/6d23d248-bc94-4b4e-8b98-c74cb0e5f5b8_s.png
Maxima,"Plaukų dažai L'OREAL CASTING CREME GLOSS, Nr. 360, 1 vnt.",10.59,https://cdn.barbora.lt/products/98263072-3fed-475d-955c-843ec6481015_s.png
Maxima,"Odos priežiūros putos SONAX, 400ml",13.49,https://cdn.barbora.lt/products/86cea775-5ec3-4394-87ad-67c8bf185110_s.png
Maxima,"Lūpų dažai L'OREAL COLOR RICHE NATURAL, Nr. 258-BERRY, 24 g",13.99,https://cdn.barbora.lt/products/0d93facc-f087-4f17-a5d6-b8cf303797b7_s.png
Maxima,"Plaukų dažai PALETTE, 1 vnt.",5.49,https://cdn.barbora.lt/products/9a673744-5be0-44a7-8fc3-bd2f4008b030_s.png
Maxima,"Makiažo pagrindas MAYBELLINE DMM, 30 ml",15.49,https://cdn.barbora.lt/products/7376ae87-1fd0-48a2-bbe9-f98fa480bdae_s.png
Maxima,"Makiažo pagrindas MAYBELLINE DMM, 30 ml",15.49,https://cdn.barbora.lt/products/bb1d4e71-c2a2-420c-9a33-3ecfd850e859_s.png
Maxima,"Lėkštė LUMINARC SWEET LINE, 28 x 23 cm",5.99,https://cdn.barbora.lt/products/254de081-cd57-41c3-973b-2e28eaf99b92_s.png
Maxima,"Dažom. plaukų kremas PALETTE INTENSIVE COLOR CR, Nr. 9.5-1, 1 vnt.",5.49,https://cdn.barbora.lt/products/5f1a0bbf-6bd3-4409-9134-a3a2bed111b6_s.png
Maxima,BELLA PANTY LIGHT AROMA kasdieniai įklotai N60,1.95,https://cdn.barbora.lt/products/82b1d921-827e-45c3-b78a-a09476950a86_s.png
Maxima,"Purškiamasis plaukų skystis GOT2B Guardian Angel, 200 ml",10.69,https://cdn.barbora.lt/products/d356485c-a760-4089-a4ad-c9898eeb6ce2_s.png
Maxima,"Plaukų dažai L'OREAL CASTING CREME GLOSS, Nr. 1021, 1 vnt.",10.49,https://cdn.barbora.lt/products/bf89157f-f599-4477-bd52-0547f1b741cc_s.png
Maxima,"Mentelė silikoniniu antgaliu PRESTO, 1 vnt.",4.99,https://cdn.barbora.lt/products/5ffe8f9b-b2c3-4c9e-88a9-69941c0be964_s.png
Maxima,"Skysta pudra L OREAL TRUE MATCH, 30 ml",18.99,https://cdn.barbora.lt/products/84724754-9075-4478-aad0-e4490c19c5fa_s.png
Maxima,"Vyriškas tualetinis vanduo ANTONIO BANDERAS THE SECRET, 100 ml",32.99,https://cdn.barbora.lt/products/b7a37f0f-90f5-4b19-a7c4-e435ba0cc0eb_s.png
Maxima,"Vandeniui atsparus blakstienų tušas L'OREAL VOLUME, juod, 9 ml",15.99,https://cdn.barbora.lt/products/907d7c74-12e5-44b8-a7db-9b36c8bf8741_s.png
Maxima,"Vyriškas parfumuotas vanduo BI-ES PORTO DI CAPRI, 100 ml",9.99,https://cdn.barbora.lt/products/c665aa73-3bf2-4e9b-99c2-f6786fbd54ec_s.png
Maxima,"Stabdžių skystis ROTZ, 250 ml, DOT-4",1.99,https://cdn.barbora.lt/products/3324533a-1f22-49dc-adec-52af70439fe3_s.png
Maxima,"Plaukų dažai L'OREAL PREFERENCE, 1 vnt.",13.49,https://cdn.barbora.lt/products/6d2c11ac-9053-4c03-9667-7a86e1678493_s.png
Maxima,"Stalo žaidimas TACTIC LIETUVA MAŽIESIEMS, 1 vnt.",13.99,https://cdn.barbora.lt/products/79deff84-93ce-4fef-8a7b-46fc6e5df2cf_s.png
Maxima,"Kreminė pudra MAX FACTOR MIRACLE TOUCH SPF30, Nr. 45, 11.5 g",20.19,https://cdn.barbora.lt/products/a5a01868-f153-47c1-a56f-a7db6f9ff7b7_s.png
Maxima,"Kreminė pudra MAX FACTOR MIRACLE TOUCH SPF30, Nr. 75, 11.5 g",21.19,https://cdn.barbora.lt/products/e12be6e3-9b5f-4ca4-82e2-d10a0857d007_s.png
Maxima,"Blakstienų tušas MAX FACTOR MASTERPIECE MAX BLACK/BROWN,rud., 1 vnt.",17.99,https://cdn.barbora.lt/products/96a12d90-83f5-4e7a-8e5e-4f2521866917_s.png
Maxima,"Blakstienų tušas MAX FACTOR MASTERPIECE MAX DEEP BLUE,mėlynas, 1 vnt.",17.99,https://cdn.barbora.lt/products/0c251f08-ca5e-4e70-8cd5-93d36ed0bfa9_s.png
Maxima,"Blakstienų tušas MAX FACTOR MASTERPIECE RICH BLACK, juodas, 1 vnt.",16.69,https://cdn.barbora.lt/products/5ec62540-4faf-4c05-a6f9-c90291871252_s.png
Maxima,"Vandeniui atsparus blakstienų tušas MAX FACTOR FALSE LASH, 1 vnt.",19.19,https://cdn.barbora.lt/products/297bb745-988b-47b9-acd1-715e69feefa5_s.png
Maxima,"Lūpų dažai MAX FACTOR COLOR ELIXIR, Nr. 090, english rose, 1 vnt.",16.19,https://cdn.barbora.lt/products/11807ae2-7692-4747-9273-a315bb31eb2c_s.png
Maxima,"Lūpų dažai MAX FACTOR COLOR ELIXIR, Nr. 075-BRUNT TUESDAY, 1 vnt.",16.19,https://cdn.barbora.lt/products/40cae3ac-e0a3-44c5-af8a-28eda54acd81_s.png
Maxima,"Lūpų dažai MAX FACTOR COLOR ELIXIR, Nr. 020-BRUNT CARAMEL, 1 vnt.",16.19,https://cdn.barbora.lt/products/ea4282ae-630f-4eb7-8bd9-a5bdf0a99af0_s.png
Maxima,"Lūpų dažai MAX FACTOR COLOR ELIXIR, Nr. 050, pink brandy, 1 vnt.",16.19,https://cdn.barbora.lt/products/2f9478a2-46b5-40d1-b812-ce34bb0b7c0b_s.png
Maxima,"Lūpų dažai MAX FACTOR COLOR ELIXIR, Nr. 030-ROSEWOOD, 1 vnt.",16.19,https://cdn.barbora.lt/products/96fa0029-a5fb-4b3f-a272-97552da0c9c4_s.png
Maxima,"Lūpų dažai MAX FACTOR COLOR ELIXIR, Nr. 025-SUNBRONZE, 1 vnt.",16.19,https://cdn.barbora.lt/products/f0de4a54-a41e-466a-b8d0-248f83b0f6fc_s.png
Maxima,"Lūpų dažai MAX FACTOR COLOR ELIXIR, Nr. 080-CHILLI, 1 vnt.",16.19,https://cdn.barbora.lt/products/743e8bd0-b205-4317-9c80-d074033ce992_s.png
Maxima,"Lūpų dažai MAX FACTOR COLOR ELIXIR, Nr. 105-RAISEN, 1 vnt.",16.19,https://cdn.barbora.lt/products/d360d6cc-77d0-4a1f-b229-e12ec6f819ba_s.png
Maxima,NIVEA MEN SENSITIVE skutimosi kremas 100 ml,4.99,https://cdn.barbora.lt/products/592b889b-3e66-40f0-9b5d-cb8ae594e3ba_s.png
Maxima,"Vandeniui atsparus blakstienų tušas MAX FACTOR CALORIE2000, 1 vnt.",15.19,https://cdn.barbora.lt/products/82535485-f4aa-434c-80b7-5d6441dc6d20_s.png
Maxima,"Blakstienų tušas MAX FACTOR MASTERPIECE BLACK/BROWN, rudas, 4.2 ml",16.69,https://cdn.barbora.lt/products/accd519a-2657-48ee-b83a-6efedc712eb8_s.png
Maxima,"Birių produktų indas HAMBURG, 1600 ml, 1 vnt.",6.99,https://cdn.barbora.lt/products/5a5c20a3-fc05-4f6b-85bc-77324ef165c6_s.png
Maxima,"Blakstienų tušas L'OREAL TELESCOPIC MAGNETIC BLACK, juodas, 1 vnt.",16.99,https://cdn.barbora.lt/products/cd302559-f675-45b2-881e-710cdbdccaa4_s.png
Maxima,"Variklių alyva MOBIL SUPER 3000X1F-FE 5W-30, 4 l",54.99,https://cdn.barbora.lt/products/a87a58aa-5c7f-4799-8dab-c4a1dc22931e_s.png
Maxima,"Variklių alyva MOBIL SUPER 3000X1F-FE 5W-30, 1 l",14.99,https://cdn.barbora.lt/products/5e6f6538-bb47-44b9-b628-5b20618eb86d_s.png
Maxima,"Vyriškas skustuvas GILLETTE FUSION su kirp., 1 vnt.",24.61,https://cdn.barbora.lt/products/dec69dc8-a98c-4959-9ece-db0366caf345_s.png
Maxima,"Mandarinai su lapais, 3-4 d., 700 g",2.19,https://cdn.barbora.lt/products/27fb3a73-b8cd-4ca3-8eda-c0c62fbadeca_s.png
Maxima,"Maskuojamasis pieštukas MAYBELLINE FIT ME #10 LIGHT, 1 vnt.",10.99,https://cdn.barbora.lt/products/101de13f-feb2-4421-9f36-df60c5ab54d8_s.png
Maxima,"Dieninis veido kremas NIVEA CELLULAR, 50 ml",19.99,https://cdn.barbora.lt/products/5a434396-8687-41d5-9340-4789abe98bcf_s.png
Maxima,"NIVEA CELLULAR ""EXPERT FILLER“ INTENSYVAUS POVEIKIO NAKTINIS KREMAS, 50 ml",19.99,https://cdn.barbora.lt/products/bb99c6ae-2b0c-4f15-9899-a2940b532134_s.png
Maxima,"Plaukų dažai SYOSS OLEO INTENSE, Nr. 7-10, 1 vnt.",9.49,https://cdn.barbora.lt/products/512c534d-6cdb-442a-b889-96067dc0fcbd_s.png
Maxima,"Dažomasis plaukų kremas SYOSS OLEO INTENSE, 1 vnt.",9.49,https://cdn.barbora.lt/products/d90aedc5-eeca-4c68-9806-9d67af7d412d_s.png
Maxima,"Dažomasis plaukų kremas SYOSS OLEO INTENSE, 1 vnt.",9.49,https://cdn.barbora.lt/products/a12d442e-2a69-4212-823f-b13572ec9934_s.png
Maxima,"PALETTE DELUXE plaukų dažai 7-77 (562) ryškus spindintis varis 
",7.79,https://cdn.barbora.lt/products/7ecad7a6-bea5-41d1-87da-2927e1a3763d_s.png
Maxima,"Moteriškas tualetinis vanduo ADIDAS GET READY, 50 ml",12.99,https://cdn.barbora.lt/products/da4aff44-34f3-4d18-a60b-cd11cd5e3c6c_s.png
Maxima,"Tualetinis vanduo FRESH ZONE, 100 ml",7.99,https://cdn.barbora.lt/products/808e6730-f542-4966-adad-7d2f52610dfc_s.png
Maxima,"Blakstienų tušas L'OREAL VOLUME SO COUTURE, 1 vnt.",15.99,https://cdn.barbora.lt/products/53e7d821-db86-41a0-898f-a2e194ed37c7_s.png
Maxima,"Lėkštė LUMINARC CARINE, 26,5 cm",2.99,https://cdn.barbora.lt/products/656c8454-5600-492c-8133-0f4aa68e1595_s.png
Maxima,"Lėkštė LUMINARC CARINE, 26,5 cm, 1 vnt.",2.99,https://cdn.barbora.lt/products/b16b7f66-0005-4214-ad31-a387b412d031_s.png
Maxima,"Prausiklis ir dušo kremas BÜBCHEN, 230 ml",7.55,https://cdn.barbora.lt/products/e66e9262-0e00-43d9-b580-9d86c516a993_s.png
Maxima,"Garnier Color Naturals 3.23, tamsus kvarcas. ",4.99,https://cdn.barbora.lt/products/3b30267e-c076-491d-8ad0-3019460c432f_s.png
Maxima,"Plaukų dažai L'OREAL PREFERENCE 3.12, 1 vnt.",13.49,https://cdn.barbora.lt/products/fc3688b1-0126-4d52-b0aa-286000a7d106_s.png
Maxima,"Lūpų dažai L'OREAL COLOR RICHE SATIN, Nr. 230-CORAL SHOWROOM, 1 vnt.",13.99,https://cdn.barbora.lt/products/7bc2698c-f09f-4274-8029-387c216f1cbd_s.png
Maxima,WS INTUITION Sensitive moteriškas skustuvas,13.09,https://cdn.barbora.lt/products/a1bfd8e7-46dd-474b-b66d-8af4eb66fd3a_s.png
Maxima,WS INTUITION Sensitive Care moteriški peiliukai 3vnt,13.59,https://cdn.barbora.lt/products/4a43c8ed-1223-442c-9cfa-cbfcd95967d3_s.png
Maxima,"Lūpų pieštukas L'OREAL COLOR RICHE COUTURE, Nr. 630, 1 vnt.",7.19,https://cdn.barbora.lt/products/2b5cd7f7-9587-4a9d-9dda-edecd159b96c_s.png
Maxima,Peilių galąstuvas FISKARS,23.99,https://cdn.barbora.lt/products/1725c7f4-ae2f-45e7-95ec-59c934627663_s.png
Maxima,Skustukas FISKARS SWIVEL BLADE,12.99,https://cdn.barbora.lt/products/dcc70395-f43d-4c06-8b09-faeb5eef12a5_s.png
Maxima,"Puodas VELVET TVS, 20 cm",25.99,https://cdn.barbora.lt/products/ab3feacf-a69a-456b-9865-12abbedac395_s.png
Maxima,"Puodas VELVET TVS, 24 cm",30.99,https://cdn.barbora.lt/products/09d7f1ea-acb9-477b-8f22-943c3d44f295_s.png
Maxima,"Plaukų putos JOHN FRIEDA VOLUME, 200 ml",10.99,https://cdn.barbora.lt/products/44162490-5971-431b-b628-f04d66a61956_s.png
Maxima,"Plaukų šampūnas JOHN FRIEDA FRIZZ EASE, 250 ml",9.99,https://cdn.barbora.lt/products/d616a08f-0ee1-4401-b963-1b6df765ddfc_s.png
Maxima,"Skaistalai MAXFACTOR CREME PUFF 25, 1 vnt.",14.59,https://cdn.barbora.lt/products/22c23970-aeb8-41e0-85bb-3738c0cf60d9_s.png
Maxima,"Variklio sandariklis ATOMEX STOP ENGINE, 250ml",15.99,https://cdn.barbora.lt/products/43a713f1-6d38-4466-bd02-04aa1030f81f_s.png
Maxima,Atomex tepalo spaudimo atstatymo priemonė su revitalizantu,15.99,https://cdn.barbora.lt/products/28f4e872-7608-4bec-8d13-b3768ff43546_s.png
Maxima,"Plaukų dažai CASTING CRÈME GLOSS, 635",10.59,https://cdn.barbora.lt/products/b0089a13-3649-47c4-b257-70aced400913_s.png
Maxima,"Vyriškas plaukų ir kūno šampūnas NATURA SIBERICA, TIGRO ĮNIRŠIS, 250ml",6.59,https://cdn.barbora.lt/products/cea8283a-1719-4044-9aad-92ab4d63337a_s.png
Maxima,"Odos priežiūros priemonė BIO-OIL, 60 ml",11.29,https://cdn.barbora.lt/products/d0fa75d7-8176-4fe1-a675-b63c56022026_s.png
Maxima,"Dažomasis plaukų kremas PALETTE DELUXE, Nr. 1-0, 1 vnt.",7.79,https://cdn.barbora.lt/products/3101f61f-3812-471c-aed5-ec3eb6602225_s.png
Maxima,"VENITA SALON Plaukų želė MEGA STRONG, 500 ml ",2.45,https://cdn.barbora.lt/products/82a5a3bb-e8ef-4bd6-b95e-d5b657a01a7b_s.png
Maxima,"Sebamed Baby kremas kūdikiams nuo iššutimų, 100ml",10.99,https://cdn.barbora.lt/products/6d289f46-f985-4fc9-a0bc-2042eace8a36_s.png
Maxima,"Vyriškas tualetinis vanduo STR8 RED CODE, 100 ml",14.99,https://cdn.barbora.lt/products/bfcc9e2e-2e05-434d-87b7-bc808ec81179_s.png
Maxima,"Automobilių oro gaiviklis AREON PERFUME VANILA, 35 ml",4.29,https://cdn.barbora.lt/products/d77c509c-3e0b-4953-81dd-4f80a6734e94_s.png
Maxima,"Kūno šveitiklis ORGANIC SHOP LEMONGRASS & SUGAR, 250 ml",4.39,https://cdn.barbora.lt/products/df873d17-1741-440d-bcbf-eedb51d40d11_s.png
Maxima,"Dažom. plaukų kremas PALETTE INTENSIVE COLOR CR, Nr. 7-887, 1 vnt.",5.49,https://cdn.barbora.lt/products/58e539cf-21a4-413a-a46d-5ef95c1d7227_s.png
Maxima,"Ratlankių valiklis TURTLE WAX, 500 ml",11.49,https://cdn.barbora.lt/products/89ae4441-13f0-4561-9152-a04b65970d86_s.png
Maxima,"Vabzdžių ir dervų valiklis TURTLE WAX, 500 ml",9.49,https://cdn.barbora.lt/products/0a7cfc2c-32d3-4ecd-b6f4-e566ea1f8ae2_s.png
Maxima,"Automobilinis vaškas TURTLE WAX CARNAUBA 500ml, 500 ml",10.99,https://cdn.barbora.lt/products/dd9593f3-767e-4a8c-8bcb-e6bbd5ed6900_s.png
Maxima,"Stiklų valiklis TURTLE WAX, 500 ml",7.99,https://cdn.barbora.lt/products/93e18dfa-c361-4c83-97e8-ef21030bebde_s.png
Maxima,"Lietaus lašus išskaidantis skystis TURTLE WAX, 300 ml",11.99,https://cdn.barbora.lt/products/bf029e2d-ff0d-41e4-8416-73fc483a0a2a_s.png
Maxima,"Automobilių skydelių valiklis TURTLE WAX NEW CAR, 500 ml",7.49,https://cdn.barbora.lt/products/2b592c75-4e89-43a1-b383-99e53d8dfc82_s.png
Maxima,"Purškiamasis vaškas TURTLE WAX, 500 ml",7.49,https://cdn.barbora.lt/products/aa19d74a-591b-426e-b033-cd2540522cae_s.png
Maxima,"Vyriškas tualetinis vanduo AB KING OF SEDUCTION, 100 ml",36.99,https://cdn.barbora.lt/products/36c0930d-66fd-4361-aa9e-528ae86ec70c_s.png
Maxima,"Prietaisų skydelių ir stiklų valiklis TURTLE WAX, 500 ml",9.49,https://cdn.barbora.lt/products/2ba68be3-18c3-4f39-9269-8275c1139c68_s.png
Maxima,"Lūpų blizgis RIMMEL OH MY GLOSS, Nr. 150-GLOSSAHOLIC, 6.5 g",8.89,https://cdn.barbora.lt/products/3110e016-2c02-4278-9072-030cd0b59703_s.png
Maxima,"Blakstienų tušas RIMMEL EXTRA 3D LASH BLACK, juodas, 8 ml",5.99,https://cdn.barbora.lt/products/d740ff6c-5d87-44b3-8d63-4f3c21f618a4_s.png
Maxima,"Plaukų dažai GARNIER COLOR NATURALS, Nr. 10, 1 vnt.",4.99,https://cdn.barbora.lt/products/82de8776-90cc-4603-b010-f809cc67bbc3_s.png
Maxima,"Akių kontūrų dažai RIMMEL EXAGGERATE, 3 g",6.69,https://cdn.barbora.lt/products/bf6894c4-774f-4776-b13b-62c319714dcf_s.png
Maxima,"Kompaktinė pudra RIMMEL STAY MATTE, Nr. 001, TRANSPARENT, 14 g",5.69,https://cdn.barbora.lt/products/5621a4fa-430a-43ec-a1ba-17b25ea46204_s.png
Maxima,"Kompaktinė pudra RIMMEL STAY MATTE, Nr. 003, PEACH GLOW, 14 g",5.69,https://cdn.barbora.lt/products/3b8a5519-f4ac-4c44-b0ee-74c3d6f6f933_s.png
Maxima,"Kompaktinė pudra RIMMEL STAY MATTE, Nr. 005, SILKY BEIGE, 14 g",5.69,https://cdn.barbora.lt/products/9ce65270-20c3-4672-b402-2b54646b038c_s.png
Maxima,"Kompaktinė pudra RIMMEL STAY MATTE, Nr. 006, WARM BEIGE, 14 g",5.69,https://cdn.barbora.lt/products/9b94e55d-fc0f-4f9f-b3a9-9678ea1f0ed2_s.png
Maxima,"Kontūravimo priemonė veidui RIMMEL KATE 02, 26 g",12.89,https://cdn.barbora.lt/products/7b901ca1-0af1-45ab-92fd-12491588b1b0_s.png
Maxima,"Lėlė gimnastė BARBIE, 1 vnt.",20.99,https://cdn.barbora.lt/products/d27e1e9c-badb-49e9-9b9c-5a56e6097941_s.png
Maxima,"Veido ir kūno prausiklis SEBAMED su alyvuogių aliejumi, 200 ml",8.99,https://cdn.barbora.lt/products/02142e5b-97fc-47bf-a352-76a1aea8702d_s.png
Maxima,"Plaukų lakas INTESA ECOFIX, 500 ml",3.49,https://cdn.barbora.lt/products/e7777dc4-6859-40d6-a9da-478bde1da781_s.png
Maxima,"Skystasis makiažo pagrindas MAYBELLINE FIT ME, Nr. 220, 30 ml",12.49,https://cdn.barbora.lt/products/2ddb37d4-c378-40ce-a8c7-139eb33ad450_s.png
Maxima," Kremas MIXA HYALUROGEL, 50 ml",7.49,https://cdn.barbora.lt/products/0f5d90e2-2e55-4d0f-a541-2412c47a73f8_s.png
Maxima,"Dažomasis plaukų šaknų purškiklis L'OREAL MAGIC, juodos sp., 75 ml",8.99,https://cdn.barbora.lt/products/42f358f4-559e-4972-a75e-b96d1e469061_s.png
Maxima,"Dažomasis plaukų šaknų purškiklis L'OREAL MAGIC, rudos sp., 75 ml",8.99,https://cdn.barbora.lt/products/822eef49-c22d-4aea-930d-5e4608692e38_s.png
Maxima,"Dažomasis plaukų šaknų purškiklis L'OREAL MAGIC, 75 ml",8.99,https://cdn.barbora.lt/products/9c198b9f-8aaa-47c7-bfc0-ec4165dcfa1d_s.png
Maxima,"Vyriškas tualetinis vanduo STR8 LIVE TRUE, 100 ml",14.99,https://cdn.barbora.lt/products/ab55eeaa-a6c1-4e82-8a48-7691b5db4ab0_s.png
Maxima,"Keptuvė TVS ORIGINE, 28 cm",25.99,https://cdn.barbora.lt/products/8d7b6a3c-215a-49e3-9810-f1146f4e221b_s.png
Maxima,"Blakstienų tušas RIMMEL SCANDALEYES RELOADED BLACK, juodas, 12 ml",9.49,https://cdn.barbora.lt/products/e5aeaaa1-494c-4c6c-b7ea-cf6f1aabc437_s.png
Maxima,"Vyriškas purškiamasis dezodorantas L'OREAL MEN EXPERT CARBON, 150 ml",5.49,https://cdn.barbora.lt/products/29b135b8-8bf1-4a41-adeb-4195308f6302_s.png
Maxima,"Vyriškas purškiamasis dezodorantas L'OREAL MEN EXPERT THERM, 150 ml",5.49,https://cdn.barbora.lt/products/521cd725-d736-4d99-8f0e-a9fbdebc2b09_s.png
Maxima,L'Oréal Men Expert Invincible antiperspirantas 150 ml,5.49,https://cdn.barbora.lt/products/7a97dbce-a9da-46df-a4b0-142e395ded89_s.png
Maxima,"Keptuvė su dangčiu 24cm, 1 vnt.",26.99,https://cdn.barbora.lt/products/6813571f-1618-4e79-bcfc-a3c3aed050a8_s.png
Maxima,"Plaukų kondicionierius OGX su keratino aliejumi, 385 ml",13.99,https://cdn.barbora.lt/products/fe6e52bd-7679-4899-bd18-40ef90233746_s.png
Maxima,"KALĖDINIAI mandarinai, 4-5 d., 1.5 kg",3.39,https://cdn.barbora.lt/products/fee0b0e9-86b0-4f7f-b89e-aa7390ea710c_s.png
Maxima,"Didelis rausvas greipfrutas RED POMELO, 1 vnt.",1.69,https://cdn.barbora.lt/products/eebfe61b-8f45-4c5d-bf58-c3f22c314389_s.png
Maxima,"Peilis FISKARS ESSENTIAL, 21 cm, 1 vnt.",14.99,https://cdn.barbora.lt/products/71e3dd50-8e1a-488c-ba61-29df0f15e2c5_s.png
Maxima,"Išpjaustymo peilis FISKARS ESSENTIAL, 18 cm, 1 vnt.",17.99,https://cdn.barbora.lt/products/53d37242-8841-4c7c-ac67-427d0cef194f_s.png
Maxima,"Automodelis CARS 3 1:55, 1 vnt.",7.19,https://cdn.barbora.lt/products/f2bfd744-2c33-442a-a59b-bab8844ee9e5_s.png
Maxima,"Plaukų dažai L'OREAL CASTING 518, 1 vnt.",10.59,https://cdn.barbora.lt/products/96f6edf1-81c8-4c6d-a0b9-ecd3b8c5b2f0_s.png
Maxima,"Dažomasis plaukų šaknų purškiklis SYOSS ROOT RETOUCHER,rudas, 120 ml",9.29,https://cdn.barbora.lt/products/47d8475d-6c02-45c4-a97b-c7ac82662828_s.png
Maxima,"Odos valiklis ir kondicionierius TURTLE WAX, 400 ml",11.99,https://cdn.barbora.lt/products/a5098fca-d946-42d5-9307-867c323efad2_s.png
Maxima,"Kondic. sistemos valiklis SONAX, 100m",10.99,https://cdn.barbora.lt/products/8ad88062-dea6-40f6-a806-9a54df788369_s.png
Maxima,"Apmušalų valymo ir apsaugos priemonė TURTLE WAX, 400 ml",10.49,https://cdn.barbora.lt/products/b1e5a7ae-7289-4806-88df-eb6df381c54c_s.png
Maxima,"Automobilių oro gaivikliai AMBI PUR FLOWERS & SPRING, 2 vnt., 4 ml",9.49,https://cdn.barbora.lt/products/e92227ef-4c59-4c28-92a3-8c7d1bddc0aa_s.png
Maxima,"Automobilių oro gaivikliai AMBI PUR OCEAN MIST, 2 vnt., 4 ml",9.49,https://cdn.barbora.lt/products/3cb79bda-e519-4b21-ba05-b31ee4ec0e56_s.png
Maxima,"Veido kremas MIXA, 50 ml",7.09,https://cdn.barbora.lt/products/4335a98c-225d-4355-9891-17dedd6a9c3f_s.png
Maxima,"Dažomasis plaukų šaknų purškiklis L'OREAL MAGIC, rudos sp., 75 ml",8.99,https://cdn.barbora.lt/products/2b6ccd9e-0350-4e14-9f8d-b3de848bb232_s.png
Maxima,"Skystas akių apvadas MAYBELLINE, 1 vnt.",10.99,https://cdn.barbora.lt/products/5d0ca630-2738-4501-968d-194f26c9420c_s.png
Maxima,"Skystoji pudra L'OREAL TRUE MATCH Nr. 1N-iviory, 30 ml",18.99,https://cdn.barbora.lt/products/65f1446b-e108-4f1d-bebd-3366e7fe39b6_s.png
Maxima,"Lūpų kontūro pieštukas MAYBELLINE, Nr. 10, 1 vnt.",8.29,https://cdn.barbora.lt/products/85110a94-8986-4eb7-8055-d5b73901a98f_s.png
Maxima,"Lūpų kontūro pieštukas MAYBELLINE, Nr. 90, 1 vnt.",8.29,https://cdn.barbora.lt/products/5d5b1010-14bb-40e4-8f35-43f4c8593da1_s.png
Maxima,"LUMENE KLASSIKKO Maitinamasis kremas, 50 ml",9.99,https://cdn.barbora.lt/products/c74ea1ce-58d7-419b-88ed-7c56d1052f98_s.png
Maxima,"LUMENE KLASSIKKO Drėkinamasis paakių kremas, 15 ml",9.99,https://cdn.barbora.lt/products/c4268763-f0ac-4a99-86ed-1c935e3ba4ea_s.png
Maxima,"Veido prausiklis LUMENE (KLASSIKKO), 150 ml",7.99,https://cdn.barbora.lt/products/edcb164d-3c1c-445b-96a7-56957f0bf624_s.png
Maxima,"Gaivinamasis veido tonikas LUMENE (KLASSIKKO), 200 ml",7.99,https://cdn.barbora.lt/products/6393c3da-e7c2-4534-9e0a-eaa3e9083e38_s.png
Maxima,"Dieninis veido kremas LUMENE (KLASSIKKO) SPF15, 50 ml",14.99,https://cdn.barbora.lt/products/17e1954b-5ae0-4288-8721-f6bc0a9f360f_s.png
Maxima,"Paakių kremas LUMENE (KLASSIKKO), 15 ml",12.99,https://cdn.barbora.lt/products/6de45468-8715-48b2-9ef4-9bc7b6a98d4e_s.png
Maxima,"Maskuojamasis pieštukas L'OREAL TRUE MATCH, 1 vnt.",12.99,https://cdn.barbora.lt/products/f321c81b-bdf9-41fc-80fa-5a37f4117647_s.png
Maxima,"Maskuojamasis pieštukas L'OREAL TRUE MATCH, 1 vnt.",12.99,https://cdn.barbora.lt/products/336b98f4-bc7f-48fb-b1b0-01b833482204_s.png
Maxima,"Maskuojamasis pieštukas L'OREAL TRUE MATCH, 1 vnt.",12.99,https://cdn.barbora.lt/products/cc42196b-e8ce-46a1-9a5c-0dad1d539f6a_s.png
Maxima,"Polirolis TURTLE WAX COLOR MAGIC, juodas, 500 ml",13.99,https://cdn.barbora.lt/products/b0420801-3944-4345-846e-a9169c2b9d61_s.png
Maxima,"NIVEA Q10 ANTI-WRINKLE ENERGY ŠVITĖJIMO SUTEIKIANTIS DIENINIS KREMAS SU SPF15, 50 ml",17.99,https://cdn.barbora.lt/products/da5ef07a-804f-46e2-bc61-fa573c58a016_s.png
Maxima,"Skystieji lūpų dažai MAYBELLINE SUPER STAY MATTE INK, Nr. 15, 1 vnt.",13.49,https://cdn.barbora.lt/products/ef867075-8ca2-42a7-8798-0095492675c3_s.png
Maxima,"Skystieji lūpų dažai MAYBELLINE SUPER STAY MATTE INK, Nr. 20, 1 vnt.",13.49,https://cdn.barbora.lt/products/3fc8099f-c531-41bb-886d-9980e05fe6c2_s.png
Maxima,"Maskuoklis MAYBELLINE INSTANT #2 nude, 1 vnt.",12.99,https://cdn.barbora.lt/products/5906a8a0-c732-41e7-b40b-f8c69128c3ba_s.png
Maxima,"Blakstienų tušas L'OREAL LASH PARADISE BLACK, 1 vnt.",16.49,https://cdn.barbora.lt/products/88e2458a-6bef-4f60-a4a0-6108e7c5a658_s.png
Maxima,"Raminamasis veido kremas WELEDA su migdolais, 30 ml",17.39,https://cdn.barbora.lt/products/bd659a6e-5790-470d-a587-67913d585a19_s.png
Maxima,"Gertuvė SISTEMA ACTIVE, 800 ml",13.99,https://cdn.barbora.lt/products/50efcdd9-9c4a-4feb-a11e-8c7e35f2d845_s.png
Maxima,"KALĖDINIAI apelsinai, 6-7 d., 1.5 kg",2.99,https://cdn.barbora.lt/products/6a0f990b-d3ba-48d8-accb-19574003d0b7_s.png
Maxima,"Akių šešėlių paletė RIMMEL MAGNIFEYES, 1 vnt.",11.99,https://cdn.barbora.lt/products/df57489d-380b-462b-b95a-226547f1cf4b_s.png
Maxima,"Maskuoklis MAYBELLINE FIT ME, 6.8 ml",10.99,https://cdn.barbora.lt/products/9af9ece8-adbe-4f56-ba36-7f1c409a97f8_s.png
Maxima,"Makiažo pagrindas MAYBELLINE FIT ME, 30 ml",11.19,https://cdn.barbora.lt/products/1defe4f7-22a0-4fc5-b8b7-2fbd9f71c214_s.png
Maxima,"L'Oreal Paris Preference ilgalaikiai plaukų dažai, 7.23",13.49,https://cdn.barbora.lt/products/fd81103d-c792-4486-ba99-101c0fac3091_s.png
Maxima,"Naktinis veido kremas-kaukė MIXA, 50 ml",7.95,https://cdn.barbora.lt/products/1121e763-53b5-4727-97ce-8772bc1cd7af_s.png
Maxima,"Plaukų vaškas WELLA SHOCKWAVES CLEAN CUT, 75 ml",4.59,https://cdn.barbora.lt/products/21e2b0dd-c315-4088-94a5-4a2af4b3f32e_s.png
Maxima,"Automobilių kvapų šalinimo priemonė TURTLE WAX, 100 ml",6.99,https://cdn.barbora.lt/products/3d04017b-8351-4bf0-8ac2-1189c0c23b98_s.png
Maxima,"Sintetinė alyva WOLVER ULTRATEC SAE 5W-40, 4 l",29.99,https://cdn.barbora.lt/products/3fed78da-abb4-46e6-978b-f8152c92a235_s.png
Maxima,"Kėbulo atnaujinimo priemonė SONAX, 750ml",13.49,https://cdn.barbora.lt/products/3d6f088a-e4f2-4db4-b9b3-be7f54a0ba80_s.png
Maxima,"Skystieji lūpų dažai MAYBELLINE SUPER STAY MATTE INK, Nr. 65, 1 vnt.",13.49,https://cdn.barbora.lt/products/8f0fc57f-2209-46ac-8447-dba7e1a289ee_s.png
Maxima,"Maskavimo priemonė MAYBELLINE, 6.8 ml",12.99,https://cdn.barbora.lt/products/fb8685ae-d0d7-4845-8319-0cdd1c473163_s.png
Maxima,"Lūpų dažai L'OREAL COLOR RICHE SHINE, Nr. 112, 1 vnt.",13.99,https://cdn.barbora.lt/products/2eda86e6-53e5-47f3-9980-2b4130a889dd_s.png
Maxima,Prikaistuvis (1.5l) FUNCTIONAL FORM,58.99,https://cdn.barbora.lt/products/9bed3699-a880-41bc-aa48-0797f907d27a_s.png
Maxima,"Puodas FISKARS FUNCTIONAL FORM, 5 l",92.99,https://cdn.barbora.lt/products/0197701f-5a93-4e0d-8fd4-e91fa469d7bc_s.png
Maxima,"Vyr.tual.vanduo ANTONIO BANDERAS POWER OF SEDUCTION, 100 ml",37.99,https://cdn.barbora.lt/products/d5f57737-7359-4151-a045-39eb80ae606c_s.png
Maxima,"Kompaktinė pudra L'OREAL TRUE MATCH, Nr. N2, VANILLA, 9 g",18.49,https://cdn.barbora.lt/products/a281330b-d732-462f-8db5-98d555d0b1ac_s.png
Maxima,"Skystoji pudra L'OREAL INFALLIBLE, Nr. 015-porcelaine, 30 ml",19.59,https://cdn.barbora.lt/products/af73064e-9b17-4373-aa9d-b17fd50dc714_s.png
Maxima,"Skystoji pudra L'OREAL INFALLIBLE, Nr. 120-vanille, 30 ml",19.49,https://cdn.barbora.lt/products/39806143-763c-4de2-b356-af7ffb476af4_s.png
Maxima,"Skystoji pudra L'OREAL INFALLIBLE, Nr. 140-beige dore, 30 ml",19.49,https://cdn.barbora.lt/products/7523fb06-44f8-4412-84e1-99926ab6f096_s.png
Maxima,"Veido odos koreguoklis MAYBELLINE FIT ME, 6.8 ml",10.99,https://cdn.barbora.lt/products/ff46010d-33f2-4246-85a9-ffd5f3a2cc3a_s.png
Maxima,"Maskuoklis MAYBELLINE INSTANT, Nr. 6, 6,8 ml",12.99,https://cdn.barbora.lt/products/ab98ffd6-2847-4339-9399-4e01f6f03ef0_s.png
Maxima,"Maskuoklis MAYBELLINE INSTANT, Nr. 00-ivory, 6,8 ml",12.99,https://cdn.barbora.lt/products/ffd0db0f-23eb-4224-b21e-01432772623f_s.png
Maxima,MEN EXPERT BARBER CLUB ilgos barzdos ir odos aliejus,12.99,https://cdn.barbora.lt/products/a1971944-0f3d-41dd-8cd6-0fbf331ad74c_s.png
Maxima,"MEN EXPERT BARBER CLUB barzdos, veido ir plaukų prausiklis",10.99,https://cdn.barbora.lt/products/9fcab3ca-a20d-4a3b-b799-5ab977ae8d75_s.png
Maxima,"Akių kontūro plunksnelė MAX FACTOR KOHL KAJAL 002, 1 vnt.",10.49,https://cdn.barbora.lt/products/b51ef2b0-6dcf-43c1-9be4-d84e3430fb2e_s.png
Maxima,"Lėkštė AURORA WHITE HOME COUPE, 26,5 cm, 1 vnt.",3.99,https://cdn.barbora.lt/products/5e1e662f-cce9-4c10-8ad1-05b7ca0957df_s.png
Maxima,"Sintetinė alyva SHELL HELIX HX8 5W-30, 1 l",14.99,https://cdn.barbora.lt/products/1e62e8ed-d964-4f8d-a764-245379a281a4_s.png
Maxima,"Sintetinė alyva SHELL HELIX HX8 5W-30, 4 L, 4 l",49.99,https://cdn.barbora.lt/products/93a8a6af-94b2-4902-9257-387e8a960d33_s.png
Maxima,"Mini kūčiukai su viso grūdo dalių miltais, 200 g",1.69,https://cdn.barbora.lt/products/8534bb86-bf39-4001-9c44-72ab65c03bda_s.png
Maxima,"Kūno sviestas NATURA SIBERICA su šaltalankių aliejumi, 300 ml",10.39,https://cdn.barbora.lt/products/f22d007f-7df4-43cd-8437-a5e9763864ac_s.png
Maxima,"Veido kaukė BIODERMA, 75 ml",19.75,https://cdn.barbora.lt/products/4ea1b2b6-3b52-422a-8cbf-50a083f95d72_s.png
Maxima,"Akių kontūro plunksnelė MAYBELLINE TATTOO LINER 900, 1 vnt.",8.99,https://cdn.barbora.lt/products/72ce7595-ef38-475a-9bce-e2949d8bc98e_s.png
Maxima,"Skystieji lūpų dažai MAYBELLINE SUPER STAY MATTE INK, Nr.120, 1 vnt.",13.49,https://cdn.barbora.lt/products/d117939d-a8f8-472f-aaa5-8a477ec8e443_s.png
Maxima,"Maskuojamasis pieštukas L´OREAL TRUE MATCH 1R/1C, 1 vnt.",11.99,https://cdn.barbora.lt/products/89bdf6f0-f2d9-4248-98a8-83cda50b5afd_s.png
Maxima,"Maskuojamasis pieštukas L´OREAL TRUE MATCH 2R/2C, 1 vnt.",11.99,https://cdn.barbora.lt/products/bb7b6e4a-63c5-4b1b-bd5f-d2a6d9423d27_s.png
Maxima,"Automobilio salono valiklis ARMORALL VANILLA, 500 ml",7.49,https://cdn.barbora.lt/products/660adaeb-9400-49ae-9a8a-8bc9b6c47fcb_s.png
Maxima,"Apmušalų valiklis ARMORALL, 400 ml",7.99,https://cdn.barbora.lt/products/43ed52ca-367e-4a42-97a2-1ec316c642c9_s.png
Maxima,"Puodų rinkinys BOLLIRE SALERNO, 6 vnt., 1 vnt.",109,https://cdn.barbora.lt/products/ba7d11fe-082c-4753-81eb-14d8f729d787_s.png
Maxima,PALETTE DELUXE plaukų dažai 10-91 (10-55) šaltas pilkšvai šviesus,7.79,https://cdn.barbora.lt/products/7ac44e49-99c5-4aaf-8a62-5aab692448a6_s.png
Maxima,"Padangų atnaujinimo priemonė ARMORALL, 500 ml",8.99,https://cdn.barbora.lt/products/431dcd99-6d3c-4212-937f-8a643bd383f2_s.png
Maxima,"Automobilio stiklo valytuvas BOSCH AEROECO be rėmo, 48 cm, 1 vnt.",9.99,https://cdn.barbora.lt/products/ac25bdb2-a1ce-4a6f-9788-2c94bb1a563e_s.png
Maxima,"Automobilio stiklo valytuvas BOSCH AEROECO be rėmo, 50 cm, 1 vnt.",9.99,https://cdn.barbora.lt/products/ad76965e-8bd6-4a1c-ae60-8bafaa935147_s.png
Maxima,"Automobilio stiklo valytuvas BOSCH AEROECO be rėmo, 53 cm, 1 vnt.",9.99,https://cdn.barbora.lt/products/10a86290-aadb-4700-8ba2-388994c022ec_s.png
Maxima,"Automobilio stiklo valytuvas BOSCH AEROECO be rėmo, 55 cm, 1 vnt.",9.99,https://cdn.barbora.lt/products/7138a681-f6a3-4e6c-b5be-171d833d6e0c_s.png
Maxima,"Automobilio stiklo valytuvas BOSCH AEROECO be rėmo, 60 cm, 1 vnt.",11.99,https://cdn.barbora.lt/products/e9d65e07-2fcc-41cf-bb2e-5109c7731188_s.png
Maxima,"Lėkštė LUMINARC DIWALI, 19 cm, 1 vnt.",2.69,https://cdn.barbora.lt/products/a25640d1-f3dd-4b9d-9a98-4c98a08aff44_s.png
Maxima,"Maskuoklis L'OREAL INFAILLIBLE MORE THAN C,Nr.320-porcelain, 1 vnt.",13.69,https://cdn.barbora.lt/products/f6379dfb-d3a8-48b9-b00a-9aed99b36359_s.png
Maxima,"Maskuoklis L'OREAL INFAILLIBLE MORE THAN CONC,Nr.322-ivory, 1 vnt.",13.69,https://cdn.barbora.lt/products/bd405bd7-f7ac-4eae-98f5-8d0bb5a9f45a_s.png
Maxima,"Maskuoklis L'OREAL INFAILLIBLE MORE THAN CONCEAL,Nr.323-fawn, 1 vnt.",13.69,https://cdn.barbora.lt/products/6257a42b-a029-4596-be3a-70a1ae1f4eee_s.png
Maxima,"Maskuojamasis pieštukas L'OREAL INFALLIBLE 324, 1 vnt.",13.69,https://cdn.barbora.lt/products/cfca1826-a0f2-4aaa-95e8-b0010297d6ea_s.png
Maxima,"Maskuojamasis pieštukas L'OREAL INFALLIBLE 327, 1 vnt.",13.69,https://cdn.barbora.lt/products/e42e632e-cbfe-4bfb-a713-52c9bfb67d8c_s.png
Maxima,LAHDE prausiklis - putos,15.99,https://cdn.barbora.lt/products/40ba2dbe-0f40-4ded-a0a3-800330f95084_s.png
Maxima,"Micelinis odos vanduo GARNIER MICELLAIR, 400 ml",5.69,https://cdn.barbora.lt/products/de3826eb-36f0-4f62-bd66-9e3fbfa3a8b4_s.png
Maxima,"Šilauogės, 500 g",4.69,https://cdn.barbora.lt/products/70d2207b-83f6-466a-a146-64a0d29a7869_s.png
Maxima,"Kreminė pudra L' OREAL 1.5N, 30 ml",18.99,https://cdn.barbora.lt/products/aa1a304d-ea3b-440d-bc23-7215fb9b0102_s.png
Maxima,"Kreminė pudra L' OREAL  1.R/1.C, 30 ml",18.99,https://cdn.barbora.lt/products/cb4d0a26-e0fe-4555-9880-9d7d8e5f4f48_s.png
Maxima,"Intensyviai maitinantis veido kremas FILORGA NUTRI - FILLER, 50 ml",64.99,https://cdn.barbora.lt/products/65dcadcf-2dc9-437c-bd7b-7376dccd609c_s.png
Maxima,"Paakių kremas FILORGA TIME-FILLER, 15ml",51.99,https://cdn.barbora.lt/products/924661c1-4f03-4dcf-8e54-26249050956d_s.png
Maxima,"Paakių kremas FILORGA OPTIM - EYES, 15ml",42.99,https://cdn.barbora.lt/products/a355a000-511c-44b4-b399-799e44591895_s.png
Maxima,"Flaneliniai vystyklai KORLĖJA, 3 vnt., 3 vnt.",10.79,https://cdn.barbora.lt/products/359cc1eb-b61b-4248-bf7a-2766ba912620_s.png
Maxima,"Dažai COLOR NATURALS N°4.62 Sw.Cherry, 1 vnt.",4.99,https://cdn.barbora.lt/products/41c757e7-477c-40d9-88d0-f9289882d35b_s.png
Maxima,"Depiliacinės kūno juostelės SILKIA, 16 vnt., 16 vnt.",5.49,https://cdn.barbora.lt/products/9f58d26c-55c4-41f6-bed4-6884a85e9282_s.png
Maxima,"Priemonė giliems įbrėžimams šalinti TURTLE WAX, 200 ml",10.49,https://cdn.barbora.lt/products/1bb20324-4a79-4bc3-a8be-2da6506799de_s.png
Maxima,"Žibintų atnaujinimo priemonė TURTLE WAX, 300 ml",8.49,https://cdn.barbora.lt/products/93a18592-9b03-4609-8581-f9042ee23082_s.png
Maxima,"Vaikiškas plaukų šampūnas JOHNSON'S su ramunėlėmis, 500 ml",5.29,https://cdn.barbora.lt/products/f56834d5-2ed8-4cf2-9bf9-6db1feb6c65c_s.png
Maxima,"Lūpų balzamas CARMEX (granatų skonio), 4.25 g",5.69,https://cdn.barbora.lt/products/2a89b6e3-b44e-4dbb-a878-8636ed04690d_s.png
Maxima,"Veido kremas L'OREAL, 30 ml",15.49,https://cdn.barbora.lt/products/cb9461cc-c521-4848-a036-66fb93cc84a6_s.png
Maxima,"Veido kremas L'OREAL , 30 ml",15.49,https://cdn.barbora.lt/products/5bad5aa0-4ffc-4f12-8e90-e29f5e7f28fe_s.png
Maxima,"Puodas su dangčiu 24 cm, DAILY COOK",59.99,https://cdn.barbora.lt/products/f381a7e5-2354-4174-a914-89f22035f293_s.png
Maxima,"Moteriškas parfumuotas vanduo SO LOVELY 100ml, 100 ml",8.49,https://cdn.barbora.lt/products/9fa9ee70-640b-4e37-bb9a-08214a4ad78f_s.png
Maxima,"Moteriškas parfumuotas vanduo CLAIRE 100ml, 100 ml",8.49,https://cdn.barbora.lt/products/e95529cb-ec5d-4cf4-a289-f1a25fdfe69e_s.png
Maxima,"Pudra L'OREAL CC WULT 01 , 30 ml, 1 vnt.",15.49,https://cdn.barbora.lt/products/4f82d8db-2817-48d0-86a0-965cb9c44082_s.png
Maxima,"Žvilgantis gyvūnėlis, 1 vnt.",6.59,https://cdn.barbora.lt/products/311072c5-0fb9-47a2-befc-fb30897c6bbd_s.png
Maxima,"Makiažo pagrindas MAYBELLINE NEW YORK FIT ME, 30 ml",12.49,https://cdn.barbora.lt/products/6b4a1a9e-e0dc-407b-af04-1513efbf7294_s.png
Maxima,"Makiažo pagrindas MAYBELLINE NEW YORK FIT ME, 30 ml",12.49,https://cdn.barbora.lt/products/e459ce54-7edb-4926-9b4e-1906dbd46ff2_s.png
Maxima,"Maskuoklis MAYBELLINE NEW YORK, 6.8 ml",12.99,https://cdn.barbora.lt/products/5b0bfa8b-807f-4763-910f-581a0e6f53b0_s.png
Maxima,"Maskuoklis MAYBELLINE NEW YORK, 6.8 ml",12.99,https://cdn.barbora.lt/products/750a513c-1e0f-4b5d-9759-224976515fe2_s.png
Maxima,"Maskuoklis MAYBELLINE NEW YORK, 6.8 ml",12.99,https://cdn.barbora.lt/products/5304964e-780a-4ba8-97f3-34787676f8d3_s.png
Maxima,"Lūpų dažai MAYBELIINE SUPER STAY MATTE INK  Nr. 10, 1 vnt.",12.79,https://cdn.barbora.lt/products/7daa498b-bd65-4bc3-99f7-681d5776e878_s.png
Maxima,"Lūpų dažai MAYBELIINE SUPER STAY MATTE INK, Nr. 15, 1 vnt.",12.79,https://cdn.barbora.lt/products/568a4111-0358-449f-89c5-94083c03c76f_s.png
Maxima,"Lūpų dažai MAYBELIINE SUPER STAY MATTE INK, Nr. 25, 1 vnt.",12.79,https://cdn.barbora.lt/products/92f6a2ee-f044-4e1a-96b1-eb93a32933ae_s.png
Maxima,"Plaukų dažai L'OREAL CASTING CREME GLOSS, Nr. 4102, 1 vnt.",10.59,https://cdn.barbora.lt/products/d9bdf0fd-b61f-48af-adeb-d714819e8fec_s.png
Maxima,"Plaukų dažai L'OREAL CASTING CREME GLOSS, Nr. 5102, 1 vnt.",10.59,https://cdn.barbora.lt/products/92fde2c4-f0f6-4fe7-a8af-e2efd10b782d_s.png
Maxima,"L'Oreal Paris Excellence Creme ilgalaikiai plaukų dažai su trejopa plaukų priežiūra, 4.15",6.59,https://cdn.barbora.lt/products/700fa41a-1da8-406d-83bd-fbbdd43a04c3_s.png
Maxima,"Makiažo pagrindas L'OREAL PARIS, 1 vnt.",19.49,https://cdn.barbora.lt/products/567f2826-63fb-461e-b93b-21629db0f6c9_s.png
Maxima,"Makiažo pagrindas L'OREAL PARIS, 1 vnt.",19.49,https://cdn.barbora.lt/products/41b424b5-c0ff-44bc-8bfd-f1aa580eee3f_s.png
Maxima,"Stangrinantis dieninis kremas  FILORGA LIFT - STRUCTURE , 50 ml.",66.99,https://cdn.barbora.lt/products/ea2d2bde-93ad-4540-b888-4e780761a2f0_s.png
Maxima,"L'Oreal Paris Preference ilgalaikiai plaukų dažai, 4.0",13.49,https://cdn.barbora.lt/products/af07c813-4b0f-4eca-a3a7-19501ebe46ea_s.png
Maxima,"Stalo žaidimas LIETUVA, 1 vnt.",13.49,https://cdn.barbora.lt/products/22094c55-4bd8-47b3-b90b-2537ab110d50_s.png
Maxima,"Moteriškas tualetinis vanduo WOMEN'SECRET GOLD SEDUCT, 100 ml",24.99,https://cdn.barbora.lt/products/6c8f7b93-daf6-4756-bd0d-a97c55275727_s.png
Maxima,"Moteriškas tualetinis vanduo WOMEN'SECRET ROSE SEDUCT, 100 ml",24.99,https://cdn.barbora.lt/products/69d91c5d-fbe9-4005-bf9b-d4ea10934ea9_s.png
Maxima,"Moteriškas tualetinis vanduo NIKE A SPARKLING DAY, 75 ml",16.19,https://cdn.barbora.lt/products/022fe671-5573-4c84-8a0f-79a357d90c4c_s.png
Maxima,Plaukų dažai GLISS COLOR 10-2,4.49,https://cdn.barbora.lt/products/03c6c64d-132c-471d-bf19-50e9c4b025f4_s.png
Maxima,"Plaukų dažai GLISS COLOR, Nr. 3-0, 1 vnt.",4.49,https://cdn.barbora.lt/products/b54c959d-2ee4-4192-8714-e18435637d99_s.png
Maxima,Plaukų dažai GLISS COLOR 5-1,4.49,https://cdn.barbora.lt/products/778dde6d-7d06-4add-a074-d651723a6611_s.png
Maxima,Plaukų dažai GLISS COLOR 8-0,4.49,https://cdn.barbora.lt/products/21cc24bf-d09d-477e-ba66-aae1d0c07e0b_s.png
Maxima,"Lakštinė veido kaukė GARNIER, 1 vnt.",2.09,https://cdn.barbora.lt/products/a405a54a-4ae2-4de2-b7e6-cad3a008926f_s.png
Maxima,"Garnier Color Naturals 3.12, šalta ruda.",4.99,https://cdn.barbora.lt/products/db57a479-9c88-42ec-96b6-dbf672cf4cdc_s.png
Maxima,"Garnier Color Naturals 4.12, ledinė ruda. ",4.99,https://cdn.barbora.lt/products/9c2dd47c-5a65-47ab-8d3d-561b3422ff63_s.png
Maxima,"Plaukų dažai GARNIER COLOR NATURALS, 1 vnt.",4.99,https://cdn.barbora.lt/products/31fa4e1c-31f7-494f-85d7-8b13bcf3d341_s.png
Maxima,"Gelinis veido kremas GARNIER, 50 ml",5.39,https://cdn.barbora.lt/products/397762be-b9ba-4bf5-82cc-98a1f9c1e290_s.png
Maxima,"Kūdikių kūno losjonas BAMBO NATURE EKO, 100 ml",7.49,https://cdn.barbora.lt/products/8b643ea3-4498-4ffe-82e8-f566ee486c5f_s.png
Maxima,"Blakstienų tušo bazė MAX FACTOR FALSE LASH EFFECT BLUE, mėl., 13.1 ml",15.99,https://cdn.barbora.lt/products/149115c3-a20c-45d9-9b87-ae48782a1aee_s.png
Maxima,"L'Oréal Men Expert drėkinamasis, energijos suteikiantis prausiklis, 100 ml",8.39,https://cdn.barbora.lt/products/1e571f4a-1182-42ff-8251-8c210f1a5854_s.png
Maxima,"Plaukų šampūnas GARNIER FRUCTIS HAIR, 350 ml",5.19,https://cdn.barbora.lt/products/5f760460-a58f-4b26-aee7-da9115f05dd4_s.png
Maxima,"Giliai valantis veido šveitiklis LUMENE su beržų sula, 75 ml",10.99,https://cdn.barbora.lt/products/c13f6f3b-af02-49f2-ba45-5487d40113fc_s.png
Maxima,KIRKAS Radiance Boosting skaistinančios valomosios putos ,11.99,https://cdn.barbora.lt/products/d439e3fc-fea1-4630-8145-e23b600de0af_s.png
Maxima,HERKKÄ raminantis tonikas,10.99,https://cdn.barbora.lt/products/11d21961-a02a-4089-bc99-fab706d5a910_s.png
Maxima,"Plaukų dažai GLISS COLOR, Nr. 4-13, 1 vnt.",4.49,https://cdn.barbora.lt/products/0cb7c50e-8601-4807-928b-6a8b3f3c845d_s.png
Maxima,"Skystieji lūpų dažai MAYBELLINE, Nr.175, 1 vnt.",13.49,https://cdn.barbora.lt/products/50ebbb82-359a-4d0a-841b-7bf97c3ad084_s.png
Maxima,"Skystieji lūpų dažai MAYBELLINE, Nr.180, 1 vnt.",13.49,https://cdn.barbora.lt/products/665940bd-bf35-426a-9628-a5018d5d8b2c_s.png
Maxima,"Antakių pieštukas MAYBELLINE BROW ULTRA SLIM, 1 vnt.",9.59,https://cdn.barbora.lt/products/78b70aa2-1fe7-4125-a871-d138c7487642_s.png
Maxima,"Antakių pieštukas MAYBELLINE BROW ULTRA SLIM, 1 vnt.",9.59,https://cdn.barbora.lt/products/eae7a91e-9bfb-4c54-89fd-2c1396579df5_s.png
Maxima,PALETTE DELUXE pl.dažai 5-88(679) Intens.rausv.violet,7.79,https://cdn.barbora.lt/products/a138bdaa-b11e-403e-88e9-720284e8f7ed_s.png
Maxima,HAS NER Šautuvas FORTNITE SMG,20.99,https://cdn.barbora.lt/products/912d96aa-e7f8-4eae-b0a7-b0fa8927bc8f_s.png
Maxima,"Moteriškas tualetinis vanduo C-THRU HARMONY BLISS, 50 ml",13.99,https://cdn.barbora.lt/products/c26a5459-c120-4593-9b13-e14078dad48d_s.png
Maxima,"Vyriškas vienkartinis skustuvas BIC FLEX3 SENSITIVE, 3 vnt., 3 vnt.",4.59,https://cdn.barbora.lt/products/339d15ac-a9fb-49b8-b2cc-092b83d88825_s.png
Maxima,"TONYMOLY Master Lab Collagen Mask Sheet Lakštinė veido kaukė, 19 g",5.99,https://cdn.barbora.lt/products/c49de10a-4b9b-4f32-8a68-c84794bcde4c_s.png
Maxima,"TONYMOLY Master Lab Snail Mucin Mask Sheet Lakštinė veido kaukė, 19 g",5.99,https://cdn.barbora.lt/products/011fa25c-613e-4eec-bd99-c7215054cdad_s.png
Maxima,TONYMOLY MasterLab Hyaluronic Acid Mask Sheet Lakštinė veido kaukė 19g,5.99,https://cdn.barbora.lt/products/880c30c0-72b9-49a2-9b58-dfba947a62f3_s.png
Maxima,Atominis metalo kondicionierius TUNING,31.99,https://cdn.barbora.lt/products/ddb39c8b-3b3d-4194-8be8-3c500465715a_s.png
Maxima,"Spindesio suteikiantis stiklų valiklis, 500 ml",2.99,https://cdn.barbora.lt/products/4bf7aba6-b25a-4e1d-97da-2b07d4dca959_s.png
Maxima,"Kūno šveitiklis BEAUTY JAR FITNESS NUTS, 200 g",4.59,https://cdn.barbora.lt/products/b53b4e19-6efb-4802-9d67-1e7f35ce044a_s.png
Maxima,"Automobilių oro gaivikliai AMBI PUR OLD SPICE, 2 vnt., 4 ml",9.49,https://cdn.barbora.lt/products/82e506c0-ad6e-4c34-a2f8-c4b44a3761d2_s.png
Maxima,"Antakių serumas L'OREAL BROW ARTIST, Nr.000, besp., 1 vnt.",8.59,https://cdn.barbora.lt/products/40b626e5-3c41-4e63-bac4-edcf4ecf52ac_s.png
Maxima,"Antakių tušas L'OREAL ARTIST ,105 rudas, 1 vnt.",8.59,https://cdn.barbora.lt/products/cccf436f-2b82-4bc4-a685-1451404d5fba_s.png
Maxima,"Antakių tušas L'OREAL ARTIST ,108-tamsiai rudas, 1 vnt.",8.59,https://cdn.barbora.lt/products/c945b433-b9c7-4ad7-9cee-18c8e0b7c91f_s.png
Maxima,"L’Oréal Paris Brows 24H antakių pieštukas, Brunette",9.99,https://cdn.barbora.lt/products/fb79b1ed-6f9b-431a-a542-3fa7b6b94e6d_s.png
Maxima,"L’Oréal Paris Brows 24H antakių pieštukas, Ebony",9.99,https://cdn.barbora.lt/products/3a8584dc-1ca8-4331-8e3e-b6b2a43cc08f_s.png
Maxima,"Blakstienų tušas L'OREAL LASH  EXTRA BLACK, 1 vnt.",16.49,https://cdn.barbora.lt/products/c8a129f0-07b9-4b2b-a88c-5d62ac339ddc_s.png
Maxima,"Serviravimo lėkštė FRIENDS TIME, 17 cm, 1 vnt.",3.99,https://cdn.barbora.lt/products/243cdd4b-3ce2-4aaf-b792-25d6755a3108_s.png
Maxima,"Blakstienų tušas MAYBELLINE LASH SENSATION.BURGUNDY ROSE, 1 vnt.",13.99,https://cdn.barbora.lt/products/92ae9b30-42d5-48fe-a3e4-b4dfdfe6d2bf_s.png
Maxima,"Lūpų pieštukas L'OREAL, Nr. 114, 1 vnt.",7.19,https://cdn.barbora.lt/products/65f3eb94-575e-45d3-b034-aa7db4c4ac83_s.png
Maxima,"Lūpų pieštukas L'OREAL, Nr. 297, 1 vnt.",7.19,https://cdn.barbora.lt/products/c2a5ccee-4a0a-4165-a432-40ba64a01ae6_s.png
Maxima,"Lūpų blizgis MAYBELLINE, Nr. 002-ICE, 1 vnt.",11.99,https://cdn.barbora.lt/products/37d512af-87e8-4e73-b870-1a46930c803c_s.png
Maxima,"Lūpų blizgis MAYBELLINE, Nr. 003-MOON, 1 vnt.",11.99,https://cdn.barbora.lt/products/6de2f141-399f-4b8f-917c-45a7591a0319_s.png
Maxima,"Lūpų blizgis MAYBELLINE, Nr. 005-PETAL, 1 vnt.",11.99,https://cdn.barbora.lt/products/df215115-242a-45d9-b947-1fcdb9f5ca7b_s.png
Maxima,"Lūpų blizgis MAYBELLINE, Nr. 006, REEF, 1 vnt.",11.99,https://cdn.barbora.lt/products/7d0121fc-0711-4ccd-a98e-067f17d9b3b5_s.png
Maxima,"Maybelline New York 008 Stone, lūpų blizgis, 5 ml",11.99,https://cdn.barbora.lt/products/e2141367-c64d-4922-adb1-6678b7af2640_s.png
Maxima,"Veido balzamas NEUTROGENA HYDRO BOOST, 50ml",19.99,https://cdn.barbora.lt/products/053361ac-f63c-4c47-8530-0f54546ce0d5_s.png
Maxima,MARGARITA SENSITIVE SKIN drėkinamasis paakių kremas su beržų sula ir vaistažolių ekstraktais 15 ml,7.99,https://cdn.barbora.lt/products/3f8be1a7-9fa1-47af-864b-8dfcd66d34f0_s.png
Maxima,"Akių šešėlių paletė MAX FACTOR COLOR XPERT SOFT TOUCH,Nr.005, 1 vnt.",18.89,https://cdn.barbora.lt/products/93251636-ab7c-4fdf-87be-93c7aafa47d3_s.png
Maxima,"Matinė veido pudra MAX FACTOR FACEFINITY BRONZER, Nr. 001, 10 g",15.49,https://cdn.barbora.lt/products/a515e489-bda3-4306-bcf9-b35dd8edea39_s.png
Maxima,"Švytėjimo suteikianti pudra MAX FACTOR FACEFINITY H.Nr.002, 8 g",15.59,https://cdn.barbora.lt/products/e1b1426b-9b92-4bf4-bc6b-fa7345a928c0_s.png
Maxima,"Švytėjimo suteikiantis veido kremas FILORGA OXYGEN-GLOW , 50 ml",41.99,https://cdn.barbora.lt/products/2486e2bf-29cd-4f22-8c86-38e247c3e496_s.png
Maxima,"Veido valymo gelis NATURA SIBERICA OBPLEPIKHA, 145 ml",6.59,https://cdn.barbora.lt/products/dae350ab-9cbc-456b-9222-bc58dfc4c6b1_s.png
Maxima,"Paakių kremas NATURA SIBERICA OBPLEPIKHA, 30 ml",6.59,https://cdn.barbora.lt/products/81ca5c18-d83a-439c-bdac-696c3edea728_s.png
Maxima,"Blakstienų tušas L'OREAL, juodas, 1 vnt.",16.59,https://cdn.barbora.lt/products/cfc9f9e4-a6b5-4f09-b482-ce17e5053deb_s.png
Maxima,"Skystieji lūpų dažai MAYBELLINE , Nr. 80, 1 vnt.",13.49,https://cdn.barbora.lt/products/a6e39829-0213-449b-908d-3292b2b92663_s.png
Maxima,"Naktinis veido serumas L'OREAL, 30 ml",15.89,https://cdn.barbora.lt/products/6ff35d2b-9139-40c0-a6b2-1f69f18fe50d_s.png
Maxima,"Lūpų blizgis RIMMEL OH MY GLOSS, Nr. 100, 6.5 g",8.89,https://cdn.barbora.lt/products/880ddd0b-07f3-4673-84f0-fc0a42e47d76_s.png
Maxima,"Lakštinė veido kaukė GARNIER, 23 g",2.09,https://cdn.barbora.lt/products/e5fc9eed-5c9b-426a-a8b6-3ca60a66b1aa_s.png
Maxima,"Puodas su dangčiu GRANDFEU RED, 4,7 l",73.99,https://cdn.barbora.lt/products/8618873f-c1ad-49d3-8f45-8298e70dc866_s.png
Maxima,"NIVEA MEN losjonas po skutimosi FRESH KICK, 100 ml",11.99,https://cdn.barbora.lt/products/2e6f2962-942a-4526-8f77-4e403167601c_s.png
Maxima,"Veido šveitiklis NEUTROGENA CLEAR&DEFEND, 150 ml",8.45,https://cdn.barbora.lt/products/467c8649-b6ef-4a0e-84bf-38c18682280b_s.png
Maxima,"Antklodė DORMEO ALOE VERA LIGHT (200 x 200 cm), 1 vnt.",69.99,https://cdn.barbora.lt/products/fd1ce7cd-b3f5-4e38-a9e5-060a8a381067_s.png
Maxima,"Pagalvės ir antklodės rinkinys DORMEO SIENA (200 x 200 cm), 1 vnt.",119.99,https://cdn.barbora.lt/products/d1a8e5d0-882b-42f1-9540-d963e5993519_s.png
Maxima,NORDIC BLOOM [LUMO] drėkinantis serumas,34.99,https://cdn.barbora.lt/products/aa9affe2-da2f-49db-9f35-f90facd43ac1_s.png
Maxima,"Drėkinamasis paakių kremas LUMENE NORDIC BLOOM, 15 ml",29.99,https://cdn.barbora.lt/products/79a5dd9a-76b3-4a85-81db-a303b8e18351_s.png
Maxima,"Moteriškas tualetinis vanduo B.U.FAIRY SECRET, 50 ml",12.99,https://cdn.barbora.lt/products/005076a5-d534-45cc-9743-e093ded730db_s.png
Maxima,"Blakstienų tušas MAYBELLINE , juodas, 1 vnt.",12.99,https://cdn.barbora.lt/products/680370c3-c719-42db-abd7-e84a191585e5_s.png
Maxima,"Švytėjimo suteikianti pudra RIMMEL POWDER HIGH'LIGHT, Nr.001, 8 ml",13.49,https://cdn.barbora.lt/products/7c20c25a-3722-46e2-957c-8cbd583204b8_s.png
Maxima,"Švytėjimo suteikianti pudra RIMMEL POWDER HIGH'LIGHT, Nr.002, 8 ml",13.49,https://cdn.barbora.lt/products/e83c6290-fcc9-4751-924a-c0bb1307c253_s.png
Maxima,"Akių pieštukas RIMMEL SCANDAL'EYES DEFINER, Nr. 001, 0.35 g",6.39,https://cdn.barbora.lt/products/c6ea07c6-d1bb-4719-92a8-29e1dde8412c_s.png
Maxima,L’Oréal Paris  408 Accentuate lūpų blizgesys,10.99,https://cdn.barbora.lt/products/d0cf31fe-9fbd-46ea-a1cc-4f5979c2979e_s.png
Maxima,"Lūpų blizgis L'OREAL, Nr. 406, 7 ml",10.99,https://cdn.barbora.lt/products/bbd50386-36f1-4a86-92b1-6149f7ffd218_s.png
Maxima,"L'Oréal Paris Color Riche Les Nus lūpų dažai, 173 Impertine",13.99,https://cdn.barbora.lt/products/9c6a62e6-652e-42bc-ac70-a44da18ef0bb_s.png
Maxima,"Moteriškas sisteminis skustuvas WILKINSON INTUTION COMPLETE, 1 vnt.",13.79,https://cdn.barbora.lt/products/c2a8fec6-408a-4480-b82a-92b64a7cddcc_s.png
Maxima,"Automobilinis USB įkroviklis LIGHTNING, 1 vnt.",5.99,https://cdn.barbora.lt/products/2fd062f8-33af-4d77-aa67-8743eb7a09d0_s.png
Maxima,ICE PROFESSIONAL Keep My Blonde Šampūnas šviesiems plaukams šalinantis geltonus  atspalvius 250ml,9.29,https://cdn.barbora.lt/products/cdb16e60-de2d-49e6-a379-46c900816e07_s.png
Maxima,ICE PROFESSIONAL Repair My Hair Šampūnas pažeistiems plaukams  250ml,9.29,https://cdn.barbora.lt/products/35f2e6f8-64f7-43b6-a2d6-498dc32744cb_s.png
Maxima,ICE PROFESSIONAL Repair My Hair Kondicionierius pažeistiems plaukams 250ml,9.29,https://cdn.barbora.lt/products/3a19a3e2-029f-4cb6-a54f-dcbbc6494f09_s.png
Maxima,"Automobilinis USB įkroviklis, MICRO, 1 vnt.",5.99,https://cdn.barbora.lt/products/003f6186-914e-459e-856a-dc0949915a2a_s.png
Maxima,"Veido kremas NATURA SIBERICA OBPLEPIKHA FLUID TONING LIGHT, 50 ml",8.99,https://cdn.barbora.lt/products/f4435564-d9af-4813-9e0a-1f01a6f9488a_s.png
Maxima,"Kūno gelis BIOTEN BODYSHAPE TOTAL REMODELER, 200 ml",9.99,https://cdn.barbora.lt/products/bcea71b6-8f47-4986-bfed-1bf822b647ce_s.png
Maxima,"Lakštinė veido kaukė JAYEONMAPPING su sraigių mucinu, 25 g",1.99,https://cdn.barbora.lt/products/9987adc9-429a-4a77-9ebf-f73e8379a82d_s.png
Maxima,"Veido kremas GARNIER BB, 50 ml",6.95,https://cdn.barbora.lt/products/45ed81d1-598c-49ac-bd9e-7535bb604d6e_s.png
Maxima,"Veido serumas MIXA, 30 ml",11.35,https://cdn.barbora.lt/products/1d3d6662-0d82-422b-94c6-ba7372bb8b6d_s.png
Maxima,"Plaukų dažai L'OREAL CASTING CREME GLOSS, Nr. 418, 1 vnt.",10.59,https://cdn.barbora.lt/products/9e48e5ef-b436-482a-a300-76bf84855137_s.png
Maxima,"LUMENE PUHDAS tonikas, 400 ml",12.99,https://cdn.barbora.lt/products/35cdaf8b-f77b-4205-bb89-b868a0053f8f_s.png
Maxima,SANTOKU peilis FISKARS FUNCTIONAL FORM,28.99,https://cdn.barbora.lt/products/f41ecbbc-23f8-445a-8d57-a17226055ca1_s.png
Maxima,"Mentelė FISKARS FUNCTIONAL FORM, 1 vnt.",13.99,https://cdn.barbora.lt/products/3e5fe6c9-91db-44e5-b7fc-4f381aaf99c0_s.png
Maxima,"Picos pjaustyklė FISKARS FUNCTIONAL FORM, 1 vnt.",16.99,https://cdn.barbora.lt/products/b11c0d8c-07ca-43e3-b865-976487bc0367_s.png
Maxima,"Antakių pieštukas MAYBELLINE EXPRESS BROW SATINE DUO, Nr. 04, 1 vnt.",11.99,https://cdn.barbora.lt/products/05fce816-9d43-4f6d-941e-6544bce441f1_s.png
Maxima,Viskio taurės RCR Etna 330 ml 6 vnt.,35.99,https://cdn.barbora.lt/products/a4b3c6ec-4284-42cb-b472-289f4aa9e1cb_s.png
Maxima,"Raudono Vyno taurės RCR Etna 280 ml, 6 vnt.",47.99,https://cdn.barbora.lt/products/fbeb828f-6257-46e4-9385-f192c526d1bf_s.png
Maxima,Šampano taurės RCR ETNA 190 ml 6 vnt.,47.99,https://cdn.barbora.lt/products/a9030734-9d5c-4274-9d8e-61b8e943edc8_s.png
Maxima,"Garnier Color Naturals 112, antarktinė sidabrinė blondinė. ",4.99,https://cdn.barbora.lt/products/3b331856-7884-417c-b15d-f592c83058b6_s.png
Maxima,"TONYMOLY Master Lab Ceramide Mask Sheet Lakštinė veido kaukė, 19 g",5.99,https://cdn.barbora.lt/products/c2290d16-4315-41ed-ab1f-8349b7f67fcf_s.png
Maxima,"Didelis virėjo peilis FISKARS, 1 vnt.",30.99,https://cdn.barbora.lt/products/f4edd55c-485c-45cb-b92d-fc3fc9068608_s.png
Maxima,"Žnyplės FISKARS, 1 vnt.",17.99,https://cdn.barbora.lt/products/25bfc201-5552-4d31-9bee-5b1e9ba06125_s.png
Maxima,"Moteriški vienkartiniai skustuvai WILKINSON QUATTRO, 3 vnt., 3 vnt.",6.95,https://cdn.barbora.lt/products/2c889c0b-eebf-4706-8290-786ae3c377f8_s.png
Maxima,"Vyriškas tualetinis vanduo STR8, 100 ml",14.99,https://cdn.barbora.lt/products/f68c9b1e-2024-49fa-8de3-d7165d2fca32_s.png
Maxima,"Veido tonikas PHARMA OIL COMPLEX, 100 ml",12.99,https://cdn.barbora.lt/products/2fc11db0-fabd-4380-b899-136b1cc8889d_s.png
Maxima,"Veido tonikas PHARMA OIL WONDER, 100 ml",12.99,https://cdn.barbora.lt/products/d7a58ff9-6ff4-47fa-9f37-57a7ddddc388_s.png
Maxima,"Blakstienų tušas L'OREAL VOLUME  BALM NOIR, j., 9 ml",17.19,https://cdn.barbora.lt/products/4e450ba8-8817-4a47-895d-0b45750bfda7_s.png
Maxima,"Akių šešėlių paletė MAX FACTOR MASTERPIECE CAPPUCCINO NUDES, 6.5 g",24.49,https://cdn.barbora.lt/products/4bf43349-5aff-4794-9260-159f10e1d508_s.png
Maxima,Dviejų dalių kekso kepimo forma 26cm,13.99,https://cdn.barbora.lt/products/638b5191-79fa-4c76-a05d-33afc4b9243b_s.png
Maxima,"Peilis TEFAL COMFORT SANTOKU, 12 cm, 1 vnt.",9.99,https://cdn.barbora.lt/products/cfc637ee-8ddf-464f-817b-f87735da2993_s.png
Maxima,"Veido serumas GARNIER , 30 ml",10.19,https://cdn.barbora.lt/products/2f5cf354-2f2b-4b5f-affd-f8e94816dc09_s.png
Maxima,"Paakių serumas L'OREAL REVITALIFT FILLER, 20 ml",14.89,https://cdn.barbora.lt/products/18657a77-7d6f-4159-8dc9-d7bbf8e8bb61_s.png
Maxima,"Plaukų dažai L'OREAL EXCELLENCE UNIVERSAL NUDES, Nr. 10U, 1 vnt.",6.59,https://cdn.barbora.lt/products/eebf9ee9-e9eb-4c09-969a-27e049b51aa0_s.png
Maxima,L'Oréal Paris Excellence Plauku dažai Universal Nudes BLACK 1U,6.59,https://cdn.barbora.lt/products/3a67028b-51b2-4e7d-bf82-dcc62e3e6cb1_s.png
Maxima,L'Oréal Paris Excellence Plauku dažai Universal Nudes  DRK BR 3U,6.59,https://cdn.barbora.lt/products/9bdc10e0-4460-48b5-9f40-fc7c3cee1642_s.png
Maxima,"Plaukų dažai L'OREAL EXCELLENCE UNIVERSAL NUDES, Nr. 4U, 1 vnt.",6.59,https://cdn.barbora.lt/products/2ac12ace-d3fd-47ac-8a54-c95e195dc494_s.png
Maxima,"Plaukų dažai L'OREAL EXCELLENCE UNIVERSAL NUDES, Nr. 5U, 1 vnt.",6.59,https://cdn.barbora.lt/products/b38e4601-6401-47eb-9e8c-9fcfc07a6380_s.png
Maxima,"Plaukų dažai L'OREAL EXCELLENCE UNIVERSAL NUDES, Nr. 6U, 1 vnt.",6.59,https://cdn.barbora.lt/products/e09fd70f-c503-4e9c-b1ad-525d5648a38b_s.png
Maxima,"Plaukų dažai L'OREAL EXCELLENCE UNIVERSAL NUDES, Nr. 7U, 1 vnt.",6.59,https://cdn.barbora.lt/products/7d8abca1-6685-40e3-90aa-760ed7648f16_s.png
Maxima,L'Oréal Paris Excellence Plauku dažai Universal Nudes  LT BLONDE 8U,6.59,https://cdn.barbora.lt/products/ec7c8ba8-d952-48cb-a5ab-70f5b9bdfa58_s.png
Maxima,"Sausos šluostės SWIFFER, papildymas, 36vnt",9.59,https://cdn.barbora.lt/products/ce2add6b-0397-4219-b778-09874ec4269b_s.png
Maxima,"Dulkių šluotelė SWIFFER, papildymas, 9vnt",9.59,https://cdn.barbora.lt/products/32f0d7d4-5459-40d2-b2e8-c6efa883afc2_s.png
Maxima,"Vyriškas veido kremas GREEN FEEL'S ŽALGIRIS, 50 ml",9.99,https://cdn.barbora.lt/products/9dd041b9-ae60-45e7-9f5d-50b1252d9a67_s.png
Maxima,MARGARITA Stiprios fiksacijos plaukų putos su alaus mielių ekstraktu ir keratinu 250ml,5.65,https://cdn.barbora.lt/products/f38b4bef-a1ad-4aa4-966b-43260c037ce2_s.png
Maxima,"Vyriškas sisteminis skustuvas WILKINSON HYDRO5 SENSITIVE, 1 vnt.",11.59,https://cdn.barbora.lt/products/5a657017-3fa9-4ea7-a2b1-7fdbb78f8d7f_s.png
Maxima,"Veido serumas PHARMA OIL COMPLEX, 30 ml",15.99,https://cdn.barbora.lt/products/00cdeade-e9dc-444c-93b0-9a14f50a1974_s.png
Maxima,"Veido serumas PHARMA OIL SUNSHINE, 30 ml",15.99,https://cdn.barbora.lt/products/c4061c1f-b025-46ed-ada4-b921f7a8801c_s.png
Maxima,"Makiažo pagrindas MAX FACTOR MIRACLE PURE, Nr. 40, 30 ml",21.79,https://cdn.barbora.lt/products/9eeeb359-d335-4c69-a808-32ff5c9ec2b5_s.png
Maxima,"Makiažo pagrindas MAX FACTOR MIRACLE PURE, Nr. 50, 30 ml",21.79,https://cdn.barbora.lt/products/16e7703d-03b8-4fe1-930c-234ee7ecefc7_s.png
Maxima,"Makiažo pagrindas MAX FACTOR MIRACLE PURE, Nr. 75, 30 ml",21.79,https://cdn.barbora.lt/products/b66c9931-4b6b-45bb-8b34-051484a0340e_s.png
Maxima,"Kompaktinė pudra MAX FACTOR CREME PUFF, Nr. 41, 21 g",11.89,https://cdn.barbora.lt/products/9a5dcaee-5a08-4a5a-b92c-f4b536439d7a_s.png
Maxima,"Kompaktinė pudra MAX FACTOR CREME PUFF, Nr. 42, 21 g",11.89,https://cdn.barbora.lt/products/06eb04d8-d186-4965-abb7-1e4c26d15ec8_s.png
Maxima,"Kompaktinė pudra MAX FACTOR CREME PUFF, Nr. 75, 21 g",11.89,https://cdn.barbora.lt/products/4476242b-d3f2-4329-a298-a4129b9ca366_s.png
Maxima,"Vyriškas tualetinis vanduo NIKE URBANITE WOODY, 75 ml",14.99,https://cdn.barbora.lt/products/7688e5fa-85ce-4673-be7f-3e1c8277f7f0_s.png
Maxima,"Vyriškas parfumuotas vanduo ARSENAL GOLD, 100 ml",22.99,https://cdn.barbora.lt/products/a075a5b3-938d-4609-b219-fe1ecf8bca14_s.png
Maxima,"Moteriškas parfumuotas vanduo LPDO DELIRE ROUGE, 100 ml",24.9,https://cdn.barbora.lt/products/bee865a2-4136-4e1a-81c3-bd1493fa39b3_s.png
Maxima,"Skutimosi gelis GILLETTE Series Revitalising, 200ml",5.99,https://cdn.barbora.lt/products/479688b4-1048-4067-ba82-e19c885a6e41_s.png
Maxima,"Veido gelis GARNIER, 50 ml",4.79,https://cdn.barbora.lt/products/b15ed557-7641-440e-b9a6-4e59818925ec_s.png
Maxima,Dubenėlis PEARL CLASSIC PALE GREEN 15 cm,4.99,https://cdn.barbora.lt/products/57216716-9124-4031-ae2f-0f6519741e73_s.png
Maxima,Dubenėlis AURORA PEARL SOHO DARK 22 cm,6.99,https://cdn.barbora.lt/products/7821e05a-2046-416e-ad93-de479ac8e90d_s.png
Maxima,Lėkštė makaronams AURORA PEARL DARK 27cm,9.99,https://cdn.barbora.lt/products/9fccb43a-5b7d-4e79-8f18-b3b60f45300b_s.png
Maxima,Lėkštė AURORA ATLANTIS 25 cm,9.99,https://cdn.barbora.lt/products/7655e726-72d7-4e89-8228-dd2d088df3ad_s.png
Maxima,Dubenėlis AURORA PEARL SOHO CREAM 17 cm,6.99,https://cdn.barbora.lt/products/09410413-73f9-41ae-82d5-9d50ffc71c82_s.png
Maxima,"Lėkštė PAMPILLE CLEAR, 19 cm",3.99,https://cdn.barbora.lt/products/45aa3b98-3e05-46c6-861c-b0d89b083d6a_s.png
Maxima,"Lėkštė PAMPILLE CLEAR, 24 cm",4.49,https://cdn.barbora.lt/products/7f7e592e-580d-4085-bee8-131154ff6059_s.png
Maxima,"Moteriškas purškiamasis dezodorantas GARNIER, 150 ml",5.49,https://cdn.barbora.lt/products/8d5d9e2c-330a-49c9-824f-c2b60f1bb0f9_s.png
Maxima,"Dažom. plaukų kremas PALETTE INTENSIVE COLOR CREM, Nr. 8-21, 1 vnt.",5.49,https://cdn.barbora.lt/products/85a0dbd3-3c59-4838-a082-c8037857bcd4_s.png
Maxima,"Moteriškas purškiamasis dezodorantas GARNIER PROTECTION, 150 ml",5.49,https://cdn.barbora.lt/products/a301a5e7-da44-4c94-b0c7-ea241cc8855a_s.png
Maxima,Plaukų dažai SYOSS OLEO INTENSE 3-33,9.49,https://cdn.barbora.lt/products/07a25221-c33c-4140-b550-489a18b0705d_s.png
Maxima,"Makiažo pagrindas-kompaktinė pudra L'OREAL INFAILL.24H,Nr.20, 9 g",19.99,https://cdn.barbora.lt/products/c52819ce-4d96-49ad-bf1b-40cc8b4f4ed9_s.png
Maxima,"Makiažo pagrindas-kompaktinė pudra L'OREAL INF.24H, Nr.120, 9 g",19.99,https://cdn.barbora.lt/products/67dd147b-5508-4aaa-bcc7-2d8cc0917f72_s.png
Maxima,"Makiažo pagrindas-kompaktinė pudra L'OREAL INF.24H, Nr.130, 9 g",19.99,https://cdn.barbora.lt/products/0609c626-cdf0-4647-a5ef-a9335f2a3ce0_s.png
Maxima,"Makiažo pagrindas-kompaktinė pudra L'OREAL INF.24H, Nr.140, 9 g",19.99,https://cdn.barbora.lt/products/2e81dc9d-8a9b-44a5-81f6-a87a7bcdaa93_s.png
Maxima,"Makiažo pagrindas L'OREAL TRUE MATCH NUDE, Nr. 0.5-2, 30 ml",21.99,https://cdn.barbora.lt/products/cb4f251a-470b-4c58-85f1-9f7871f9ba0b_s.png
Maxima,"Makiažo pagrindas L'OREAL TRUE MATCH NUDE, Nr. 2-3, 30 ml",21.99,https://cdn.barbora.lt/products/a2bc732b-5270-4a08-8724-4c88d12f5406_s.png
Maxima,"Makiažo pagrindas L'OREAL TRUE MATCH NUDE, Nr. 3-4, 30 ml",21.99,https://cdn.barbora.lt/products/2360d4ff-222e-457a-b678-2206bec605cf_s.png
Maxima,L'Oréal Paris Color Riche Glow Paradise lūpų daž.351 WATERMELON DREAM,13.99,https://cdn.barbora.lt/products/e26a7d12-4284-4e9d-b1cd-80161e9dfe86_s.png
Maxima,"Lūpų dažai L'OREAL COLOR RICHE GLOW PARADISE, Nr. 193, 3.8 g",13.99,https://cdn.barbora.lt/products/2d063594-918d-478b-a905-c0237f10c593_s.png
Maxima,"Plaukų dažai SYOSS COLOR GLOW PLATINUM, 100 ml",8.99,https://cdn.barbora.lt/products/7e0b55b3-ca23-4d8f-8f97-6c386f0cdcb3_s.png
Maxima,"Plaukų dažai SYOSS COLOR GLOW DEEP BRUNETTE, 100 ml",8.99,https://cdn.barbora.lt/products/0fcff7b8-1463-405c-bfd0-84adaad97951_s.png
Maxima,Plauk.daž.SYOSS COLOR GLOW COOL BRUNETTE,8.99,https://cdn.barbora.lt/products/5be71f1b-aa7d-4dfd-8c24-d1e5797ce2a2_s.png
Maxima,Plaukų dažai GLISS COLOR 10-0,4.49,https://cdn.barbora.lt/products/1f8fceaa-a81c-4df2-94d6-7fcba5df3c3d_s.png
Maxima,"Vandeniui atsparus blakstienų tušas L'OREAL AIR VOLUME MEGA, 7.9 ml",16.59,https://cdn.barbora.lt/products/17cdd374-6040-4be8-82b8-08b439448017_s.png
Maxima,"Blakstienų tušas L'OREAL VOLUME BALM BROWN,rud., 8.6 ml",17.19,https://cdn.barbora.lt/products/8fd42fa5-8c91-4c5c-89b5-5d2036a1c1b1_s.png
Maxima,Plauk.daž.SYOSS COLOR GLOW TONER COPPER,8.99,https://cdn.barbora.lt/products/00fcc5a5-e0a6-4525-abad-d67f1870a041_s.png
Maxima,"Lūpų dažai MAYBELLINE SUPER STAY VINYL INK, Nr. 15, 1 vnt.",13.49,https://cdn.barbora.lt/products/e820f751-04b1-4061-b0e1-da273c7e7629_s.png
Maxima,"Lūpų dažai MAYBELLINE SUPER STAY VINYL INK, Nr. 20, 1 vnt.",13.49,https://cdn.barbora.lt/products/86605a73-3b0f-4146-afdd-db7cc444fe28_s.png
Maxima,"Lūpų dažai MAYBELLINE SUPER STAY VINYL INK, Nr. 35, 1 vnt.",13.49,https://cdn.barbora.lt/products/fbdfcbf0-b8e9-4048-8bcd-f7dbf993e569_s.png
Maxima,"Maybelline New York Vinyl Ink 50 Wicked lūpų dažai 4,2 ml",13.49,https://cdn.barbora.lt/products/b375951a-3d61-4d03-a224-e590cbf8b60e_s.png
Maxima,"Kūno losjonas VIVIAN GRAY GREY CRYSTALS, 250 ml",7.49,https://cdn.barbora.lt/products/7839d0b8-bf28-4b48-a126-7bae49705384_s.png
Maxima,"Kūno losjonas VIVIAN GRAY WHITE CRYSTALS, 250 ml",7.49,https://cdn.barbora.lt/products/37fc2348-6409-4c3b-ba20-1be21b45a158_s.png
Maxima,MARGARITA veido prausimosi putos su ramunėlių ir medetkų ekstraktais 150 ml,6.35,https://cdn.barbora.lt/products/26c65331-43ef-432c-878b-fd8e6b5a9033_s.png
Maxima,"Aromatinė kortelė CANDLE FAMILY MAŽI STEBUKLAI, 1 vnt.",2.99,https://cdn.barbora.lt/products/bb511d36-085f-49d9-96a6-ec37dcff7e0f_s.png
Maxima,"Dieninis veido kremas NEUTROGENA RETINOL BOOST SPF15, 50 ml",23.79,https://cdn.barbora.lt/products/401ac924-fed7-42be-acad-086897f25a35_s.png
Maxima,"Veido serumas NEUTROGENA RETINOL BOOST, 30 ml",23.99,https://cdn.barbora.lt/products/f0cc0c77-6e1b-424e-9f17-d7b5b3499741_s.png
Maxima,"Plaukų formavimo kremas OLAPLEX NR.6,100ml",29.99,https://cdn.barbora.lt/products/d61cbce7-412c-4209-a67a-361e3b93b7d8_s.png
Maxima,"NIVEA LUMINOUS 630® ANTISPOT serumas, 30 ml",22.99,https://cdn.barbora.lt/products/dac41ba7-9292-4a8c-a27b-86b62b7a9ed7_s.png
Maxima,"Veido prausimosi gelis NEUTROGENA CLEAR&DEFEND, 200 ml",10.99,https://cdn.barbora.lt/products/8a355c6b-755d-4979-a68d-a0200e7b0be7_s.png
Maxima,"Elektrinis dantų šepetėlis JORDAN CLEAN SMILE su dėklu, 1 vnt.",32.99,https://cdn.barbora.lt/products/987197ef-152e-4503-a0f0-149e46b69ed9_s.png
Maxima,"Antakių tušas MAYBELLINE EXPRESS BROW SCULPT, Nr. 10, 1 vnt.",11.99,https://cdn.barbora.lt/products/084d5877-c506-477d-9345-073ecd637501_s.png
Maxima,"Antakių tušas MAYBELLINE EXPRESS BROW SCULPT, Nr. 02, 1 vnt.",11.99,https://cdn.barbora.lt/products/aa97dae8-0d0d-49df-a54f-c21cd6200282_s.png
Maxima,"Stalo žaidimas TACTIC IKNOW, 1 vnt.",21.99,https://cdn.barbora.lt/products/9e5136eb-0833-4eae-82ce-ebe097d676f4_s.png
Maxima,"Oro gaiviklis ROTZ MOONLIGHT RIVER, 1 vnt.",2.99,https://cdn.barbora.lt/products/09ab2d7a-b0a1-4c52-acb1-fbc9d0730960_s.png
Maxima,"NEBULOUS STARS užrašų knygutė Deluxe, balta, 1 vnt.",7.19,https://cdn.barbora.lt/products/78e549c6-b66b-456d-a629-17dbb8eb9922_s.png
Maxima,"Šampano taurės RCR OPERA, 130 ml 6 vnt.",34.99,https://cdn.barbora.lt/products/b55b280d-36b9-4309-9323-696718b6065b_s.png
Maxima,"Mandarinai dėžutėje WELL DONE, 1-2 d., 1 kg",2.99,https://cdn.barbora.lt/products/50cf7654-623d-4331-8ec8-c7d1176fd971_s.png
Maxima,"Maskuoklis MAX FACTOR MIRACLE PURE, Nr. 03, 1 vnt.",13.99,https://cdn.barbora.lt/products/51dfbbb3-f5c7-4e97-a035-33ac538007ba_s.png
Maxima,KILIG RETINOL veido tonikas su retinoliu 250 ml,7.39,https://cdn.barbora.lt/products/8158fbb9-22d8-4688-b606-8d2739d6d80d_s.png
Maxima,"Botanic Therapy Hair Remedy Castor Oil & Almond kaukė, 340 ml",8.99,https://cdn.barbora.lt/products/2b9fc7af-e526-4b12-b838-cca6732a5878_s.png
Maxima,"Maskuoklis MAX FACTOR MIRACLE PURE, Nr. 01, 1 vnt.",13.99,https://cdn.barbora.lt/products/f7929dfa-5f8a-4f88-8753-c7a69364520f_s.png
Maxima,"Maskuoklis L'OREAL INFAILLIBLE, Nr. 325/60, 11 ml",13.69,https://cdn.barbora.lt/products/7f95f1f4-c63b-4131-b729-3c4c7e75dc90_s.png
Maxima,"Losjonas po skutimosi ADIDAS PURE GAME, 100 ml",10.99,https://cdn.barbora.lt/products/ee6b9424-d184-4619-ba9b-0ab92d5ef022_s.png
Maxima,"Vyriškas tualetinis vanduo ADIDAS PURE GAME, 100 ml",19.39,https://cdn.barbora.lt/products/4291437d-70fa-43fa-899f-00e8be1b5d6f_s.png
Maxima,"Akių pieštukas L'OREAL GRIP GEL INTENSE BLACK, 1 vnt.",11.99,https://cdn.barbora.lt/products/3349b1eb-d419-40a9-8cca-29dd1e6baabb_s.png
Maxima,Infaillible Grip Gel Automatic 36H Blue Jersey,11.99,https://cdn.barbora.lt/products/f395ce51-6446-43fb-8fbc-ebf6c1478ea0_s.png
Maxima,"Blakstienų tušas L'OREAL PRO XXL EXTENSION, juodas, 12 ml",18.39,https://cdn.barbora.lt/products/7d05cdb2-2b42-420c-be27-bc96250c71d3_s.png
Maxima,"Blakstienų tušas L'OREAL PRO XXL VOLUME, juodas, 12 ml",18.39,https://cdn.barbora.lt/products/719a5130-dbc3-41a7-a8d3-20209b94c79d_s.png
Maxima,"Akių pieštukas L'OREAL INFAILLIBLE, Nr. 01, 1 vnt.",12.99,https://cdn.barbora.lt/products/bfe34631-aefb-404b-aed1-5b8448de20bb_s.png
Maxima,"Blakstienų tušas L'OREAL PRO XXL LIFT, juodas, 12 ml",18.39,https://cdn.barbora.lt/products/5d89c10f-2127-48be-8da4-e15d816f6244_s.png
Maxima,Užspaustukas maišeliui TESCOMA PRESTO,2.49,https://cdn.barbora.lt/products/33466c43-4111-4d40-ba31-0c4f115aae8b_s.png
Maxima,"TONYMOLY Fresh To Go Pomegranate Mask Sheet Lakštinė veido kaukė, 25 g",3.99,https://cdn.barbora.lt/products/67282e05-1d2e-4b02-812e-086b043f1e36_s.png
Maxima,TONYMOLY Fresh To Go Coconut Mask Sheet Lakštinė veido kaukė 25 g,3.99,https://cdn.barbora.lt/products/c3cf3946-a36e-4bb8-96c4-9a482d0a5ff1_s.png
Maxima,"Plaukų kondicionierius GARNIER BOTANIC, 200 ml",4.99,https://cdn.barbora.lt/products/bf9dc8be-109e-4eea-831a-71d3e561ba6f_s.png
Maxima,"Plaukų kaukė GARNIER FRUCTIS HAIR FOOD, 400 ml",7.01,https://cdn.barbora.lt/products/7ad0ca88-9abe-4916-8221-6d29709c3185_s.png
Maxima,"Plaukų kaukė GARNIER BOTANIC , 340 ml",7.99,https://cdn.barbora.lt/products/c7075737-8516-46e9-b678-cf6b93c5fe44_s.png
Maxima,"NIVEA® DERMA SKIN CLEAR naktinis šveitiklis į bėrimus linkusiai odai, 40 ml",10.79,https://cdn.barbora.lt/products/a0ea1d80-fdbe-4822-8980-7ca6064ce9d4_s.png
Maxima,"Makiažo pagrindas MAYBELLINE SUPER STAY24H SKIN TINT, Nr.6.5, 30 ml",16.29,https://cdn.barbora.lt/products/e14783b1-05e4-4895-a29e-74a1ee4806df_s.png
Maxima,"L'oreal Men  veido kremas,50ml",16.99,https://cdn.barbora.lt/products/f42869bb-2f94-49f6-8bb2-ee330b0e72b8_s.png
Maxima,"L'oreal Men serumas, 30ml",19.99,https://cdn.barbora.lt/products/9a9ab846-b8fc-4977-aa90-41a93af9546e_s.png
Maxima,"Veido serumas L'OREAL REVITALIFT , 30 ml",14.89,https://cdn.barbora.lt/products/b1412100-874e-4aa2-a3d1-3a675470554f_s.png
Maxima,"Veido kremas L'OREAL REVITALIFT SPF50+, 50 ml",14.29,https://cdn.barbora.lt/products/3b063d19-efd8-4f55-baab-f68187c09736_s.png
Maxima,"Maybelline New York Super Stay Vinyl Ink lūpų dažai, 115 Peppy",13.49,https://cdn.barbora.lt/products/0a587960-d115-4f54-89d9-068a470801b0_s.png
Maxima,"Makiažo pagrindas MAYBELLINE SKIN TINT, Nr. 02, 30 ml",16.29,https://cdn.barbora.lt/products/a512f174-9452-4092-b52d-9f4e8b260efe_s.png
Maxima,"Makiažo pagrindas MAYBELLINE  SKIN TINT, Nr.5.5, 30 ml",16.29,https://cdn.barbora.lt/products/d1414422-c414-42a0-b177-d7a2ab018776_s.png
Maxima,"L'oreal Men paakių kremas, 15ml",16.99,https://cdn.barbora.lt/products/82a06ddb-75cd-4e62-8d07-f21490392d11_s.png
Maxima,"Maybelline New York  Vinyl Ink lūpų dažai, 10 Lippy",13.49,https://cdn.barbora.lt/products/0866802b-7f8f-4533-94ee-f3b4be2181d9_s.png
Maxima,"Lūpų dažai MAYBELLINE VINYL INK, Nr. 100, 1 vnt.",13.49,https://cdn.barbora.lt/products/9c1eba02-c864-4afe-9a56-a1a6194c7d9e_s.png
Maxima,"Makiažo pagrindas MAYBELLINE SKIN TINT, Nr. 03, 30 ml",16.29,https://cdn.barbora.lt/products/be4e8420-da13-436f-905a-dd1f2c456c5b_s.png
Maxima,"Makiažo pagrindas MAYBELLINE SKIN TINT, Nr. 6, 30 ml",16.29,https://cdn.barbora.lt/products/adc7d78f-271e-40f1-a0ed-1d549eed8f01_s.png
Maxima,"Makiažo pagrindas MAYBELLINE SKIN TINT, Nr. 10, 30 ml",16.29,https://cdn.barbora.lt/products/1a0a6367-d003-4fe4-a52f-1e437cfd41b3_s.png
Maxima,"Veido serumas NEUTROGENA HYDRO BOOST, 15 ml",21.99,https://cdn.barbora.lt/products/e4fee34e-8c3b-4252-aa72-67ddd766d2e7_s.png
Maxima,"Veido kremas NEUTROGENA RETINOL BOOST INTENSIVE, 50 ml",24.99,https://cdn.barbora.lt/products/f743b3af-9776-4887-9b8e-dfea7089ae20_s.png
Maxima,"Naktinis veido serumas NEUTROGENA RETINOL BOOST INTENSIVE, 30 ml",24.99,https://cdn.barbora.lt/products/4a85f587-4d80-4d81-8a71-05030199a8f1_s.png
Maxima,"Vyriškas tualetinis vanduo NIKE VIRAL BLUE, 100 ml",17.99,https://cdn.barbora.lt/products/8a9262e4-b599-4c41-b402-4df0c1ab719f_s.png
Maxima,"Vyriškas tualetinis vanduo BOULEVARD CHAMP DE MARS, 100 ml",19.99,https://cdn.barbora.lt/products/eb692af3-71c1-4e0e-bd1b-810356f02782_s.png
Maxima,"Moteriškas parfumuotas vanduo BOULEVARD PALAIS ROYAL, 100 ml",19.99,https://cdn.barbora.lt/products/0987fd7d-16c4-4631-b8b0-51842d933fab_s.png
Maxima,"Vyriškas purškiamasis dezodorantas FA MEN KICK OFF, 150 ml",4.49,https://cdn.barbora.lt/products/b1e13605-a95c-435c-9c1e-258136dc121d_s.png
Maxima,ARAS VEIDO KREMAS PO SKUTIMOSI SU PROPOLIU 50 ML,8.99,https://cdn.barbora.lt/products/3a965549-3b45-4cf2-8fc8-394cba42772b_s.png
Maxima,"Kūno pienelis HIPP BABY SANFT, 300 ml",6.59,https://cdn.barbora.lt/products/9710d239-6886-4219-adca-aeafeb39fc73_s.png
Maxima,"PALETTE DELUXE plaukų dažai 8-11 šalto atspalvio natūraliai šviesus
",7.79,https://cdn.barbora.lt/products/32fef45f-c0e3-4ce4-a67c-e5a156963f6f_s.png
Maxima,"Moteriškas rutulinis dezodorantas REXONA COTTON DRY, 50 ml",4.29,https://cdn.barbora.lt/products/bdf2ae7f-f27f-418e-91d1-8a093b14e3c0_s.png
Maxima,"Vyriškas rutulinis antiperspirantas REXONA SPORT DEFENCE, 50 ml",4.29,https://cdn.barbora.lt/products/feacd65e-6f7a-4dcf-ace6-f62cdcf27aaf_s.png
Maxima,"Žaislinis mados priedų ir spintos rinkinys POLLY POCKET, 1 vnt.",14.39,https://cdn.barbora.lt/products/11f23730-489c-4f5c-8657-0d18c24ae430_s.png
Maxima,"Žaislinis didysis mados rinkinys POLLY POCKET, 1 vnt.",16.79,https://cdn.barbora.lt/products/f65b65d9-a533-4060-a3b2-e06731270703_s.png
Maxima,"Spalvą keičianti lėlė DISNEY PRINCESS AUKSAPLAUKĖ, 1 vnt.",31.79,https://cdn.barbora.lt/products/47acd493-e8be-4421-a250-a1f5c2935beb_s.png
Maxima,"Žaislinės trasos detalės HOT WHEELS, 1 vnt.",10.19,https://cdn.barbora.lt/products/7762e73f-2373-4de4-b7c6-0ace2fce69bd_s.png
Maxima,"Automobilių oro gaiviklis AMBI PUR WOOD, 1 vnt.",5.99,https://cdn.barbora.lt/products/d6a0a981-3608-4674-9004-a8ebb43a2f98_s.png
Maxima,"Automobilių oro gaiviklis AMBI PUR OCEAN, 2 vnt., 2 vnt.",9.49,https://cdn.barbora.lt/products/93fad9f2-eb4b-4c80-b85d-d8ae2c55877a_s.png
Maxima,Puodelis ILAJA Modern 360ml,2.99,https://cdn.barbora.lt/products/3cd4df38-7e36-406e-a030-50eba5f9dbb8_s.png
Maxima,"Blakstienų tušas MAX FACTOR MASTERPIECE 2IN1LASH WOW BLACK, 12 ml",20.99,https://cdn.barbora.lt/products/12e99b47-ae12-4906-ab20-24fa8f67e2ae_s.png
Maxima,"Skaistalai MAX FACTOR MIRACLE PURE, Nr. 01, 15 ml",18.99,https://cdn.barbora.lt/products/c5091a25-fa3b-4853-a303-0fc784a72f66_s.png
Maxima,"Skaistalai MAX FACTOR MIRACLE PURE, Nr. 02, 15 ml",18.99,https://cdn.barbora.lt/products/804b645a-d37c-4615-ba3d-8e8c1a9a61e9_s.png
Maxima,"SONIC Pliušinis herojus, 22 cm, asort. W8",11.99,https://cdn.barbora.lt/products/e9ed3269-2736-4d4c-a893-bd7668342aa3_s.png
Maxima,Lėkštė ILAJA Hazel Grey 20 cm,3.99,https://cdn.barbora.lt/products/709d1768-1ac3-404a-9922-93a350a84564_s.png
Maxima,Puodelis su lėkštute AURORA CREAMY DASH,6.99,https://cdn.barbora.lt/products/05c00a43-f85f-442c-aa85-b34ff16b1450_s.png
Maxima,"Plaukų šampūnas OLAPLEX Nr.4P,250ml",29.99,https://cdn.barbora.lt/products/18502b7c-81bc-4c72-8880-246991e8f3ee_s.png
Maxima,"Veido serumas MAX FACTOR MIRACLE PURE, 30 ml",25.99,https://cdn.barbora.lt/products/8299a3e5-ff21-4bec-827a-f7b3263d3c34_s.png
Maxima,"Plaukų kaukė OLAPLEX Nr.8, 100ml",29.99,https://cdn.barbora.lt/products/f4e5ac0d-6339-4af6-9f29-1fe444309cdb_s.png
Maxima,Veido prausiklis FILORGA AGE-PURIFY CLEAN[150,25.99,https://cdn.barbora.lt/products/3dd160ea-72f6-4a46-a3b0-41f48e74c9a0_s.png
Maxima,"SQUISHMALLOWS Pliušinis žaislas 30 cm, ast W14",11.39,https://cdn.barbora.lt/products/8b1b9a1d-f15f-4aa2-b1a5-d389ef6bc416_s.png
Maxima,"Plaukų serumas OLAPLEX Nr.9, 90ml",29.99,https://cdn.barbora.lt/products/5ba1d654-8faf-4eed-a1c7-16faff3a9b43_s.png
Maxima,"Paakių kremas CERAVE REPAIR,14ml",22.99,https://cdn.barbora.lt/products/276678e9-059b-4dc4-9d70-0b26ff035837_s.png
Maxima,"Išmanusis automobilinis įkroviklis HAVIT PD20W/QC18W, 1 vnt.",10.99,https://cdn.barbora.lt/products/9721626d-a33a-475f-973b-37bab7df2a93_s.png
Maxima,"Namų kvapas su lazdelėmis CANDLE FAMILY ALLURE, 1 vnt.",6.49,https://cdn.barbora.lt/products/3748763c-bf2a-4a85-a5ad-bea27765d9ef_s.png
Maxima,Plaukų dažai PALETTE INTENSIVE COLOR CREME 5-1,5.49,https://cdn.barbora.lt/products/1f2cb330-c495-4724-ac89-dd9ec5297575_s.png
Maxima,Pl.daž.PALETTE INTENSIVE COLOR CREME[9-1,5.49,https://cdn.barbora.lt/products/2694af6a-0067-4e0c-bf60-5f11dfd2ae28_s.png
Maxima,PUHDAS Deeply Purifying valomosios putos ,11.99,https://cdn.barbora.lt/products/a55d4506-121d-42b7-9f10-0e97dfb6aa7c_s.png
Maxima,KIRKAS tonikas JUMBO SIZE ,11.99,https://cdn.barbora.lt/products/4d103b2e-6597-4a59-a8dc-d5826047a269_s.png
Maxima,"Moteriško skustuvo galvutės BIC SOLEIL CLICK5, 4 galvutės, 4 vnt.",11.99,https://cdn.barbora.lt/products/d465bc3d-1ea6-4e6b-8802-c9f623ed6269_s.png
Maxima,"Plaukų dažai SYOSS OLEO INTENSE, Nr. 12-00, 1 vnt.",9.49,https://cdn.barbora.lt/products/d476c47a-bc85-48ca-a47c-49970e79eff1_s.png
Maxima,HELLÄ drėkinančios valomosios putos,11.99,https://cdn.barbora.lt/products/26a4cd1d-5c85-426e-b0e3-65fba9fe736e_s.png
Maxima,"Variklių valiklis ROTZ, 500ml",2.99,https://cdn.barbora.lt/products/d62cd53c-8cec-4848-aaef-3e1afcfb2dd7_s.png
Maxima,Šampūnas su vašku ROTZ,2.99,https://cdn.barbora.lt/products/763a10eb-6bc9-4168-9004-5b7e82d21d24_s.png
Maxima,"Tekstilės valiklis ROTZ, 500ml",2.99,https://cdn.barbora.lt/products/da016bad-bb6c-4463-ab5f-df49bbfdbf5b_s.png
Maxima,RASA HYDRO INTENSE Drėkinamasis veido serumas 30 ml,14.85,https://cdn.barbora.lt/products/b4951295-e6c1-49d1-83b8-4ad3f97069ec_s.png
Maxima,RASA HYDRO INTENSE Drėkinamasis paakių kremas 15ml,11.99,https://cdn.barbora.lt/products/22b40cc0-15d4-43f3-887c-140ed9debda2_s.png
Maxima,"Moteriškas sisteminis skustuvas BIC SOLEIL CLICK5, 2 galvut., 1 vnt.",9.99,https://cdn.barbora.lt/products/5886add9-17a2-4f2a-95a0-08fd2c71abae_s.png
Maxima,"Blakstienų tušas L'OREAL TELESCOPIC LIFT BLACK, juodas, 9.9 ml",16.99,https://cdn.barbora.lt/products/2b1498a7-eecd-4784-8d3e-d10c7bb9b7a4_s.png
Maxima,"Blakstienų tušas L'OREAL  EXTRA BLACK, juodas, 9.9 ml",16.99,https://cdn.barbora.lt/products/2bc9f814-6d77-4870-baf8-353eee4f7610_s.png
Maxima,"Antakių pieštukas L'OREAL INFAILLIBLE TRIANGULAR, Nr. 5.0, 1 g",10.99,https://cdn.barbora.lt/products/9c8b2ed7-24b3-401b-ba6a-826b5b683135_s.png
Maxima,"Antakių pieštukas L'OREAL INFAILLIBLE TRIANGULAR, Nr. 5.23, 1 g",10.99,https://cdn.barbora.lt/products/7e5c18e1-76df-42b4-92b3-cb9a0e07cfdb_s.png
Maxima,Dubenėlis AURORA Modern White 19 cm,6.99,https://cdn.barbora.lt/products/6b9ca294-65c1-4b8b-97f2-d03ca240aefe_s.png
Maxima,"Dantų pasta COLGATE MAX WHITE ULTRA MULTI PROTECT, 50 ml",8.59,https://cdn.barbora.lt/products/60e0cca6-6e70-4a00-8fe5-9a0909737653_s.png
Maxima,Palette ICC plaukų dažai 7-77 RYŠKI VARINĖ,5.49,https://cdn.barbora.lt/products/ae18759d-67ae-440b-8413-f5a07c9e4af5_s.png
Maxima,"Stalo žaidimas TACTIC PROJEKTAS GAIA, 1 vnt.",18.49,https://cdn.barbora.lt/products/070481c3-ab31-41d5-b48c-65d15bd0b20b_s.png
Maxima,"Stalo žaidimas PIATNIK 80 DAYS, 1 vnt.",17.49,https://cdn.barbora.lt/products/a394bf9a-c640-4800-92ad-a4eacc29ffbf_s.png
Maxima,"Stalo žaidimas TACTIC ALIAS. KREPŠINIS, 1 vnt.",6.49,https://cdn.barbora.lt/products/4857e970-a032-4ebf-82dc-631d8b9f03ad_s.png
Maxima,"Stalo žaidimas TACTIC ALIAS MISTERY, 1 vnt.",14.99,https://cdn.barbora.lt/products/2e01cf0d-69bf-4bc6-ba2d-806c41f1d078_s.png
Maxima,"Šampano taurės AURORA FLEYA, 210 ml, 4 vnt., 4 vnt.",18.99,https://cdn.barbora.lt/products/8296e56e-1610-403f-bb55-d39c580a1ac0_s.png
Maxima,"Šviečiantys šlykštukai CANAL TOYS, 3 vnt., 1 vnt.",9.59,https://cdn.barbora.lt/products/ea608620-5ce5-43e9-a321-2c807138158e_s.png
Maxima,"Sebamed Baby kūdikių kūno pienelis, 200 ml ",11.99,https://cdn.barbora.lt/products/f03ad518-b9de-4334-8b3f-70ddcc4fca63_s.png
Maxima,"Pliušinis žaislas AURORA, 1 vnt.",7.79,https://cdn.barbora.lt/products/5709ee73-b136-4534-bfdc-bab144c4211a_s.png
Maxima,"Lėlė balerina LITTLE BEBOPS, 25,4 cm",5.99,https://cdn.barbora.lt/products/d9798777-e8cd-4acd-9c8e-44411be9c8c2_s.png
Maxima,"Elektrinis dantų šepetėlis ORAL-B iO3, Ice Blue, 1 vnt.",90.29,https://cdn.barbora.lt/products/775f70bd-db3b-4672-aa8a-ca01c84d930d_s.png
Maxima,"Dantų pasta PEARL DROPS INSTANT BOOST, 50 ml",4.99,https://cdn.barbora.lt/products/8e4a78b4-a5eb-4372-8f4a-9aac7f459d0c_s.png
Maxima,"Moteriškas purškiamasis dezodorantas REXONA ALOE VERA, 200 ml",5.79,https://cdn.barbora.lt/products/425ea2e8-24dc-4bac-a537-2932f5654eba_s.png
Maxima,"Makiažo pagrindas MAX FACTOR FACEFINITY 3 IN 1 SPF20, Nr. 77, 30 ml",22.59,https://cdn.barbora.lt/products/72c3b08a-b659-4c3c-92b2-ad8d076ecea3_s.png
Maxima,"Makiažo bazė MAX FACTOR FACEFINITY UNIVERSAL, 30 ml",18.39,https://cdn.barbora.lt/products/7beb354d-ea4d-4c4e-bffc-eff0e67894c8_s.png
Maxima,"Makiažo pagrindas MAX FACTOR FACEFINITY 3 IN 1 SPF20, Nr. 75, 30 ml",22.59,https://cdn.barbora.lt/products/6cf1dd24-e961-45a3-a5aa-1a5c368bd0c4_s.png
Maxima,"Makiažo pagrindas MAX FACTOR FACEFINITY 3 IN 1 SPF20, Nr. 55, 30 ml",22.59,https://cdn.barbora.lt/products/e3932d5a-a3e7-4c22-9c75-ee0349213289_s.png
Maxima,"Makiažo pagrindas MAX FACTOR FACEFINITY 3 IN 1 SPF20, Nr. 80, 30 ml",22.59,https://cdn.barbora.lt/products/c21d5730-3ca2-4abc-a184-d3b3823ffcd2_s.png
Maxima,"Elektrinis dantų šepetėlis ORAL-B Vitality Pro, Lilac, 1 vnt.",32.19,https://cdn.barbora.lt/products/846b882f-e4cc-4f5f-9c0a-423b2758a770_s.png
Maxima,"Stalo žaidimas UNO QUATRO, 1 vnt.",19.49,https://cdn.barbora.lt/products/5ad450fd-3bc8-4ecd-9ef0-21648ac15fae_s.png
Maxima,"Lėlė MONSTER HIGH, 1 vnt.",33.59,https://cdn.barbora.lt/products/7ee0754a-c4d7-46fb-9a1d-32b4174d90e6_s.png
Maxima,"Satino patalynės komplektas, 150 x 200 cm, 50 x 70 cm, 1 vnt.",29.99,https://cdn.barbora.lt/products/bba9bf16-3dd4-424e-a7c9-c9137abe88eb_s.png
Maxima,"Skystieji lūpų dažai L'OREAL INFAILLIBLE MATTE RESIST.Nr.105, 1 vnt.",18.99,https://cdn.barbora.lt/products/b183c005-64fe-4df9-b288-427eae9abd4b_s.png
Maxima,"Skystieji lūpų dažai L'OREAL INFAILLIBLE MATTE RESIST.Nr.120, 1 vnt.",18.99,https://cdn.barbora.lt/products/4d54a104-c70b-4a00-a837-06a90c26171c_s.png
Maxima,"Skystieji lūpų dažai L'OREAL INFAILLIBLE MATTE RESIST.Nr.100, 1 vnt.",18.99,https://cdn.barbora.lt/products/c2d4532c-df22-43ff-b9c2-72b854ceb734_s.png
Maxima,"Skystieji lūpų dažai L'OREAL INFAILLIBLE MATTE RESIST.Nr.115, 1 vnt.",18.99,https://cdn.barbora.lt/products/c5019da3-7106-4d15-ab82-c757be330677_s.png
Maxima,"Vandeniui atsparus blakstienų tušas MAYBELLINE, 1 vnt.",14.99,https://cdn.barbora.lt/products/f2e3036b-5086-4278-aaeb-a248f7157451_s.png
Maxima,L'Oréal Paris Infaillible  matiniai lūpų dažai 230 SHOPPING SPREE,18.99,https://cdn.barbora.lt/products/f9f72453-ec65-4fb8-b474-c6027e4c7f13_s.png
Maxima,"Akių pieštukas L'OREAL INFAILLIBLE  LIGHT WHITE, 1 vnt.",12.99,https://cdn.barbora.lt/products/aa6e6fda-3c01-4bbd-877d-3158bc531a34_s.png
Maxima,"Veido kremas L'OREAL BB , Nr. 03, 30 ml",14.99,https://cdn.barbora.lt/products/8638ae1a-2f32-432c-94c3-f610e6c4af9f_s.png
Maxima,"Akių pieštukas L'OREAL INFAILLIBLE L.OPALESCENT, 1 vnt.",12.99,https://cdn.barbora.lt/products/72dae5e3-57a1-4337-95c9-480c0fa40ba3_s.png
Maxima,"Veido serumas MIXSOON Glacier Water Hyaluronic Acid, 300 ml",25.99,https://cdn.barbora.lt/products/85f8923d-9291-4579-9a6c-093badc9e730_s.png
Maxima,"Apsauginis kūno kremas MIXSOON Sun Cream  SPF50+,  50 ml",19.99,https://cdn.barbora.lt/products/c0d5e72e-ee47-4a0a-922c-aaaafe99930d_s.png
Maxima,"Veido esencija MIXSOON BEAN ESSENCE, 50ml",37.99,https://cdn.barbora.lt/products/8d442e6b-968a-4bdc-8f14-3615aaf5191e_s.png
Maxima,"Tepamas veido balzamas MIXSOON CENTELLA ASIATICA, 11.5 ml",32.99,https://cdn.barbora.lt/products/c4718cb7-0e73-45db-b2ad-89821dca2b13_s.png
Maxima,"Drėkinamasis veido balzamas MIXSOON BEAN, 11.5 ml",32.99,https://cdn.barbora.lt/products/6406dec1-e240-4eab-b67c-ec4f1bd92fe9_s.png
Maxima,"Satino patalynės komplektas 150 x 200 cm, 50 x 70 cm, 1 vnt.",37.99,https://cdn.barbora.lt/products/a26150a2-039a-468c-bc94-045b811a5764_s.png
Maxima,"Satino patalynės komplektas 150 x 200 cm, 50 x 70 cm, 1 vnt.",37.99,https://cdn.barbora.lt/products/9e35e48b-e506-4335-ac2f-15816717261b_s.png
Maxima,"Veido kremas Q+A COLLAGEN ANTI-AGE,50ml",15.99,https://cdn.barbora.lt/products/f155c423-fe0d-4208-9429-23cf5ffb18e4_s.png
Maxima,"Veido serumas Q+A VITAMIN C BRIGHTENING,30ml",11.99,https://cdn.barbora.lt/products/a11a5013-5480-4fae-8459-9adcdcca654a_s.png
Maxima,RASA INTENSE BODY CARE Maitinamasis kūno kremas 200 ml,6.99,https://cdn.barbora.lt/products/293232df-34ba-4a28-a9fe-32c2266f98b8_s.png
Maxima,RASA HAIR COLOUR SYSTEM Dažytų plaukų šampūnas 500 ml,8.99,https://cdn.barbora.lt/products/4709f594-9ae1-4aa7-bace-059a0f1fe28a_s.png
Maxima,"NIVEA CELLULAR EXPERT LIFT 3-jų zonų odą stangrinantis serumas veidui, kaklui ir dekoltė, 30 ml",21.99,https://cdn.barbora.lt/products/b2180a1f-21d0-4055-adf9-8fe01b52b76d_s.png
Maxima,"Valomasis veido gelis GARNIER PURE , 250 ml",5.99,https://cdn.barbora.lt/products/aefce8d9-bd61-41be-810d-bce3b1214428_s.png
Maxima,"Elektrinis dantų šepetėlis ORAL-B IO5MATT BLACK, 1 vnt.",132.29,https://cdn.barbora.lt/products/b9c868f4-c157-4a45-99b7-a9557b47c385_s.png
Maxima,XADO Atomic Oil variklinė alyva 5W-40 C3 RED BOOST (skardinė 5L),72.99,https://cdn.barbora.lt/products/0946d6b1-4967-44ad-9a66-4c573f16d551_s.png
Maxima,Pliuš. nešiojamas gyvūnėlis su funkcijom,17.99,https://cdn.barbora.lt/products/1d8b6417-aeb0-46a8-b2fb-38ab2bf35273_s.png
Maxima,"Plaukų kaukė GLISS 4IN1 REGENERATION, 400 ml",4.74,https://cdn.barbora.lt/products/78bbb635-207e-48c2-8976-ffa74c25e2d7_s.png
Maxima,Automobilių oro gaiviklis ROTZ OUD AND PEPPER,1.19,https://cdn.barbora.lt/products/bd74c40e-9804-4683-b4a4-09077852640a_s.png
Maxima,"Antakių gelis MAX FACTOR 2000 CALORIE, 003, 4.5 ml",14.69,https://cdn.barbora.lt/products/45109b28-8ce3-42bd-965b-effd3343771b_s.png
Maxima,"Antakių gelis MAX FACTOR 2000 CALORIE, 005, 4.5 ml",14.69,https://cdn.barbora.lt/products/5be02a2d-fb16-497f-8d6a-a385d978576a_s.png
Maxima,"Maskuoklis RIMMEL THE MULTI-TASKER, 10 ml",8.49,https://cdn.barbora.lt/products/0210e291-a87c-4587-a4b3-259da10e6d9f_s.png
Maxima,"Antakių gelis MAX FACTOR 2000 CALORIE, 006, 4.5 ml",14.69,https://cdn.barbora.lt/products/f60bb1e4-7d3a-47af-9166-99ae012bbadd_s.png
Maxima,"Verkianti lėlė CRY BABIES (auksinė serija), 1 vnt.",11.99,https://cdn.barbora.lt/products/bd686bbb-fdfd-42af-af75-11b60ac14d33_s.png
Maxima,Dubuo AURORA Crest Creamy 20 cm,6.49,https://cdn.barbora.lt/products/7bb70450-e311-408f-999b-5416ab62b75b_s.png
Maxima,Dubenėlis AURORA CREST CREAMY 15 cm,5.99,https://cdn.barbora.lt/products/dd809150-b959-4580-af8c-f791a1190ad6_s.png
Maxima,Lėkštė AURORA Crest Creamy 28 cm,9.99,https://cdn.barbora.lt/products/13b2b3bc-0c7d-4825-9004-40e1f4fc3b55_s.png
Maxima,"Plaukų šampūnas, MAUI su kokosų pienu, 385ml",13.99,https://cdn.barbora.lt/products/14412a73-952c-43a3-9f43-27a1b4f0ff43_s.png
Maxima,"Plaukų kondicionierius MAUI su kokosų pienu, 385ml",13.99,https://cdn.barbora.lt/products/937f2357-0fad-4b5e-a9d7-ea39a877478e_s.png
Maxima,"Drėkinamasis veido gelis NEUTROGENA CLEAR & DEFEND, 125 ml",10.99,https://cdn.barbora.lt/products/493d3924-02e1-4d2e-a315-a22f1e3c7131_s.png
Maxima,"Lūpų balzamas CARMEX STRAWBERRY, 10 g",5.69,https://cdn.barbora.lt/products/f2915399-0a0e-45b0-9c6f-127679f015c8_s.png
Maxima,"Lūpų balzamas SMACKER SPIDERMAN, 4 g",6.99,https://cdn.barbora.lt/products/9be48a09-d491-44ae-afa1-93e5622e8fc5_s.png
Maxima,"Vyriškas tualetinis vanduo BUGATTI DYNAMIC MOVE BLACK, 100 ml",29.99,https://cdn.barbora.lt/products/f1e2dc2a-a342-490d-8b6d-bb89d602fe78_s.png
Maxima,"Vyriškas tualetinis vanduo BUGATTI DYNAMIC MOVE BLUE, 100 ml",29.99,https://cdn.barbora.lt/products/7dc43082-fd7c-4513-aead-b3be79263c96_s.png
Maxima,"Moteriškas tualetinis vanduo BUGATTI ELEGANZA, 60 ml",29.99,https://cdn.barbora.lt/products/026d2d88-3d4e-41c4-be37-05503f854161_s.png
Maxima,"Lūpų balzamas SMACKER COCA COLA, 4 g",6.99,https://cdn.barbora.lt/products/ab40cee6-114f-4cd4-bf17-21c9cfdc4048_s.png
Maxima,"Vyriškas tualetinis vanduo BUGATTI DYNAMIC MOVE AMBER, 100 ml",29.99,https://cdn.barbora.lt/products/5b1c9ea1-85c5-48c0-b575-0dfcbf7f3b57_s.png
Maxima,AREON WILD PROFESSOR auto gaiviklis,1.29,https://cdn.barbora.lt/products/2cce0cc7-4a64-440d-971f-931a3604c99c_s.png
Maxima,"NIVEA MEN SENSITIVE drėkinamasis veido kremas su SPF 15, 75 ml",11.89,https://cdn.barbora.lt/products/5becd182-5044-4c26-bd5a-8e142bfd31af_s.png
Maxima,"NIVEA LUMINOUS630® kūno kremas, 200 ml",15.69,https://cdn.barbora.lt/products/a08cf93c-1b30-4c9f-8625-da8c431d30f9_s.png
Maxima,"Intensyvus plaukų kondicionierius PANTENE Bond Repair, 150 ml",15.59,https://cdn.barbora.lt/products/88e8ea90-216b-4d5f-b619-1998a247aada_s.png
Maxima,"Plaukų kondicionierius FAITH IN NATURE DRAGON FRUIT, 400 ml",8.99,https://cdn.barbora.lt/products/a219c652-b01c-4865-b6b9-ba93af9e98c6_s.png
Maxima,"Plaukų šampūnas FAITH IN NATURE LEVANDER&GERANIUM, 400 ml",8.99,https://cdn.barbora.lt/products/a8c98057-9d1c-4dec-bc5e-083fa63f3bd5_s.png
Maxima,"Plaukų šampūnas HEAD&SHOULDERS Men Ultra Total Care, 330 ml",9.29,https://cdn.barbora.lt/products/4fc4ebf5-0bab-47b5-9637-e3869d133c9c_s.png
Maxima,"Purškiamas dezodorantas OLD SPICE Rockstar, 150ml",3.15,https://cdn.barbora.lt/products/7f4ff970-e737-43f5-980c-da42b9e7d356_s.png
Maxima,"Plaukų šampūnas HEAD&SHOULDERS Men Ultra Old Spice, 330 ml",9.29,https://cdn.barbora.lt/products/ec3cd970-1e39-47dd-a97f-1f906bfbe537_s.png
Maxima,"Plaukų dažai L'OREAL PREFERENCE, Nr. 02, 1 vnt.",13.49,https://cdn.barbora.lt/products/8f383cd7-8811-4a18-9981-3ded608aac29_s.png
Maxima,"Plaukų dažai SYOSS, Nr. 12-53, 1 vnt.",8.99,https://cdn.barbora.lt/products/aee823ea-34b6-4baf-a1f7-529505031a14_s.png
Maxima,"Lakštinė veido kaukė PHARMA OIL TAKE A SIP, 1 vnt.",6.49,https://cdn.barbora.lt/products/025e8167-79f1-4803-99f0-9b953c462d72_s.png
Maxima,"Lakštinė veido kaukė PHARMA OIL CHILL MODE, 1 vnt.",6.49,https://cdn.barbora.lt/products/417f5023-89a7-46f4-b9f4-db69d28b984f_s.png
Maxima,"Plaukų dažai L'OREAL PREFERENCE, Nr. 01, 1 vnt.",13.49,https://cdn.barbora.lt/products/dafe9bcc-80b1-4d4a-b952-0fc9d12c38a0_s.png
Maxima,"Valomoji veido emulsija GARNIER, 250 ml",5.99,https://cdn.barbora.lt/products/41570ecd-7d55-49b7-888b-c3484de2d9f6_s.png
Maxima,"Veido kremas GARNIER SPF50, 40 ml",10.19,https://cdn.barbora.lt/products/4e891e38-58d4-47f3-80f0-d73d54524c2b_s.png
Maxima,"Saldainiai ZOZOLE SNOWMAN, riešutų skonio, 1 kg",7.99,https://cdn.barbora.lt/products/59900622-efc5-44ca-afea-2216ebcce2ef_s.png
Maxima,"Veido kremas GARNIER PURE ACTIVE MATTIFYING AIR, 50 ml",5.39,https://cdn.barbora.lt/products/319a34d1-6a8b-47cb-bf75-705b1e271702_s.png
Maxima,"Blakstienų tušas L'OREAL PANORAMA VOLUME , 1 vnt.",17.99,https://cdn.barbora.lt/products/15a7d4f5-2a00-405d-a0fb-2c9b8e859017_s.png
Maxima,"Dieninis veido fluidas GARNIER VITAMIN C GLOW SPF50+, 40 ml",10.79,https://cdn.barbora.lt/products/2e1b4e64-bd2e-47c3-802f-276b875bf7b5_s.png
Maxima,"Dieninis veido fluidas GARNIER VITAMIN C INVISIBLE SPF50+, 40 ml",10.19,https://cdn.barbora.lt/products/096fc059-602b-4574-8da2-e777fd5e0fcf_s.png
Maxima,"Blakstienų tušas MAYBELLINE  PINK AIR, 1 vnt.",13.99,https://cdn.barbora.lt/products/22d11a0a-b6e9-42d2-9bfc-bc5ca984e0b0_s.png
Maxima,"Akių apvadas MAYBELLINE TATTOO GEL POT, juodas, 1 vnt.",11.99,https://cdn.barbora.lt/products/305a91c9-4b6c-406d-987f-249afb9da33a_s.png
Maxima,"Super Stay Vinyl Ink lūpų dažai, 150 Striking",13.49,https://cdn.barbora.lt/products/c98abff0-570d-433c-8cba-7eee846dd884_s.png
Maxima,"Lūpų blizgis MAYBELLINE LIFTER PLUMP, Nr. 008-HOT HONEY, 1 vnt.",11.99,https://cdn.barbora.lt/products/ad05cb3d-fd63-40a4-9dee-7ee7872d409d_s.png
Maxima,"Lūpų blizgis MAYBELLINE LIFTER PLUMP, Nr. 004-RED FLAG, 1 vnt.",11.99,https://cdn.barbora.lt/products/8af92856-0265-4d80-931c-4059586bbfed_s.png
Maxima,XADO Atomic Oil variklinė alyva 5W-40 C3 RED BOOST (skardinė 1L),17.49,https://cdn.barbora.lt/products/31840242-d446-4340-b903-8d90f0365bc0_s.png
Maxima,"Maskuoklis MAX FACTOR MIRACLE PURE EYE ENHANCER, Nr. 02 BUFF, 10 ml",15.39,https://cdn.barbora.lt/products/7ccaba69-7ebe-4862-81c1-207a5e202d65_s.png
Maxima,"Blakstienų tušas MAX FACTOR M.2IN1LASH WOW MIDNIGHT BLACK, 1 vnt.",20.99,https://cdn.barbora.lt/products/7543d694-1a7c-4187-a982-a1fce969901c_s.png
Maxima,"Maskuoklis MAX FACTOR MIRACLE PURE EYE ENHANCER, Nr. 01 ROSE, 10 ml",15.39,https://cdn.barbora.lt/products/32065aa3-7ed8-4785-9cec-610d15d8388b_s.png
Maxima,"Plaukų kondicionierius OLAPLEX COLOR NR.5P, 250ml",29.99,https://cdn.barbora.lt/products/2f6ab47b-8414-428d-9e9d-2bdb81a06b8c_s.png
Maxima,Veido kremas Q+A CERAMIDE BARRIER DEFENC.50,15.99,https://cdn.barbora.lt/products/f437e40f-41ad-4686-acdd-de301460a5f6_s.png
Maxima,"COSRX The Retinol 0.1 Cream kremas, 20 ml",24.99,https://cdn.barbora.lt/products/4f207907-22a4-402a-9f34-607519757538_s.png
Maxima,Keptuvė 20 cm juoda,22.99,https://cdn.barbora.lt/products/bc77e922-1d37-437a-a081-cddabe5ac796_s.png
Maxima,"Puodas 24 cm, juodas",38.99,https://cdn.barbora.lt/products/c04244c7-5365-4219-b54e-ac18725335c3_s.png
Maxima,"Puodas 18 cm, juodas",26.99,https://cdn.barbora.lt/products/a5939eae-af68-468c-9f60-a6c0852454e1_s.png
Maxima,"Puodas 20 cm, juodas",31.99,https://cdn.barbora.lt/products/177a15da-0d4b-4193-8df5-cf36f80b2916_s.png
Maxima,"Purškiamasis pėdų antiperspirantas SCHOLL FRESH STEP, 150 ml",7.39,https://cdn.barbora.lt/products/e6268541-7565-4da8-b429-3f23e6d42f05_s.png
Maxima,"Lūpų dažai L'OREAL SATIN, Nr. 601, 1 vnt.",13.99,https://cdn.barbora.lt/products/c65889bc-32ca-46a1-ba78-89397025818e_s.png
Maxima,"Priemonė L'OREAL LUMI, Nr. 903, 40 ml",14.99,https://cdn.barbora.lt/products/7192028b-68b2-4fdf-b59f-1082a1038165_s.png
Maxima,"Gelinis akių kontūro pieštukas MAYBELLINE TATTOO, Nr. 801, 1 vnt.",8.99,https://cdn.barbora.lt/products/e808525c-b9ec-475b-be21-449366d07e17_s.png
Maxima,"Lūpų dažai L'OREAL, Nr. 601, 1 vnt.",18.99,https://cdn.barbora.lt/products/3987ad1a-d732-41e6-9c90-af5a0709c3d4_s.png
Maxima,"Priemonė L'OREAL LUMI , Nr. 902, 40 ml",14.99,https://cdn.barbora.lt/products/3e894db0-bd66-453d-a038-96c4a868327e_s.png
Maxima,"Makiažo pagrindas MAYBELLINE I.P.G4IN1, Nr. 00, 20 ml",15.09,https://cdn.barbora.lt/products/fda96097-60a9-4c3b-8a88-415922bcd890_s.png
Maxima,"Gelinis akių kontūro pieštukas MAYBELLINE TATTOO, Nr. 802, 1 vnt.",8.99,https://cdn.barbora.lt/products/9f7079f1-b7d9-43be-9706-0fea8d132b3f_s.png
Maxima,"Lūpų dažai L'OREAL, Nr. 635, 1 vnt.",18.99,https://cdn.barbora.lt/products/6fc218ec-810c-4bfd-89f6-ca551daa051c_s.png
Maxima,"Color Riche Nude lūpų dažai, 505 Nude Resilient ",13.99,https://cdn.barbora.lt/products/e4858074-256c-4f1c-aba0-de9a0f9fb872_s.png
Maxima,"Blakstienų tušas MAYBELLINE LASH , juod., 1 vnt.",14.99,https://cdn.barbora.lt/products/31901ec2-3873-47b1-933a-a14f030bef8f_s.png
Maxima,"Priemonė L'OREAL LUMI, Nr. 901, 40 ml",14.99,https://cdn.barbora.lt/products/ed9f71d8-83e7-40b7-959b-e0871c4aa22d_s.png
Maxima,"Maskuoklis L'OREAL SERUM, Nr. 0.5D, 11 ml",15.59,https://cdn.barbora.lt/products/f40b17a3-dc71-4c59-bd05-c95d0c91f812_s.png
Maxima,"Maskuoklis L'OREAL  SERUM, Nr. 3R, 11 ml",15.59,https://cdn.barbora.lt/products/40a180ee-99ce-4477-8988-f8e58d09b5ec_s.png
Maxima,"Blakstienų tušas L'OREAL LASH, juodas, 1 vnt.",16.59,https://cdn.barbora.lt/products/ede337bd-0dd8-4a50-a52a-90b4a890c323_s.png
Maxima,"Maskuoklis L'OREAL SERUM, Nr. 4N, 11 ml",15.59,https://cdn.barbora.lt/products/544eb580-70c3-4b9c-a5dd-ff86795d03f5_s.png
Maxima,"Maskuoklis L'OREAL SERUM, Nr. 2R, 11 ml",15.59,https://cdn.barbora.lt/products/3d0b3838-a0e9-45dc-aaba-4d1dbdf07b54_s.png
Maxima,"Telescopic Lift Waterproof blakstienų tušas, atsparus vandeniui",16.99,https://cdn.barbora.lt/products/227fdd96-8a42-43f5-8a1b-6cfb3994cf37_s.png
Maxima,"Plaukų šampūnas HEAD&SHOULDERS CITRUS, 500 ml",9.59,https://cdn.barbora.lt/products/c922097e-dc8f-479a-b249-37336522c56f_s.png
Maxima,"Vairo stiprintuvo skystis ROTZ, 1l",5.99,https://cdn.barbora.lt/products/a0289551-d1f2-4dfe-9f5d-0aaf8563e29a_s.png
Maxima,"Garnier Color Naturals 8.13, natūrali šviesi blondinė. ",4.99,https://cdn.barbora.lt/products/7570f213-5e52-4ec4-a0ce-fba25e266ad2_s.png
Maxima,"Veido serumas NIVEA, 30 ml",23.49,https://cdn.barbora.lt/products/d565148a-1351-4a8d-b523-d32741f7969d_s.png
Maxima,"Vyriškas pieštukinis dezodorantas MENNEN SPEED STICK AVALACH, 50 g",5.99,https://cdn.barbora.lt/products/32064d47-645a-4df6-bbe9-44613ca9ee1b_s.png
Maxima,"RAPID WHITE „White+Booster Strong“ dantų pasta, 75 ml",11.99,https://cdn.barbora.lt/products/cc12f9b0-ad9f-483c-92dc-4d729b609bd5_s.png
Maxima,"Veido fluidas NIVEA LUMINOUS630CC LIGHT, 40 ml",24.99,https://cdn.barbora.lt/products/aa00b1b3-34cd-4562-9789-2fda7730f943_s.png
Maxima,"Micelinis vanduo NIVEA , 400 ml",9.89,https://cdn.barbora.lt/products/37a75b15-4bb2-4e74-bb22-275f6935c23e_s.png
Maxima,"Veido fluidas NIVEA LUMINOUS630CC MEDIUM, 40 ml",24.99,https://cdn.barbora.lt/products/1ae8c692-2e9a-4cdb-a356-7cd39f44d427_s.png
Maxima,"Dušo želė DERMOMED BEAUTY WHITE FLOWER, 750 ml",2.99,https://cdn.barbora.lt/products/4eacf556-93be-49a0-987b-bf159b52c4a2_s.png
Maxima,LACALT FIX MINT lipnus protezų kremas,6.99,https://cdn.barbora.lt/products/c797225a-fac6-43ac-8ac7-dfe1742dfa86_s.png
Maxima,"NIVEA Q10 STANGRINAMASIS KŪNO LOSJONAS SU KOFERMENTU Q10, 400 ml",12.29,https://cdn.barbora.lt/products/61cf92ae-edb3-472c-9713-0f5973a75b91_s.png
Maxima,"Veido kremas L'OREAL, 50 ml",14.29,https://cdn.barbora.lt/products/d1aa716c-caf8-4018-b0a1-0debc8e57803_s.png
Maxima,"Veido serumas L'OREAL, 30 ml",12.25,https://cdn.barbora.lt/products/0e2ae308-4128-484a-a9fe-3db61052acdf_s.png
Maxima,"Veido fluidas L'OREAL, 50 ml",13.59,https://cdn.barbora.lt/products/c24c5978-2638-4e72-877f-150ab3b9369b_s.png
Maxima,"NIVEA MEN POWER drėkinamasis kremas SU SPF30, 50 ml",14.49,https://cdn.barbora.lt/products/13053abe-3a54-45be-a4bd-cd155bf4f109_s.png
Maxima,Gilus Dubenėlis AURORA Luz 20 cm,5.99,https://cdn.barbora.lt/products/39574b52-098d-41b8-9917-742c32c54af2_s.png
Maxima,Lėkštė AURORA Luz 27 cm,7.99,https://cdn.barbora.lt/products/a33b7b11-a386-4fae-a623-5beebc9f7070_s.png
Maxima,Dubenėlis AURORA Luz 15 cm,6.99,https://cdn.barbora.lt/products/3bdbcdcb-2a1b-4a92-8322-d35fbd3eae77_s.png
Maxima,Lėkštė AURORA Luz 21 cm,6.99,https://cdn.barbora.lt/products/41487cae-3329-4ad8-803a-034825af29c3_s.png
Maxima,"Plaukų dažai GARNIER OLIA, Nr. 4.12, 1 vnt.",6.15,https://cdn.barbora.lt/products/5f390adc-12dd-4b6d-8a49-2315508bfe91_s.png
Maxima,Lėkštė AURORA Stone Grey 15 cm,3.99,https://cdn.barbora.lt/products/65cc74fc-079c-4b91-b5b7-48093cb27067_s.png
Maxima,Puodelis AURORA Stone White 420 ml,4.99,https://cdn.barbora.lt/products/7cd441aa-1d2b-49d7-a517-f279316aa1ac_s.png
Maxima,Gili lėkštė AURORA Stone Grey 20 cm,6.99,https://cdn.barbora.lt/products/c743c32b-b12c-4942-8706-c9ad90077f48_s.png
Maxima,Lėkštė AURORA Stone White 26 cm,6.99,https://cdn.barbora.lt/products/71514fc1-04d9-4e81-806d-a72da0c2770a_s.png
Maxima,Gili lėkštė AURORA Stone White 20 cm,6.99,https://cdn.barbora.lt/products/96b04ba0-cbaf-4bca-bac4-de4d19935468_s.png
Maxima,Lėkštė AURORA Stone Grey 26 cm,6.99,https://cdn.barbora.lt/products/455b9d6b-e811-4a29-a53a-99267426824c_s.png
Maxima,Lėkštė AURORA Stone Grey 20 cm,4.99,https://cdn.barbora.lt/products/bb5009dd-89c8-4dda-a5d2-362f963b167a_s.png
Maxima,Dubenėlis AURORA Stone Grey 15 cm,4.99,https://cdn.barbora.lt/products/654f999e-c5be-4624-9f46-9579f320f394_s.png
Maxima,Lėkštė AURORA Stone White 20 cm,4.99,https://cdn.barbora.lt/products/b542fa9d-a971-4d34-a45b-d485eff175c9_s.png
Maxima,"Plaukų dažai GARNIER OLIA, Nr. 110, 1 vnt.",6.15,https://cdn.barbora.lt/products/6c36bc9b-882f-4b6c-a51f-ef442113ab80_s.png
Maxima,"Garnier Olia 8.31, auksinė pelenų blondinė.",6.15,https://cdn.barbora.lt/products/ba221deb-3e0b-4f94-854e-b9583c3bab5e_s.png
Maxima,"Garnier Olia 7.3, auksinė tamsi blondinė. ",6.15,https://cdn.barbora.lt/products/b8e585cd-1c1a-4a58-8cc7-33e5d01506bd_s.png
Maxima,Radijo bangomis valdomas automobilis,26.99,https://cdn.barbora.lt/products/28a23265-029f-48d0-9f6f-e891cf3aad9b_s.png
Maxima,Arkadinis žaidimas CLAW MACHINE,27.49,https://cdn.barbora.lt/products/92e07e0f-61dd-4d41-9c52-6357eb6dbd5e_s.png
Maxima,"Plaukų dažai GARNIER OLIA, Nr. 9G, 1 vnt.",6.15,https://cdn.barbora.lt/products/326085cf-e6bd-4db3-a4a2-b08ac312a584_s.png
Maxima,"Plaukų dažai GARNIER OLIA, Nr. 7.40, 1 vnt.",6.15,https://cdn.barbora.lt/products/977f5aad-fc01-4acc-bc4c-238440759ba1_s.png
Maxima,"Plaukų dažai GARNIER OLIA, Nr. 8.0, 1 vnt.",6.15,https://cdn.barbora.lt/products/6b457d1b-5414-4dd9-8ac0-2d62f5ebb27f_s.png
Maxima,"Plaukų dažai GARNIER OLIA, Nr. 3.0, 1 vnt.",6.15,https://cdn.barbora.lt/products/9af770b5-cc71-479a-9925-cce1004a1b61_s.png
Maxima,"Plaukų dažai GARNIER OLIA, Nr. 6.60, 1 vnt.",6.15,https://cdn.barbora.lt/products/b241d600-d3d9-46f3-b856-0a5c603345bd_s.png
Maxima,"Plaukų dažai GARNIER OLIA, Nr. 10.0, 1 vnt.",6.15,https://cdn.barbora.lt/products/a62b563c-c5fd-4ff9-8e96-c6c9eb930c90_s.png
Maxima,"Plaukų dažai GARNIER OLIA, Nr. 9.11, 1 vnt.",6.15,https://cdn.barbora.lt/products/6c6b3fe7-e4d8-480c-ae08-885b62ded73d_s.png
Maxima,"Kūdikių vienkartiniai paklotai CANPOL BABIES, 60 x 60 cm, 1 vnt.",8.99,https://cdn.barbora.lt/products/d4724307-6ddf-4d62-98f9-9d8298630c6f_s.png
Maxima,"Radijo bangomis valdomas automobilis, 1 vnt.",11.99,https://cdn.barbora.lt/products/49e6a117-7034-49f3-8d7d-70e03e14395f_s.png
Maxima,"Pliušinis paukštis kiaušinyje, 2305002",11.39,https://cdn.barbora.lt/products/3e56e21b-a9f7-447f-8f2e-317520f80988_s.png
Maxima,Dvipusis pliušinis žaislas EGGIE LOOZ,7.43,https://cdn.barbora.lt/products/0a438880-ce53-4ab1-abcb-30a885cd1ae9_s.png
Maxima,"Veido kremas L'OREAL  , 50 ml",14.55,https://cdn.barbora.lt/products/f4992f13-ce65-4c30-9a31-4799faf3f118_s.png
Maxima,"Plaukų modeliavimo gelis GOT2B Ultra Glued, 150 ml",10.49,https://cdn.barbora.lt/products/76e692ba-ee2e-4386-a610-5f5501ebd773_s.png
Maxima,PALETTE DELUXE pl. dažai 5-68 Aukso kaštoninis,7.79,https://cdn.barbora.lt/products/408b640a-5b95-4c65-b64d-cfecb5f0f0ab_s.png
Maxima,"Purškiamas kondicionierius GLISS Blonde Hair Perfector, 200ml",5.24,https://cdn.barbora.lt/products/5dbf7497-ccba-41e2-9c16-7c726383c3fc_s.png
Maxima,"Garnier Color Naturals 7.3, natūrali auksinė blondinė.",4.99,https://cdn.barbora.lt/products/9ecf5410-e61b-4ae1-b1fd-0bc9fa4af447_s.png
Maxima,"Plaukų šampūnas HEAD&SHOULDERS Men Ultra Anti-Hairfall, 330 ml",9.29,https://cdn.barbora.lt/products/40440a00-103c-4f1e-8758-e732e2bfa5d1_s.png
Maxima,"Monster High Skulltimates siurprizų rinkinys, paslapt. monstrių serija",38.99,https://cdn.barbora.lt/products/fd4f149d-3cf5-4309-bb73-85b7a8e438d8_s.png
Maxima,"Plaukų kondicionierius MAUI su bambuko pluoštu, 385ml",13.99,https://cdn.barbora.lt/products/865d5600-a418-453e-89b9-b7aebf4ce4f7_s.png
Maxima,"Plaukų šampūnas MAUI su bambuko pluoštu, 385ml",13.99,https://cdn.barbora.lt/products/161fc86c-0817-4cc5-8949-a70a035feca2_s.png
Maxima,"TR Žaidimas „Spy Guy“, EST LV LT SWE FIN",11.99,https://cdn.barbora.lt/products/0c04fa45-f1f4-4f49-b29b-420de0523eaa_s.png
Maxima,"Lėlė BARBIE DREAM BESTIES, 1 vnt.",26.99,https://cdn.barbora.lt/products/258bcdae-66ba-423b-b1df-e4d6afffb185_s.png
Maxima,"TaftxGliss glotninamasis kremas ""Sleeky Smooth"" 150ml Naujiena",4.85,https://cdn.barbora.lt/products/2d1f4484-a2a4-4dbf-a25c-86850f1087e6_s.png
Maxima,"Žaislinis šautuvas Ward NERF, G0132, 1 vnt.",5.99,https://cdn.barbora.lt/products/934be99b-6a6b-45ba-ad08-203f93c37758_s.png
Maxima,"Žmog. voro tinklo šaudyklė SPIDER MAN, 1 vnt.",23.99,https://cdn.barbora.lt/products/88f17c5d-bc6c-4f3e-a017-80e9783bbb52_s.png
Maxima,"TA Herojaus figūrėlė W1, 5cm, asort.",6.59,https://cdn.barbora.lt/products/06a8d1db-e053-4603-8dcd-8de3af1d49c1_s.png
Maxima,"Žaidimas At the office TREFL, 02671T
",11.99,https://cdn.barbora.lt/products/8c3b876e-9eb6-4eed-b0c3-aeeb70142e68_s.png
Maxima,"Muzikinis žaidimas Dj Pop TACTIC, 60428, 1 vnt.",7.49,https://cdn.barbora.lt/products/1d63e71a-b125-44a3-b1ec-23a8f41ae560_s.png
Maxima,HAS FUR Interaktyvus žaislas Furby Aurora Furbealis,71.99,https://cdn.barbora.lt/products/4e271f41-d0a5-4d4a-bc6d-214ea922454a_s.png
Maxima,HAS NER N Series šautuvas „Sprinter“,28.79,https://cdn.barbora.lt/products/82d426cb-7be1-43db-8b9d-eeaab96582ea_s.png
Maxima,XADO Atomic Oil variklinė alyva 5W-40 C3 RED BOOST (skardinė 4L),59.99,https://cdn.barbora.lt/products/1b611d5f-d6c7-4c1d-989c-1611f26158f2_s.png
Maxima,XADO Atomic Oil variklinė alyva 10W-40 SHPD RED BOOST (skardinė 1L),13.99,https://cdn.barbora.lt/products/707e6cf4-db5f-4bd5-8115-f32277c869a9_s.png
Maxima,XADO Atomic Oil variklinė alyva 10W-40 SHPD RED BOOST (skardinė 4L),48.99,https://cdn.barbora.lt/products/5ff3623c-dbeb-472f-8f29-18de33c0177f_s.png
Maxima,Matchbox premium automodeliukai,8.39,https://cdn.barbora.lt/products/fca858aa-1cbb-4914-9ed7-981236ded561_s.png
Maxima,„Polly Pocket“ katinėlio lėktuvo žaidimų rinkinys,34.79,https://cdn.barbora.lt/products/6c6aa668-c7dc-4b0f-9947-e5b1507827bf_s.png
Maxima,„Polly Pocket“ Barbie tematikos pramogų rinkinys,19.79,https://cdn.barbora.lt/products/c4e7fe23-15bc-4246-a7cc-469f6c8725cd_s.png
Maxima,"Žaislinis rinkinys BARBIE FUN AND FANCY HAIR, 1 vnt.",29.99,https://cdn.barbora.lt/products/0a64c27e-8352-4e0c-b993-cdecc8f171aa_s.png
Maxima,"Lėlė BARBIE CUTIE REVEAL, 1 vnt.",34.79,https://cdn.barbora.lt/products/b3bec831-4433-485a-84d3-b4f4783af4fa_s.png
Maxima,Espresso šaukšt. UNIWELL Rotondo 4 vnt.,5.99,https://cdn.barbora.lt/products/f3724ee5-b705-4fb0-8cc5-b35569ceb048_s.png
Maxima,Stalo įrankiai UNIWELL Rotondo 16 vnt.,39.99,https://cdn.barbora.lt/products/121b86a5-077e-472b-997d-4c8c6b3295c6_s.png
Maxima,Peiliai UNIWELL Duke 2 vnt.,3.99,https://cdn.barbora.lt/products/e0d11f8f-343d-46e7-b145-790ad5cde618_s.png
Maxima,"Šokoladiniai saldainiai FIZZY su žaislu, 100 g",8.49,https://cdn.barbora.lt/products/c6742ff7-d612-4246-8030-ba0800077572_s.png
Maxima,"Lash Sensational Firework blakstienų tušas, atsparus vandeniui",14.99,https://cdn.barbora.lt/products/afce952f-c242-4a23-abc2-1a60996cb1e8_s.png
Maxima,"Maybelline New York Lifter lūpų pieštukas, 006 Line Leader",8.99,https://cdn.barbora.lt/products/317c2e89-c98a-434d-b696-cccdc3c584b9_s.png
Maxima,ODA PRO 10 % niacinamido ir hialurono rūgšties serumas,33.89,https://cdn.barbora.lt/products/4c113dd2-44c5-49f0-a0a0-aee2efddf50e_s.png
Maxima,"L'Oreal Paris Preference ilgalaikiai plaukų dažai, 7.3",13.49,https://cdn.barbora.lt/products/cf289a04-dfbf-493e-a52c-5c7e3ba2cdeb_s.png
Maxima,"L'Oreal Paris Preference ilgalaikiai plaukų dažai, 6",13.49,https://cdn.barbora.lt/products/dd1c3edf-5087-4ded-ad03-f77c01ee9a41_s.png
Maxima,"L'Oreal Paris Preference ilgalaikiai plaukų dažai, 5.21",13.49,https://cdn.barbora.lt/products/320033d6-080d-4b34-bf09-b043cdf5d674_s.png
Maxima,"L'Oreal Paris Preference, ilgalaikiai plaukų dažai, 01",13.49,https://cdn.barbora.lt/products/90360112-b1a6-44c0-b6cd-19e3b815c589_s.png
Maxima,"RUBBLE & CREW pliušinis žaislas Basic Plush, asort., 6070241",10.19,https://cdn.barbora.lt/products/febf97f4-3d20-4cd5-b943-fccbc7e8180d_s.png
Maxima,"GARDĖSIO kūčiukai, 200 g",1.49,https://cdn.barbora.lt/products/7ff3101e-688f-4b3f-840e-cd41fba941eb_s.png
Maxima,ODA PRO Maitinamasis apsauginis veido kremas su keramidais bičių vašku,30.95,https://cdn.barbora.lt/products/7447ea8e-6288-4b17-b849-abcede7e0331_s.png
Maxima,"Veido kremas ODA PRO, spuoguotai odai, 30 ml",27.89,https://cdn.barbora.lt/products/d4fc90b4-1a33-48dc-b6c0-1e429e363041_s.png
Maxima,ODA PRO Peptidų emulsija su retinoliu ir vitaminu C ,30.95,https://cdn.barbora.lt/products/6eaf89d6-cef4-4c31-b814-be442bdddde3_s.png
Maxima,Regeneruojantis serumas ODA PRO su keramidais ir hialurono rūgštimi ,33.89,https://cdn.barbora.lt/products/b7a2112e-6bff-472e-b2ad-c476d1db5f4b_s.png
Maxima,DAUGIAFUNKCINIS MICELINIS VANDUO,14.89,https://cdn.barbora.lt/products/63dfdd58-fd8d-4f3c-9ca5-6de0e292284a_s.png
Maxima,ODA PRO Kremas su keramidais jautriai odai ,30.95,https://cdn.barbora.lt/products/a93c8029-fd8b-41a6-b2dc-6eafd9bedc8b_s.png
Maxima,MARGARITA MOIST&MINERALS paakių gelis su su mineral. Vand. Birutė 15ml,10.29,https://cdn.barbora.lt/products/8437fa38-3395-4f78-827c-a8241a493188_s.png
Maxima,"Auto oro gaiviklis ROTZ, LoopGel vanilla",2.99,https://cdn.barbora.lt/products/17794d53-3e2f-4bf8-bc18-363060287a23_s.png
Maxima,"Auto oro gaiviklis ROTZ, LoopGel black",2.99,https://cdn.barbora.lt/products/155ab7b0-2ddc-48d5-bbba-4a8ca906e9f0_s.png
Maxima,Lėkštė AURORA Zout Grey 20 cm,4.49,https://cdn.barbora.lt/products/a0394774-1ce3-41cf-8528-e1d9f59ff5e7_s.png
Maxima,"Citrinos WELL DONE, 500 g, 1 klasė",1.19,https://cdn.barbora.lt/products/fdb1679f-a197-487b-a07a-d16f1f01bf0c_s.png
Maxima,"NEBULOUS STARS kūrybinis rinkinys Animoulous Painting Studio, skirtingi dizainai",20.99,https://cdn.barbora.lt/products/62bf21f2-7f0e-4f3e-bb0d-221df9c3d9e8_s.png
Maxima,"L'Oreal Paris Volume Million Lashes Panorama blakstienų tušas, tamsiai rudas",17.99,https://cdn.barbora.lt/products/8c0499c9-f8f5-4f1c-a25d-2a156675cdc7_s.png
Maxima,Miltelių žvakė SALDI MĖTA,9.99,https://cdn.barbora.lt/products/7cb01a93-a577-40df-981c-4f013dfd8db9_s.png
Maxima,"
Namų kvapų rinkinys",11.99,https://cdn.barbora.lt/products/b58cdfa5-d329-4ba8-ad31-ab0a0f55fe58_s.png
Maxima,"Stiklų valiklis SONAX, 750ml",9.99,https://cdn.barbora.lt/products/1d7092e1-41d9-407d-b290-ac7b4b640bcb_s.png
Maxima,"O'LYSEE dušo putos L EVASION, 200 ml",9.99,https://cdn.barbora.lt/products/16c9aaa6-1727-46ee-bedc-40beb328f848_s.png
Maxima,"O'LYSEE dušo putos LE RECONFORT, 200 ml",9.99,https://cdn.barbora.lt/products/ca4713a4-9121-4f78-99c4-89349e13c256_s.png
Maxima,"O'LYSEE dušo putos LE COCON, 200 ml",9.99,https://cdn.barbora.lt/products/ede6db82-62e6-45fa-907b-4b971f13aa7b_s.png
Maxima,"HISKIN Crazy Body Kūno šveitiklis su Mojito aromatu (smulkūs grūdeliai), 300 ml",9.99,https://cdn.barbora.lt/products/06e684c1-9f5b-41d0-927a-959570ced1e1_s.png
Maxima,"HISKIN Crazy Body Kūno šveitiklis su limonado aromatu (stambūs grudeliai), 300 ml",9.99,https://cdn.barbora.lt/products/09ddccf3-b85e-479c-bdce-0de58067de7d_s.png
Maxima,"Lėkštė AURORA CREAM, 26 cm",8.29,https://cdn.barbora.lt/products/9c5c4312-e5e9-4d68-8f14-4089fa73b24a_s.png
Maxima,Lėkštė AURORA CREAM 20 cm,6.79,https://cdn.barbora.lt/products/10f0760a-eb7a-452e-9626-ea0be203e3b4_s.png
Maxima,"Gili lėkštė AURORA CREAM, 20 cm",6.79,https://cdn.barbora.lt/products/0e49b4a6-1792-4db7-b0f6-5ceca2b73b01_s.png
Maxima,"„L'oréal Paris Revitalift“  gelis , 150 ml ",7.79,https://cdn.barbora.lt/products/3460df9a-ba39-4b01-b8e6-e990eecccc4d_s.png
Maxima,"Stalo žaidimas POEZIJA NEANDERTALIETIŠKAI, 1 vnt.",9.99,https://cdn.barbora.lt/products/f968aa08-dc0c-4629-bd33-e15e64275cb2_s.png
Maxima,"Poliravimo pasta SONAX, 250ml",8.99,https://cdn.barbora.lt/products/c691eabd-bb45-4fb0-bde9-3484d449416a_s.png
Maxima,"Ratlankių valiklis SONAX, 500ml",11.99,https://cdn.barbora.lt/products/6f46bd87-4156-496b-8b42-0b7a68efedc7_s.png
Maxima,"Drėgnos servėtėlės SONAX, 25 vnt",7.99,https://cdn.barbora.lt/products/998d4b0b-3164-4bbd-9059-9216129f6b98_s.png
Maxima,"Salono valiklis SONAX, 750 ml",11.49,https://cdn.barbora.lt/products/77771ffa-d9d8-4578-9f7c-c8d334f3d783_s.png
Maxima,Servetėlės salonui Shell,3.99,https://cdn.barbora.lt/products/5d7ac1cf-f273-4b83-a4e9-1865e8f4ce18_s.png
Maxima,"Automobilio salono valiklis Shell, 500ml",6.49,https://cdn.barbora.lt/products/27fa2369-c95e-4963-b4c8-0e6ab14a5b41_s.png
Maxima,"Matinis automobilių salono valiklis SHELL, 300ml",5.99,https://cdn.barbora.lt/products/ec9beaf1-4e9c-480b-b843-bd01a6b53c01_s.png
Maxima,"Odos valiklis SHELL, 500ml",14.99,https://cdn.barbora.lt/products/e71bcfdf-d58b-4fd7-b39c-39bbac1125d3_s.png
Maxima,"Automobilių šampūnas su vašku SHELL, 500ml",5.99,https://cdn.barbora.lt/products/52337634-eef7-4bda-8e7d-e2b022bd923f_s.png
Maxima,"BIC Soleil 5 Escape moteriški vienkartiniai skustuvai,  2vnt.",9.99,https://cdn.barbora.lt/products/71d7654f-b77f-4c4a-aafb-85bb49eb2724_s.png
Maxima,"Veido serumas NIVEA DERMA SKIN CLEAR REBALANCE & CLEAR, 30 ml",15.99,https://cdn.barbora.lt/products/d0138043-d412-47e2-a7e4-2fba926065fc_s.png
Maxima,"Vyr. sisteminis skustuvas WILKINSON SWORD HYDRO5, +4 galvutės",21.99,https://cdn.barbora.lt/products/22c769e1-7fe9-4fe6-89a5-751a95deac9d_s.png
Maxima,"Apelsinai sultims WELL DONE, 1.5 kg",2.59,https://cdn.barbora.lt/products/ab52d584-a835-4625-a479-d343f9aa419c_s.png
Maxima,ELSEVE PURPLE šampūnas200ml,4.95,https://cdn.barbora.lt/products/6435adcd-47b8-488d-8348-d5173a74a14e_s.png
Maxima,"NIVEA CELLULAR EXPERT FILLER STANGRUMĄ ATKURIANTIS SERUMAS SU GRYNA MIKROHIALURONO RŪGŠTIMI, 15 ml",19.49,https://cdn.barbora.lt/products/f938ba85-846f-4e19-b6a3-c8452f37f22b_s.png
Maxima,"NIVEA CELLULAR EXPERT FILLER SPINDESĮ SKATINANTIS serumas su vitaminu C, 30 ml",21.49,https://cdn.barbora.lt/products/bfce2d6f-9fa3-4277-b0e8-d711b576df35_s.png
Maxima,"L'Oreal Paris Casting Creme Gloss pusiau ilgalaikiai plaukų dažai be amoniako, 734",10.59,https://cdn.barbora.lt/products/b3fb0689-1ef4-40ea-9cf4-a2a9c4267162_s.png
Maxima,"L'Oreal Paris Casting Creme Gloss pusiau ilgalaikiai plaukų dažai be amoniako, 645",10.59,https://cdn.barbora.lt/products/b813cce0-26a1-44f9-b0e9-62b6bdad7d3f_s.png
Maxima,"L'Oreal Paris Casting Creme Gloss pusiau ilgalaikiai plaukų dažai be amoniako, 634",10.59,https://cdn.barbora.lt/products/cd7a6ded-0489-49f8-aad5-52794d6c1071_s.png
Maxima,"Švytėjimą suteikiantis itin lengvas fluidas SPF 50+ Bright Reveal, 50 ml, šviesaus atspalvio",15.75,https://cdn.barbora.lt/products/4286d05e-67f1-4434-b97e-0aeff5ab7e2a_s.png
Maxima,"L'Oreal Paris Casting Creme Gloss pusiau ilgalaikiai plaukų dažai be amoniako, 810",10.59,https://cdn.barbora.lt/products/85b1bdef-e3aa-4683-afdd-6d6bd0681982_s.png
Maxima,"Vyriškas gelinis dezodorantas MENNEN SPEED STICK XTREME INT, 85 g",8.99,https://cdn.barbora.lt/products/9bfcfc0e-7854-43e1-ba10-c67918685982_s.png
Maxima,TOBOT X Transormeris Mini,11.21,https://cdn.barbora.lt/products/213c60e4-4437-4548-bdb1-8e668f81962a_s.png
Maxima,"HAS TRA MIXMASHERS Herojaus figūrėlė, 12,7 cm, asort.",11.39,https://cdn.barbora.lt/products/22f679b4-146d-4ba7-8ac8-81c16aada728_s.png
Maxima,"AIRBRUSH HAIR´IFFIC Mini pliušinis gyvūnėlis su aerografu, asort.4",8.99,https://cdn.barbora.lt/products/b2bd48cc-8b8c-4974-90ba-e7b6a5d0999b_s.png
Maxima,"Yummiland Lūpų blizgis „Doll Character“ S.2, 7 asort., CDU",13.19,https://cdn.barbora.lt/products/8f74de6c-3fd0-44ba-9f52-a473eac380c8_s.png
Maxima,L.O.L. Hello Kitty&Friends lelė,12.59,https://cdn.barbora.lt/products/6e905558-97fa-48be-9ec0-a3dc0e48ffd5_s.png
Maxima,"NIVEA CELLULAR EXPERT FILLER stangrumą atskuriantis serumas, 30 ml",21.99,https://cdn.barbora.lt/products/caadebb7-ad12-4de7-a322-1274007da6c9_s.png
Maxima,"Garnier Olia tonuojantys plaukų dažai be amoniako, 10.2",5.35,https://cdn.barbora.lt/products/7cafd18a-f67a-4d48-9fd9-8b330340af29_s.png
Maxima,"Plaukų dažai SYOSS COLOR 5-29 Sodrus raudonas, 1vnt.",8.99,https://cdn.barbora.lt/products/9a65b35f-401b-402a-9b2b-612b73a9f0b6_s.png
Maxima,"L'Oreal Paris Excellence Creme ilgalaikiai plaukų dažai, 200",6.59,https://cdn.barbora.lt/products/698df1ed-5296-40fd-b6d2-f42ebab1425a_s.png
Maxima,"Garnier Olia tonuojantys plaukų dažai be amoniako, 9.1",5.35,https://cdn.barbora.lt/products/a97f2b53-932a-4b2d-b855-bfe1ecd922e8_s.png
Maxima,"Garnier Olia tonuojantys plaukų dažai be amoniako, 10.01",5.35,https://cdn.barbora.lt/products/d8301896-334e-431d-b000-6b9e63ccdb24_s.png
Maxima,"Garnier Olia ilgalaikiai aliejiniai plaukų dažai be amoniako, 8.43",5.35,https://cdn.barbora.lt/products/c311525e-5706-48ad-a9cc-e1c64d938f2e_s.png
Maxima,"Maybelline New York Teddy Tint lūpų dažai, 10 Current Mood",15.99,https://cdn.barbora.lt/products/fe5f96fd-813a-4635-89a5-49b793ad7182_s.png
Maxima,"Maybelline New York Teddy Tint lūpų dažai, 40 Petalcore",15.99,https://cdn.barbora.lt/products/636db03d-501e-4680-9d83-cac9aae8624e_s.png
Maxima,"El. dantų šepetėlio galvutės ORAL-B IO GENTLE CARE, 4 vnt., 4 vnt.",32.89,https://cdn.barbora.lt/products/61c3d06d-7a95-407f-903e-4539985c5a9e_s.png
Maxima,"Maybelline New York Teddy Tint lūpų dažai, 30 Coquettish",15.99,https://cdn.barbora.lt/products/be7c6d96-4a13-4572-aa3e-040a07fecc04_s.png
Maxima,"Maybelline New York Super Stay Lumi Matte makiažo pagrindas, 090",18.99,https://cdn.barbora.lt/products/f036643e-def5-491e-a3c7-6f3e37aebd0a_s.png
Maxima,"Maybelline New York Super Stay Lumi Matte makiažo pagrindas, 115",18.99,https://cdn.barbora.lt/products/c6b20904-136f-41bc-b868-2d18b2d5292d_s.png
Maxima,"Veido šveitiklis NEUTROGENA CLEAR&RADIANT, 150 ml",8.99,https://cdn.barbora.lt/products/d2069239-43c7-4c45-a746-b95b907110e6_s.png
Maxima,"Vyriškas tualetinis vanduo ROYAL GOLD, 100 ml",14.99,https://cdn.barbora.lt/products/06106f9a-ab8c-4dc6-af8d-3f04db99d502_s.png
Maxima,"Maybelline New York Super Stay Lumi Matte makiažo pagrindas, 098",18.99,https://cdn.barbora.lt/products/ad948be1-4b8a-4232-9aa7-804015f01960_s.png
Maxima,"Veido micelinė želė NEUTROGENA CURCUMA CLEAR, 200 ml",8.99,https://cdn.barbora.lt/products/58339869-f1e9-45f6-a2a0-569b9a8df1bd_s.png
Maxima,"Veido drėkiklis NEUTROGENA CURCUMA CLEAR, 75 ml",8.99,https://cdn.barbora.lt/products/bea44d9a-3dee-47d8-b464-69f463495732_s.png
Maxima,"L'Oreal Paris Casting Creme Gloss pusiau ilgalaikiai plaukų dažai be amoniako, 834",10.59,https://cdn.barbora.lt/products/61c731d3-30c7-4bd3-a8ce-f15c06850fdd_s.png
Maxima,"ME HE serumas, 30ml",19.99,https://cdn.barbora.lt/products/0c61bdb9-4021-48b2-88f8-31630252e839_s.png
Maxima,"MARTINELIA kūno dulksna Unicorn, 210 ml",6.49,https://cdn.barbora.lt/products/eab9a9a3-fbe7-45a4-a43e-7d878e676db4_s.png
Maxima,"MARTINELIA kūno dulksna Yummy, 210 ml",6.49,https://cdn.barbora.lt/products/c171afac-284f-4c07-a193-199ada5e72c5_s.png
Maxima,Telefono laikiklis WESTROM,1.99,https://cdn.barbora.lt/products/da88d6b2-f0a5-43f8-aa9b-bf17265737a2_s.png
Maxima,"Automobilinis įkroviklis, 18 W, USB-C WESTROM, 1 vnt.",9.99,https://cdn.barbora.lt/products/65f8a6cc-838d-4e73-bb38-705510462a8f_s.png
Maxima,"Šampūas DIVUS, dažytiems plaukams, 250ml",2.19,https://cdn.barbora.lt/products/44b55579-99e7-47a9-94ee-ff76fbff1f10_s.png
Maxima,Apsauginė priemonė vaikams nuo saulės Bubchen 100ml,12.99,https://cdn.barbora.lt/products/1840e484-e961-4042-b9ef-cb5ba6114e56_s.png
Maxima,„Monster High Burried Secrets“  siurprizas,17.39,https://cdn.barbora.lt/products/18236b8c-6c75-499d-a7fe-e818502f10ad_s.png
Maxima,BARBIE PARTY UNBOXED REVEAL siurprizų rinkinys,29.99,https://cdn.barbora.lt/products/52518ca1-1672-42ef-a56a-c790f2c66a6f_s.png
Maxima,„Minecraft“ mini siurprizų rinkinys,10.19,https://cdn.barbora.lt/products/469fbb88-4615-48f7-94d1-609868eb4464_s.png
Maxima,MINECRAFT figūrėlė - Flipping Fings,14.99,https://cdn.barbora.lt/products/a082ffbc-247e-40bb-8b06-ed72b7aef06f_s.png
Maxima,„Minecraft“ filmo figūrėlė,11.99,https://cdn.barbora.lt/products/1e26c214-2689-46fb-9d10-9ed8f3e87a99_s.png
Maxima,„Polly Pocket“ kemperio rinkinys,19.19,https://cdn.barbora.lt/products/a835fa07-ac00-435a-a4df-d6fa0ebe0fc3_s.png
Maxima,„Polly Pocket“ ežiuko žaidimų rinkinys,20.93,https://cdn.barbora.lt/products/5631d2e5-18b1-4b16-9300-c0c80d914b5e_s.png
Maxima,„Jurassic World“  dinozauras „Riaumojantis T.Rex“,20.99,https://cdn.barbora.lt/products/27171fff-58f1-4916-9f74-119f9f5fbb1b_s.png
Maxima,"SUPERMAN 12"" figūrėlė",11.99,https://cdn.barbora.lt/products/71eaeb23-56ab-42d9-a987-2b3553bf326b_s.png
Maxima,MIRACULOUS lėlė Shadybug (TV Special ),17.99,https://cdn.barbora.lt/products/371bc3f0-a689-4382-8d8f-5816b2f06e31_s.png
Maxima,Dubenėlis AURORA CONRAN WHITE 15 cm,2.99,https://cdn.barbora.lt/products/3a6173ab-7d89-4766-ac28-3bbe62f29eb9_s.png
Maxima,Dubenėlis AURORA CONRAN WHITE 20 cm,4.99,https://cdn.barbora.lt/products/83b4d12a-e303-4661-b0d8-4a8ab0942026_s.png
Maxima,Lėkštė AURORA CONRAN WHITE 21 cm,3.99,https://cdn.barbora.lt/products/fa62729a-8248-43ff-b6c6-1e7df9b56afd_s.png
Maxima,"Maybelline New York Super Lock Brow Glue antakių kljiai, Taupe",11.99,https://cdn.barbora.lt/products/276cb688-0834-47b0-8734-0b7c44094004_s.png
Maxima,Maybelline New York Tattoo Gel Liner akių pieštukas 821 StardustChrome,9.99,https://cdn.barbora.lt/products/19490ce4-65c3-402d-acfb-72fdf8e89006_s.png
Maxima,Maybelline New York Tattoo Gel Liner akių pieštukas 822 Space Graphite,9.99,https://cdn.barbora.lt/products/275cdd75-2848-4cb8-acc5-3f6dceaf689f_s.png
Maxima,"Maybelline New York Lifter Gloss, 029 Toast",11.49,https://cdn.barbora.lt/products/47aa97e7-d209-42a1-8692-cfd10844c2ca_s.png
Maxima,"Maybelline New York Super Lock Brow Glue antakių kljiai, Deep Brown",11.99,https://cdn.barbora.lt/products/62044b94-8a7a-4210-b412-5330d8fd99a5_s.png
Maxima,Maybelline New York Sunkisser skysti matiniai skaistalai 30 PinkMirage,12.99,https://cdn.barbora.lt/products/89890719-3f43-4c51-a2ef-d399d385c7fe_s.png
Maxima,Maybelline New York Sunkisser priemonė 22 StarStudded,12.99,https://cdn.barbora.lt/products/63b2954d-f394-4b51-85ce-7c0a3fe58ee8_s.png
Maxima,"L'Oreal Paris Laque Resistance lūpų dažai, 601 Worth It",18.99,https://cdn.barbora.lt/products/dc451451-0967-44e2-826c-676a19a58d9e_s.png
Maxima,"Keptuvė 28cm, UNIWELL",24.99,https://cdn.barbora.lt/products/7ef3d242-4be3-4dbc-880d-8d294399a60f_s.png
Maxima,"Keptuvė su dangčiu 28cm, UNIWELL",34.99,https://cdn.barbora.lt/products/1437c605-e23d-4c2d-b2a7-f4d9f4b5c3c6_s.png
Maxima,"Puodas su dangčiu 18cm, UNIWELL",29.99,https://cdn.barbora.lt/products/2477c5bc-a265-4e64-9ada-4a5296132181_s.png
Maxima,"Plastikinės dangos valiklis TURTLE WAX 0,5l",10.99,https://cdn.barbora.lt/products/11357d29-ac78-4c7a-be96-dbe29596e0ee_s.png
Maxima,"L'Oreal Paris Big Deal blakstienų tušas, juodas",16.99,https://cdn.barbora.lt/products/e373fdb5-7d83-4cb3-9a1c-2bd74aecc139_s.png
Maxima,"L'Oreal Paris Laque Resistance lūpų dažai, 520 Berry Bordeaux",18.99,https://cdn.barbora.lt/products/ba8c8606-3478-41e1-aefa-2f47e53945c3_s.png
Maxima,"L'Oreal Paris Laque Resistance lūpų dažai, 510 Cafe Parisien",18.99,https://cdn.barbora.lt/products/687922b3-53f0-42fe-9291-3682e77400b5_s.png
Maxima,"L'Oreal Paris Laque Resistance lūpų dažai, 600 Le Nu Rose",18.99,https://cdn.barbora.lt/products/4d14dc55-8ecc-40fc-9c39-9e8974ef07d3_s.png
Maxima,"L'Oreal Paris Laque Resistance lūpų dažai, 215 Drunk in Rose",18.99,https://cdn.barbora.lt/products/2f6e32b6-289c-4021-99c8-e11e326bec52_s.png
Maxima,L'Oreal Paris Infaillible Grip automatinis akių pieštuk VelvetBordeaux,12.59,https://cdn.barbora.lt/products/1fcf5582-5049-4a60-b228-c726fcc64202_s.png
Maxima,Namų kvapas su lazdelėmis RAFFINĖ 120 ml,12.99,https://cdn.barbora.lt/products/8cdb2862-c66b-43bd-86f9-cff193c81fb8_s.png
Maxima,Namų kvapas su lazdelėmis RĖUSSI 215 ml,17.49,https://cdn.barbora.lt/products/3610d453-7ec2-46e3-b450-caecf6d259ef_s.png
Maxima,Namų kvapas su lazdelėmis RICHE 120 ml,12.99,https://cdn.barbora.lt/products/7739c639-7050-4496-a429-ab56ccb0c9ba_s.png
Maxima,Namų kvapas su lazdelėmis RICHE 215 ml,17.49,https://cdn.barbora.lt/products/b5b79081-be9c-4efc-a3a1-8685022eb4d3_s.png
Maxima,Namų kvapas su lazdelėmis RĖUSSI 120 ml,12.99,https://cdn.barbora.lt/products/68f0dc28-3b94-40d4-9508-2bb684d6f591_s.png
Maxima,Namų kvapas su lazdelėmis RAFFINĖ 215 ml,17.49,https://cdn.barbora.lt/products/a174bf81-041f-4026-bf80-56ec4874e11b_s.png
Maxima,"L'Oreal Paris Plump Ambition lūpų aliejus, 641 Latte Glaze",16.99,https://cdn.barbora.lt/products/9cc76dee-c815-407a-9ba0-c9e452e095ed_s.png
Maxima,"L'Oreal Paris Plump Ambition lūpų aliejus, 650 Nude Macaron",16.99,https://cdn.barbora.lt/products/fd6eac2e-bd31-4c9c-90ab-9cc5a940a555_s.png
Maxima,"L'Oreal Paris Skin Ink makiažo pagrindas, 100",19.99,https://cdn.barbora.lt/products/2d2900c6-aa24-48d7-9adf-17342ed66a79_s.png
Maxima,"L'Oreal Paris Skin Ink makiažo pagrindas, 20",19.99,https://cdn.barbora.lt/products/75b472cd-cfaa-404f-a9aa-76d141fd228d_s.png
Maxima,"L'Oreal Paris Lumi Le Liquid Blush skysti skaistalai, 630 True Rose",15.39,https://cdn.barbora.lt/products/fe581ab6-3dc3-41fe-a541-95230c941e6b_s.png
Maxima,"L'Oreal Paris Skin Ink makiažo pagrindas, 140",19.99,https://cdn.barbora.lt/products/5146e102-6490-4875-9947-475bf96eeecb_s.png
Maxima,"L'Oreal Paris Skin Ink makiažo pagrindas, 260",19.99,https://cdn.barbora.lt/products/c32d3064-c924-4762-bbda-b12a1546af2b_s.png
Maxima,"L'Oreal Paris Matte Resistance lūpų dažai, 200 Lipstick & Chill",18.99,https://cdn.barbora.lt/products/2fc267de-538d-4c0f-84b8-3e1d68c7a591_s.png
Maxima,"L'Oreal Paris Lumi Le Liquid Blush skysti skaistalai, 625 Gold Pink",15.39,https://cdn.barbora.lt/products/424c3d12-dba8-4ed8-bcab-54c1b757a5cb_s.png
Maxima,"L'Oreal Paris Faux Brow antakių flomasteris, Dark Blonde",15.99,https://cdn.barbora.lt/products/6a2b1d3f-b7f8-419e-b493-0a210ce1daab_s.png
Maxima,"L'Oreal Paris Skin Ink makiažo pagrindas, 15",19.99,https://cdn.barbora.lt/products/7f08c58c-e7d6-4fd2-ba29-51275d25ac31_s.png
Maxima,"L'Oreal Paris Color Riche Satin lūpų dažai, Rouge Paris",14.39,https://cdn.barbora.lt/products/25c2557f-d87c-43cf-90d9-1b66d550b7a7_s.png
Maxima,"L'Oreal Paris Color Riche lūpų pieštukas, L'Ambre",7.19,https://cdn.barbora.lt/products/5c73f827-66e5-4604-8890-f054a93d36e2_s.png
Maxima,"L'Oreal Paris Plump Ambition lūpų aliejus, 490 Berry Jolie",16.99,https://cdn.barbora.lt/products/72194186-4e51-42f3-8633-66163279fec5_s.png
Maxima,"L'Oreal Paris Plump Ambition lūpų aliejus, 510 La Nuit Sparkle",16.99,https://cdn.barbora.lt/products/b50e96f6-cfa6-42bc-9c17-f7fd50377e07_s.png
Maxima,"L'Oreal Paris Plump Ambition lūpų aliejus, 101 Cristal Clear",16.99,https://cdn.barbora.lt/products/432bcf81-7db9-4a37-8c46-a2822b26976b_s.png
Maxima,"L'Oreal Paris Plump Ambition lūpų aliejus, 380 Rouge in Love",16.99,https://cdn.barbora.lt/products/27cd6689-55d5-4ea2-ac11-04019b9fe315_s.png
Maxima,"L'Oreal Paris Plump Ambition lūpų aliejus, 390 Cherry Cherie",16.99,https://cdn.barbora.lt/products/a7e13011-1412-4d3a-9a22-eb5245547996_s.png
Maxima,"Maybelline New York Colossal Bubble blakstienų tušas, atsparus vandeniui, 10 ml",13.19,https://cdn.barbora.lt/products/0bd93139-96ba-4c28-8c44-f4ed7a8b9122_s.png
Maxima,GREEN FEEL'S purškiklis slenkantiems plaukams 100ml,5.99,https://cdn.barbora.lt/products/bc814a32-183e-4d3e-ae88-16e8e088b05b_s.png
Maxima,GREEN FEEL'S 2in1 veido kaukė / šveitiklis 150ml,6.99,https://cdn.barbora.lt/products/cb2e6dbf-8ad0-47ac-9f54-abff75bd7b44_s.png
Maxima,"Šaltibarščių skonio bulvių traškučiai CHAZZ, 130 g",1.19,https://cdn.barbora.lt/products/62bc1092-890b-4f0f-ac75-d801a0c42099_s.png
Maxima,"BAMBO vaikų prausimosi aliejus, bekvapis 150ml",14.99,https://cdn.barbora.lt/products/f463f0e7-989e-4fe5-a9b9-247e773e9217_s.png
Maxima,HiPP kremas nuo saulės purškiamas - SPF 50+ (150ml),16.99,https://cdn.barbora.lt/products/440b02d8-01f9-49cc-b606-b93b70638cc7_s.png
Maxima,"Serumas nuo spuogų probleminei odai Men Expert Derma Control, 30 ml",17.99,https://cdn.barbora.lt/products/0d12388e-976e-451b-963f-6f278e42781c_s.png
Maxima,"Raudonųjų apelsinų sulčių gėrimas SANPELLEGRINO ZERO, 330 ml",0.77,https://cdn.barbora.lt/products/fa511af7-7c0d-429f-a2f5-1771461ee1e7_s.png
Maxima,"NIVEA SOFT DRĖKINANTIS KREMAS VEIDUI, KŪNUI IR RANKOMS SU SPF15 100 ml",6.19,https://cdn.barbora.lt/products/a64b37f7-b881-468a-9407-55a0f81abba8_s.png
Maxima,NIVEA LUMINOUS630® SKIN GLOW ŠVYTĖJIMĄ SKATINANTIS SERUMAS 30 ml,21.99,https://cdn.barbora.lt/products/09d341cb-dad4-437f-ba28-78c6f5ecc642_s.png
Maxima,"S.O.S kremas nuo spuogų Men Expert Derma Control, 45 ml",11.99,https://cdn.barbora.lt/products/0184dbdd-a5bb-4329-8652-f715e86182af_s.png
Maxima,NIVEA Q10 ANTI-WRINKLE EXPERT KASDIENIS UV FLUIDAS SU SPF50 30 ml,21.49,https://cdn.barbora.lt/products/c2d1691d-8b51-4677-ac46-9c362b56056f_s.png
Maxima,NIVEA DRĖKINAMASIS DIENINIS KREMAS SU SPF30 NORMALIAI ODAI 50 ml,10.99,https://cdn.barbora.lt/products/7e824597-9185-42ae-bfdb-af6b911a812a_s.png
Maxima,"NIVEA MEN SENSITIVE ""DAILY PROTECT"" DRĖKINAMASIS KREMAS SU SPF30 50 ml",15.79,https://cdn.barbora.lt/products/acc7482f-f88f-4f5c-a591-dde991bebb8a_s.png
Maxima,NIVEA LUMINOUS630® SKIN GLOW SKYSTAS NENUPLAUNAMAS ODOS ŠVEITIKLIS 100 ml,14.99,https://cdn.barbora.lt/products/eeccb0fc-7249-458f-b006-4268c1e7e739_s.png
Maxima,"Veido prausiklis-gelis probleminei odai Men Expert Derma Control, 260 ml",10.99,https://cdn.barbora.lt/products/11130b71-32b0-4e84-9fb3-13c5223b6c5f_s.png
Maxima,"L'Oréal Paris Men Expert Hydra Hyaluronic dušo želės, 400 ml",6.99,https://cdn.barbora.lt/products/353afff8-4c26-4cc4-a653-d31eab5924a1_s.png
Maxima,"Drėkinamasis kremas probleminei odai SPF 30 Men Expert Derma Control, 40 ml",17.99,https://cdn.barbora.lt/products/f5ca4f6f-531e-4420-b40a-3d3a0e4aa45b_s.png
Maxima,"GARNIER PURE ACTIVE SALICYLIC šveičiamoji veido esencija, 120 ml",5.39,https://cdn.barbora.lt/products/e648c439-81a5-44c3-a498-bd3184d958a4_s.png
Maxima,"Odą skaistinanti esencija veidui su Vitaminu C, 120 ml",5.39,https://cdn.barbora.lt/products/7d97f341-dbe7-4358-bb1b-0d87c2cda7fb_s.png
Maxima,"L'Oréal Paris Bright Reveal  UV pieštukas, SPF 50+, 9 ml",16.99,https://cdn.barbora.lt/products/b78fc1df-ddb7-433c-a2d5-3870d519e071_s.png
Maxima,HAS BEY „Beyblade X Portable“ kovos rinkinys,27.59,https://cdn.barbora.lt/products/3aedade0-d152-497a-8e80-7e54d2a15ba4_s.png
Maxima,HAS NER LOADOUT šautuvas SHADOWSPEED RECON,21.29,https://cdn.barbora.lt/products/2704cefe-bf8c-4a2e-832a-249b30c6dfda_s.png
Maxima,"HAS PEP Rinkinys „Linksmybės purve“, asort.",5.39,https://cdn.barbora.lt/products/419b534d-ff5a-4658-aa8c-b4a8fb42e62d_s.png
Maxima,"D Mini slibino figūrėlė, 5 cm",5.99,https://cdn.barbora.lt/products/a9a0dd56-1713-4b19-b015-b3a2af74bd94_s.png
Maxima,"Žaislų rinkinys BEYBLADE x, Deluxe, G1491, 1 vnt.",24.59,https://cdn.barbora.lt/products/ff4dea2a-bb89-445e-9a8f-310d58cec683_s.png
Maxima,HAS FUR  Interaktyvus auksinis Furbis,71.99,https://cdn.barbora.lt/products/67942479-b053-4c61-8fbf-377bd930f611_s.png
Maxima,"HAS FUR  Interaktyvus didžėjus Furblets, asort.",11.39,https://cdn.barbora.lt/products/77977bfa-b463-42cf-b8b2-c2941fade4f5_s.png
Maxima,"AIRBRUSH HAIR´IFFIC Pliušinis gyvūnėlis su aerografu, asort.2",11.39,https://cdn.barbora.lt/products/05c2bb17-fde4-49bf-b1a1-b55c2ba90cd4_s.png
Maxima,"MRBEAST LAB Figūrėlės S3, 3 vnt, CDU",5.99,https://cdn.barbora.lt/products/fb60d8bf-3ea7-41e5-8995-7d07a88662ba_s.png
Maxima,"Garnier Color Naturals plaukų dažai, 102+ itin šalta sidabrinė blondinė",4.99,https://cdn.barbora.lt/products/77a9df87-a4ac-493f-8074-81fb30edc0f0_s.png
Maxima,"LUMENE HERKKÄ raminamasis tonikas, 400 ml",12.99,https://cdn.barbora.lt/products/94bdfc1c-fd33-4fa8-9347-6e2993be4041_s.png
Maxima,"LUMENE KLASSIKKO Face Care Moisturizing dieninis kremas, SPF20, 50 ml",11.99,https://cdn.barbora.lt/products/26996f32-3555-4724-9752-cf049444ffad_s.png
Maxima,LUMENE NORDIC BLOOM [LUMO] Anti-wrinkle & Firm dieninis kremas,30.99,https://cdn.barbora.lt/products/704cd290-d7a4-49c2-b0bb-0e2428eaffea_s.png
Maxima,LUMENE NORDIC BLOOM [LUMO] Anti-wrinkle & Firm naktinis kremas,30.99,https://cdn.barbora.lt/products/68a206d7-2e8e-4947-b2c1-cc5ffdb22f4d_s.png
Maxima,"Dr.PAWPAW, WICKED ENCHANTING, lūpų pieštukas keičiantis atspalvį, 3g",5.99,https://cdn.barbora.lt/products/e9d8df2b-6b44-481e-bc17-fc244da87a97_s.png
Maxima,"NEUTROGENA Hydro Boost apsauginis skystis SPF 50, 50ml",23.79,https://cdn.barbora.lt/products/584f1336-69bf-44be-bc35-fd901f912762_s.png
Maxima,"NEUTROGENA Hydro Boost 10% niacinamido serumas, 30ml",23.79,https://cdn.barbora.lt/products/ff584823-af6c-4041-b332-8b17a2340ffd_s.png
Maxima,"Dantų pasta BLANX WHITE SHOCK, 75 ml",9.79,https://cdn.barbora.lt/products/9e1353cc-a6d3-48ce-ba05-b31c990f7c3e_s.png
Maxima,"BRUDER kelių krautuvas FR 130, 02425",20.39,https://cdn.barbora.lt/products/80b08714-c72e-4205-99f7-25450311179c_s.png
Maxima,"GDH Rinkinys „Balkonas“, asort.",13.19,https://cdn.barbora.lt/products/1f4e19cf-909c-41ad-a017-20a3c459342e_s.png
Maxima,HATCH ALIVE Interaktyvus žaislas „Žydintis siurprizas-šuniukas“,59.99,https://cdn.barbora.lt/products/a519aaa9-d8b6-4ba9-a9cd-88130d7e5583_s.png
Maxima,HAS NER N SERIES šautuvas „Cobaltfury“,15.59,https://cdn.barbora.lt/products/55cc59e9-fa0d-4ae1-ac41-a5aba2a33739_s.png
Maxima,TED Riedlentė „Shred n´ Blast“,29.99,https://cdn.barbora.lt/products/08a4c569-1a93-49b2-a358-de31bc5f4ee9_s.png
Maxima,"MONSTER JAM RC visuregis Smash & Bash Grave Digger, 6072500",64.79,https://cdn.barbora.lt/products/ba46bd65-8db1-46bf-84bd-b78435026386_s.png
Maxima,"MIRACULOUS lėlė Hero Switch Penny Bug  & Bee Bug, 50417",22.19,https://cdn.barbora.lt/products/8c2d6361-374c-4b67-bb16-b47232d25716_s.png
Maxima,"PAW PATROL figūrėlė Chase, 6072992",8.39,https://cdn.barbora.lt/products/88b2bf69-8233-4458-bc75-b37e7c3fc6ba_s.png
Maxima,"PAW PATROL žaidimų rinkinys Fire Station, 6073760",57.59,https://cdn.barbora.lt/products/c4cd670e-b662-4a8e-ab38-688bd2ec5742_s.png
Maxima,"PAW PATROL pliušinis žaislas Skye, 6070311",21.59,https://cdn.barbora.lt/products/73002411-c192-4f47-ae92-e2fcaaa46484_s.png
Maxima,"PAW PATROL pliušinis žaislas Chase, 6070316",15.59,https://cdn.barbora.lt/products/ddd0c0b7-14c5-4f31-8cc8-114c2783ac11_s.png
Maxima,"NEBULOUS STARS kanceliarinių reikmenų rinkinys, 15805",35.99,https://cdn.barbora.lt/products/7149b576-6140-45ed-bcfe-a904dbbeaed0_s.png
Maxima,"PAW PATROL RC 1:24 transporto priemonė, skirtingi dizainai, 6071186",15.59,https://cdn.barbora.lt/products/3070c30a-be73-4e41-927c-09052aa30acb_s.png
Maxima,"PAW PATROL žaidimų rinkinys Pup Squad Rescue Loop, 6073300",17.99,https://cdn.barbora.lt/products/c95fcfe0-ab18-45d5-906e-ba50a683f763_s.png
Maxima,"SPONGEBOB transporto priemonė su figūrėle, skirtingi dizainai, 73111",4.79,https://cdn.barbora.lt/products/1f46ba39-7b0e-4f93-8409-5b5fe2d690c9_s.png
Maxima,NIVEA MEN Sensitive purškiamas antiperspirantas vyrams 150 ml,4.79,https://cdn.barbora.lt/products/05db77e0-c64c-4984-be4e-984a703904bb_s.png
Maxima,NIVEA pieštukinis antiperspirantas Restore moterims 50 ml,5.39,https://cdn.barbora.lt/products/07f927fc-b2d7-4ec4-8471-b73d9fb04393_s.png
Maxima,"NIVEA Repair&Care ""Sensitive"" kūno losjonas 400 ml",10.69,https://cdn.barbora.lt/products/712ce396-9a71-40d4-82bf-140d729d4a11_s.png
Maxima,BARBIE RUBY RED lėlė Mattel 80,11.39,https://cdn.barbora.lt/products/009c2ef2-ce47-4d24-a6af-e551a2bb97e6_s.png
Maxima,BARBIE DREAMTOPIA vienaragis su garsais ir šviesomis,31.79,https://cdn.barbora.lt/products/70a63528-6da7-4fc8-962d-790170b0029f_s.png
Maxima,BARBIE DREAMTOPIA BLOOMING MAGIC šviesiaplaukė undinėlė,23.99,https://cdn.barbora.lt/products/29755627-95db-46ae-a136-6476add1c772_s.png
Maxima,MONSTER HIGH SWEET BIRTHDAY lėlės,40.79,https://cdn.barbora.lt/products/7ab1166d-e2c6-457d-931a-aa092c572fa1_s.png
Maxima,"Maybelline New York Fit Me BB kremas, 10, 30 ml",8.99,https://cdn.barbora.lt/products/8da6637a-9775-4815-b764-a72e7eb2633f_s.png
Maxima,"Maybelline New York Lifter Stix kreminė kontūravimo priemonė, 20",12.99,https://cdn.barbora.lt/products/7a70af23-8be0-4956-b966-84728b75997e_s.png
Maxima,"Maybelline New York Lifter Stix kreminė kontūravimo priemonė, 55",12.99,https://cdn.barbora.lt/products/47930bc4-ee9c-44ff-b453-5d1291a891a8_s.png
Maxima,"Maybelline New York Lifter Stix kreminė kontūravimo priemonė, 30",12.99,https://cdn.barbora.lt/products/b351fc7d-2faa-459d-b45d-47ceadc64ec4_s.png
Maxima,"Maybelline New York Fit Me BB kremas, 30, 30 ml",8.99,https://cdn.barbora.lt/products/f76afe95-9465-4e69-a0a9-6ca1511ce258_s.png
Maxima,"Maybelline New York Lifter Stix kreminė kontūravimo priemonė, 45",12.99,https://cdn.barbora.lt/products/3e901fa9-b42c-491d-b49e-2e90558e718b_s.png
Maxima,NIVEA DERMA SKIN CLEAR KASDIENIS UV FLUIDAS SU SPF50+ 40 ml,15.99,https://cdn.barbora.lt/products/289726bf-1135-41ce-bdfc-1d9fe2eedb04_s.png
Maxima,Patalynės komplektas 140x200/50x70cm,15.99,https://cdn.barbora.lt/products/51c85c82-6e20-4e46-b6a7-e90866299d23_s.png
Maxima,"Patalynės komplektas 200x220/2x50x70cm,pl.dirželiai",29.99,https://cdn.barbora.lt/products/66df6313-9b76-4e13-8ba4-a8ca38e7fa7a_s.png
Maxima,"Patalynės komplektas 140x200/50x70cm,pl.dirželiai",15.99,https://cdn.barbora.lt/products/4c7aca3c-42b8-44b4-911b-bcbc3e8f297a_s.png
Maxima,Namų kvapas su lazdelėmis PIERRE 50 ml,6.99,https://cdn.barbora.lt/products/73e984a7-df92-4f30-909f-8de2e8d6e9a6_s.png
Maxima,"Šokoladiniai saldainiai FIZZY su žaislu, 50 g",7.99,https://cdn.barbora.lt/products/c815ffdd-ae1f-4647-b569-f8aba7699916_s.png
Maxima,"Šokoladiniai saldainiai FIZZY su žaislu, 100 g",7.19,https://cdn.barbora.lt/products/096c1757-4678-4263-8b77-d9566771d1f6_s.png
Maxima,NIVEA® CELLULAR EPIGENETICS JAUNINANTIS SERUMAS SU EPICELLINE® 15 ml,16.99,https://cdn.barbora.lt/products/6a7dde45-1c7c-4e71-8d14-995758929288_s.png
Maxima,NIVEA® CELLULAR EPIGENETICS JAUNINANTIS SERUMAS SU EPICELLINE® 30 ml,27.99,https://cdn.barbora.lt/products/d751a458-165a-4323-88cd-7b73fd6f1c2d_s.png
Maxima,Stalo žaidimas ledo ritulys,24.99,https://cdn.barbora.lt/products/8ec85382-6cab-405c-bd37-9c9e7e3d518d_s.png
Maxima,"L'Oreal Paris Revitalift Laser Eye Bag Instant Eraser paakių gelis, 15ml",12.99,https://cdn.barbora.lt/products/14c103d0-d9a5-4c3d-9e41-27228eb7bbf3_s.png
Maxima,"L'Oreal Paris Revitalift Filler drėkinamasis gelis-kremas, 50 ml",12.99,https://cdn.barbora.lt/products/c285a3b6-1b4b-412c-9f0a-f8747943074c_s.png
Maxima,"MAISTO TECH R/C 1:24 valdomas automodelis F1 Ferrari SF-23, 82357",38.99,https://cdn.barbora.lt/products/b9cf0b97-f912-461d-acb6-70a0e421c842_s.png
Maxima,"Saldainių rinkinys KINDER su kojinėmis, 179 g",10.49,https://cdn.barbora.lt/products/0c7f0e2e-ccc2-43dd-acb3-5539984d4e62_s.png
Maxima,SCHOLL atgaivinanti pėdų kaukė,8.99,https://cdn.barbora.lt/products/531ee47c-c148-4378-bd92-e5cfb735fb2e_s.png
Maxima,"Satininės patalynės komplektas 200x220/2x50x70cm,bijūn",39.99,https://cdn.barbora.lt/products/8075446a-1b2b-4768-9aa0-45541c24cd8f_s.png
Maxima,KILIG BB CREAM drėkinamasis veido kremas su atspalviu SPF25 MEDIUM 50 ml,14.99,https://cdn.barbora.lt/products/e1369751-062b-4133-86c5-7a4c3aa7c753_s.png
Maxima,"HUMBLE augalinės kilmės dantų šepetėlis, 1 vnt, MIX",2.99,https://cdn.barbora.lt/products/ed7a8215-deef-4a6a-be80-078a2ef59804_s.png
Maxima,Patalynės komplektas 200x220/2x50x70cm mėl. gėlės,29.99,https://cdn.barbora.lt/products/56650822-0dd9-4235-892c-45fbd8b968ff_s.png
Maxima,"Patalynės komplektas 140x200/50x70cm,žalia",15.99,https://cdn.barbora.lt/products/3d8618db-0c05-4016-b24f-38ba537d27c9_s.png
Maxima,"Patalynės komplektas 200x220/2x50x70cm, žalia",29.99,https://cdn.barbora.lt/products/e4f59b7c-f843-48c2-b786-7042d001ecc1_s.png
Maxima,"Patalynės komplektas 200x220/2x50x70cm,pilka",29.99,https://cdn.barbora.lt/products/ed277459-e265-4ce5-b6bb-f330460cc270_s.png
Maxima,"Patalynės komplektas 200x220/2x50x70cm,žal. gėlės",29.99,https://cdn.barbora.lt/products/e00d1376-aa62-4725-a404-294d2e33bd47_s.png
Maxima,Satininės patalynės komplektas 200x220/2x50x70cm gėlės,39.99,https://cdn.barbora.lt/products/d3fca5db-ad06-47cd-87f9-6ed59026d726_s.png
Maxima,"Satininės patalynės komplektas 200x220/2x50x70cm,augalai",39.99,https://cdn.barbora.lt/products/1c6e852d-a0a0-41d5-a92f-4c17f0f1a471_s.png
Maxima,"Satininės patalynės komplektas 200x220/2x50x70cm,lašo ornamentai",39.99,https://cdn.barbora.lt/products/2e27ba44-fc0b-481a-b939-c5bd9faa9a5e_s.png
Maxima,"Satininės patalynės komplektas 140x200/50x70cm,augalai",24.99,https://cdn.barbora.lt/products/19df05c6-ebdb-4f66-b993-78e40bcb98c7_s.png
Maxima,Satininės patalynės komplektas 140x200/50x70cm t.mėl.dryžuota,24.99,https://cdn.barbora.lt/products/28153ab7-d628-4485-8129-644f0b674f36_s.png
Maxima,"Automobilinis FM moduliatorius WESTROM, 1 vnt.",8.99,https://cdn.barbora.lt/products/1e7fbacc-a596-4b2c-ac79-11b8ee405858_s.png
Maxima,"Satininės patalynės komplektas 200x220/2x50x70cm,sidabro",49.99,https://cdn.barbora.lt/products/02d4da0c-2dcb-44e9-b29b-a584dfa17bb6_s.png
Maxima,"Satininė paklodė su guma, 160x200+30cm,t.pilka",27.99,https://cdn.barbora.lt/products/eb44121d-4559-4a77-a80f-4d49ddfd7460_s.png
Maxima,"Satininės patalynės komplektas200x220/2x50x70cm,alyvų",49.99,https://cdn.barbora.lt/products/1984f891-ef39-4d55-93c4-c686f5188d28_s.png
Maxima,"Satininės patalynės komplektas 140x200/50x70cm, sidabro",34.99,https://cdn.barbora.lt/products/1d07050a-99f3-4ba2-be33-2723382ad357_s.png
Maxima,"L'Oreal Paris Infaillible 24H Face Sculptor kreminė kontūravimo priemonė, Fair Light Contour",15.79,https://cdn.barbora.lt/products/5e368151-c0c5-481a-a51f-11ccf5f21dbd_s.png
Maxima,"L'Oreal Paris Infaillible 24H Face Sculptor kreminė kontūravimo priemonė, Medium Contour",15.79,https://cdn.barbora.lt/products/e4ce40bf-23fd-4e1d-a56a-d1f40b33e5d6_s.png
Maxima,"Kilpinis rankšluostis 50x90cm, balintos kavos",7.99,https://cdn.barbora.lt/products/92b9891c-c8e5-432b-8315-9c00f8f78aeb_s.png
Maxima,"Kilpinis rankšluostis 50x90cm, t.pilka",5.99,https://cdn.barbora.lt/products/36947027-98af-4468-a0bf-392e21fd68fd_s.png
Maxima,"Kilpinis rankšluostis 50x90cm, chaki",7.99,https://cdn.barbora.lt/products/575017b7-3e43-4361-93ac-42cffd75bdea_s.png
Maxima,"Kilpinis rankšluostis 50x90cm, š.ruda",5.99,https://cdn.barbora.lt/products/c0bc5298-52a6-454f-b19e-21ab9757f498_s.png
Maxima,"Kilpinis rankšluostis 70x130cm, rusva",15.99,https://cdn.barbora.lt/products/2bcf09d1-e755-4885-b101-55e0804ed1ee_s.png
Maxima,"Kilpinis rankšluostis 70x130cm, chaki",15.99,https://cdn.barbora.lt/products/52a1276e-51f6-40e9-9d59-392413b71985_s.png
Maxima,SILV Interaktyvus robotas JIGGO,20.99,https://cdn.barbora.lt/products/929208c1-fc8c-4f06-a059-23dc57a42d14_s.png
Maxima,CL HAIR ´IFFIC Rinkinys „Kirpykla“,23.99,https://cdn.barbora.lt/products/00e8c4d7-8562-4210-a352-8fa91fb3a558_s.png
Maxima,"Paklodė su guma 160x200+30cm,t.mėlyna",11.99,https://cdn.barbora.lt/products/0a3512f1-ccd2-479c-b085-d0572b80918f_s.png
Maxima,"Satininė paklodė su guma 180x200+30cm,š.pilka",16.99,https://cdn.barbora.lt/products/a317b2af-91bc-41bc-b4ab-430651e7e6c9_s.png
Maxima,"Paklodė su guma 180x200+30cm,dr. kaulo",12.99,https://cdn.barbora.lt/products/0bf3b212-6663-4622-a160-56a18ad1dedf_s.png
Maxima,"Satininė paklodė su guma 200x200+30cm,š.pilka",17.99,https://cdn.barbora.lt/products/590a0c77-eda2-4eab-8710-cf6078e9752c_s.png
Maxima,"Satininė paklodė su guma 160x200+30cm,š.pilka",15.99,https://cdn.barbora.lt/products/3b43aed1-87e7-41d3-ae96-738ecc0434e0_s.png
Maxima,"Satininė paklodė su guma 180x200+30cm,š. ruda",16.99,https://cdn.barbora.lt/products/3c0bcb63-e9eb-4fad-a144-cab7fd5847cd_s.png
Maxima,"Paklodė su guma 160x200+30cm,dr. kaulo",11.99,https://cdn.barbora.lt/products/fb0e466c-618e-4777-b6ac-5395c304001a_s.png
Maxima,"Paklodė su guma 160x200+30cm,alyvų",11.99,https://cdn.barbora.lt/products/59939d92-d4ef-48e5-b51d-3de23dfe8ab5_s.png
Maxima,"Satininė paklodė su guma 160x200+30cm,t. mėlyna",15.99,https://cdn.barbora.lt/products/3eb500a1-a2e8-40ed-bbee-29a11e6ab250_s.png
Maxima,"Paklodė su guma 160x200+30cm,pilka",11.99,https://cdn.barbora.lt/products/8c37122e-6a16-43b8-8d64-3f4ec49185c9_s.png
Maxima,"Satininė paklodė su guma 160x200+30cm, chaki",15.99,https://cdn.barbora.lt/products/c55ba7c1-8020-4de0-a571-ef65cf54662c_s.png
Maxima,"Satininė paklodė su guma 200x200+30cm,š. ruda",17.99,https://cdn.barbora.lt/products/c1efeb47-eaf1-4f59-9380-aeb613fa48c3_s.png
Maxima,"Viščiukų broilerių petukai su Dižono garstyčių marinatu, 500 g",2.99,https://cdn.barbora.lt/products/b8b6ca17-dd82-4220-b1a0-7663a48b76b7_s.png
Maxima,"Keptas KLEBONIŠKAS kiaulienos kumpis su oda, a. r., 1 kg",9.99,https://cdn.barbora.lt/products/be1562bb-749f-4dfb-a49d-9adcbb1d539b_s.png
Maxima,"STITCH 3D dušo želė ir šampūnas 2 in 1, 400 ml",7.99,https://cdn.barbora.lt/products/e6af65bd-5729-45a1-8caf-551e653b08e5_s.png
Maxima,Dušo putos O'LYSEE MONOI;200ml,9.99,https://cdn.barbora.lt/products/eedc8af9-3977-44b8-8bd3-d53997cd4106_s.png
Maxima,Dušo putos O'LYSEE CERISIER;200ml,9.99,https://cdn.barbora.lt/products/26d03093-660c-4d59-8804-7044e6058224_s.png
Maxima,"OGX Bond Protein atkuriamasis kondicionierius, 385ml",13.99,https://cdn.barbora.lt/products/2b348ef7-2bcc-42ea-9896-3e37925bc727_s.png
Maxima,"Vaikiška dantų pasta WELEDA JUNIOR, 50ml, 6-12 m",5.79,https://cdn.barbora.lt/products/30cbf98b-0d47-490d-b6d7-56f6e0ed79cb_s.png
Maxima,"Vaikiška dantų pasta WELEDA, 50ml, 0-6 m",5.79,https://cdn.barbora.lt/products/a5900cd3-4014-4ff9-a811-fa5c8a3c46b2_s.png
Maxima,"Vaikiška raminamoji vonelė su medetomis WELEDA, 200ml",14.39,https://cdn.barbora.lt/products/a13c02df-d804-46b0-b900-91b76450f3c1_s.png
Maxima,"Minnie tualetinis vanduo, 30 ml",8.19,https://cdn.barbora.lt/products/fba12cba-b2a3-4ace-89d4-77233e56313a_s.png
Maxima,Dantų pasta Lacalut sensitive PLUS,6.49,https://cdn.barbora.lt/products/2c154903-ecd9-4bfd-9203-13083a8fe4cf_s.png
