"shop_name","product_name","shelf_price","image_url"
"Lidl","Favorina Marcipaninis pyragas","4.69","https://imgproxy-retcat.assets.schwarz/0dN8gvtSghzpYTgSM4k6_X3AATC4LUF-09xCSBYj4ts/sm:1/w:427/h:320/cz/M6Ly9wcm9kLWNhd/GFsb2ctbWVkaWEvaW50L0MwQTQ3Qzg4MDc0NEJFMEUzNDFBQTg1RD/RDOUI5MzhFQzJEQkY5OUJEODRCODQ0OTUxOEI2NUYzMDlDRkU2NTAucG5n.png"
"Lidl","Favorina Mini breceliai šokolade","4.49","https://imgproxy-retcat.assets.schwarz/MZnXRANa2ZS7yW0wgordOtt61Gn1J7ZNaHfCeSMsKDY/sm:1/w:427/h:320/cz/M6Ly9wcm9kLWNhd/GFsb2ctbWVkaWEvaW50L0M3QkJBNkI4MDI5QzUwM0EzNzQyRjY3ND/Q2Q0Q4OUQyNTIxN0FFQjg0OTAxRTNFMUMwOTNGNzFCRUQxOEU1MUIucG5n.png"
"Lidl","Favorina Sviestiniai sausainiai","2.29","https://imgproxy-retcat.assets.schwarz/RwcDPDEeUDuIJaBysIK6RTugLjZlZ73a2sePum7Ajes/sm:1/w:427/h:320/cz/M6Ly9wcm9kLWNhd/GFsb2ctbWVkaWEvaW50L0M3MzQ1Q0UzRTQ2RDVFMzVGODlBQjc3ME/RENDg4QjQ5MzFGNDg5RUM4MUU3NzE0NjZGQkY3NDc2NDIxQUJCOUEucG5n.png"
"Lidl","Favorina „Spekulatius“ migdoliniai sausainiai","1.99","https://imgproxy-retcat.assets.schwarz/vHpzetu_RuWAv-nI_uOO5b3W3-w7ADe2sjV3jup5-KE/sm:1/w:427/h:320/cz/M6Ly9wcm9kLWNhd/GFsb2ctbWVkaWEvaW50LzE5MThFNkIxNUE4ODY3MDM4OTkwQzEwNz/c3NDQ4M0E0ODlCMUE0NzBCMERFMjUxRUU0NUQ5MkVENzQ3NUFGODgucG5n.png"
"Lidl","Favorina Trapios tešlos biskvitas su pieniniu šokoladu ir prieskoniais","2.29","https://imgproxy-retcat.assets.schwarz/X5W41a7VhqbeIVzHhg6QJLHAbIpE7q0tMzS9IeGpX0o/sm:1/w:427/h:320/cz/M6Ly9wcm9kLWNhd/GFsb2ctbWVkaWEvaW50LzA4RDU1MTZEMzczQUI5N0ZBOUQ2QjhDQU/YxNTE4ODRBOTYzNzAyOTQwNzhCMzNEQUMzOEQzQ0ZFQjcxMDE3RjgucG5n.png"
"Lidl","Favorina Meduoliai","1.99","https://imgproxy-retcat.assets.schwarz/UTqTQAkKtogYjp2ftAGfd7fe5QwgutlWEhr2LnDaqjI/sm:1/w:427/h:320/cz/M6Ly9wcm9kLWNhd/GFsb2ctbWVkaWEvaW50LzY5RUU5RTFCOUE4MDI4QTVGMDRFNkY0Qz/MyM0UxRTQ2ODk4NUY4MTFGQ0M3OThBNDU1NzkzMDVFM0NCQkRFREQucG5n.png"
"Lidl","Favorina Sausainiai su prieskoniais","1.99","https://imgproxy-retcat.assets.schwarz/dPUPoXeBgfdNa8sz20P0UqvwNY3XcXlOVomJ89Ikh7Y/sm:1/w:427/h:320/cz/M6Ly9wcm9kLWNhd/GFsb2ctbWVkaWEvaW50LzAxREMxNTdCMTYzMjk5MzQzOUY2REUwMj/kxODlEQkM3NDY3M0M4MkExNDJDQzVBNDY4RjY1QzgxMjZBOTAwM0YucG5n.png"
"Lidl","Favorina Saldainiai „Dominos“","2.99","https://imgproxy-retcat.assets.schwarz/f-P2KIJ25LmVWPxb4iLuV51gsIzT2AwPFWdNJIeEkcc/sm:1/w:427/h:320/cz/M6Ly9wcm9kLWNhd/GFsb2ctbWVkaWEvaW50L0REN0VBODM5ODY1MUU4QkZBRDVFRjlCQj/k1RTQyNDM2QUQ3MTc1Mjk0ODI1QUYzQTQ0NTk4NjNDMjY0OTUxNjMucG5n.png"
"Lidl","Favorina Florentinai su migdolais","3.49","https://imgproxy-retcat.assets.schwarz/FSHgXfygV0TtEfJ-49dsxGmwAXx1RTGTMj84tRmc4rY/sm:1/w:427/h:320/cz/M6Ly9wcm9kLWNhd/GFsb2ctbWVkaWEvaW50L0NDNUE2RDFGREE4MjY4MTQzRkRCODBBQU/ExQTM5QUIxRjhBMDdCNEIxMzBDMkVENEMxOUIxQTlDRjdCMzJFODIucG5n.png"
"Lidl","Favorina Trapios tešlos sausainiai","4.49","https://imgproxy-retcat.assets.schwarz/DPapU9n88pHQFKXJN8Sn5umPDthCfiOL34orKDQnEKE/sm:1/w:427/h:320/cz/M6Ly9wcm9kLWNhd/GFsb2ctbWVkaWEvaW50L0REODY2OTVEMDIzMDk1QTJDN0JDNUZFQj/BEQTBCMjU4QTA3MUQ5QjgxRjc1RkYzQkMyNTlENkY3MTY0NDkwRjMucG5n.png"
"Lidl","Favorina Migdolų nuga, padengta šokoladu","1.99","https://imgproxy-retcat.assets.schwarz/CEc6bohtJ7gpeCL6EQcy1Oem-y9W4ULetahCXxYhjnQ/sm:1/w:427/h:320/cz/M6Ly9wcm9kLWNhd/GFsb2ctbWVkaWEvaW50LzFBQjk0NzBCQzI5NUZCNDFGNUM0QzkzOT/FDQjg3QUU5RDBCOTJEQjkxNEU5ODc1NjJGNEI4QkREMUZGQjEzMkEucG5n.png"
"Lidl","Favorina Saldainiai su traškiu įdaru","2.69","https://imgproxy-retcat.assets.schwarz/vgUi1vKWitcCOWVV2GcPiBkooFGsP_biLAaC4bHvyng/sm:1/w:427/h:320/cz/M6Ly9wcm9kLWNhd/GFsb2ctbWVkaWEvaW50LzcyNzE3N0JDQjU3OURBMDE0NEE3RkFBRE/JFQjMyQ0I2Q0RGQUI3OTI3MTMyNjlFMkJENkEzOTIzQzg0NUI0NEEucG5n.png"
"Lidl","Favorina Mielinis pyragas","3.29","https://imgproxy-retcat.assets.schwarz/1Kjq352Se9VjJypdaHE9NncSnHkWpmIixFJLliN6rpI/sm:1/w:427/h:320/cz/M6Ly9wcm9kLWNhd/GFsb2ctbWVkaWEvaW50L0Y5QzVCQjFEQ0I1ODZFOUQ5NjhFOTA1OU/YzM0Y1MTVBM0I5M0Q2Qjg2MDYxQzhENDA2Mjc5MDQ5QkM5MjZBMTgucG5n.png"
"Lidl","Favorina Riešutai","3.49","https://imgproxy-retcat.assets.schwarz/XDUeVnPNm8nGkooyQKkfwf6NQUv3w1LGckFv_vQBDNg/sm:1/w:427/h:320/cz/M6Ly9wcm9kLWNhd/GFsb2ctbWVkaWEvaW50LzMzNERDQjg4OEU3QTJBQjFEODUyQjgwQT/Q5OEMxQkU0N0I4MUM5MzlFRUEzQTJDNTFFQzgzMUZGNjk5MjUzODUucG5n.png"
"Lidl","Favorina Zefyrai","1.69","https://imgproxy-retcat.assets.schwarz/klZHl1mjc9UGlr80SPYF6f35D57oKGYioqBUremOCVg/sm:1/w:427/h:320/cz/M6Ly9wcm9kLWNhd/GFsb2ctbWVkaWEvaW50LzExRjM1NzlDNDg5NjhBODFFMjVERkY5Mk/Y4MUJCMzNCM0VBN0MwREJCNTY5RTk5MkMxQ0E4MThENTFEMzlBRTcucG5n.png"
"Lidl","Favorina Zefyrai „Žvaigždės“","1.69","https://imgproxy-retcat.assets.schwarz/zf9FwOELAEXT0s0-7Q7u_cYxtL7t5hJkahh-XqnH0l8/sm:1/w:427/h:320/cz/M6Ly9wcm9kLWNhd/GFsb2ctbWVkaWEvaW50LzUzOEE4NzU1QzU4NzUxM0JBQ0RFQUI4Nj/E3RUM3RDg3MUNEMkUzQUMyQzYwMzc0OTVBNUM0RjA1RUIwMjU2RTAucG5n.png"
"Lidl","Favorina Sausainių skonio kremas „Spekulatius“","2.29","https://imgproxy-retcat.assets.schwarz/ObaTr5M7R2uAuDG5TIXzFfAq760T068JZZSSa1wVTGk/sm:1/w:427/h:320/cz/M6Ly9wcm9kLWNhd/GFsb2ctbWVkaWEvaW50LzRDRDM0ODkyMzcxRDNDQjlCNERGMjEzMU/Q2MUJGOENFRTYxQzFBMzAwRDdEOEMzOEM0Q0RFRTcwQkM5NTBENTAucG5n.png"
"Lidl","Favorina Pieninio šokolado rutuliukai","3.49","https://imgproxy-retcat.assets.schwarz/Eo3KTJNwVGrVfLGJ_BgnV9cKnv_Tf0YudSl3qSzYeRc/sm:1/w:427/h:320/cz/M6Ly9wcm9kLWNhd/GFsb2ctbWVkaWEvaW50LzI1QjhERTZGNjczNURCQzZGMzRBQkYyRD/hBRjc1NEI2RTE1RTZGMzdFOUM4RThGRTA5OEUxQzZBQUQ5QUQ5MTAucG5n.png"
"Lidl","Favorina Advento kalendorius","1.99","https://imgproxy-retcat.assets.schwarz/rM71ybKUnJ-RAnWuQcxdHFmomhx_-NPSHzHF79RaaNU/sm:1/w:427/h:320/cz/M6Ly9wcm9kLWNhd/GFsb2ctbWVkaWEvaW50LzlDMjM0ODY5OTVCODIyMDQwODI4NTRCN0/FGRTg0OTNEMUJDMjYwREJCNjZEMzc0NDcwRUNGMjY1OTIwQzE5Q0UucG5n.png"
"Lidl","Favorina „Pasidaryk pats“ sausainių rinkinys","9.99","https://imgproxy-retcat.assets.schwarz/cbrX6NJ-LyixWyNisYaDlQ6egNQsgStXiIoFmVJwWmk/sm:1/w:427/h:320/cz/M6Ly9wcm9kLWNhd/GFsb2ctbWVkaWEvaW50LzJGNzI0MEREQzVFQTgwQzExNkEzNjVCNE/JGODVBOTY5QjY2OUUxNkY3NkMxMEI2RUM5QTU1REY0QTkxM0JBMDAucG5n.png"
"Lidl","Favorina Guminukų ir zefyrų rinkinys","5.99","https://imgproxy-retcat.assets.schwarz/0nUQoQC8wlmM7noS1IfEd-uMr_vRDY1NTPu0t3tpvkE/sm:1/w:427/h:320/cz/M6Ly9wcm9kLWNhd/GFsb2ctbWVkaWEvaW50LzZEMjg3MjAyRTkxM0EzMTk4N0UwODkwMT/YxRTBDNEEwMjU0MTc0OUVGQkZFMjRFNjVCNjYxQ0NERDc1QzQzODUucG5n.png"
"Lidl","Favorina Kalėdinės šokoladinės figūrėlės","2.29","https://imgproxy-retcat.assets.schwarz/hi6SVsSzbVHd1oIYMS0tEtlPvgyu9gC_sgSwTlsS4Ko/sm:1/w:427/h:320/cz/M6Ly9wcm9kLWNhd/GFsb2ctbWVkaWEvaW50LzYzQ0E5M0RFRTk1RTM2REQ4OUFERDgyRE/IxQTM3ODg1NEM3Q0E5QTlGMkUyOTE1QjdDODI3NEFEOUFGQTkzMjgucG5n.png"
"Lidl","Favorina Kalėdinis šokoladų rinkinys maišelyje","2.59","https://imgproxy-retcat.assets.schwarz/A8jlSfiiL3LgUq0YwhqElcsND5pVa0P953fU8Sh8xQA/sm:1/w:427/h:320/cz/M6Ly9wcm9kLWNhd/GFsb2ctbWVkaWEvaW50LzQ2MDE2NTQwMkJCQzI4QUUxODFBRTU0Mk/IyQzM2Q0JFNjMzMjBENjIwRDFFRjlBQ0VCOTgwQkJCMzBCNzc0QkQucG5n.png"
"Lidl","Favorina Kalėdinis namelis su šokoladinėmis figūrėlėmis","3.69","https://imgproxy-retcat.assets.schwarz/Lnklbs8Ibd4oXvVc3MpsxWIcgEulSkPHurq2-KL0xVM/sm:1/w:427/h:320/cz/M6Ly9wcm9kLWNhd/GFsb2ctbWVkaWEvaW50L0ZFMzg0RkM2QjI4MTAxQjY0NzkwQzFGOD/YwRjMyQTY5MzEyRDkxMzFGRkNCNjFBNTk1QUZBOUY2RjkwODEzOTkucG5n.png"
"Lidl","Šokoladiniai saldainiai su pistacijų įdaru","8.49","https://imgproxy-retcat.assets.schwarz/Mq-EKMJAWEDcu4ER4ghcedpnErv-b7YAzczElVJr48k/sm:1/w:427/h:320/cz/M6Ly9wcm9kLWNhd/GFsb2ctbWVkaWEvaW50L0FEOTAwOUVBMzY2RjcwQTNDNDMzNkFGND/VEQTYwRURCQTFCNDIzNTcwOUE3OTQ0MDc5NDk3MTI1NDZCOUZFMzkucG5n.png"
"Lidl","Saldainiai su riešutų skonio įdaru","8.49","https://imgproxy-retcat.assets.schwarz/uU_DVwuKlm7Ll0ukOU2ShXOFIcdYj7b8SuDK77a7tGo/sm:1/w:427/h:320/cz/M6Ly9wcm9kLWNhd/GFsb2ctbWVkaWEvaW50LzkxODc5MjNBMEUyNDEyOTg4NDE1QjQ0NE/NCQUQyMUZCQ0FGN0JFQzVCQkE5Njk0QkNFQUREMEQxRkNBODQzRDUucG5n.png"
"Lidl","Saldainiai su pieninio šokolado įdaru","8.49","https://imgproxy-retcat.assets.schwarz/t1-jSguUz-d9LVpRX_E67cc-F9KMuxOBhmZkfQp2LBU/sm:1/w:427/h:320/cz/M6Ly9wcm9kLWNhd/GFsb2ctbWVkaWEvaW50L0NGOENCOTMzOEM5MzU5MUJGN0E3MTYxOE/U5RjdFNUQ4RkVFQzg3RjI3MDVFMTQ3RUQxQjJEM0I3Njg4NTI4NzUucG5n.png"
"Lidl","Saldainiai „Zozole“","7.99","https://imgproxy-retcat.assets.schwarz/IbFFVjm7HStjf7rVFNNOWHwNfXXfHVr6XUIuSnXLWWQ/sm:1/w:427/h:320/cz/M6Ly9wcm9kLWNhd/GFsb2ctbWVkaWEvaW50LzJGOUREODdGM0NFQUE5MzQwMDg2RUI2Nz/A4OEQ1MDI0Q0MwOTdBOTFGQkM0ODg4MDdERUVGRDJDNDhENjM5ODcucG5n.png"
"Lidl","Favorina Pliušinis žaisliukas su šokoladu","5.99","https://imgproxy-retcat.assets.schwarz/X7-RJXBP68omcqiq5fzo7aHxAG6CF18v4xyJ-kSlsR4/sm:1/w:427/h:320/cz/M6Ly9wcm9kLWNhd/GFsb2ctbWVkaWEvaW50LzYwMzNDOUE2RTMyREJEOTY5QjVGMDhDOD/I4MkU2ODY4RUU2QUY3RDc1RUM0ODc4NTlBNTgxMDVGMkQ3M0VEMzkucG5n.png"
"Lidl","Favorina Šokoladiniai saldainiai","1.69","https://imgproxy-retcat.assets.schwarz/4kzCGtnFUZ269l9GxlnfQa5AVOAJZ2L5xOowiLiLgIk/sm:1/w:427/h:320/cz/M6Ly9wcm9kLWNhd/GFsb2ctbWVkaWEvbHQvMS9COUNCNDI4QzFERDcwMUI1MzY3RTlDNTk/zOTYwMjI5NkJDMjZBNzdFRTA2NzlFQkZENzU4N0VDM0M2QkQ0NDFCLmpwZw.jpg"
"Lidl","Guboja","2.49","https://imgproxy-retcat.assets.schwarz/RByKwPR0Pdw4xxtbC2tzOba08zaDUye7JNVvjYGSiyA/sm:1/w:427/h:320/cz/M6Ly9wcm9kLWNhd/GFsb2ctbWVkaWEvaW50L0NCQjQ3NjY4MEZDOEIwQkQwRjUwNkE1Rk/VDQUYyNTUxNEYwRERFNkQ5MzM5RjIwMjJEQ0QxODU4MkQyNTE0MjkucG5n.png"
"Lidl","Deluxe Vytinta iberiška kiauliena","3.99","https://imgproxy-retcat.assets.schwarz/soFQrhlD5nAp10iqP3oj-3G800bnnKoBqnewrwGk91I/sm:1/w:427/h:320/cz/M6Ly9wcm9kLWNhd/GFsb2ctbWVkaWEvbHQvMS81MTk1RDNFMDI5NzU4QzI0MUFFRTVBRUM/yQjg2QkFGNEYxMzlFQkY0OTNCRkE1NDFCODIwNEUwRUNGNDgyQkI2LmpwZw.jpg"
"Lidl","Deluxe Paštetas su ančių kepenėlėmis","3.29","https://imgproxy-retcat.assets.schwarz/j4JFxKVYx5V5bn46-Q_2FT-fHgiysecjD1Fz56htJ2E/sm:1/w:427/h:320/cz/M6Ly9wcm9kLWNhd/GFsb2ctbWVkaWEvaW50LzI2RjQxNTdCNTE2RTFEQTU5NTdDMDZEND/AwQ0ZEQ0QyQTc3ODNCRUI4OTI0ODNEQjAwNEY4NjdGNTEwODVDMDUucG5n.png"
"Lidl","Deluxe Mini suvožtiniai su kumpiu ir ementalio sūriu","3.29","https://imgproxy-retcat.assets.schwarz/C_Eqn1M6UE0yB9mZi-8lklwtScXUGJAcdBFCDtBTosI/sm:1/w:427/h:320/cz/M6Ly9wcm9kLWNhd/GFsb2ctbWVkaWEvaW50L0M2MEE4REMzNzhDOEQzRjhFQjdCQTUxQj/E4MkZFNUJGNTI4MzM3N0ZGM0Y2MzgxNzdFRDA0ODI4NDk0NTAzQzIucG5n.png"
"Lidl","Deluxe Rūkytas kiaulienos kumpis","2.29","https://imgproxy-retcat.assets.schwarz/fK9yUIB3y_WkUiWsk6feAm4gpEWXC7D4uw29d7IDcvI/sm:1/w:427/h:320/cz/M6Ly9wcm9kLWNhd/GFsb2ctbWVkaWEvaW50L0E3MDUzQjA0RUIwMEFCQ0IyOUI4N0ZBMz/U2Q0YyNjY4Q0I5NkY0Rjk5NzE2ODBCODZCRTcwRUE3NDEyRTkyRTEucG5n.png"
"Lidl","Deluxe Virtas kepenų paštetas","1.99","https://imgproxy-retcat.assets.schwarz/FqeJHFmBb5LTo73JhLvaGz9PnA9SxixntjQ-XS-JUlU/sm:1/w:427/h:320/cz/M6Ly9wcm9kLWNhd/GFsb2ctbWVkaWEvbHQvMS9DMzYxREMwQzI3NDczNkQ0QTRBQjE1NTZ/DMzYwMjg0QUVGNkE5RDNDM0Q4MDg4ODUzNjRBM0QwQjczODQ5ODk1LmpwZw.jpg"
"Lidl","Deluxe Šaltai rūkyta kiaulienos šoninė","1.99","https://imgproxy-retcat.assets.schwarz/h61b1OhEt8VeToby0QFnVTNxEOTmwoPUm8hm2gEDqXU/sm:1/w:427/h:320/cz/M6Ly9wcm9kLWNhd/GFsb2ctbWVkaWEvaW50L0QxOTEyMUVDNzg5OEY4MUU4MzRENDkxME/Q3MEY5OUM5NzVDQkU1NUFFOTkyQzY4M0Q0NkZDMDNDODRCRkMxQTIucG5n.png"
"Lidl","Deluxe Karštai rūkytas Prahos kumpis be kaulo","12.99","https://imgproxy-retcat.assets.schwarz/5zfXcKbqqkeUBepU1hovk0nLLS11SPg60I1DDwtuzEc/sm:1/w:427/h:320/cz/M6Ly9wcm9kLWNhd/GFsb2ctbWVkaWEvaW50LzMyN0I2RDM3MkI2Mjk2NzJEODNENjg2MT/M2OTBBQjYwQTkwNDAzQTUwMjAwNjFCQkExQ0E0NzJBNkQ5QjMzRDMucG5n.png"
"Lidl","Deluxe Mini rikotos sūris","2.29","https://imgproxy-retcat.assets.schwarz/OankhZerphR5GjIehnP9tkKlwhK48s1-Hk0BM9kOAvk/sm:1/w:427/h:320/cz/M6Ly9wcm9kLWNhd/GFsb2ctbWVkaWEvaW50LzU5ODE2NzcwMkVBNzAzMEFBNEJFMDMwQ0/JENDY0MEY2QkI4NzlGQzdFREVBNUZCOTg3OTA4Q0NGRjNFQjA3QTEucG5n.png"
"Lidl","Deluxe Buratos sūris","2.29","https://imgproxy-retcat.assets.schwarz/a6sxPZ_73QstR1fUK0g_fSAw_a1TMCcva0JxHm9So4M/sm:1/w:427/h:320/cz/M6Ly9wcm9kLWNhd/GFsb2ctbWVkaWEvaW50LzVBOEFGRkJFMzY5NEIwMUIzMkZEMzlGRE/QyNEYxMkYwMEM1MDRGMTM1QjQ5ODU1OTUyQjM3OThBRTc4OTUzRkIucG5n.png"
"Lidl","Deluxe Sausainiai „Cantuccini“","3.49","https://imgproxy-retcat.assets.schwarz/dYqsJ-sDhvoL6NW9q0eN5MJwgH-mFJH7vxi-6J6lexU/sm:1/w:427/h:320/cz/M6Ly9wcm9kLWNhd/GFsb2ctbWVkaWEvaW50LzgwOTBENDE1MEMwMDcxNEUwM0ZGQTJBNU/E1OEVGNEE3MjY4OTJGOEY5MDZFOUU5RTg2ODREMzYyMTZGNDM5QzYucG5n.png"
"Lidl","Deluxe Skrebučiai","1.69","https://imgproxy-retcat.assets.schwarz/klYal8K47Vnv7EXdPoIMUpl-wYMoya8vzb3i5Qjb3cE/sm:1/w:427/h:320/cz/M6Ly9wcm9kLWNhd/GFsb2ctbWVkaWEvaW50LzEyQTkwQjBEQzkyQUI3MDBGNjgwQjJBRE/Y2N0Y5MzFDRkYxODQzRjQ3QUM3NUMwMzMzODU4RDNCOEQ3MEJCQTMucG5n.png"
"Lidl","Deluxe Džiovintos datulės su kauliukais","7.99","https://imgproxy-retcat.assets.schwarz/-Uurt5uEfVMD2WmSseh1WGEEjFp0ej_wsAjQVugY_nI/sm:1/w:427/h:320/cz/M6Ly9wcm9kLWNhd/GFsb2ctbWVkaWEvaW50L0I5QTkyQjk4ODc3REM2RTQyOTk1Njg1N0/MzMkU2Mjc2MThDNzFGRDNCREYwNkU4QTlCMEZFNEI4NTIyMUY3NTIucG5n.png"
"Lidl","Deluxe Desertas","2.29","https://imgproxy-retcat.assets.schwarz/0NMrMvT0dW07rmA4U24O41GL-4qCEvZlCyN_VepEKRM/sm:1/w:427/h:320/cz/M6Ly9wcm9kLWNhd/GFsb2ctbWVkaWEvbHQvMS9BNjMxNUFDNDdBRjQzNUVFOTYyNEQxRDQ/3Mzk3MkIzQjk4MkUzRDM3ODI2N0Y5RkM3NDVGQzg5RjA0MTE5MDQ4LmpwZw.jpg"
"Lidl","Deluxe Minkšti karameliniai saldainiai","1.69","https://imgproxy-retcat.assets.schwarz/JYMuIYN6i4tD7eVMxBibMaf3KBZOgGVJ8nAgpd28Ats/sm:1/w:427/h:320/cz/M6Ly9wcm9kLWNhd/GFsb2ctbWVkaWEvbHQvMS8xRjBFQ0IwRjQzMjYwNTA5RTQ1MzBCODN/GOEIwQTIzQTQyNzE3RkZGMUM2NURGNjVGODkyMDhBQUFGQTI5QTc2LmpwZw.jpg"
"Lidl","Deluxe Desertas","3.69","https://imgproxy-retcat.assets.schwarz/0jGXvm1NGGMnKgtImNqsVrXNW0ox3i8nWPdQeRrgx4s/sm:1/w:427/h:320/cz/M6Ly9wcm9kLWNhd/GFsb2ctbWVkaWEvbHQvMS9FQjVCRDI3NEI3Q0ExOUVCM0IyODlCRUE/wNTY5N0ExMEUyQThEOEY2ODJFQUZBNkI4MDVCMDE5NTBDOTc1QTA5LmpwZw.jpg"
"Lidl","Anthon Berg Advento kalendorius su likeriu šokolade","16.99","https://imgproxy-retcat.assets.schwarz/rSzBiun8oAiWzbWmAmZscaetQ8vE2yLrnSCdmB0HmpU/sm:1/w:427/h:320/cz/M6Ly9wcm9kLWNhd/GFsb2ctbWVkaWEvaW50LzFBNEFERDg3QTAxNENCN0M1NTVBMjJFRj/dBRDc1MDAxMzNGNDQ1MDc1OTIyNUVGM0NFQzQ1RTNCNEZEQ0E4MDEucG5n.png"
"Lidl","Deluxe Džiovintos figos šokolade","2.99","https://imgproxy-retcat.assets.schwarz/KqUOZPSUpbPt2wtzljYHi5pp2_AAVjglOEmdmbeLyG8/sm:1/w:427/h:320/cz/M6Ly9wcm9kLWNhd/GFsb2ctbWVkaWEvaW50LzVEMEE1NjUxMTEyMkZENjdBNTA3OEY3Mj/YwNTBENzI0NjIzOEMzRUYxNEJDQTVCMTY2ODFBMDY1NkFGNzdDRUQucG5n.png"
"Lidl","Pabarstukai „Cake Angels“","2.99","https://imgproxy-retcat.assets.schwarz/tx-B5p5c66sOOKTNITeYbS_ltv7UrzsyJyWgBxJcPSE/sm:1/w:427/h:320/cz/M6Ly9wcm9kLWNhd/GFsb2ctbWVkaWEvaW50L0RERjVEMEREQzk0Mzk5RDE4RDZCODkzMz/ZCRUQ3OUMwRjUxOEJDOTQ2ODVFMjIwQzJCMDg2REQ3M0EwMkE5NEEucG5n.png"
"Lidl","Belbake Malti nuplikyti migdolai","2.69","https://imgproxy-retcat.assets.schwarz/pXtOvxywz7Sbwa5JEKXK4oqO8sIS-e5YBUF4f82TneY/sm:1/w:427/h:320/cz/M6Ly9wcm9kLWNhd/GFsb2ctbWVkaWEvaW50L0E2RjdGMDA2MUE1MDM1QkNDOTlEMzI3RE/VDNDE4NUEwQUIwNEM0MUE5RjUzNzVBM0REQzFEMDQ5RDIwQzM0RDUucG5n.png"
"Lidl","Belbake Plikyti smulkinti migdolai","2.69","https://imgproxy-retcat.assets.schwarz/7DdR9xpp-N7O0FG52z1RUxnufgd-PGuL8r1WXPnR-No/sm:1/w:427/h:320/cz/M6Ly9wcm9kLWNhd/GFsb2ctbWVkaWEvaW50L0FDNzMzNEI1ODIxNURCMTEyQkM1MDNEOE/YwQTlGNDYzRTBFRDI3MEVGREM1Qzk3NDFBRTA1MDY2QjRGNEJEQkMucG5n.png"
"Lidl","Belbake Cukriniai papuošimai","2.29","https://imgproxy-retcat.assets.schwarz/GDy5yXpIftonzYIna41AmXsV76EqR2pB_D3_d4g-PLk/sm:1/w:427/h:320/cz/M6Ly9wcm9kLWNhd/GFsb2ctbWVkaWEvbHQvMS80RTIyQUY4MTVGMzRFQkY1NUM3NzE2ODd/CMzU5NDk5Qjc5QzMzQjI5N0RCMzEzRUY5QTJBNjZDOEIzQ0IwNjYxLmpwZw.jpg"
"Lidl","Belbake Konservuotos slyvų puselės","1.49","https://imgproxy-retcat.assets.schwarz/q-T3M9lOV1IMNfTqG4P6i8jExgtGC_r2uulvzCmv3Ps/sm:1/w:427/h:320/cz/M6Ly9wcm9kLWNhd/GFsb2ctbWVkaWEvaW50L0NGMjk3MTdBNUMwQkMzQTMyREQ5QTcxMj/kxOEM1NTYyOTg0OTM5QjM1M0I2MDlFMDczQ0EzNEU2MjhDMzk0MzIucG5n.png"
"Lidl","Belbake Nesmulkinti gvazdikėliai","0.99","https://imgproxy-retcat.assets.schwarz/q_c_RvqtCrvckG8h69gYUcDmSQn83QEgx5YSvZ93cSQ/sm:1/w:427/h:320/cz/M6Ly9wcm9kLWNhd/GFsb2ctbWVkaWEvaW50LzlBMDQ0MTU2QTYwRkU5NUJEN0QxODEzRj/U1MkM2RTVGMjFCQUQxOTE5MkJBNjQwQzNGNTNBRkEzOEJDNkE3MDEucG5n.png"
"Lidl","Belbake Cinamono lazdelės","0.89","https://imgproxy-retcat.assets.schwarz/J8q8qVSeNQawF93ukHBIUueyLHmeugn0cjOf6Jmz-cc/sm:1/w:427/h:320/cz/M6Ly9wcm9kLWNhd/GFsb2ctbWVkaWEvaW50LzY4NkQ3OTc1OEY2MDc5MEFGRUNDMkM2Rj/MyREI0QUQ4RjczNUFGMjAzNjYwMUU0RTAzMUYwOTEwQzA5NkEyNzQucG5n.png"
"Lidl","Belbake Burbono vanilės ekstraktas","1.99","https://imgproxy-retcat.assets.schwarz/_B6g1nNSqwJBDEHbDBm-sVhBrBQnl6XEp9IzVZzzJRM/sm:1/w:427/h:320/cz/M6Ly9wcm9kLWNhd/GFsb2ctbWVkaWEvaW50LzIxMjkxRTUzMTFBNUUyNUJFMkUzOTYxOU/QxNUY0REFDNTNDNzVFQ0IyM0Y2NjBGREMxOTg1MjcyOENGMjU0QzIucG5n.png"
"Lidl","Belbake Prieskonių mišinys meduoliams","0.49","https://imgproxy-retcat.assets.schwarz/0BcUqGAG3CQQkQtdA6BhKbA4F9mxp4fsQQfZzXHOMNs/sm:1/w:427/h:320/cz/M6Ly9wcm9kLWNhd/GFsb2ctbWVkaWEvaW50L0FGM0U3NTk3RTI5QTQ4QzdBQUIxREQ3RD/M2NzMyMUREQjczMzFEMTU4NDQxMTMzMzQ0NEI5RjkzRDE3MzhBOTMucG5n.png"
"Lidl","Belbake Žvaigždiniai anyžiai","0.69","https://imgproxy-retcat.assets.schwarz/AjT58rIUX2IlHmOA60ll_3Otr49EydJ8db_LAwWYjFA/sm:1/w:427/h:320/cz/M6Ly9wcm9kLWNhd/GFsb2ctbWVkaWEvaW50LzVDOEVEMjUzNjY2NzkyN0JENTI3NURGQT/MyMzhDQkU2OTY1MUY3MEMzMkIxRjBCRDgwOTlCQkEzNjMzNzg3M0MucG5n.png"
"Lidl","Chef Select Kepti paruošti kruasanai","1.99","https://imgproxy-retcat.assets.schwarz/aMtdCxaRoinV9tXu0ZnQ0Ni4z_ZRz5gqPEmqzQr50u0/sm:1/w:427/h:320/cz/M6Ly9wcm9kLWNhd/GFsb2ctbWVkaWEvaW50L0JCNzhBMDlDNEM1NDk1QzEzREJENzIyRk/U2M0VFOEQzOTc4NzU5MzI3MzAxQTc3MjkzRTZGMkVFM0Y0QUY3OEEucG5n.png"
"Lidl","Aromata Kepimo popierius lapais","1.79","https://imgproxy-retcat.assets.schwarz/0XdCU4E-dFHA_n_Uws1eZI4YSWv2Ee7KKtyjwuLSKGg/sm:1/w:427/h:320/cz/M6Ly9wcm9kLWNhd/GFsb2ctbWVkaWEvaW50Lzc4ODAzQkU3MTFEQjU0OTgyRDRBNzYwND/gxN0E1NDhCMTkyNTI5NzU0MTM1MkRGRkVFRjU5RjAyMkRGNDZDQ0MucG5n.png"
"Lidl","Belbake Dekoravimo glajus","1.99","https://imgproxy-retcat.assets.schwarz/KvSbG6jkt0pY67WRFjImqUO6VvVYNPIXUNEcUAGyFp0/sm:1/w:427/h:320/cz/M6Ly9wcm9kLWNhd/GFsb2ctbWVkaWEvaW50L0IzNDVCMjhBMzE5QkI4QTk3MkFBNUVDRT/IxODk3QUMzNDUxNzUzMjE4QjNCQkJGMUU0Qzg5NEJDNzI2QUIwMkQucG5n.png"
"Lidl","Deluxe Bulvių virtinukai su įdaru","1.99","https://imgproxy-retcat.assets.schwarz/W_3lXNsQ6WEoXuhem_DMJK9JjCwfqotiPI8OrCFX2KA/sm:1/w:427/h:320/cz/M6Ly9wcm9kLWNhd/GFsb2ctbWVkaWEvaW50LzUzRUU1REU3RDM3ODI1RUE3M0E1QjJERU/VFMUY0QTkxMkFEQTQwRjYwNEFCMjkzMTgxODUzQjQ2OUJEMTlFNTEucG5n.png"
"Lidl","Deluxe Šukutės su sviestu, česnakais ir petražolėmis","7.49","https://imgproxy-retcat.assets.schwarz/N3awYXqw6KfuI3zFEplZUmBSPKp8eqSpF6Y21Vq4xIk/sm:1/w:427/h:320/cz/M6Ly9wcm9kLWNhd/GFsb2ctbWVkaWEvaW50L0QzODdGQzg1Q0QwNkRFMzYyQzE5NzNFNE/I2QzUwNzQzRkY4MkFENTcyMjYwNDc2OTk2OURDNTRBNTE3NTQwQUEucG5n.png"
"Lidl","Deluxe Viduržemio jūros regiono stiliaus kalmarų ir daržovių užkandis","2.99","https://imgproxy-retcat.assets.schwarz/_b-uCfr4wCt5DdIHztBBkcA3N-4DF6lPf_nXRec7-pk/sm:1/w:427/h:320/cz/M6Ly9wcm9kLWNhd/GFsb2ctbWVkaWEvaW50LzdGOEU3RDAyQjIyOEJCOEE2MDg2MjgzNj/c2RTZEQjZBMUIxNDlGODk1OTE0MTdEMDA4Q0Y3RDA4NUU1QUI5OEMucG5n.png"
"Lidl","Deluxe Padažas","1.99","https://imgproxy-retcat.assets.schwarz/lbQIClVokdtmKBjgU9wWWnCFsqcBofw07tHYZDpNjAg/sm:1/w:427/h:320/cz/M6Ly9wcm9kLWNhd/GFsb2ctbWVkaWEvaW50L0Y1NThFRjNEQ0ZDMkRGOTU4QkIyQTI3N0/YzNjExN0MwMTJGNjM3QjQyMkI2NjAzRUI4QkU5NEVEREMyN0ZCQkMucG5n.png"
"Lidl","Deluxe Datulės apvyniotos kiaulienos šonine","3.49","https://imgproxy-retcat.assets.schwarz/bxd80Wa7Ov2PjklZNRHFJ6Ha4zh4Yyep-vdrAmta5vw/sm:1/w:427/h:320/cz/M6Ly9wcm9kLWNhd/GFsb2ctbWVkaWEvaW50L0Q1NzQwNTg2MjUwQUFDNThCMzA1RjRFNT/RGQkZBQUU0NjFDNDU4MjgwMUMwQUU5NEI3MkU2RjdEMjZFRTk5OTcucG5n.png"
"Lidl","Deluxe „Coppa“ vytintas kumpis su kadagio uogomis","2.99","https://imgproxy-retcat.assets.schwarz/mZe7j9_x8GJnwqw-YdxyozYpS9fuPFDnUWaNsfCsF48/sm:1/w:427/h:320/cz/M6Ly9wcm9kLWNhd/GFsb2ctbWVkaWEvaW50L0Y2QzMzNjE2MjIyNjg1MjIxQTc5MzQ3Nz/czRTk1MzJBNzdCMDY1QTUxM0Y0N0MzNzMzOUJBMTBENkU3QkUyMjgucG5n.png"
"Lidl","Deluxe Puskietis sūris","3.69","https://imgproxy-retcat.assets.schwarz/4I7cIQdfg02YyUymeLXQ5hzZnnxPyBZmO7oTNGyiaHw/sm:1/w:427/h:320/cz/M6Ly9wcm9kLWNhd/GFsb2ctbWVkaWEvaW50LzA4M0QyRUQzOEYyODY1QTU3MEE2RDVFNT/dENDNERjA1MEYwRDA0NDUwNEMzMThDRDM2QjYzMDc4MzVGRjE1NkQucG5n.png"
"Lidl","Deluxe Žvėrienos saliamis","4.99","https://imgproxy-retcat.assets.schwarz/4T8fD43PJKor-tqCJhhWEKUsrEQHo5mhy2gCt9fmQVM/sm:1/w:427/h:320/cz/M6Ly9wcm9kLWNhd/GFsb2ctbWVkaWEvaW50LzE3NTdBNUZGREZGMTc0OUFDMjAyMTg2Mj/c3MDM5NDZDQkQ2RjlCODM1NUNGNURGMUE3MTVFMjBCQTIwMDdDNEYucG5n.png"
"Lidl","Deluxe Kepenų paštetas su želė sluoksniu","2.59","https://imgproxy-retcat.assets.schwarz/Hz8NlofduKkyeTWGa2D8zVKTNli89wPAhbW65gHPXyQ/sm:1/w:427/h:320/cz/M6Ly9wcm9kLWNhd/GFsb2ctbWVkaWEvaW50LzREMjhBODYyQ0QwMUQzNzBERTNBOTM2OT/BEODEyNDY4RDkwNTE0RTM2NEIwRTJBQ0QyN0Q1QkRDMUNFMkZEN0EucG5n.png"
"Lidl","Deluxe Vytintas kiaulienos saliamis","2.29","https://imgproxy-retcat.assets.schwarz/GPgh2agQULdcUT5_6CoQnQhRMusC-kYxImTQuwn7lNI/sm:1/w:427/h:320/cz/M6Ly9wcm9kLWNhd/GFsb2ctbWVkaWEvbHQvMS9GQThBMTZGMkU0NzcwMjBFMTU1RjJGNjQ/wMENDOTYyRUVEN0NBNkRBQjdGRUVCNUJBOTNCMTE1Q0YzOEQ3QzNCLnBuZw.png"
"Lidl","Deluxe Desertas","3.49","https://imgproxy-retcat.assets.schwarz/IwzDBwBE0sWn3arG-lFcKZg8ff7QZ0s2jXNoJxcOMCI/sm:1/w:427/h:320/cz/M6Ly9wcm9kLWNhd/GFsb2ctbWVkaWEvaW50LzQ5MjA1QTQzQTc1MzA4QTgyNkM5RTEyRD/dCMDZFODcwRDQ2RDk0NjRFNjYwQUE4NTEyQTEwQkIzMTNBNEQ2OEEucG5n.png"
"Lidl","Deluxe Šviežio sūrio užtepėlė","2.19","https://imgproxy-retcat.assets.schwarz/5YQf0ZeJeHTNN-m2I_Ge5b9DQWyRBXYDR3eT5PZGswg/sm:1/w:427/h:320/cz/M6Ly9wcm9kLWNhd/GFsb2ctbWVkaWEvaW50L0MzOEREMEVCQzA5MDY5MERBMjU4MzJFOT/ZFOUI1QzRBQTkwMENCQzQzQjM3ODU1RTdBMTIyNjREMzFDOTQ5MkIucG5n.png"
"Lidl","Deluxe „Tarallucci“ sausainiai","1.79","https://imgproxy-retcat.assets.schwarz/H7BEy9ylmXX7aZ8QhgzDZonZvS92zVUvZQ_PU6yETZQ/sm:1/w:427/h:320/cz/M6Ly9wcm9kLWNhd/GFsb2ctbWVkaWEvaW50LzQ2Q0UyQjI3OTEyQjdEMzA0N0YzRjQ4M0/ExMjMzM0Q5M0ZGNTBBOUZBQ0MwRTU0M0UxQ0JERDNDNUIyRDNEM0QucG5n.png"
"Lidl","Deluxe Bulvių traškučiai","1.99","https://imgproxy-retcat.assets.schwarz/UcbcJOQA8e3q7h-yORKBZbjNGlJW7V1fpszsedA0-NY/sm:1/w:427/h:320/cz/M6Ly9wcm9kLWNhd/GFsb2ctbWVkaWEvaW50LzdEQzREMEM2NThFREQzRjZBRjBFRTBCOE/E3MUMzNzcyNDNEOEFDQjNEMUEyMzM5QTEyMTlFQUJBMzU1RTRFMDMucG5n.png"
"Lidl","Deluxe Itališkas imbierinių sausainių desertas","2.19","https://imgproxy-retcat.assets.schwarz/PBil7M01nkdZCqwtECIwdC9Pu1ly0BLJAtui6uXp9IE/sm:1/w:427/h:320/cz/M6Ly9wcm9kLWNhd/GFsb2ctbWVkaWEvbHQvMS9GNjQ3MjFCQjY5QkY5RDNDREFCN0RGMUN/GQTQ5NEUwOENDMUJBOTRDNTQzMTQ5RTMxRUY4OTdBNzFCOUFEQUVCLnBuZw.png"
"Lidl","Deluxe Desertas su maskarponės kremu ir pyrago „Panettone“ gabalėliais","2.69","https://imgproxy-retcat.assets.schwarz/ZeqGFZtQff6zaLyYQJHn3DsZfV71n8neqXoH3e9Whwc/sm:1/w:427/h:320/cz/M6Ly9wcm9kLWNhd/GFsb2ctbWVkaWEvaW50L0M4RjM5RjM3RTYyQTg3RDhFOUYxNTEyND/U0MjZCNjJGRTI0OUFCQjg4MUVGRkQ5NjQxNDhERkQxQTY4NTY5OTYucG5n.png"
"Lidl","Deluxe Lazdynų riešutų ir pistacijų kremas","3.99","https://imgproxy-retcat.assets.schwarz/ScZrE8wjFwi1tCAN20yK3W4a5700a4N-piNlEgl_D0s/sm:1/w:427/h:320/cz/M6Ly9wcm9kLWNhd/GFsb2ctbWVkaWEvaW50LzNCNjY0NjIxRkE2MTUzRkFBMUYzM0UwRU/VCMEQyODgzRkIwQzI3NUJDRURFODRDQUU1NERERjVCMEY4Q0Q4Q0UucG5n.png"
"Lidl","Deluxe Pyragas „Panettone“","10.99","https://imgproxy-retcat.assets.schwarz/8xL5hbQ7deWekB43-f1MHW6Lm_5POCKQ9IoMz28Vdgk/sm:1/w:427/h:320/cz/M6Ly9wcm9kLWNhd/GFsb2ctbWVkaWEvaW50LzgwMUQ2N0M2RTEzREI2RTI0Q0MxQjZEQk/M2MzA2QkExNEY1NjdEMjVEMjRFODZDOUIxN0VDMURBQ0Y3QzhBOTAucG5n.png"
"Lidl","Bellarom Kavos pupelės „Barista“","8.99","https://imgproxy-retcat.assets.schwarz/t_8-nP3lnvgJUIUO6DYl3DAfx6E24Rz0ouegk7lS1Dw/sm:1/w:427/h:320/cz/M6Ly9wcm9kLWNhd/GFsb2ctbWVkaWEvaW50L0ZEMzczOENFQkVDNzMyN0MzQTRBRTg0ND/BFRTI5N0Q3Qjg1MERDMUIyMTNEMkFEMTExOTcxQUE5Q0Q2MUNGMzYucG5n.png"
"Lidl","Deluxe Rikotos desertas","2.29","https://imgproxy-retcat.assets.schwarz/xyEXilARM0O_6Cs0Q0vjq8Ouw0sYKjW1CD42NLV4ZEU/sm:1/w:427/h:320/cz/M6Ly9wcm9kLWNhd/GFsb2ctbWVkaWEvbHQvMS83RDlENjM4MzVFRUI2MDgwMzhFNTk0NUN/FOTQxODRDRDk1MDk5RUE3MkVDNUU4RjY1RjkxMDZBOUUwM0VGNTY0LnBuZw.png"
"Lidl","Tulpės","4.99","https://imgproxy-retcat.assets.schwarz/pycUZPbTrZZwDL1j21t5twaS0KsimdALtkAQ5RDvwEA/sm:1/w:427/h:320/cz/M6Ly9wcm9kLWNhd/GFsb2ctbWVkaWEvaW50LzY0QTM1MTdDMjFCRkY2ODY4REU0NTk0QT/I4QUU5MUQ2RUZDMjZCNDc1N0Y4MkE4OUQyN0FBOUE1OERFNjY3ODMucG5n.png"
"Lidl","Deluxe Panettone pyragas su sūdytos karamelės kremu","9.99","https://imgproxy-retcat.assets.schwarz/mHAPTGYJLfA7W9xBE3-rxQpvGJ_yVx8DHfiN632hbKU/sm:1/w:427/h:320/cz/M6Ly9wcm9kLWNhd/GFsb2ctbWVkaWEvaW50LzczNEIzQ0Q3Q0VBMkYyOEZEM0M1NjE1ND/cwNEM0ODQ4REZBQ0UwNTExNEZDQzZCMDc1NUY4N0EzRjJCNjc1OUYucG5n.png"
"Lidl","Deluxe Desertas su grietinėlės putėsiais","2.49","https://imgproxy-retcat.assets.schwarz/6S0ZhJZ4_c6YTRIVZwlsvB6XcRK29YkSr3ev0U5CPU0/sm:1/w:427/h:320/cz/M6Ly9wcm9kLWNhd/GFsb2ctbWVkaWEvaW50LzQ2Q0JFM0QxMERBMjQyMTVBRjhDRjg0Nj/g1OTEyQkU3OEE4M0RBNkExMjcxQzRDNzRGOUFCQ0MwMUUwREJFQjIucG5n.png"
"Lidl","Deluxe Makarunai su pieniniu šokoladu","4.99","https://imgproxy-retcat.assets.schwarz/7RxF7PHLcbZhY6mdtMttS4AKIj7zApVQhP4nfASgH98/sm:1/w:427/h:320/cz/M6Ly9wcm9kLWNhd/GFsb2ctbWVkaWEvaW50L0M2RUUwMUUxRkREOUREMUVCRjc3RDYyQ0/VFNzc3OEFCOUFCOTAyQTRCNUJBODk2MjQwNjc1MTNCNkMyNTQyMUEucG5n.png"
"Lidl","Deluxe Ledų desertas","1.49","https://imgproxy-retcat.assets.schwarz/nWuDq6PNvWAcp90s_dBme-T5HyQ7aaRADyyNYfPyXIU/sm:1/w:427/h:320/cz/M6Ly9wcm9kLWNhd/GFsb2ctbWVkaWEvbHQvMS82ODhCNTM5N0I1OTcxQkQ5OThDMkIwNTc/yMjMyM0Y5RkZDQzE2Q0U0RTJCQ0YzMDkwMDgzRjBBNDg2NTBFODJELnBuZw.png"
"Lidl","Deluxe Liofilizuotos uogos, aplietos šokoladu","3.49","https://imgproxy-retcat.assets.schwarz/ylW4dDgvu_6sJdr7EcWJcX-F3hf4nNnnriK0SCFshJY/sm:1/w:427/h:320/cz/M6Ly9wcm9kLWNhd/GFsb2ctbWVkaWEvaW50L0I0RTkyMEY1NDdFREM4OTMzQkE4ODMyQz/lCRTkzREVFNEQ5MTE0NTQ4MEI1NUIzOTY1RkZGOEMxN0NGMDZCNDIucG5n.png"
"Lidl","Deluxe Desertas","3.69","https://imgproxy-retcat.assets.schwarz/dayukO8XtYzzj0XSXZERgzfSKoOaMpAmAbJN9lBa3iQ/sm:1/w:427/h:320/cz/M6Ly9wcm9kLWNhd/GFsb2ctbWVkaWEvbHQvMS81OUFGNjkzRDk0NjRFMkJBOENCNjEzM0Y/5NEY3REQ1RjRERUQ3QUYxNTkwRjkzNkE1N0VGODY3MTA2QzBDMEQ2LnBuZw.png"
"Lidl","Deluxe Kuprių filė su padažu","2.99","https://imgproxy-retcat.assets.schwarz/Y-KBly6UD8yw7kwMixgudFwKhjr9izUP6eqSCq5Gi0k/sm:1/w:427/h:320/cz/M6Ly9wcm9kLWNhd/GFsb2ctbWVkaWEvaW50L0ZBMURGM0ZBQzRGMzg2NzBFNEJENTBEND/RCMjZGM0ZFNDkyNjEzQjE0NzlENzdFQjJBRDVERUJERjcxMDNGNzMucG5n.png"
"Lidl","Deluxe Desertas su šokoladu","1.59","https://imgproxy-retcat.assets.schwarz/a8KF_uxiluXk1wBAtUrQqGX16y1zf8hfzMLbIqHZwDY/sm:1/w:427/h:320/cz/M6Ly9wcm9kLWNhd/GFsb2ctbWVkaWEvaW50L0Y0NzhFRUIxRjMzQkE4RDRBNEMwODZBNk/I5MEU3QkE3QzMyNEZGN0E5MUE0RDVDNzVFRjkyQjI5NENFOEVEOTgucG5n.png"
"Lidl","Deluxe Kiaulienos saliamis","3.49","https://imgproxy-retcat.assets.schwarz/VPjnMYNPAamAbsp7_8uETM7cYMnIBkrSXGO1efpl0EE/sm:1/w:427/h:320/cz/M6Ly9wcm9kLWNhd/GFsb2ctbWVkaWEvbHQvMS80RDg3Nzg2MEExNjJCMTZDRDBGQzk4MjN/FOUIyNTNFQ0E2MDU0NkM1MkEyNEY5Nzk2RUU1NEMzNjE5QUI4MzRGLnBuZw.png"
"Lidl","Deluxe Šveicariškas puskietis sūris „Tete de Moine“","13.99","https://imgproxy-retcat.assets.schwarz/QGbFPDMY5487-WrWkCnhaABIUG6Z8IEjvQ4T2XRvlnQ/sm:1/w:427/h:320/cz/M6Ly9wcm9kLWNhd/GFsb2ctbWVkaWEvaW50LzU3MEI4MDIzNzE0MTYyRkQ0NjZEQTJBOE/ZFQjA2QkYzNEY1MTQ2ODJBNzJCRDM4Njg0MTJDMDZCNzYxODRCNEQucG5n.png"
"Lidl","Deluxe Kepenų paštetas","1.99","https://imgproxy-retcat.assets.schwarz/Pgyp8IIGhr6y6KcvDl7LYiuPyQgUKoLVjNhcoioQsOA/sm:1/w:427/h:320/cz/M6Ly9wcm9kLWNhd/GFsb2ctbWVkaWEvaW50LzBDQUQ0OUZBOEY1OEMwRTc2Njg4MkZFND/gwNEZGRjkxMjc0NTBDQTBFMTVDQTk5RDJENUI4MkQzNDQwOUQ5MkQucG5n.png"
"Lidl","Deluxe Saliamis su pistacijomis","2.49","https://imgproxy-retcat.assets.schwarz/5f9mHHMrcdaKxZsbBcUa6hLGSLDLqlDFVfCv3TEePg8/sm:1/w:427/h:320/cz/M6Ly9wcm9kLWNhd/GFsb2ctbWVkaWEvaW50Lzk0ODY4MzUwRENERTFBM0I0REYwQkE2RU/REMDFGQzBERjkwNjREODAwMTk2QTIyOEFERDlDRjY2NzhBMEQ3OEIucG5n.png"
"Lidl","Deluxe Čederio sūris","3.29","https://imgproxy-retcat.assets.schwarz/Tf_6wwZcBkgsr4wRyMdAaqTRX0mjPMXXGz4z50RPiwU/sm:1/w:427/h:320/cz/M6Ly9wcm9kLWNhd/GFsb2ctbWVkaWEvaW50LzNBQTE4NkUzN0IyQjU2MEFFRDQ5NDFDNE/Y3MzE2OEQ4MUQ2QzYwRjA0M0QxQkZEODk1REJBQzgyREE1NkJFNUQucG5n.png"
"Lidl","Deluxe Įdarytas sūris Brie","2.99","https://imgproxy-retcat.assets.schwarz/LbbBMiZgr_yzmdKHcn2WFGTeBwQlrgebW3R0l8v9gtg/sm:1/w:427/h:320/cz/M6Ly9wcm9kLWNhd/GFsb2ctbWVkaWEvaW50LzlBMUY4MEM5NEQ1NzkzQTkzQjJBMTI5RT/ZCQzA1RkZFMEQ0MDIxNkVGQTA1OUYxOUE5M0U5MUFFREZENDJFNDEucG5n.png"
"Lidl","Deluxe Raudonųjų burokėlių traškučiai","2.29","https://imgproxy-retcat.assets.schwarz/smAYjUx4O59M79zsastZoPpn6LPDnFioBLaAj75hcQI/sm:1/w:427/h:320/cz/M6Ly9wcm9kLWNhd/GFsb2ctbWVkaWEvaW50LzA3RDJFOTAzNkQxMzFDRDdFRUQ4QTI2Rj/Y1Mjc1RTRENDREMDQxNDZBODhBNTlEMTg5RUY3MEZCQ0M5MUIwQkUucG5n.png"
"Lidl","Deluxe Makaronai","2.49","https://imgproxy-retcat.assets.schwarz/kAkTuZvUMFQUt2Ag3Yv7aV7c5FOrOa-d4t5CbQFtVIo/sm:1/w:427/h:320/cz/M6Ly9wcm9kLWNhd/GFsb2ctbWVkaWEvbHQvMS9CMjVEQzg4NzU2NkQwNThERTIxMjY2MDM/4QzdBNzg0MTg1NTY1MTJDMEI1NzIwN0UxMEZEREIzM0ZDRTZBN0Y1LnBuZw.png"
"Lidl","Deluxe Fetos sūrio salotos","1.99","https://imgproxy-retcat.assets.schwarz/QEdjWe9ndSCUMkghN6P9kNRC0kCrcFuzN9CritXYSKI/sm:1/w:427/h:320/cz/M6Ly9wcm9kLWNhd/GFsb2ctbWVkaWEvaW50L0ZDMTczQzM3OTlCMUY4MjJDRTQ1MzE1NT/dFMjhFRTBBMjlENTU2NzAwOUMwNUE5ODJGREE5MjYxN0ZBNDg4QUUucG5n.png"
"Lidl","Deluxe Džiovinti pomidorai saulėgrąžų aliejuje su rozmarinais","1.79","https://imgproxy-retcat.assets.schwarz/JNsHxEDxGtdxLqmW3IdVH6szMRT1JjR5ZtejhLfe7To/sm:1/w:427/h:320/cz/M6Ly9wcm9kLWNhd/GFsb2ctbWVkaWEvaW50LzJFOEJGMEIyRTBDMUQyQUUwRUE4OEU5OT/JEM0MyQUVEQjMyMjU1M0MxNkVEOTlEQjNEQUJBRUUzMEQ4MkVCNEYucG5n.png"
"Lidl","Deluxe Kumpis „Prosciutto di Parma DOP“","23.99","https://imgproxy-retcat.assets.schwarz/GvuHZqqumZ1xsoVn-E9CK9AiNqf6Wh8fWysLrn78XRY/sm:1/w:427/h:320/cz/M6Ly9wcm9kLWNhd/GFsb2ctbWVkaWEvaW50LzM4MkUwODk1QUJGN0Y2NkNGRjBEMjhFRk/I4MDEzQThCM0YwMEM1Q0Y3OTlFQzVEMDlCNjZGMjE4MkQzQTlGRTYucG5n.png"
"Lidl","Deluxe Šaltai rūkyta lašišos filė škotiško stiliaus, pjaustyta","9.99","https://imgproxy-retcat.assets.schwarz/0PZRTiHayz8TlWtk9G3uUCEAagB_pAcLrDOnDf-VGDo/sm:1/w:427/h:320/cz/M6Ly9wcm9kLWNhd/GFsb2ctbWVkaWEvaW50LzEzRkYyNjk3RTNBQUY2RjVGM0EwNzIwMz/g3Rjc5NjIxRTJGMjgzMTk1QzQyQjJGRURDMjAxMkU1RjAxQkZERDUucG5n.png"
"Lidl","Deluxe Lašiša tešloje","9.99","https://imgproxy-retcat.assets.schwarz/ed1AWn_oi96fp5RUeaPrmmssEeqT_KkB7PnwS0rIMQE/sm:1/w:427/h:320/cz/M6Ly9wcm9kLWNhd/GFsb2ctbWVkaWEvaW50LzJDNEZBRTI4QzYwNEUxRUNEM0M4OTMxMk/MyMTc5RjNBRjg5OUU3MEE5NjMyQzA5OTgzREM1MEY2MjE5RkY1QTgucG5n.png"
"Lidl","Deluxe Pica su mocarela, kriaušėmis ir sūriu „Gorgonzola“","3.29","https://imgproxy-retcat.assets.schwarz/VJAU8rWS5VGqb-GTPknSe9bSCnLjOAyXzQQzGEu0FZ0/sm:1/w:427/h:320/cz/M6Ly9wcm9kLWNhd/GFsb2ctbWVkaWEvaW50LzNBQUEyNzUyM0UxNkZCMTRGNjg3NjI2NE/FBOEY4MDBDODA0MTlCNzdBQzREMTYyOUI3MDhGQkVDM0E5MEJCNDcucG5n.png"
"Lidl","Deluxe Vytintų iberiškų dešrų ir nugarinės rinkinys","3.49","https://imgproxy-retcat.assets.schwarz/U4qppkdj2wAg_NfipJjs1WkVC4Do24NVu9EZLf8e-6o/sm:1/w:427/h:320/cz/M6Ly9wcm9kLWNhd/GFsb2ctbWVkaWEvaW50LzgxQUY1QjBFQTkwOEFBMDQ3MjJBNzE2MT/lEMERCQUQzMDJFQTg5MTJFRDQ3Q0U4RTUxNUZBQjY1RDE5QUE2MTQucG5n.png"
"Lidl","Deluxe Avinžirniai su trumais","3.69","https://imgproxy-retcat.assets.schwarz/e-gEeJyPevv5wPAhkgar3fSH6hgx5HaNgXBlB7EVgyc/sm:1/w:427/h:320/cz/M6Ly9wcm9kLWNhd/GFsb2ctbWVkaWEvaW50LzM0REY4MTlFMDJDNkFBNzIyMEU0OTVFRE/RERDJEMTk2NTZDNDQxOEJDNDk5OTI4RjhDOEVFOTJENUJGQUIyMDkucG5n.png"
"Lidl","Deluxe Vytinta kiaulienos dešra","2.49","https://imgproxy-retcat.assets.schwarz/OSAtmAEDt9f_S4hHqI5v21ipQhH2nhXmXn5oZN2Pkmc/sm:1/w:427/h:320/cz/M6Ly9wcm9kLWNhd/GFsb2ctbWVkaWEvaW50L0EwMTczNkYxODY4MDMzQ0U3N0NFMTlCNk/VCRjM3OTNENDVGRUVGNzAwOEM1NTBGMjI3RUU0RTdGODJBQTMxQzUucG5n.png"
"Lidl","Deluxe Kiaulienos mentė","44.99","https://imgproxy-retcat.assets.schwarz/kxuFucjGzlhkXmaQpuSy6O7oYF3LpOt3IrGw-9rTbQY/sm:1/w:427/h:320/cz/M6Ly9wcm9kLWNhd/GFsb2ctbWVkaWEvbHQvMS8yN0M1NjYzODIzNjQ5ODQ3M0VDMERBRjQ/2MjA0NTc5REIxQTcwN0Q4RjM0NUY5OEFCQ0NEOTY3RjhENzZDNzlELnBuZw.png"
"Lidl","Deluxe Aitriųjų paprikų skonio šviežias ožkų sūris su česnakais","3.19","https://imgproxy-retcat.assets.schwarz/4QkKu1c_RIkfPOvX3TOe93sI4ZDX_ZEBnX7BRqKpfGA/sm:1/w:427/h:320/cz/M6Ly9wcm9kLWNhd/GFsb2ctbWVkaWEvaW50L0QwOTIxODczMjMxNDZEM0JBMDUxN0UzRj/k4RkRDMDk5NzMwQzgzNjM5MTQwNTk5ODdBMDk2MjBDODE4QzIyMzUucG5n.png"
"Lidl","Deluxe Sūris „Gorgonzola“ su maskarpone ir riešutais","3.19","https://imgproxy-retcat.assets.schwarz/lf9djgxOxo5jjzUjkK7LtOrOjK1An_wzlpl3VEg9MB4/sm:1/w:427/h:320/cz/M6Ly9wcm9kLWNhd/GFsb2ctbWVkaWEvaW50Lzk4NUYwN0RGNzI1NTdBNDJGQzFFQzRGRD/ZCNEQ5MEZBQ0MzRjFGQURBMEZCNTY1QzBFNTVGMjFEODUyNjA3QzUucG5n.png"
"Lidl","Deluxe Paštetas","3.39","https://imgproxy-retcat.assets.schwarz/S6NuMhuWagnf5hkp4tV4DLBRgFPkJ6tbSP8YVreSIQU/sm:1/w:427/h:320/cz/M6Ly9wcm9kLWNhd/GFsb2ctbWVkaWEvaW50LzM2MjZDRTg5M0M3NERDRjUyNzhCNTA3Qz/VCMTZBNzM1NUZBNjc2RjFDRTQ3NkE2NDE5MTFDMDNCOTY1OERFODgucG5n.png"
"Lidl","Deluxe Konservuoti grybai","2.49","https://imgproxy-retcat.assets.schwarz/UW7FYI8JhdKJmF4rkjuIl6mJgZ02E2UFx9bWMllkFgA/sm:1/w:427/h:320/cz/M6Ly9wcm9kLWNhd/GFsb2ctbWVkaWEvaW50LzZGRjQ2MzhGQkUzNDQ1MDAxMjk4NTIyNT/FCRjJCRkY0RTc2NUI3QjhFNTIxMjQ1NjM3OTdEOUYwNTlCMkYxQzEucG5n.png"
"Lidl","Deluxe Kiaušininiai makaronai","2.49","https://imgproxy-retcat.assets.schwarz/8fU2lfkl6cPD_QfaIF8i1YJkAeSN7990wo4jvDoWIgA/sm:1/w:427/h:320/cz/M6Ly9wcm9kLWNhd/GFsb2ctbWVkaWEvaW50LzYxNTJBRDM4QTJGMjI4OTY3MDdDMUYzME/FCNkI0RjU4NUYxNzE1ODZFQkZFMTMxRkZFMkQxQTBDOTdDOTkxMzAucG5n.png"
"Lidl","Deluxe Ekologiška arbata","4.49","https://imgproxy-retcat.assets.schwarz/Lx2go179g6djJm1W8l952JAYrShLF-1fQOK75jOkp5w/sm:1/w:427/h:320/cz/M6Ly9wcm9kLWNhd/GFsb2ctbWVkaWEvaW50L0ZENDhGRjgwRjY1RTEwODJCRjdEMDcyRj/dCNTVDOUFEN0Y5MkI0MjYxQzJFOEVBQkU2RTNGMzk2NTBDM0Q3RkUucG5n.png"
"Lidl","Deluxe Itališkas desertas","1.99","https://imgproxy-retcat.assets.schwarz/m1lQX50J8q6434vnl67zz4L6xDE1bfduYT8BP98arqw/sm:1/w:427/h:320/cz/M6Ly9wcm9kLWNhd/GFsb2ctbWVkaWEvaW50Lzg1QzczMTQ1RDhERjNBRUUyRkE4NzdBQ0/MzRTExQjA3QzRENkU1ODE3M0VDM0VDMUY2NTRERDAzREEwNEU4ODAucG5n.png"
"Lidl","Deluxe Migdolinių sausainių rinkinys","3.99","https://imgproxy-retcat.assets.schwarz/NRkNZfe9cN4TqxRdLXjvXwXXRkqdJaEo8qVSOCOC7qM/sm:1/w:427/h:320/cz/M6Ly9wcm9kLWNhd/GFsb2ctbWVkaWEvbHQvMS9CQjE2OTYwMjc1M0YzOUJFNDA0QjcwRDQ/5OTZDMDgyMTMyQzEzNzAyQjlGNUI3QjBGMDNFODMyM0ZDN0U3QUE2LnBuZw.png"
"Lidl","Deluxe Ledai","4.69","https://imgproxy-retcat.assets.schwarz/lQsdT6s65mSiMlzEPmzBSVJgpHdIeV37rvF1YqSYRY4/sm:1/w:427/h:320/cz/M6Ly9wcm9kLWNhd/GFsb2ctbWVkaWEvaW50LzQ2QkIwQjJCMURBOEY3OTI4QTg5QjkwMk/Q4NTEwRkE3RDA5NjM3RkY2OTI1NkQ2REI3RjM5QTQ4QjdCRTM4QjAucG5n.png"
"Lidl","Deluxe Ledai","3.19","https://imgproxy-retcat.assets.schwarz/j7llngBJpgdHNNt7fJrRnG9NKwtJEMzp48r5_Rscges/sm:1/w:427/h:320/cz/M6Ly9wcm9kLWNhd/GFsb2ctbWVkaWEvaW50Lzk2NThBRkIwNUNGOEFFODdFNzZGOUQ1OT/ExQjkzMkNDNUMyQ0ZBN0FERUQ3NUJBNzk2MzU2RkUzOUEyMEI0QjMucG5n.png"
"Lidl","Deluxe Tiramisu desertas","1.79","https://imgproxy-retcat.assets.schwarz/mYhX_et7mn52IJOWNkUgOTwhK3BjqNgICkHFDzmteS0/sm:1/w:427/h:320/cz/M6Ly9wcm9kLWNhd/GFsb2ctbWVkaWEvaW50LzZCQ0UyNUNENjMwODExODc2MjlGRDJDMj/dGQTM1QzZBMEZCODA2OTFBREUyOTE5RTg0M0E1QjYxRDBGRDU4Q0UucG5n.png"
"Lidl","Deluxe Desertas su maskarponės ir sūdytos karamelės sluoksniu","1.59","https://imgproxy-retcat.assets.schwarz/zgA5tfcYNYeGdUmoOaSW77nK4hVgdqU29VMgJ67U8es/sm:1/w:427/h:320/cz/M6Ly9wcm9kLWNhd/GFsb2ctbWVkaWEvaW50L0QwRTc3RjJCQzlCQzI0OTY5M0YzNDI0Qk/U1NDFEOEQ1Q0ZCMUEyQ0M2OEI4MjczOUZEOTA4QTQ0MkZCQjRDMUEucG5n.png"
"Lidl","Deluxe Desertas","1.89","https://imgproxy-retcat.assets.schwarz/cJSwiHbHUq0Ae3_MmC_6iDFYXttrptERZV9yBYQvb7A/sm:1/w:427/h:320/cz/M6Ly9wcm9kLWNhd/GFsb2ctbWVkaWEvaW50L0IzNEQ4M0M1RkZENDA4MThCMEU3MTJEQj/dDNUM2QzY3OUIwNjdFRkExRjY2OEZCMjZBQkI3N0EzMDI2RUYwNEUucG5n.png"
"Lidl","Deluxe Pyragas Panettone su šokolado įdaru","12.99","https://imgproxy-retcat.assets.schwarz/ZBzRvgR1WFfbh2vz-_R9vLj2EYRYdanpqsJGucWntD4/sm:1/w:427/h:320/cz/M6Ly9wcm9kLWNhd/GFsb2ctbWVkaWEvaW50LzBERkUxMTc1NDJDNDNDRDYyODYxRTg4Mz/Q3NEE5MUQzQkE2NkVCRTE2NDk2ODJCOUU3RkUxMUZEMDFDMzU1RjQucG5n.png"
"Lidl","Ariel Skystas skalbiklis Mountain Spring arba Color","14.99","https://imgproxy-retcat.assets.schwarz/G6dvl1G7QEhfLUomFjeo0ktetb4lR0wuGYkQlukmCUY/sm:1/w:427/h:320/cz/M6Ly9wcm9kLWNhd/GFsb2ctbWVkaWEvaW50LzVBNjY4QjY4ODhENTRBQzI4REU2NkQ4Mz/U2OTRFMkY4MkU1OTRBNjJBOUE1RUY4QkI5MEZDODczMUVFNTgzMDkucG5n.png"
"Lidl","Ariel Skalbimo kapsulės Extra Clean","23.99","https://imgproxy-retcat.assets.schwarz/2p7bdW6GE2B9Szve1FpG-d0xrU3iAWYBxGKBA3dRdJI/sm:1/w:427/h:320/cz/M6Ly9wcm9kLWNhd/GFsb2ctbWVkaWEvaW50LzRDRkZEQTZFOTI2NEI2QTdBODBFMTI5OD/VERjM5QkNDM0QxNzYzQjI3MDlBRjgzMUU1OURBODZFMEM5OEM3RjIucG5n.png"
"Lidl","Coccolino Minkštiklis","3.59","https://imgproxy-retcat.assets.schwarz/dFvQjcgc4-NIvMIKfOo_RYC4tEAIcNl9XFJ96dJsYYQ/sm:1/w:427/h:320/cz/M6Ly9wcm9kLWNhd/GFsb2ctbWVkaWEvaW50LzdGRTJENDAyMEU2NjdDQ0E5Mzg5MERCQz/lBOTNGOEUxRUFDRkUxNkQ5NzNBRTY4RkNDRDNCRjRGODJCQjA0RkUucG5n.png"
"Lidl","Finish Indaplovių nuosėdų valiklis","3.99","https://imgproxy-retcat.assets.schwarz/Reqj_gc8oqn5mM-njcaJqmc1AFPH6oqP7OfnWAVIYMc/sm:1/w:427/h:320/cz/M6Ly9wcm9kLWNhd/GFsb2ctbWVkaWEvbHQvMS9CNTA4NjJFMzBBQkRGMTFCOUUwRUMyMDI/xMTZDRTZGQzlDOTA3MkI0REEzMkNFMTdBQkZBMDIyNUY4NUM4NTI4LnBuZw.png"
"Lidl","Deluxe Desertas stikliniame indelyje","2.49","https://imgproxy-retcat.assets.schwarz/LB_hQ1bbaHKJ3C6xsRRIquIG7yGOGheC_25HmAD50Ig/sm:1/w:427/h:320/cz/M6Ly9wcm9kLWNhd/GFsb2ctbWVkaWEvbHQvMS9CNDk1MDA2MkYzN0RBQzQ0REM2RDcwQjI/5RTEzRjhFRkRFNUZBNzUwNTI0RUVEQjUxOTYzM0JFRjFFMTg3Q0VELnBuZw.png"
"Lidl","Favorina Pyragas „Panettone“ su šokolado gabalėliais","1.29","https://imgproxy-retcat.assets.schwarz/YEuSqqx0K6EHJprKhP4YSkI5GNJN5iBeMn1iTknODnA/sm:1/w:427/h:320/cz/M6Ly9wcm9kLWNhd/GFsb2ctbWVkaWEvaW50L0Q1MjRBRjQxNzExNDhFMkEzM0VBREZGMj/ZDQzZCOTFGMTAyNUE0RTFCNDc0RTE5NTc3RkQ5NUExQ0UxN0JFMjgucG5n.png"
"Lidl","Favorina Marcipaninė duona","1.99","https://imgproxy-retcat.assets.schwarz/oQUDFdkE1TGEHWCoioifAoQ4VD4zGpsmlW_3xDu-Whg/sm:1/w:427/h:320/cz/M6Ly9wcm9kLWNhd/GFsb2ctbWVkaWEvaW50LzQzRDYyODA3NEMzMzBCNTk2QzlFMzU2MU/I5QUY5RTExQTE1Q0Q0MEU0RkZEQ0ZCQzE4MUY4NDA5QzZBQjMxMDYucG5n.png"
"Lidl","Ariel Skalbimo kapsulės „Extra Clean“","12.69","https://imgproxy-retcat.assets.schwarz/Pucae0JPmK3CFMWtvjqPluU2M6iFI_AJ4SvUc8m01ow/sm:1/w:427/h:320/cz/M6Ly9wcm9kLWNhd/GFsb2ctbWVkaWEvaW50LzhEM0U1MTA2MUVDNzRBRTk5ODI1QzA3ND/c1Nzk0RjI1RTlCRDgwMUUwMDI1MDJGRENBMTY0RjQxQTc0QzhEQTYucG5n.png"
"Lidl","Utenos mėsa „Giminių“ dešrelės","2.49","https://imgproxy-retcat.assets.schwarz/vymwXgagAvtegLoEUBGp2TARoxTIzr12Vtt8zNfrIYw/sm:1/w:427/h:320/cz/M6Ly9wcm9kLWNhd/GFsb2ctbWVkaWEvbHQvMS8zODg2RUFBN0IwOTA4QjgxMEUwREEwN0Y/4OUI3NEQwOUZCQ0NCMDUzMjk0MDNGODQyQTlBNTQzOEM0NEUzNkVELnBuZw.png"
"Lidl","Samsonas Virta „Panerio“ dešra","3.49","https://imgproxy-retcat.assets.schwarz/T8RarOoreJjbjzQGwkZxsUvH2pfa3G8J1mpdkHC1a5w/sm:1/w:427/h:320/cz/M6Ly9wcm9kLWNhd/GFsb2ctbWVkaWEvaW50LzQzODdCM0QzOUU1MzhERTkzNzUxQjcwMz/czNzE1QkQzQ0ZEMzY3RURGREI3MUI0RkJDNENDNDU2OTRFNTU3ODAucG5n.png"
"Lidl","Biovela Vytintos dešrelės „Salamini Bernų“","3.34","https://imgproxy-retcat.assets.schwarz/pcRcThGkTqr34bf2Nz3Nykd9nx6jFLPJN2M8YemQ7SY/sm:1/w:427/h:320/cz/M6Ly9wcm9kLWNhd/GFsb2ctbWVkaWEvaW50LzlFQUVDNkQ5REQ2NzUzQTgyQTNCOTBDOU/YyMzAwN0Q4RUQyNjgxQTVEQTA0QkQ4MEMxRjVBRTk4RkI3RDczMDQucG5n.png"
"Lidl","Rio Mare Paštetas","3.09","https://imgproxy-retcat.assets.schwarz/-Wl9a54sSEbEwKiUx1wYVtqIH5sR9m3B1jgUZI6hYqQ/sm:1/w:427/h:320/cz/M6Ly9wcm9kLWNhd/GFsb2ctbWVkaWEvbHQvMS9DRjRFRUQ5Qzg4REFFQUY5NkFBRDZEMDE/2MUQ0OTlGQURENjdERDc2NkRFM0IwRjkyQzFCQ0U2RUU4NDEwQjA4LnBuZw.png"
"Lidl","Sudrablīnis Upėtakių žuvų ikrai","9.99","https://imgproxy-retcat.assets.schwarz/9Eame_MCfFv9FcvFu5LpNorO50E4hdW-ybbMZvc0Ebs/sm:1/w:427/h:320/cz/M6Ly9wcm9kLWNhd/GFsb2ctbWVkaWEvbHQvMS9BNjUwOEI4Q0I5OTk1NjA5RkU3REQ3MjQ/3MEZBQUY0Njc1QjU2NENCRTIyRDE1OUJDNDI0MTdGRDg4ODRCQUEzLnBuZw.png"
"Lidl","Kaukazinis kenis","23.99","https://imgproxy-retcat.assets.schwarz/p-U8DB1wL0fKVayeZUraYjN70DJQOB_KkaxTH7IG6co/sm:1/w:427/h:320/cz/M6Ly9wcm9kLWNhd/GFsb2ctbWVkaWEvbHQvMS9ENkFGRkI4NTM3QzEyREVERTQ3NzMzNjg/3NDA2M0I3N0EzN0JCMUZCMTE2ODE0MUEyNzk1RDg5NkI5OEVFOUE1LnBuZw.png"
"Lidl","Deluxe Brandintas kietasis sūris su trumais","3.49","https://imgproxy-retcat.assets.schwarz/-BR263oGYN0PsPInqlEJNAQ52y69xVXhfwVyW9wkBzI/sm:1/w:427/h:320/cz/M6Ly9wcm9kLWNhd/GFsb2ctbWVkaWEvaW50LzMxMDI2MUU3OTMyRjVCQUE4MUVDQUE4MU/JDNzE5ODU3ODgyOTAzM0E4MkVEOEE4MzFEOTVCRkY2NzE5QTI3MTUucG5n.png"
"Lidl","Deluxe Sviestas su trumais","1.99","https://imgproxy-retcat.assets.schwarz/Yne_x7kAF5jusPA72QKAt5eZxC31YPI7Mz103-YHw68/sm:1/w:427/h:320/cz/M6Ly9wcm9kLWNhd/GFsb2ctbWVkaWEvaW50LzkxRTgxRjVFREJBQ0U0NzdGQjE0RUJFN0/Y4MDlGMUU2RTcwRjRENzU0QTNEMkM1MDAwMjQ5MzVENkEyOTk3NzkucG5n.png"
"Lidl","Deluxe Kiaulienos dešra","2.19","https://imgproxy-retcat.assets.schwarz/oEqh63by0e52dQnbB1jHkCvuvC5SLRow9nTa4GoLzD8/sm:1/w:427/h:320/cz/M6Ly9wcm9kLWNhd/GFsb2ctbWVkaWEvaW50LzRDNkY1NEE1RDkzQzAyQjBENUUzODE0OT/hGMUNBMjg3REM4MUQzQkVFRDNGNDM5MjA5NzdFMDk2MEMwODc4QjQucG5n.png"
"Lidl","Deluxe Kumpis „Prosciutto Cotto“","2.99","https://imgproxy-retcat.assets.schwarz/-8qdnIZV3Hz5Oc0B4Re7wZI-CexX8AA47WZ_Otqp68g/sm:1/w:427/h:320/cz/M6Ly9wcm9kLWNhd/GFsb2ctbWVkaWEvaW50Lzg1MDVGRERFNUE1QjJCNzI5MzM5MUZGQT/I4MkM4REYwQ0RFRjkxMDUwMjE4NzgwRUVERDIwNUYyMDg3MTc2OTQucG5n.png"
"Lidl","Deluxe Pica su trumais ir kumpiu","3.69","https://imgproxy-retcat.assets.schwarz/1zpY9y9ny5E8sy5KE9GZ6m46dQ6gwNskT9_LPPjcUsA/sm:1/w:427/h:320/cz/M6Ly9wcm9kLWNhd/GFsb2ctbWVkaWEvaW50LzJDRTM5MTdEQTNDNzkwQzMzNTAzQjQxRk/FENzc0OUY0OTVCMDIyOTUwQTUwRjEwODREMkMyMTE3Qjk1MkE3QUIucG5n.png"
"Lidl","Deluxe Paukštienos paštetas su baltaisiais trumais","2.99","https://imgproxy-retcat.assets.schwarz/YrSCm2jgMnuETFLws8dr6MicIKl7XSIasTVZux1nM84/sm:1/w:427/h:320/cz/M6Ly9wcm9kLWNhd/GFsb2ctbWVkaWEvbHQvMS83NzE2NTYzNUMyMTI3REVCQzRBNERCMUN/DNjJEQ0I4Q0Y5QTJFRUY1OTdFMEFGQkFGRjEwQjU0NDY0QjkwQUJCLnBuZw.png"
"Lidl","Deluxe Žalios alyvuogės, įdarytos trumų pasta","1.89","https://imgproxy-retcat.assets.schwarz/wX-O7Zy2As8LUyWxDDA7NYqazw0diN0kka1HyThmRDk/sm:1/w:427/h:320/cz/M6Ly9wcm9kLWNhd/GFsb2ctbWVkaWEvaW50LzRBREI4RkMzOUZDQkVGMDAyQjNEQzY1ND/QxMjZGODY5MTgzNzM5MkE0NUYxNUIyMzRGQzA5REFEOUQzN0RDNTMucG5n.png"
"Lidl","Deluxe Padažas su trumais","2.69","https://imgproxy-retcat.assets.schwarz/GrV5ycHmy5IEOJzkKORDf1o8JZ5G8Ms_N-8z9fDfZnM/sm:1/w:427/h:320/cz/M6Ly9wcm9kLWNhd/GFsb2ctbWVkaWEvaW50Lzc0NEZDNjAyQ0M1MjRFMzIwRUMzREVBQj/I4N0U1NUY0MDI4NkM3NDNFMTIwRTBDN0M4QjcxMUJFRDA4NEJBMDEucG5n.png"
"Lidl","Deluxe Brusketų padažas su džiovintais pomidorais ir trumais","2.69","https://imgproxy-retcat.assets.schwarz/g9ModV4avsrqEL-b6pUliyd8QiaMmnVY-9Fs-Vuv_T4/sm:1/w:427/h:320/cz/M6Ly9wcm9kLWNhd/GFsb2ctbWVkaWEvaW50LzZDNDk0OEM1QzQwMkZCRThBNzRBQzFENk/Q3NjIwNTJGNTk4Qzg3MDZDN0Y0ODc5MDUzMjk4RDM3MEZFQTU1OUYucG5n.png"
"Lidl","Deluxe Buratos sūris su vasariniais trumais","2.29","https://imgproxy-retcat.assets.schwarz/3tJHPjUxeg-bnfK0lZpj0tlxYjT8zVFjdGBcGKe4mLQ/sm:1/w:427/h:320/cz/M6Ly9wcm9kLWNhd/GFsb2ctbWVkaWEvaW50LzJGMkI3MUIzMzgzREFEOTg3ODhFNzUzNj/FGRDBEMDAwRkM4Njk3NDY1MEQ5MDc3NUFEMDc0MTQxNUJGMDA5Q0EucG5n.png"
"Lidl","Deluxe Virtiniai su trumų kremo įdaru","1.99","https://imgproxy-retcat.assets.schwarz/k136CxV7qfWJs5OH0sYXTtRMuWujGo3Ymh2wS06RJE0/sm:1/w:427/h:320/cz/M6Ly9wcm9kLWNhd/GFsb2ctbWVkaWEvaW50LzI0MTMzRTQxN0Y5RDJBMDREN0Q1Mzg2Nj/g5MEM3OUY1NDAzNTEwMTdEMTk2QTcwOTcyNkUxMDRERjY0OURFRDUucG5n.png"
"Lidl","Deluxe Vytintas kumpis trumų apvalkale","3.49","https://imgproxy-retcat.assets.schwarz/yEOWXx-OKkWSqWNwVw_CTpOiVRsGbSN1Gtp7TGKHvIQ/sm:1/w:427/h:320/cz/M6Ly9wcm9kLWNhd/GFsb2ctbWVkaWEvaW50L0U0Q0JFNDlDODU1REIyODk2REI0OEZERj/JBNjA5QTQzQ0JGMTY1QjFFMkQzMEIwRDA2N0QxNDNBNzVFQ0I4RUIucG5n.png"
"Lidl","Deluxe Itališki makaronai","2.49","https://imgproxy-retcat.assets.schwarz/5L_-7aLrU-yrfJw53k8vHMwigfMnq1qNc05qB5Ai18M/sm:1/w:427/h:320/cz/M6Ly9wcm9kLWNhd/GFsb2ctbWVkaWEvaW50LzRCQTUyMkFDOTBCRDIzNDFGMkU0NjFBOD/UwOEMwRDBCM0UwQzcxRTkxQjI0MkYwNDdCNzUxRjk3RjJDQUQzQjkucG5n.png"
"Lidl","Deluxe Alyvuogės","2.99","https://imgproxy-retcat.assets.schwarz/6jvVbPXE1ygCG8ju6AgODX9P8Sct5DKBviotIno_Qb8/sm:1/w:427/h:320/cz/M6Ly9wcm9kLWNhd/GFsb2ctbWVkaWEvaW50LzcwMDc3NjYwRUIzODFGQjkwMkE4NjkyNE/Y2NUI2QUIzNjlCMkEwMjIzQUMwOEJEODEwNzdGNkVCMzUwQ0U3RjYucG5n.png"
"Lidl","Deluxe Vytinta kiaulienos šoninė","3.49","https://imgproxy-retcat.assets.schwarz/8RPK3EHfu0MZQAPCgF1r_DxXu2P5hN3BewV5_vD2pf4/sm:1/w:427/h:320/cz/M6Ly9wcm9kLWNhd/GFsb2ctbWVkaWEvaW50LzAzRkQ5QjUyRUI3REMyODNEMjVFNDM5MU/Y0ODk1MEZFQTQzOUE2ODBCRThGOUVGNTg5MDE0QkE3MzQ0RDAyMzQucG5n.png"
"Lidl","Deluxe Rūkyta dešra „Fiocchetto“","2.49","https://imgproxy-retcat.assets.schwarz/oCYNDlxjPLQyJA-uN4YCXAJIgt9WrJHslZBj1hE4M4o/sm:1/w:427/h:320/cz/M6Ly9wcm9kLWNhd/GFsb2ctbWVkaWEvaW50LzY4NkQ4RjNFODdFOEVGM0IyNjdBRUJCRj/YwNUJDRjJBMENFOEFFRjEzRThDQTYxRjZFRTUwQ0RDNkQ2Qjg3OTgucG5n.png"
"Lidl","Deluxe Kiaulių kepenų paštetas","1.29","https://imgproxy-retcat.assets.schwarz/Wwg3ph5viJgznTCTcWnZjVFVvohTTn0ohoJZuE6jJJs/sm:1/w:427/h:320/cz/M6Ly9wcm9kLWNhd/GFsb2ctbWVkaWEvaW50LzYwN0Y4ODExRDhDNUVEN0E1MTA0MzREQk/QzRTYxNzY3OEZCMkFFODNENjkwREZBNTNBRDYxMUQ0RTA2RjUyRUIucG5n.png"
"Lidl","Deluxe Padažas su keptais pomidorais ir juodais česnakais","1.99","https://imgproxy-retcat.assets.schwarz/m2ksQLU9d05KvFdBLw3sYn-M5SynSfxn1aZE5hxiETQ/sm:1/w:427/h:320/cz/M6Ly9wcm9kLWNhd/GFsb2ctbWVkaWEvaW50LzM5MzhFNTcxMUJFRThBRTI0RkExMjc3RT/RFOTU3MzNFRDlEMTUzNDRDRkFGRThGMDFFNjFGOEJDRDMxMkE3NzkucG5n.png"
"Lidl","Deluxe Marinuotas jūrų gėrybių kokteilis arba marinuotos baltakojės blyškiosios krevetės","4.89","https://imgproxy-retcat.assets.schwarz/N9G09qToYRHECKNChQjIqRq7VqFdAdWtkTW24nhfT04/sm:1/w:427/h:320/cz/M6Ly9wcm9kLWNhd/GFsb2ctbWVkaWEvaW50LzhCMUJCMDQzMkU2MUM2N0VENzIyQTg3ND/Y2RDRDMDM5RjZFM0U3NzVDMDgyRTEwNjdGQzU1NzI0OUI2OUQ3ODIucG5n.png"
"Lidl","Deluxe Moliūgų sėklų aliejus","5.99","https://imgproxy-retcat.assets.schwarz/HmL9k-1cdlrSD9cIg-W-sGBl5mv4Wjqg37AFZahbQTc/sm:1/w:427/h:320/cz/M6Ly9wcm9kLWNhd/GFsb2ctbWVkaWEvaW50L0Y0ODA4NEQwRjQxODkzMzZFN0NBRDc3OD/k2OThERkZBMDQxMTMwRUFDNzJFMDM2NzJDQjc3NEJGNTZFQzA4RjYucG5n.png"
"Lidl","Deluxe Įdaryti virtinukai „Cappelletti“","1.99","https://imgproxy-retcat.assets.schwarz/lpX4xQRZyuhz4PzgDLf9jGQPKKb0wlRcG458yzMdi6g/sm:1/w:427/h:320/cz/M6Ly9wcm9kLWNhd/GFsb2ctbWVkaWEvaW50Lzk5NTEzRjM2N0JERkIyN0U4Njg1ODg2N0/VFMkYyMEQ2RDYwNEIxMDMzNkEzOTE0N0E2Q0VDMTJDNUM1MEFBOTMucG5n.png"
"Lidl","Deluxe Jautienos karpačas su alyvuogių aliejumi","3.99","https://imgproxy-retcat.assets.schwarz/O3jljRi4gYo1-2quTUu73XXyHkBNSvtW5WyEOLqA06A/sm:1/w:427/h:320/cz/M6Ly9wcm9kLWNhd/GFsb2ctbWVkaWEvaW50L0VCRTI1QUFDNTNDNUVGOUM4MDc2NDc5Nz/A1OUVGQjcyNjk3MERGQzA1Mjg3RUU1NDM1MjU4OURFNUY2MzBEMjYucG5n.png"
"Lidl","Deluxe Krevetės su padažu","5.99","https://imgproxy-retcat.assets.schwarz/-_hylrKUgoX8wm8VzI14ygALt-kmrnV-LIpmZLoE5UY/sm:1/w:427/h:320/cz/M6Ly9wcm9kLWNhd/GFsb2ctbWVkaWEvaW50LzdENTA0NTc2QTcwOTlEMjFGQkU0QUU5NT/M0OTcyQzMwRDM3MkFEMkY4Mzc2RDY0NTI2OUU3QjI0RTY1ODRDODAucG5n.png"
"Lidl","Deluxe Pandoro pyragas įdarytas citrininiu kremu","8.49","https://imgproxy-retcat.assets.schwarz/plhPVeiBG-bEVYdBq5jIIYciQI97RfEP1OWfF48XbKc/sm:1/w:427/h:320/cz/M6Ly9wcm9kLWNhd/GFsb2ctbWVkaWEvaW50LzE4MjcxQjUxQ0IxOTAyMTBCRTNEQTg5M0/E3OEIyRDMxQ0M2NEQ5QTFFMTNCOTQwNzJEQjVERjcyNjJCNzREOUMucG5n.png"
"Lidl","Deluxe Ledų desertas","1.49","https://imgproxy-retcat.assets.schwarz/xxI5OV_GSO2Q7eB8njVriIoMtTuP1ktkz3LYjwpWmdY/sm:1/w:427/h:320/cz/M6Ly9wcm9kLWNhd/GFsb2ctbWVkaWEvaW50LzVGRjQyOTYxRUU0QUUwRUQzOEQ0RURCMj/I3Q0Q2MEU5ODE0QzlFNjhDRUUwNDE4RjMzRkU2OTY1QkRFQ0I3OEQucG5n.png"
"Lidl","Deluxe Desertas Tiramisu","3.99","https://imgproxy-retcat.assets.schwarz/omt7E_SJbTOYim05keUvaD_7FG65g2Zzu0bp6kIXIko/sm:1/w:427/h:320/cz/M6Ly9wcm9kLWNhd/GFsb2ctbWVkaWEvaW50LzZBNjQxM0QxRTkyMjUyRjlEQjk4NjU5M0/VDQzU0NjNGQUQyMzk4MDQxQ0FGMDA4RDdBQjY0MkJCRjVCQzA3MkYucG5n.png"
"Lidl","Deluxe Kreminis sūris","2.29","https://imgproxy-retcat.assets.schwarz/GJPMjQ5Rx-mZfY_4fGRxcJgDfhLY2IO353wUW7LEYRY/sm:1/w:427/h:320/cz/M6Ly9wcm9kLWNhd/GFsb2ctbWVkaWEvaW50LzhDQjdGMEIzMzVDQTdENURCOUU5MjQyQ0/VFMTdFNDY1MjQxRDk0NjczRkZBRTIwMTkzNkIxMUQyMjVEM0EyRjkucG5n.png"
"Lidl","Deluxe Šokoladiniai pyragėliai su skysto šokolado įdaru","2.99","https://imgproxy-retcat.assets.schwarz/JWbI1sx7sNE5ygBqKJ7E02iSvCSpTBp9x8D6QpDoBw0/sm:1/w:427/h:320/cz/M6Ly9wcm9kLWNhd/GFsb2ctbWVkaWEvaW50LzQzNTA3NDY4N0E2MDUyRjM5RTQ1RTg0OT/BENUMyNkU5NzA1ODJCRENENDI4RDg3RDcyMEFBQjEwNjkwOTlBRkMucG5n.png"
"Lidl","Deluxe Desertas su biskvitu","3.69","https://imgproxy-retcat.assets.schwarz/oQsepQp7WRkak0X60YnDDNUXhiU4kALA5eBDkt6X8Gw/sm:1/w:427/h:320/cz/M6Ly9wcm9kLWNhd/GFsb2ctbWVkaWEvbHQvMS8wQkQ4REY2QzM3MTg0NzM3MDQ5NUYyMjc/xQjdFNjFFNEY1MDY5OEJENTYwRDg1NjA0MUYzMTZBRjZGQjdFRjVCLnBuZw.png"
"Lidl","Deluxe Kvapusis / tualetinis vanduo","5.99","https://imgproxy-retcat.assets.schwarz/un-i9M1CaZtQ2r3C1GIy8_Uc9U5lXqwLc6HVdGHpsNo/sm:1/w:427/h:320/cz/M6Ly9wcm9kLWNhd/GFsb2ctbWVkaWEvaW50L0I0M0QyNzgzMzg4RUQ0OTI4Q0U2MTEyMD/VEN0U2NDRCQzJCNkVBQkIzNzkyQjJCODQ0NzVCN0ZGMDQ3NzAwQkMucG5n.png"
"Lidl","Deluxe Šokoladu aplieti dražė saldainiai","1.49","https://imgproxy-retcat.assets.schwarz/w-JD34g4bo_M3jLVqOMeZ7UtBnZXURP6c9oIpHlFCKk/sm:1/w:427/h:320/cz/M6Ly9wcm9kLWNhd/GFsb2ctbWVkaWEvbHQvMS82QjZBNUUxMjQ0RTY5NEY1RTBCMTA3RkV/COUJDM0M2NzQzQkQ5MTQ4RUU5MzhENUQ5ODU0OTU1NzI5REQxRjEzLnBuZw.png"
"Lidl","Kūčiukai","0.89","https://imgproxy-retcat.assets.schwarz/Z5Q7R52RQNcbYgfX19dTE-omLQdRhDrD1toT3ycaNHM/sm:1/w:427/h:320/cz/M6Ly9wcm9kLWNhd/GFsb2ctbWVkaWEvaW50LzczREMzQzY4QjU3QTA5ODcyNjUxNEIyOT/g4NzExMDAxMTNBMEY1MTJEODU0QUU0M0Q2OUMxRUU0OEY1ODhBQ0QucG5n.png"
"Lidl","Šakotis Sviestinukas","14.99","https://imgproxy-retcat.assets.schwarz/9I1bpqbXoJb518GiBIdSytgHYeeCWOYD1jPMThh2L_w/sm:1/w:427/h:320/cz/M6Ly9wcm9kLWNhd/GFsb2ctbWVkaWEvbHQvMS8zNUVGNDcxOENCODk4RjQ0QjMwQThEOTM/4RTE3MjA2MUVGRjBDNTZBRkM2QzkyM0Q5NkI5MUU2NEYxRjEyM0FCLnBuZw.png"
"Lidl","Sudrablīnis Upėtakių žuvų ikrai","9.99","https://imgproxy-retcat.assets.schwarz/9Eame_MCfFv9FcvFu5LpNorO50E4hdW-ybbMZvc0Ebs/sm:1/w:427/h:320/cz/M6Ly9wcm9kLWNhd/GFsb2ctbWVkaWEvbHQvMS9BNjUwOEI4Q0I5OTk1NjA5RkU3REQ3MjQ/3MEZBQUY0Njc1QjU2NENCRTIyRDE1OUJDNDI0MTdGRDg4ODRCQUEzLnBuZw.png"
"Lidl","Lietuvos kepėjas Imbierinė sausainių tešla","2.45","https://imgproxy-retcat.assets.schwarz/2t1jmsF9jHbnExJblCYBuQtA7I7cafW72bXo0Y_EHtk/sm:1/w:427/h:320/cz/M6Ly9wcm9kLWNhd/GFsb2ctbWVkaWEvbHQvMS8wREYzODcwNzEyNjAwODJFMTFDM0ZBNkV/BMDc1MTBBNkRDRTBDMzIxNURFQzBCRjdDM0U4MjEyNjlCRTJCMzIwLnBuZw.png"
"Lidl","Lavazza Kavos kapsulės","4.99","https://imgproxy-retcat.assets.schwarz/vd-afm_-bi5COXK3J1WM9pRCrKsQ6JVe6NLjIemUgR0/sm:1/w:427/h:320/cz/M6Ly9wcm9kLWNhd/GFsb2ctbWVkaWEvbHQvMS8zRUM2QUM4OUMyNEM1NzE0RThCNzI3ODV/ENUExRkI4M0VGNkU3NjY1MEU4NjIyMkY0QTE5RERGQ0UyNkJCNDM5LnBuZw.png"
"Lidl","Ascania Medus su priedais","2.59","https://imgproxy-retcat.assets.schwarz/tixPZzz_XwEZPSRs1I6uquY2gA0aSb190RQASqwb4y4/sm:1/w:427/h:320/cz/M6Ly9wcm9kLWNhd/GFsb2ctbWVkaWEvaW50L0Y1RTJBRjlERDA1QkZDQzExODU1Q0U4MT/U1ODM2NkY2RUQzQzU0MURCQTlBRDU5NzMzRjZCMTgxMDdDRkVGRTUucG5n.png"
"Lidl","Samyang Aštri sriuba Buldak","1.99","https://imgproxy-retcat.assets.schwarz/6nVLjdRn1sd_Ska9Uyv1uI4mhLpchLRvn1SQC9xyXtw/sm:1/w:427/h:320/cz/M6Ly9wcm9kLWNhd/GFsb2ctbWVkaWEvaW50Lzg5NEExRUYyRDc5MDZBREJFNDk2MkM5Qj/YwMjI3NTIzNEEyQTIwQjcxMEY0NTM4QTYzMjFCNjM2RjAxNjNBQjMucG5n.png"
"Lidl","Etno Arbatų rinkinys Užburtos žiemos akimirkos","7.99","https://imgproxy-retcat.assets.schwarz/_rTOgh1KZECIRY_ykQHfq4PA1dHBj09DFailMYqkVQE/sm:1/w:427/h:320/cz/M6Ly9wcm9kLWNhd/GFsb2ctbWVkaWEvbHQvMS85MjhGNENCRjkyMDRBODMzMUZGOUYzQzI/4MDkzNTM3RjMxOUIyQ0ExNkE4MDI1NURBNTJBRTA2MTBFMTk0QjJFLnBuZw.png"
"Lidl","Utenos mėsa Dešrelės Giminių","2.49","https://imgproxy-retcat.assets.schwarz/vymwXgagAvtegLoEUBGp2TARoxTIzr12Vtt8zNfrIYw/sm:1/w:427/h:320/cz/M6Ly9wcm9kLWNhd/GFsb2ctbWVkaWEvbHQvMS8zODg2RUFBN0IwOTA4QjgxMEUwREEwN0Y/4OUI3NEQwOUZCQ0NCMDUzMjk0MDNGODQyQTlBNTQzOEM0NEUzNkVELnBuZw.png"
"Lidl","Samsonas Virta Panerio dešra","3.49","https://imgproxy-retcat.assets.schwarz/T8RarOoreJjbjzQGwkZxsUvH2pfa3G8J1mpdkHC1a5w/sm:1/w:427/h:320/cz/M6Ly9wcm9kLWNhd/GFsb2ctbWVkaWEvaW50LzQzODdCM0QzOUU1MzhERTkzNzUxQjcwMz/czNzE1QkQzQ0ZEMzY3RURGREI3MUI0RkJDNENDNDU2OTRFNTU3ODAucG5n.png"
"Lidl","Biovela Vytintos dešrelės Salamini Bernų","3.34","https://imgproxy-retcat.assets.schwarz/pcRcThGkTqr34bf2Nz3Nykd9nx6jFLPJN2M8YemQ7SY/sm:1/w:427/h:320/cz/M6Ly9wcm9kLWNhd/GFsb2ctbWVkaWEvaW50LzlFQUVDNkQ5REQ2NzUzQTgyQTNCOTBDOU/YyMzAwN0Q4RUQyNjgxQTVEQTA0QkQ4MEMxRjVBRTk4RkI3RDczMDQucG5n.png"
"Lidl","Globus Žalieji žirneliai arba saldieji kukurūzai","1.19","https://imgproxy-retcat.assets.schwarz/p9KI5mtJ_p4EyRmUdWyBSWL0pwG6fmA6YQMxlxNQh1Q/sm:1/w:427/h:320/cz/M6Ly9wcm9kLWNhd/GFsb2ctbWVkaWEvbHQvMS9EOTJBNjZCMTQ5QzdCM0RGRjQwRTUyODk/0OEM4MDZCOTRGMENBMEU4QkNDQzIzM0JEMTQzNjU2QzQ2MEE3RjE5LnBuZw.png"
"Lidl","CRIVIT Tampyklė","4.99","https://imgproxy-retcat.assets.schwarz/ppJNdcyhztH0oAQnBi2028-nNx_EJczV8mZsR1Hkp3Y/sm:1/w:427/h:320/cz/M6Ly9wcm9kLWNhd/GFsb2ctbWVkaWEvaW50LzU2RjdFQzQ1OUJDQjZERjU0NDMxMjgxRT/JDOTY3NzMzREQ3RkQ3OTk3NEI2MzNGQjI0MzAzQzY0QkU3NUEyQzIucG5n.png"
"Lidl","Fasuoti ridikėliai","0.69","https://imgproxy-retcat.assets.schwarz/vUOA7Gad0VrN_UuEdRYS24ZPdSkW2wQLP1krwz5_F8U/sm:1/w:427/h:320/cz/M6Ly9wcm9kLWNhd/GFsb2ctbWVkaWEvbHQvMS83ODVCN0RBQjIyOUI3MTVBQjkwOTNBM0F/FMjg5Q0JFMTY4MDk2QUJBRTdEMzNFQUUzNThGREQ0RkQ4NzYyQ0FCLnBuZw.png"
"Lidl","Įvairiaspalvė salota su šaknimis","1.29","https://imgproxy-retcat.assets.schwarz/8IkM5xrpAHzcjccJqiJ77Pgh3r4YpAqdpIZ5tJHRCGI/sm:1/w:427/h:320/cz/M6Ly9wcm9kLWNhd/GFsb2ctbWVkaWEvbHQvMS9CN0RBOEFBMzc0RkZGOTcwRjlGRUEyMDU/wMzI5NUEwQUM2QTc0MUU5RTQ3QkNCMzU4QTY0QzhCMzRFQjQ3REVELnBuZw.png"
"Lidl","Kriaušės „Lucas“","1.39","https://imgproxy-retcat.assets.schwarz/SxNroCH1woIFBAUozgKbJ5blrYdPuqIzU4PXdh_gq_Y/sm:1/w:427/h:320/cz/M6Ly9wcm9kLWNhd/GFsb2ctbWVkaWEvbHQvMS9GREFFNjhGMzFGM0I3QjZGNkM4MDg2M0V/DOTg3NDVDQTlFM0VERkJERjVGM0U2RjFBMjRERUIwRTU1MUJGRDQ3LnBuZw.png"
"Lidl","Slyvos „Angelano“","2.49","https://imgproxy-retcat.assets.schwarz/DBcjksyGNUp8oOW49yH_ED26P3wZzIJQ9zO7HNiWA1I/sm:1/w:427/h:320/cz/M6Ly9wcm9kLWNhd/GFsb2ctbWVkaWEvaW50LzZFRjRERTE2MTNEQ0ExMTE3QTNENERDRT/g5QTlFOUQwOUQyNjc0QUE3MEZDMzBDOEMzQkJBNUFFNTUxQkU2MDEucG5n.png"
"Lidl","Žaliasis avokadas","0.89","https://imgproxy-retcat.assets.schwarz/qmtIGA4oJ0lFdsVf0lvppWX9uHsU3J7LcaMkHuXk074/sm:1/w:427/h:320/cz/M6Ly9wcm9kLWNhd/GFsb2ctbWVkaWEvbHQvMS85Rjc1Q0U0Qzc0RDZEREUxNzdERkU3MUI/xMjY3QTJERTU0RkY5RTcyRTJDRTFFQTY1NTNCQzE1Q0RGRjQwMDhDLnBuZw.png"
"Lidl","Virtos kukurūzų burbuolės","1.49","https://imgproxy-retcat.assets.schwarz/hJ4RWQ_A_qjr-hVl6fW5vspyKcAiRKFRQMBxJ6SXkgw/sm:1/w:427/h:320/cz/M6Ly9wcm9kLWNhd/GFsb2ctbWVkaWEvaW50LzE1QzM5MTFGMTU0RjVEN0RFQzQzMDVBMj/ZDNThCOEFERUQzRkFCOTYwODA1RTAzMzM1MjEwQzE5N0RCQTY0NzAucG5n.png"
"Lidl","Virti raudonieji burokėliai","0.59","https://imgproxy-retcat.assets.schwarz/2CrBEKv64HIKOQKnESxb4fbYxGGgg4X_4gFMaBYpfOs/sm:1/w:427/h:320/cz/M6Ly9wcm9kLWNhd/GFsb2ctbWVkaWEvbHQvMS8zNkQwNjhCRUFFMUI1NjE4Mzk1QjkzRkR/DNUNENUE4MkNFMTZGMzBDRURBQUMwNzVEMzlEQThEMDc2NzI3MUUyLnBuZw.png"
"Lidl","Greipfrutai","1.49","https://imgproxy-retcat.assets.schwarz/hHbAFBomREIYyiKPEaop5GHMJtDu1TyEUl82wGG6CNg/sm:1/w:427/h:320/cz/M6Ly9wcm9kLWNhd/GFsb2ctbWVkaWEvbHQvMS9DNTgyQzdEMUZCMDY0OTg4OTEwOTM0OTl/EQTM3Q0FGMDA2NjlDN0Y2MENEODhBNzcyNUMzODgxMTFENTFBN0EzLnBuZw.png"
"Lidl","Deluxe Argentininės raudonosios krevetės","8.49","https://imgproxy-retcat.assets.schwarz/x9WAYq19HfCw8nSrrfR5z299il-o5oGwcP9cGFTkoDc/sm:1/w:427/h:320/cz/M6Ly9wcm9kLWNhd/GFsb2ctbWVkaWEvaW50L0QxQTAxM0VENDU1OEMyOEQ5RUQyNjE2OD/EyQjM4RTI5RENGRjBEMTU2NjIzNkRGNzI2Mzg2MEQ5NTYwNDE4Q0QucG5n.png"
"Lidl","Deluxe Sluoksniuotos tešlos kepinys su lašiša","7.99","https://imgproxy-retcat.assets.schwarz/jVxqCFV-tQfQdxQLfoiq6ryFq1XQkBA2VajqK1dsOfg/sm:1/w:427/h:320/cz/M6Ly9wcm9kLWNhd/GFsb2ctbWVkaWEvaW50LzI0REQ3NEI4NjRFNkQxQ0Y3Q0Q2MTI5M0/M3QzVENjU5QzVEQzE5NjMzQ0NBMzk3MTQxNDYyQUNDQkM0NUU2NTYucG5n.png"
"Lidl","Deluxe Švieži kiaušininiai makaronai","2.29","https://imgproxy-retcat.assets.schwarz/GdxEveFoagN8CHWKi1ATrQk5nsCMH462dzVuiXQtjPI/sm:1/w:427/h:320/cz/M6Ly9wcm9kLWNhd/GFsb2ctbWVkaWEvaW50LzYxNEUyRDAwNkY2Qjc4QzJBREM4QUE4Qz/gzRjY1MEExRURGNEMyRDA5NkRBOUFFMUFEQTY5QjVEOTY1QkNERDAucG5n.png"
"Lidl","Deluxe Vytintas jautienos kumpis „Bresaola“","3.99","https://imgproxy-retcat.assets.schwarz/5fDZL_YjvETcVNk1UM9yuTkmSBdygtu2tZ7v3jpRX7k/sm:1/w:427/h:320/cz/M6Ly9wcm9kLWNhd/GFsb2ctbWVkaWEvaW50LzE0NzZBNzcwMjVGQTNCRTM4RTFDNDY3Nz/c3M0I1NkYzQjU5OEE2MUFGOEU0RDg2M0QwOUEyOTA0Rjc1NDE3OTIucG5n.png"
"Lidl","Deluxe Serrano kumpis „Gran Reserva“","3.79","https://imgproxy-retcat.assets.schwarz/s4YCwE0LlJ2rlsOmmtmg2nnqad7wAm7EaRv3jv9kXu8/sm:1/w:427/h:320/cz/M6Ly9wcm9kLWNhd/GFsb2ctbWVkaWEvaW50L0VDREMxRjVDQzUxMDNCMDdFMTFCMTBCRT/EyNjFFMEJGQ0IwQUI1QkNGRjRBQzVCRjFGOTYxNUM5NjREREYzM0IucG5n.png"
"Lidl","Deluxe Virta kiaulienos dešra su pistacijomis „Mortadella Bologna“","1.99","https://imgproxy-retcat.assets.schwarz/zqFBLNvUZZS9h2TzbgKd3D-bWiz2RFl6KAMZrGrUwBk/sm:1/w:427/h:320/cz/M6Ly9wcm9kLWNhd/GFsb2ctbWVkaWEvaW50L0I4NkQ3MkUyMTM0NzNFRDJFQTkzM0U0MU/ZGNTg0MTlEMDUzQUREQUI5OEEwMkEwRjkyQjhGQTNGMzAxNDdFNkEucG5n.png"
"Lidl","Deluxe Kietasis sūris „Pecorino Romano“","4.29","https://imgproxy-retcat.assets.schwarz/0gt5MB4oU_Dt0tyOMetuezp7EI5UJcA6I0ExIAf4-OE/sm:1/w:427/h:320/cz/M6Ly9wcm9kLWNhd/GFsb2ctbWVkaWEvaW50LzJEQTRGMzFENTM3QjQ2MEFGNTRCMzdBM0/ZDNDUxQkMxODA5NkQ1NURFNTIwQjBDNjlBN0I1MDQ3REMzNTA0RTEucG5n.png"
"Lidl","Deluxe Kalėdinis glaistytas varškės sūrelis","0.39","https://imgproxy-retcat.assets.schwarz/4d_qzWwbbPoLiEWfLTgnQnm61ljR-QyhsLSvuhga8eg/sm:1/w:427/h:320/cz/M6Ly9wcm9kLWNhd/GFsb2ctbWVkaWEvbHQvMS8zOTBBNjI5MjhCODgxRkVGNjNCQzExNzE/2Q0ZDQkU0Q0FGQUZBOUZBMDA5N0YwQ0JEQTRGOTI1ODFFMzgyOUJFLnBuZw.png"
"Lidl","Deluxe Vytintas kiaulienos kumpis","19.99","https://imgproxy-retcat.assets.schwarz/DIIRg0uSGVLio_6c4O-FJzJKYCAaRubV1-u9AdOha18/sm:1/w:427/h:320/cz/M6Ly9wcm9kLWNhd/GFsb2ctbWVkaWEvaW50LzE2NzQ1NTIyOTIxRjRERTlCQjM3RkZBNU/NGOEVGMTc5QzUxNEE2ODVDNjQ2NUExMERDMzI0MEVDRDk3RjlBRkMucG5n.png"
"Lidl","Deluxe Paštetų rinkinys","2.99","https://imgproxy-retcat.assets.schwarz/GJVxcbDEqVBfInuvOklao9zJGjYaW27DZMlF3dUfy1Y/sm:1/w:427/h:320/cz/M6Ly9wcm9kLWNhd/GFsb2ctbWVkaWEvaW50LzFBNTRBOTQxMDdCMzI5MzU2QjAxNDUyOT/A3MTgzMzNGMTU3NUY3Q0EzRDg2QTI2ODczNDRGRTI4Qjk5OTlFMDIucG5n.png"
"Lidl","Deluxe Gorgoncolos ir maskarponės sūris su pistacijų gabaliukais","3.19","https://imgproxy-retcat.assets.schwarz/voPW9B7SzwSp1wP7lISaT1N4xR5oLFFi3-GqvmGPVWQ/sm:1/w:427/h:320/cz/M6Ly9wcm9kLWNhd/GFsb2ctbWVkaWEvaW50LzM3REQwMzVCMDRCRkExQjhFQzAwQUI4Rk/VENjBEOEY0RDE3ODFBQTlGNjc2NDA4MzExRTRBNzM1OTRFRTdBNUQucG5n.png"
"Lidl","Deluxe Ožkų pieno sūris su pistacijų ir lazdynų riešutais","3.29","https://imgproxy-retcat.assets.schwarz/07J-0qYyY5ZDtFDqzRrF6AxI6NzlhYsF43PCSdy9lRA/sm:1/w:427/h:320/cz/M6Ly9wcm9kLWNhd/GFsb2ctbWVkaWEvaW50Lzc5RkJGQzk2QTk5NTVFNjVBQzQ2NEY4Nk/FCRDMzQkNCMUMyMzE3QkFGODAxMjhBQjZCM0YyRjBDNUUzMkNGQTMucG5n.png"
"Lidl","Deluxe Kepenų paštetas","3.99","https://imgproxy-retcat.assets.schwarz/gVM1K2_bBlvNZgLgX8WiSuN4WcRBkHVAWjYNsPJZzRY/sm:1/w:427/h:320/cz/M6Ly9wcm9kLWNhd/GFsb2ctbWVkaWEvaW50LzE0RTkxMjY3OUM2NDkzODZCMjFERENENj/IzQzg3RTE3RjkxM0Y5OTZFNzMyQkU1QjZGNDk5RDYzRTBGQUQxQjIucG5n.png"
"Lidl","Deluxe Skrudinta malta kava","6.99","https://imgproxy-retcat.assets.schwarz/MrQnVlKTp0PuiQNxZvxl1kn8X5uxHRVGCLtMIGRiHng/sm:1/w:427/h:320/cz/M6Ly9wcm9kLWNhd/GFsb2ctbWVkaWEvaW50L0I0QzhCNkUzNTE2NjVBODQwRkZCOUY2RT/RDQTI2RDI0REVDQkFFQzQyNUY5QjMwMkZDOTE1QkM1RDhFOTc0MzEucG5n.png"
"Lidl","Deluxe „Torroncini“ desertas su pistacijomis","2.99","https://imgproxy-retcat.assets.schwarz/_26FFVvABV1MysGZGw7hIEipPaR_WZ9w9EAiq4zIbco/sm:1/w:427/h:320/cz/M6Ly9wcm9kLWNhd/GFsb2ctbWVkaWEvaW50LzczRTQwRjUzM0U4RDA2NDE4NURFNTM2Rk/NEMjI0QkIwRkY2ODc0NTEzRjkxMDYyMkUyNzdDOEQxQUNCOTVBMEQucG5n.png"
"Lidl","Deluxe Įdarytos datulės","3.99","https://imgproxy-retcat.assets.schwarz/vhHOmzj1j_ZWqzINlXRNsbTQkOt6XZ1Tkyf55WNy8kc/sm:1/w:427/h:320/cz/M6Ly9wcm9kLWNhd/GFsb2ctbWVkaWEvaW50LzdCNTUwQUZDN0M1MEJBRjkxN0RDRjJGMU/QxQThFMzQ1RTk0MUI3NUVCRjAwNjA5MkMyNzgwMERGNzlGODNFNzIucG5n.png"
"Lidl","Deluxe Itališkas desertas „Tiramisu“","3.69","https://imgproxy-retcat.assets.schwarz/CSadwzUbWSV_tdQXl5rK7bqw4LHzsA5u5YTMPYbMqms/sm:1/w:427/h:320/cz/M6Ly9wcm9kLWNhd/GFsb2ctbWVkaWEvbHQvMS9GMzUxRTZCMDg4NjJCMjQzNDEzNUQyQTR/GRTc5QTA4RjdEODY1QjBDOUUwREZGMTVDQUMzNDQwOTI2Q0UxOTgwLnBuZw.png"
"Lidl","Deluxe Sluoksniuotas desertas","2.59","https://imgproxy-retcat.assets.schwarz/dkzLnpcmP-AMbVnReu6J74A_aEqQJciXTKY7RzvEtUw/sm:1/w:427/h:320/cz/M6Ly9wcm9kLWNhd/GFsb2ctbWVkaWEvaW50LzYyNDY1Nzk3QzA0RUQ4NTQxNjU2RDY3MT/A1ODRERTE5RTA0OURFRTJFMzc4RkJCRDBGNzA1MTU4MUY4NTQ4QzIucG5n.png"
"Lidl","Deluxe Panettone pyragas su pistacijų kremu, padengtas šokoladu","10.99","https://imgproxy-retcat.assets.schwarz/wG48EOzbPBhNsLxftgMkTVA_0ZYiWeqz14qzTcScGMo/sm:1/w:427/h:320/cz/M6Ly9wcm9kLWNhd/GFsb2ctbWVkaWEvaW50L0QxQkEwOEMxNzk5NkNBNUJCQUE4MDQyM0/NDREI5Q0FFRUNERkEzMEJGODJGMDhBQUYzRjRCMjI1MjkzMzg2N0YucG5n.png"
"Lidl","Deluxe Klasikinis Panettone pyragas","9.99","https://imgproxy-retcat.assets.schwarz/fbSSLhSUY9Kj8Q8L4qXkYK_LS0J06RwACihMc8bqSpk/sm:1/w:427/h:320/cz/M6Ly9wcm9kLWNhd/GFsb2ctbWVkaWEvaW50L0Y1MzZCNDRGNzRDNjcyQzcxODdBNjVDOU/QxRkI5MTZDOUY1NjBDMkJBM0M0MEQxRUExN0Y4Q0NEMzEzRjM4OUUucG5n.png"
"Lidl","Deluxe Tiramisu su maskarpone, pistacijų kremu ir sausainiais","1.29","https://imgproxy-retcat.assets.schwarz/c4OhRIisFJImlmdQNrlOD2lEVNHJVEyQsQiNFjC0Ddo/sm:1/w:427/h:320/cz/M6Ly9wcm9kLWNhd/GFsb2ctbWVkaWEvaW50L0MxQzgwNDgwMDU5RUExRTQyREJGNjA4RE/ZDQjVCMjZGNTQwMzdGMjZGRTRBMDIyQ0JGMkRGNEI0RTg3MkNEMzkucG5n.png"
"Lidl","Deluxe Daržovių traškučiai su jūros druska","1.69","https://imgproxy-retcat.assets.schwarz/w1lOzuYOWMUQ61oOGw-hRil3e1t7nk-RhQx40RaV49A/sm:1/w:427/h:320/cz/M6Ly9wcm9kLWNhd/GFsb2ctbWVkaWEvaW50L0I3MkM1MjhGNDczOTRERUIzQ0M2RTdDNj/kzNEY4RTM1OTRFRTBGQ0Y5RDYxOTFFOTJCNzU3MkNFNEI1NUNGNkMucG5n.png"
"Lidl","Deluxe Desertas su pistacijomis ir migdolais","2.99","https://imgproxy-retcat.assets.schwarz/Gmehnf1CstxZ_-oKIRFWoJbmRRSVPtGWpzQus721iTs/sm:1/w:427/h:320/cz/M6Ly9wcm9kLWNhd/GFsb2ctbWVkaWEvaW50LzQ0NDhCMTBGRDBBNjk2OTU1OUJDMUFBNz/lFREUyRTQxM0M0MjI0MTlCMzE5OUQyM0MzMTYwRTY2OUNEQ0I3OEIucG5n.png"
"Lidl","Duona su saulėgrąžomis","1.19","https://imgproxy-retcat.assets.schwarz/63hYAl3FAoCOHnknnNMY0u8oZZBsrq137mfUceozIWw/sm:1/w:427/h:320/cz/M6Ly9wcm9kLWNhd/GFsb2ctbWVkaWEvbHQvMS8zNjZCNzYxNzBEMUM4NzM0NDVDRERCNUI/wMkY2RDMyNTIyMUVBRkY5MzY3M0U2RkJERTk4NDZFQkI4RUExODE2LnBuZw.png"
"Lidl","Bandelė su obuoliais ir cinamonu","1.40","https://imgproxy-retcat.assets.schwarz/jbAqc__JOWvfeE5LWbUPbKhadRFnim_LDZ5CgfA6HFo/sm:1/w:427/h:320/cz/M6Ly9wcm9kLWNhd/GFsb2ctbWVkaWEvbHQvMS83OEU1NzZFMjYwNkUxRTk5RTdBOUMwNTc/1RDRCQjA0RjM3QUZCODk0MEE0RkE0RDZFRDMwQ0ZFRjg0MDEyQzM2LnBuZw.png"
"Lidl","Kvietinė bandelė su sėklomis","1.00","https://imgproxy-retcat.assets.schwarz/Upr_hF7h64We9mginKo1a83Phss-WhHMZu38r-CDrBc/sm:1/w:427/h:320/cz/M6Ly9wcm9kLWNhd/GFsb2ctbWVkaWEvaW50L0Y5MDhBMTQxNUQwNEE3OUQzMkFGMUIyQk/FDQjEzOTIzQ0RBQzVFREY0RjY0MTg3NDI1RjYwNDMxNkE3NUNEMUQucG5n.png"
"Lidl","Prancūziško stiliaus batonas su česnakais","0.59","https://imgproxy-retcat.assets.schwarz/ZN9OeKTFHWI1_lgb1RYPC4bZzlk9p2wWl9mFQBshQ04/sm:1/w:427/h:320/cz/M6Ly9wcm9kLWNhd/GFsb2ctbWVkaWEvaW50Lzg0NTg3RTUyRTk4MDU1MDIwQkM1RTQwRU/QxMTEzQjlGM0M1NkFDNjgxODkzNjBDQjA0NTcyNzVGMzlCMjFEMzQucG5n.png"
"Lidl","Pica „Mini Prosciutto“","1.39","https://imgproxy-retcat.assets.schwarz/t2VpWQnLu72WvoVjqRTM8TiM9ScRyc6L-pqKnldrTa8/sm:1/w:427/h:320/cz/M6Ly9wcm9kLWNhd/GFsb2ctbWVkaWEvaW50LzY0MTFDQUFFNkE1NjUxMjhENDNBOUJGMD/AxQjVBRDY5MzIwNEVEQUFFQzY4M0JBRDA3OUM0RjRBOTAyMzRDMzUucG5n.png"
"Lidl","Vilniaus duona „Močiutės“ juoda duona","1.59","https://imgproxy-retcat.assets.schwarz/M-NsmG3MO3ldS7urh6e3928jSc5KeQc7yWFzeuyvbOc/sm:1/w:427/h:320/cz/M6Ly9wcm9kLWNhd/GFsb2ctbWVkaWEvbHQvMS85RERCNTU4NDU2REVEMDUxQkU3REE0MjF/BMDU4RDg0QzQ5Q0M4MTdGODU2RjM0OEM3MzY2MzhDNDE5QTE0MkU5LnBuZw.png"
"Lidl","Vilniaus duona „Sostinės“ raikytas batonas","0.99","https://imgproxy-retcat.assets.schwarz/3lmq766pKICEBOR3BAtQJVd9r4Mk3j1RHQ5mb_DJ_7Y/sm:1/w:427/h:320/cz/M6Ly9wcm9kLWNhd/GFsb2ctbWVkaWEvaW50LzkyNkU0Nzk4MTIyQTgxQ0VCM0U0MkRBME/JEOEE5NUE2REUzNjU2RTcxOEJEMjRGNzYzQTg1MDRDNjZBMTVFMUEucG5n.png"
"Lidl","Štrudelis su špinatais ir feta","0.89","https://imgproxy-retcat.assets.schwarz/Ib9s54YELUvCQQJ5y6MK712FqgSRhpzMh20TBh49gX4/sm:1/w:427/h:320/cz/M6Ly9wcm9kLWNhd/GFsb2ctbWVkaWEvaW50LzkyQjdDRkYyMUY2QjdDQ0ZFNTcxQTc5Rj/EyRENEN0IyNDJCRDMxRDNDQTQ3MzJCRkM3NDQxNjRERjRCQUZBRjMucG5n.png"
"Lidl","Kruasanas su migdoliniu įdaru","0.49","https://imgproxy-retcat.assets.schwarz/M6R4r_iwiT6piNw7AKfNhn2W2ULmrGs3S7s0Xp7AZJ8/sm:1/w:427/h:320/cz/M6Ly9wcm9kLWNhd/GFsb2ctbWVkaWEvbHQvMS83MEVFQkE0OTQ5NkU2MTBGMEYxQzI5RTM/xRjVGNDIzQUI0N0UxODc2RDE2RENEQTcxRTAxQzVGQjUxOTNGQkU0LnBuZw.png"
"Lidl","Deluxe Pistacijų skonio ledai su smulkintomis pistacijomis","1.99","https://imgproxy-retcat.assets.schwarz/AavjT_PoAZ2j7LyZN1fta0cpZjQP5jEYTBdkPqWf37A/sm:1/w:427/h:320/cz/M6Ly9wcm9kLWNhd/GFsb2ctbWVkaWEvaW50LzUzRTdENjE2Q0Q5NTdDMjI3NjYyNzQzM0/Q5NjVBNTFFMDRDQ0RERkE5MkM0QkQ2NkQyNkEyNEI5QjU0MUIwNTYucG5n.png"
"Lidl","Deluxe Alyvuogių aliejus su trumais","5.99","https://imgproxy-retcat.assets.schwarz/Gf0G7-9gDoS8ZFX9NIj4tY8ulSPDpb48KhtCsXpTEYY/sm:1/w:427/h:320/cz/M6Ly9wcm9kLWNhd/GFsb2ctbWVkaWEvaW50Lzg4NEU1MEU4REQ0NUREOTEzMDU1MjZFRT/lDRTM4Qjg5RjJDNDc3MDhFRDBDQUVGNTVERkM1NTM2QjFGQTA5NjkucG5n.png"
"Lidl","Deluxe Tiramisu aba profiteroliai","4.29","https://imgproxy-retcat.assets.schwarz/6TlLF74UZ5Ejes0ZZ02aJI1-niV6rBVrIGMCerqFXnk/sm:1/w:427/h:320/cz/M6Ly9wcm9kLWNhd/GFsb2ctbWVkaWEvaW50LzY3N0FDNzMxODVBNTk0MDIxQTM4N0RCMD/ZBM0FCQUI2QzU0MEM3OTVERkRCMTc3RDcxNDU1NzYyRTU5RDkwQjkucG5n.png"
"Lidl","Favorina Pyragas Panettone „Classic“","1.49","https://imgproxy-retcat.assets.schwarz/M01lzzTZIJM5HX7LJoX4LYZHqbJHfWKA88sKq5kyy0o/sm:1/w:427/h:320/cz/M6Ly9wcm9kLWNhd/GFsb2ctbWVkaWEvaW50Lzk0N0Q0MTQzMzQxRkRGMTVCNzJEMDkyRT/YxRTc0REQwOTYxOEQxMkY1QTg1ODhGNTFEODNFMzVCMEZCMDgyMDQucG5n.png"
"Lidl","Favorina Pandoro pyragas","5.59","https://imgproxy-retcat.assets.schwarz/-fx3uPYo5p7ESLcHfSk7O7RB8FmxZZqDSoQzg3Ehir0/sm:1/w:427/h:320/cz/M6Ly9wcm9kLWNhd/GFsb2ctbWVkaWEvaW50LzE2Q0Y4RDQwNUUxRDREMjdFNjZFOTRERT/hFNkU1NzQ1MEU4MTkwQURCQ0U5NENDMTQ3RkFGNkZBNkQzNjhCRDQucG5n.png"
"Lidl","Favorina Itališkas pyragas „Panettone Classico“","6.99","https://imgproxy-retcat.assets.schwarz/TEFyDA8vL8tbHR9YRBiBykr-LfP9b5seKZyO_4WBa2Y/sm:1/w:427/h:320/cz/M6Ly9wcm9kLWNhd/GFsb2ctbWVkaWEvaW50LzJBNDdDMjYzN0RDQzQwOUQ1MTJBQTREME/ZCNjREQjZGOTE4NjBFNUQ0OEYzNkVENEUzRTc5Njc5N0JEMUVEQUEucG5n.png"
"Lidl","Favorina Itališkas pyragas „Panetttone“","7.99","https://imgproxy-retcat.assets.schwarz/3t1jJHvp48kXWx8Gm4m7UdBTMRzZMqCfNHRiNMuC9b0/sm:1/w:427/h:320/cz/M6Ly9wcm9kLWNhd/GFsb2ctbWVkaWEvaW50LzcwRDg1NjE1NjI5M0IwMzcwMDQ0QzE2Nk/FGNEM1NUI4MTVFRjFDNzNCNDJENTc4NDEwMzkxMkM3QTlGQ0FEMjkucG5n.png"
"Lidl","Favorina Pinigai iš pieninio šokolado","1.79","https://imgproxy-retcat.assets.schwarz/GMSw6pL6IanNExzh38gW545NGWSLMQnmbS5U6BKqNmE/sm:1/w:427/h:320/cz/M6Ly9wcm9kLWNhd/GFsb2ctbWVkaWEvaW50LzZBNUI4MDlGNUE0NzZENDY3QUM2MjMyMU/NCMTc5RjU0OEYwOTYzRUY1NzVCRjc1MDRGMjgwRTM2OEY4N0RCMUUucG5n.png"
"Lidl","Favorina Šokoladas ant pagaliuko","1.99","https://imgproxy-retcat.assets.schwarz/1ASeC4qM_e_YYXWC9V7VEI4kzQ2e-Df3bkwUZUNqNvM/sm:1/w:427/h:320/cz/M6Ly9wcm9kLWNhd/GFsb2ctbWVkaWEvaW50LzU5MDlCN0JEMTJERTg4QzdERkZDMjZCOD/g0NTVDNjU4RkY5NjQxRENGNTYzQTY3RjA0OTQ0MDA1OUIxNUMyQTUucG5n.png"
"Lidl","Favorina Šokoladiniai Kalėdų seneliai","2.35","https://imgproxy-retcat.assets.schwarz/rcr7lOKrG5LNy9Dgdc9nO6_O0MuhR-p_0vEDFBUXSX8/sm:1/w:427/h:320/cz/M6Ly9wcm9kLWNhd/GFsb2ctbWVkaWEvaW50LzREQTMyMDFBMTg0N0MxRUM3QTM2NzEyM0/EzREJFN0ExMTM3RDFCMDcxMkMzNkY4ODVBRkVGNjE5QTI5NDg1RTAucG5n.png"
"Lidl","Favorina Šokoladiniai Kalėdų seneliai","1.35","https://imgproxy-retcat.assets.schwarz/fS4X3xU5W4EMyMH0ysVu38zYBnetDNtRHoGwAzU1Gec/sm:1/w:427/h:320/cz/M6Ly9wcm9kLWNhd/GFsb2ctbWVkaWEvaW50LzRCQ0M1RURCM0EyRDA0NURBN0VBRDQ1MT/U4M0ExNDdEMkRFMUFDODAyMTUwNUI5MUE2MEI4RjAzNzhENThFNjgucG5n.png"
"Lidl","Favorina Šokoladiniai Kalėdų seneliai","1.79","https://imgproxy-retcat.assets.schwarz/V1tPv5jJijyJMb4nOEJleRKj_TenS625ihKPcrYKZoo/sm:1/w:427/h:320/cz/M6Ly9wcm9kLWNhd/GFsb2ctbWVkaWEvaW50L0UyNDVGQ0EyRjRDODNFRjJCNjZFRUUzNT/cxRjlBNzI2RkNEMTQyQ0M0MDdCNUVCQzJEMzI3RDA0NEFFRTgzQUYucG5n.png"
"Lidl","Favorina Guminukai su sulčių koncentratu ir pienišku šokoladu","14.99","https://imgproxy-retcat.assets.schwarz/v5k6JeclyKG2GR4Rk6r3YkT6FweedNhdktpHHmIpCzk/sm:1/w:427/h:320/cz/M6Ly9wcm9kLWNhd/GFsb2ctbWVkaWEvaW50LzFFRjI5QjMyRENBNDU4MzlCMDUxOTVDQ0/E2MTNENTk2M0VDQTNFNUQxQkVCNjMxRThGMDk5QTI4MTdFRDU3RjYucG5n.png"
"Lidl","Favorina Meduoliukai su šokoladu","4.99","https://imgproxy-retcat.assets.schwarz/nx0uPJeVrLCJA41_XW-7NiwGxL2hrkM8RcZtu16ysBM/sm:1/w:427/h:320/cz/M6Ly9wcm9kLWNhd/GFsb2ctbWVkaWEvaW50Lzk0NUZDMkE1RTY2NjdBQjJCMkJGRjZBRD/NGNjI0NTE3MjkxQzM0RDUzNTAyM0ZBQUI3MzlEMTlBRTEwMjIzQzcucG5n.png"
"Lidl","Favorina Meduoliai","3.69","https://imgproxy-retcat.assets.schwarz/AAyPviNe1ySC8fbp_Z6-W60HTI4zkcsOBnuika_U69o/sm:1/w:427/h:320/cz/M6Ly9wcm9kLWNhd/GFsb2ctbWVkaWEvaW50L0E3NkFENjhFNjlDMEIyNUY5N0I2QTEwQz/NFMkZDNDIyOTk5OTJBQzUxM0QwMERDRUU4MEFFQjFCQkEzMzExMTQucG5n.png"
"Lidl","Favorina Šokoladinis Kalėdų senelis","0.79","https://imgproxy-retcat.assets.schwarz/qJrb53H0Bl6GXU_0HLdLp4x1eYjQk9yoDijANVT8GA8/sm:1/w:427/h:320/cz/M6Ly9wcm9kLWNhd/GFsb2ctbWVkaWEvaW50LzM4NjU3NTZCNEREMjIxMEU0QkE2QjFDNz/k3RDMxRTE4MDBBQ0FCNjU4OTU3NTk2NEQzOTU0MzU0QTQ0N0ZFQTMucG5n.png"
"Lidl","Favorina Pieinio šokolado Kalėdinės figūrėlės","2.69","https://imgproxy-retcat.assets.schwarz/JTbFG6Wob9p7u9AjYu0T7ylLnEf-HFKT_cEGBPietA0/sm:1/w:427/h:320/cz/M6Ly9wcm9kLWNhd/GFsb2ctbWVkaWEvaW50LzA4QTRCN0UyODlFRUIzOUE0NDcwMERDOE/VGOTk5QzQzODBFMTkzQzJFQTMzOEExNUFERjc5NzAzMEQ5NzZGMjMucG5n.png"
"Lidl","Favorina Marcipaninis šokoladukas","1.79","https://imgproxy-retcat.assets.schwarz/6aO_P_CCWc-1aaUYK35Lu1N8rrNnjctKNr_EdaMyYSM/sm:1/w:427/h:320/cz/M6Ly9wcm9kLWNhd/GFsb2ctbWVkaWEvaW50L0E3MjlFRTY2RTREMDgyMDFEREQzOUMwRk/EwQjU1QzZFNDk0RTg0MDEyNzMzNUE0NkE2RTdCRDkwOUFENTgzMDcucG5n.png"
"Lidl","Favorina Pieninis šokoladas su nugos ir marcipanų įdaru","1.19","https://imgproxy-retcat.assets.schwarz/VdNC5kAHqbEdnuknbdoIy0n-5XmIDt9PPxpr7KAJi2E/sm:1/w:427/h:320/cz/M6Ly9wcm9kLWNhd/GFsb2ctbWVkaWEvaW50LzYxREJFOUU3MEVCQzU3MDgyMDI3QTlBMD/gwMTAzNDgyMEIyNjk1NjBGQjM0RTU2NjhCNjdFM0Y3NkU5MUUxODYucG5n.png"
"Lidl","Kėdainių konservai Naminiai krienai","1.29","https://imgproxy-retcat.assets.schwarz/2zJiK7NheLigNODGQZbfkMa5qiFXuTiee6YvUEOLJBY/sm:1/w:427/h:320/cz/M6Ly9wcm9kLWNhd/GFsb2ctbWVkaWEvbHQvMS83NkZBNEFCQTMzMEY3NkM2ODQ4QTM3M0E/yOEI0QTIxQkM5RDdENTY0MjFFNDRFNkRGNTY2MTYzRTc4QkYzOTVBLnBuZw.png"
"Lidl","Kėdainių konservai Konservuotos Chalapos paprikos","1.29","https://imgproxy-retcat.assets.schwarz/T4_Lc_QN_0lDAgOjyOsMhqfZl8QTSnK-S6tL_cJVju0/sm:1/w:427/h:320/cz/M6Ly9wcm9kLWNhd/GFsb2ctbWVkaWEvaW50L0NBMDdEQzg0REFCRTAxQjBEODQwMjUyRT/A0MkE0REFBOTJCMjE0NzNGNzEyQjk4RDEyN0E4NDEwMzU1OUI1M0MucG5n.png"
"Lidl","Sema Presuotos kepimo mielės","1.00","https://imgproxy-retcat.assets.schwarz/StW961Q1qgUkf1u3unjkrQYL4JGYuZuLnlIZoZBlTS4/sm:1/w:427/h:320/cz/M6Ly9wcm9kLWNhd/GFsb2ctbWVkaWEvbHQvMS81RkRCRkQ1RDYyNENGNTQxODE5RTQyQjJ/BNDhCQzYxNjZERUEzOTZBNDZFMjdFNEIxQ0I1Qzk3QjExQjQwNEU1LnBuZw.png"
"Lidl","Sema Kepti Žemaičių blynai su mėsa","2.19","https://imgproxy-retcat.assets.schwarz/q94gGCA2OR-5xDHEjgYPdS0iZCZUYhJZxB_TCfsj_e8/sm:1/w:427/h:320/cz/M6Ly9wcm9kLWNhd/GFsb2ctbWVkaWEvbHQvMS83N0QxRjBCQTVEMTM1N0Q1NjdCMTU3MUU/5OEVGOTc3NjUyMDhENkIxOThEODQ5MDVEMDVFMEZBMTBGN0UzQTc5LnBuZw.png"
"Lidl","Jacobs Krönung Malta kava","5.99","https://imgproxy-retcat.assets.schwarz/MyXvk8rjpt-uuD77sKYTD3dpMlESxcZWOM9CzwGWSn8/sm:1/w:427/h:320/cz/M6Ly9wcm9kLWNhd/GFsb2ctbWVkaWEvbHQvMS83NjI0Q0FCQTJEQ0YxRTg3QTBDMUNDQ0F/CNDAxRjg2QTI1Mzc1M0U1M0UwMTUyNERGQjMwM0JCNzhEMzhFMDdBLnBuZw.png"
"Lidl","Rokiškio Sviestas 82 %","1.49","https://imgproxy-retcat.assets.schwarz/xtra6kdHMa_GPZawtBenXUbiWZKli5WYEBktiZx6Gcs/sm:1/w:427/h:320/cz/M6Ly9wcm9kLWNhd/GFsb2ctbWVkaWEvbHQvMS8yNjYyQTdCQ0EwMkJDN0FGMjY5MzZENTM/zMTZFNzg5NDAwQjkwNzY5RERFN0ZDRjc3MDA0Nzg0NDBCODYxNTFELnBuZw.png"
"Lidl","Sema Dižono garstyčios","0.99","https://imgproxy-retcat.assets.schwarz/5jmEWO3z7dRnkBeZC94BBayxPdJNhF5vPy_6IT3pm04/sm:1/w:427/h:320/cz/M6Ly9wcm9kLWNhd/GFsb2ctbWVkaWEvaW50LzQxNjdENzQzREMwRDhGMjUzNDdCN0I0Nz/MxQzMzNzQ5NUU2OEE5MTMwRDg1M0YyQUU3QkFGQUNBMTIwNEVBODAucG5n.png"
"Lidl","Kania Svogūnų ir granatų čatnis","1.59","https://imgproxy-retcat.assets.schwarz/7xQoMgJHdt36f9mYZg0T1HcAsZ7PJK1C-aerKV-zRDo/sm:1/w:427/h:320/cz/M6Ly9wcm9kLWNhd/GFsb2ctbWVkaWEvbHQvMS84M0E0OEVBMjY3NDBCQ0M4M0JGRTA5RTg/1QTNFMjFDQ0E2NkE4NzI5OTg5OTc5OTNGQTlCODJBODIyOUJDNTE2LnBuZw.png"
"Lidl","Kania Guliašo sriuba","1.35","https://imgproxy-retcat.assets.schwarz/RLteWvoNUtLph66EUPYBEYa6Bz-A99m0DhFIaLv_Eyw/sm:1/w:427/h:320/cz/M6Ly9wcm9kLWNhd/GFsb2ctbWVkaWEvbHQvMS84MUY0NjZBNzU5MTJFOTQyOERDNUJCQUI/4MTIwMzkwMzk2QzU1Q0NGMUFDRUNCODlGOThBNTk5OTAzQkVDRTc1LnBuZw.png"
"Lidl","Coca-Cola / Sprite / Fanta Gėrimas","1.29","https://imgproxy-retcat.assets.schwarz/EOzSRkCjocpD4Kg0eFtozWbJ39WSpXoDT9l7uh7IXPw/sm:1/w:427/h:320/cz/M6Ly9wcm9kLWNhd/GFsb2ctbWVkaWEvbHQvMS85NDAxOUM2OTU0MjE0RDFFRjBFQkEwNTd/BQTAwRTE1MUFDRjA5Q0VCQzY2MTJFMzlDMjk3QUJBNjVGNkMwMjc0LnBuZw.png"
"Lidl","Chef Select Kroketai XXL","4.49","https://imgproxy-retcat.assets.schwarz/__U1LrKiuxCJmIvtBISPho_UodzPitHWq39FroWSDqA/sm:1/w:427/h:320/cz/M6Ly9wcm9kLWNhd/GFsb2ctbWVkaWEvaW50LzIxNjUyOTk2QkIwMjNBNTgzQkQ4Q0I4OT/Y0RUI1Qzk3QzEzRTRFMkMzNDVCMURBMEY0NjRGMkJGNzU4NzE3MkYucG5n.png"
"Lidl","Ispaninių šalavijų sėklos","2.99","https://imgproxy-retcat.assets.schwarz/0dNN7atyv27QgoFRM12eBngO8XpUm-Dcy9XXQN_C95E/sm:1/w:427/h:320/cz/M6Ly9wcm9kLWNhd/GFsb2ctbWVkaWEvbHQvMS9DRjNCOTlCQTA3Q0YzRDdFMzM3Rjk5OTJ/DQzg5RUMwNEQyMzhCNTQ5NzhFQjBDNDQ1OUU2OUZERUVFNjIxMDZELnBuZw.png"
"Lidl","Hortex Daržovių mišinys su prieskoniais","1.19","https://imgproxy-retcat.assets.schwarz/1lZlyzqErH-j_Un_avMWu4gt8ZeIgvC90CH1onYADZE/sm:1/w:427/h:320/cz/M6Ly9wcm9kLWNhd/GFsb2ctbWVkaWEvbHQvMS8wRjZDNkM0QUFGRjdGNjhCMDU1MUFCQTU/4MzZDMTcwM0RFOEVDMzM0QTg5MTJDQkM3RTk3OTA2MjdFQjk3QzE3LnBuZw.png"
"Lidl","Apelsinai","1.19","https://imgproxy-retcat.assets.schwarz/J7pFBLvY8IyVfAXkBydDdZxJtaVJsMU2cQ_YqHksllk/sm:1/w:427/h:320/cz/M6Ly9wcm9kLWNhd/GFsb2ctbWVkaWEvaW50LzVGRTBFN0ZBOUNBNkIwQjdCMTg3NjQyN0/FCN0VBNjcxRTIxQzJENkVEQzEwNjc2M0I5OEEyNkUxMTQyNjcyMUMucG5n.png"
"Lidl","Puansetija","2.49","https://imgproxy-retcat.assets.schwarz/T4Ziob5q9KJlEtd_c6X3HNupQxDsSdeE1-_5UrEONwc/sm:1/w:427/h:320/cz/M6Ly9wcm9kLWNhd/GFsb2ctbWVkaWEvbHQvMS8wMjQ1MkVDOUU3MTc3RjZCQjE4QjI1OTM/2RTgyODYzQzA0RTdERkIzNjg1ODY2REEzMDBCRUU2QTk2MzA0QkUxLnBuZw.png"
"Lidl","Kėdainių konservai Majonezas be konservantų","1.49","https://imgproxy-retcat.assets.schwarz/XGT03PJGPbf0Qgzt3UTuYBiDBJ8KXSJc0V48Z2R1M1U/sm:1/w:427/h:320/cz/M6Ly9wcm9kLWNhd/GFsb2ctbWVkaWEvaW50L0UyMENFQUFENEVGNjA5QkYxMEZFQTdFMj/M2MjYyRjI3RDNEMzhEMjRCRURDQjIxRjk3OUExQjVGQzg1RTcyQzcucG5n.png"
"Lidl","Primadonna Ypač grynas alyvuogių aliejus","5.19","https://imgproxy-retcat.assets.schwarz/k15YVnhr04ckFJ1QQLfnz_YFBMPOplfh-DKifVoF688/sm:1/w:427/h:320/cz/M6Ly9wcm9kLWNhd/GFsb2ctbWVkaWEvaW50LzE2MTBFM0M2NkZCNzc5RjFDRUIyRDFCRk/VFN0E4RTVDQ0M5MzY0MTY4RDVCMjY0MTQ5Rjg3QzEyNzdCN0YxRDEucG5n.png"
"Lidl","Oluksne Ant kraiko laikomų vištų kiaušiniai","1.89","https://imgproxy-retcat.assets.schwarz/aH0YEbp4-URVor_Durch2kaP1GfiRLV56nHsK69jPZU/sm:1/w:427/h:320/cz/M6Ly9wcm9kLWNhd/GFsb2ctbWVkaWEvbHQvMS8wMDMyNzY2N0I2NUVFNzA5RkE5NDJDMDZ/EMDg2MUQwN0Q2QjgxNEMyOTA3Q0U1QzMyMDY4MjNDRTBFNTZGNTU2LnBuZw.png"
"Lidl","Švieži sprandinės pjausniai","3.59","https://imgproxy-retcat.assets.schwarz/nwuIv-vqpG1rP79V0bRCYfbh0q-vYSEUdQttbVRg3q0/sm:1/w:427/h:320/cz/M6Ly9wcm9kLWNhd/GFsb2ctbWVkaWEvaW50LzAxQzYyOEJEQ0Q5RTlFMEY4QTMxNUU3Nz/U3MDhEMEI0NTc0MkM5RUU4MDRGNzg2NkJCNERGRDYxNzE1NUJEQTcucG5n.png"
"Lidl","Hortex Sausi pusryčiai „Beach Party“","2.39","https://imgproxy-retcat.assets.schwarz/HgnR8LCxsgzavUzHQ01BW5v92GgO2r6X6gULXN1egkY/sm:1/w:427/h:320/cz/M6Ly9wcm9kLWNhd/GFsb2ctbWVkaWEvaW50LzlFMUFDMjZDMTM3MzE3REE5NUQ0NTg4RD/MzQkQwNEI4M0ExNDFENjJEMDM5QTE4RTBFODRGQUM3Qjk2Nzk4NzgucG5n.png"
"Lidl","Audriaus Banionio ūkis Šaltiena","0.99","https://imgproxy-retcat.assets.schwarz/VuUYp4YYR71Ax8u4fpn6uzYUq3mvPvVMUZIt0lVRdgM/sm:1/w:427/h:320/cz/M6Ly9wcm9kLWNhd/GFsb2ctbWVkaWEvbHQvMS9FQzEwNDg3MTQ0NUVGNDlFNjAwQTA0RDQ/zRTVFN0IzNzRFMDQ0MDMyQjQ0OEEzN0VEOUFCOEExOURFNzk0RTIxLnBuZw.png"
"Lidl","Vokiški jautienos šonkauliai","8.99","https://imgproxy-retcat.assets.schwarz/EBhTGKF6iRTTs3A7gKASwFkLX7QEzTnZ3Rhq4gYasC8/sm:1/w:427/h:320/cz/M6Ly9wcm9kLWNhd/GFsb2ctbWVkaWEvbHQvMS9EOTFDMUVGMjBDRkIwRDdEMTMzRjdCMjF/CRjc3ODkwMUMzMzFFRUNERTM1MzJCOUVDODI2OTAyOTI2RjIzRUE2LnBuZw.png"
"Lidl","Marinuoti elnienos kepsniai","4.99","https://imgproxy-retcat.assets.schwarz/nUN-B74Q1R1VKscKXhU9DWaLpnUaHm-3l5BTEjcBuFI/sm:1/w:427/h:320/cz/M6Ly9wcm9kLWNhd/GFsb2ctbWVkaWEvaW50LzNEOEM3OTQ3QkZEQjFERTJGQTg4OTdCRT/Q0MzE5OTQyQjE5NDNCMDUwRjNDRDExOTI1ODhDQzY4NTI0QzNCN0EucG5n.png"
"Lidl","Kiaulių liežuviai","3.49","https://imgproxy-retcat.assets.schwarz/LpF3JahRi0V-lYSHM0XmZjeMaTNzHCGqo3B-hwAWl4Q/sm:1/w:427/h:320/cz/M6Ly9wcm9kLWNhd/GFsb2ctbWVkaWEvaW50LzIyNEZCMzY3RjA2QzIxRkVGNjk3NUJDQj/lDRjhCQjYxNjc2M0Q5NjQzMUI2QzE2ODQ5NTI5NTJGQjYyQkE1RTUucG5n.png"
"Lidl","Šviežia maišyta kiauliena ir jautiena","3.59","https://imgproxy-retcat.assets.schwarz/fo1eReSPgXTX7qjZ9hN_K5iZxpTF7q-5LTSLSawtGqk/sm:1/w:427/h:320/cz/M6Ly9wcm9kLWNhd/GFsb2ctbWVkaWEvaW50LzhDRjk4Mjg2NjE1OUZENUY2QkQ0QjlEOT/c3NjEyRDJENEEzQzRFQTU0QjE0Rjg4NjFCRTRGNEU1ODlCMUU2RUIucG5n.png"
"Lidl","Ančių kulšelės","8.99","https://imgproxy-retcat.assets.schwarz/w8uQ3fAit36PU0SwzYLObiT_ojJVrsn2nnKSq2HS0NQ/sm:1/w:427/h:320/cz/M6Ly9wcm9kLWNhd/GFsb2ctbWVkaWEvaW50L0EzODgzOEYyNjlBMUZFRjY2MjA0RjNDMz/JENDkyODQ5NzFFNUQ1MkQ5NzUwMzkxQTVCRDUyM0ZGMTg2MzhDOEUucG5n.png"
"Lidl","Hellmann’s Majonezas Original","2.49","https://imgproxy-retcat.assets.schwarz/6Q9ZO7pvozUayu6ma4VG07UsyOlGU4raHSsk0oBN7_I/sm:1/w:427/h:320/cz/M6Ly9wcm9kLWNhd/GFsb2ctbWVkaWEvbHQvMS81Q0NEOENBMTk4RkFGODg5MjhEMjBBQzZ/EMkIzMEEyQTU4OTJCNTM0MjEwOUJFMjBBRTFGMzQxQzZDNTY2Qzg0LnBuZw.png"
"Lidl","Žemaitijos Pusriebė varškė","3.99","https://imgproxy-retcat.assets.schwarz/8BwauaCZSwK6vwZfDlVnJjC3yJDNxBECydIypvOjVU8/sm:1/w:427/h:320/cz/M6Ly9wcm9kLWNhd/GFsb2ctbWVkaWEvbHQvMS9FNzAwQUEyNjVGQjUyOTMyMkNCMUEzOEF/DMDM4RkFDMEQ1NDVGMjE4RUU2MzExRkQ4REE3MkM4QjcyRDQ0MjlGLnBuZw.png"
"Lidl","Rokiškio Tikras Grietinė","1.89","https://imgproxy-retcat.assets.schwarz/DP1H_MEYyWzM67rz4YaOGDNwqu8XqsqOXhtH9vRDt3w/sm:1/w:427/h:320/cz/M6Ly9wcm9kLWNhd/GFsb2ctbWVkaWEvaW50LzE3QzcxOEQzODI1NDUzMjlBRjIxOTNGNk/EwRUVBMUY0NUYzNEE0MTM2OTc4RDc3M0UyNjVFNzcwQTE0QTI0MjgucG5n.png"
"Lidl","Pringles Bulvių traškučiai","1.79","https://imgproxy-retcat.assets.schwarz/t3vDPKFI1FCvYi1Jqo-gy49Qmr0DZLN9CVCN5Be_ZUY/sm:1/w:427/h:320/cz/M6Ly9wcm9kLWNhd/GFsb2ctbWVkaWEvaW50LzE4NjdBNEQxMjZFRTdFM0Q3ODYyRUUwQz/I2NTk1N0M4NUVFQTI2MzU3MkEwNjVDNjIwQjk2QjA4NjMzRkRDMTIucG5n.png"
"Lidl","Merrild Malta kava In Cup","6.29","https://imgproxy-retcat.assets.schwarz/Mb3RSKYjeWQxxLruU4rWqaE9nwe7qVdzrL1oMynCXf8/sm:1/w:427/h:320/cz/M6Ly9wcm9kLWNhd/GFsb2ctbWVkaWEvbHQvMS9BRjNCRjU0MDAwM0EwRDVBNThERDkyNzc/3OEU3MDlFMkExMDlCRDFBMTM2MTM5ODEzQTE2Q0U4OEEwRDQ4MTg1LnBuZw.png"
"Lidl","Diona Popierinis rankšluostis Maxi","1.99","https://imgproxy-retcat.assets.schwarz/fZjdhZ-NqmIkZUbnd73SOh2DFPWLBVvRw-fbboVHv0w/sm:1/w:427/h:320/cz/M6Ly9wcm9kLWNhd/GFsb2ctbWVkaWEvbHQvMS85M0RGQzUxRkE0MTU4MERBNEI0NUJCMTA/wODc2MEZBMTU4RDc3RTNFOEQ2RkZCOTc2MTM3NUZBQzgyNUI5NUFGLnBuZw.png"
"Lidl","Momblan Dešra „Kaziuko“ Rinkutė","5.49","https://imgproxy-retcat.assets.schwarz/R2HJ9gmyt8-FTlKvXtoKIA8eKZf7EtPQKaoNfehJtiY/sm:1/w:427/h:320/cz/M6Ly9wcm9kLWNhd/GFsb2ctbWVkaWEvbHQvMS9CMzQwRTNCNzMyRTJBMkUwQjVERDYxRkU/5NzQ4NjVBNDVCNUZENTJFQjY4RjI1QjlEQjYwMzA2NzM3NDMxNzc2LnBuZw.png"
"Lidl","Grite Tualetinis popierius Orchidea","5.99","https://imgproxy-retcat.assets.schwarz/Gu_hHcPKkrzDgl00JVPkHEqp-6zSYvennNOSmS_8afY/sm:1/w:427/h:320/cz/M6Ly9wcm9kLWNhd/GFsb2ctbWVkaWEvbHQvMS81MEE1MDMxOTcwNzQyNjY1Qjc3MDQ2NjY/0RTREOUU2QzA0RTNDNDBBRTgxMUVGN0NBMjQ4RjU2NUNGM0MxOUJGLnBuZw.png"
"Lidl","Fin Carré Pieninis šokoladas su nesmulkintais lazdynų riešutais","1.15","https://imgproxy-retcat.assets.schwarz/2e88dpstbGJDDFgUOIrK8AyhA4A5vvpBENxtUXHSsIQ/sm:1/w:427/h:320/cz/M6Ly9wcm9kLWNhd/GFsb2ctbWVkaWEvaW50LzMyN0U2MUM0QzE3QjJGRTFCNkFCNjQzMk/Y2NjAwQzFGMDVCM0M0QzlDRTEwRTQ4NDI4NDY1NDNDNkFFQjhFQjgucG5n.png"
"Lidl","Harvest Basket Šaldytos bulvytės","1.49","https://imgproxy-retcat.assets.schwarz/TOMQOBSJ6fna4jf6M4GtgzV2pmbhzIn8GD3_Wvs3UQk/sm:1/w:427/h:320/cz/M6Ly9wcm9kLWNhd/GFsb2ctbWVkaWEvaW50LzZBMkI0Nzg4RDRDOUI0MjM2Qjc1NkI2Mz/cwM0ZFQkMwMzY3NEQ2RkI3NjM3MUVEQTQwMjg1NkYxOTM4OTM1NkIucG5n.png"
"Lidl","Vilkyškių Varškės užtepėlė su žalumynais","1.19","https://imgproxy-retcat.assets.schwarz/jxtqqIZ8t_fr4EPQLxg3QXO-VQfQu2qWxVbEeVid3hk/sm:1/w:427/h:320/cz/M6Ly9wcm9kLWNhd/GFsb2ctbWVkaWEvbHQvMS8zREU0NjMzQTRCNEExRDRFMUMzNkNBMDV/FNjBERDg1Q0M2NjUyNjc5RjAxQTY2MkYwMzYyNDFCRjY5M0Y3QjEyLnBuZw.png"
"Lidl","Pilos Sūris Edam riekelėmis","1.15","https://imgproxy-retcat.assets.schwarz/lHfZk1Qc1Jais_-PoPMcMhMRp_I3Maxx1XPh2oNsw00/sm:1/w:427/h:320/cz/M6Ly9wcm9kLWNhd/GFsb2ctbWVkaWEvaW50LzM4RUQ1OEY2NjRBRDUyRDg1Njg4MzVBQT/Y5NjU2NTBBNTlGNUREOUY2MUFGMUJBREYzNzk5RTU0RDFCMTU0OTQucG5n.png"
"Lidl","Pikok Angliško stiliaus kiaulienos konservai","1.79","https://imgproxy-retcat.assets.schwarz/5P5VZt7snYEdVvkQ2px7sHK8vZThLTQOK53Y4ubqgyo/sm:1/w:427/h:320/cz/M6Ly9wcm9kLWNhd/GFsb2ctbWVkaWEvaW50LzE4NzhGRTlFNEVBRjFGN0E4QTQ4MTFBMD/ZBMDM4N0JDOUFGQjZCOTZDMDNGRkQyQkEzNTJCQkQ5MDlBODZFMTQucG5n.png"
"Lidl","Pikok Rūkytas pjaustytas kiaulienos ir jautienos saliamis","0.99","https://imgproxy-retcat.assets.schwarz/hCfYyENN6l18pbJpB6UYvB7ZWTn21KaA2Nw6Lh9NpLI/sm:1/w:427/h:320/cz/M6Ly9wcm9kLWNhd/GFsb2ctbWVkaWEvbHQvMS80MEQ2OTVFNjI4QThCMjlEQTlBMTg5MEU/0QTJFOUVCOEIxODg1MTM4QjE4NTcyOUQ2NjZDQzdFOERBM0Q4NjgzLnBuZw.png"
"Lidl","Combino Itališki pomidorų padažai","1.39","https://imgproxy-retcat.assets.schwarz/6WspcG2Ufeqn0fS-FDxww0QtawAaYYtl2NXww5quQAw/sm:1/w:427/h:320/cz/M6Ly9wcm9kLWNhd/GFsb2ctbWVkaWEvaW50LzQ5MkIzQTJGNDZDMkMxM0RDOTI0RDI4RT/hCRDRBMjI3ODJCMTZDMjNCQTE5NzVFNzM1QjRBRjAyNEVDRjI5ODUucG5n.png"
"Lidl","Culinea Vištienos krūtinėlės kepsneliai","3.39","https://imgproxy-retcat.assets.schwarz/XdOAGhjhbTf08w6ryzRAbbUP7yVFPRrImAHYl23xLEo/sm:1/w:427/h:320/cz/M6Ly9wcm9kLWNhd/GFsb2ctbWVkaWEvaW50LzU2MTJCOTM0NDJFQkUxM0UxNThCOTM5ND/EwOTE0MThBOTNCQUQ4MjkyRTM3RTUzM0UyMDMzRDNBOTUyMDU5MTUucG5n.png"
"Lidl","Trattoria Alfredo Mini picos","3.19","https://imgproxy-retcat.assets.schwarz/tcJIipMZAY0hJaE9OIzPJ639kXMWpuoD07WlR88jBRY/sm:1/w:427/h:320/cz/M6Ly9wcm9kLWNhd/GFsb2ctbWVkaWEvaW50LzY5NTg1NTYwMzVFM0IyN0I4NEY5NjNFQk/RDNzRFMzE5Qjg1NUU5QTQyM0JDOEI3MzdEQjU1RjNDOTZGMzkwODMucG5n.png"
"Lidl","Biovela Vytinta „Bernų“ dešra","3.24","https://imgproxy-retcat.assets.schwarz/9iNrydrlv8AdmPduABoFwi7mtSEJ89vUFjNfMD0KBYg/sm:1/w:427/h:320/cz/M6Ly9wcm9kLWNhd/GFsb2ctbWVkaWEvbHQvMS84MTU4M0VDMERDQzVBMEFERUM4MEIzN0E/zRjAzMzYwOTVDNDRBQjdBMEM4MDUzODJCRjFDMjBGQkY5OUE3NTcxLnBuZw.png"
"Lidl","Nixe Dryžųjų tunų filė saulėgrąžų aliejuje","6.99","https://imgproxy-retcat.assets.schwarz/XqDsn3xK00YkkcTeiZkRl38fGTrEtP9rY5dKr_sAFKY/sm:1/w:427/h:320/cz/M6Ly9wcm9kLWNhd/GFsb2ctbWVkaWEvaW50LzEzREE1QTM0NkI4MUExRDMxNTYzQ0RBN0/I5OTQ4QkJERjE5QTVDMzYwQkU1N0I0NTFEMTcwMTZFRDQ4MEQ2MTIucG5n.png"
"Lidl","Nixe Skumbrių filė pomidorų padaže","1.35","https://imgproxy-retcat.assets.schwarz/XQuDDwg7V4oBGMUZbqFyejetbZyU6HNVHC-miGwuQ-s/sm:1/w:427/h:320/cz/M6Ly9wcm9kLWNhd/GFsb2ctbWVkaWEvbHQvMS8zRDNENjZGM0VENEQ1RTExNEQzQkQ0Q0F/CNzU2NkVGQ0I3RDdGNkE1QzM2NUY1N0E2MjIxNzNERjkzNjAzNDY4LnBuZw.png"
"Lidl","Hipp Ekologiška tyrelė","2.12","https://imgproxy-retcat.assets.schwarz/Nw86ENx3v45kiiE2wBIpj2ivPQxnRuPPsUMqD-uNFwM/sm:1/w:427/h:320/cz/M6Ly9wcm9kLWNhd/GFsb2ctbWVkaWEvbHQvMS8wQkUyRTcyNjZGRTNEODRFOEVCMUQwMDI/1QkUzQzk1NDI0MThEQkM4RTM3NEI4MDZCRENGQjA2N0VGNjNCM0U5LnBuZw.png"
"Lidl","Pampers Sauskelnės","14.99","https://imgproxy-retcat.assets.schwarz/3DEuIJtDt4dS3Fh03M1mVsR39kt7AOvt7wkDXZAuACw/sm:1/w:427/h:320/cz/M6Ly9wcm9kLWNhd/GFsb2ctbWVkaWEvbHQvMS83M0NBMDVBMkQzQTFBOUI3Rjk4MEY4RjE/wNEE2OTUxOTQ4MjkzM0U4N0NCM0I0Mjk2QzRFNjhEREE2MTk5RjhBLnBuZw.png"
"Lidl","Zambrowskie Pienas UAT 3,2 %","0.85","https://imgproxy-retcat.assets.schwarz/OrjZT_BfU93_4mKYosTsCdCuFcZG7EH-8wCe7lPW24o/sm:1/w:427/h:320/cz/M6Ly9wcm9kLWNhd/GFsb2ctbWVkaWEvaW50L0YyOEU4ODJBRkFGMzk2NDMwNUJEMDJCQj/UxQ0NCRkYzNkMxRDhERjkxRDE0NDNGMUM1OURERTE2ODQ0N0MwRkIucG5n.png"
"Lidl","Liliputas Suvenyrinis sūris","7.99","https://imgproxy-retcat.assets.schwarz/v8hIXRhQVuohcxuub4w6QH3WHeB8W4MuL2Il2y5yVgg/sm:1/w:427/h:320/cz/M6Ly9wcm9kLWNhd/GFsb2ctbWVkaWEvaW50L0I1M0IwMzQzQzM5RTk1RjY2OTI3OTYyNE/Q1RkRENDUzRjE2Mzc5MzdDQzA5ODcxMkJEMDIwMjgwQjNBREY3MzcucG5n.png"
"Lidl","Actimel Jogurto gėrimas XXL","4.19","https://imgproxy-retcat.assets.schwarz/yvB_UOkr7yB9yaCHxDU3erwCJbBKvSRaJofSYoiLmeg/sm:1/w:427/h:320/cz/M6Ly9wcm9kLWNhd/GFsb2ctbWVkaWEvaW50L0ZEMTZGNTA2NzI1RjY1NUQyQkJDQTBFRU/E2NTIxNDFEQUM5NzlCNEE2MUU2MzhDQTVCM0RGMUJDRTNCMEQ5OUYucG5n.png"
"Lidl","Obelių Rapsų aliejus","1.89","https://imgproxy-retcat.assets.schwarz/XjatuDLfnJz5lL5Hfwu6B4JkcQVKtDPyXD_GVDdr9_U/sm:1/w:427/h:320/cz/M6Ly9wcm9kLWNhd/GFsb2ctbWVkaWEvaW50L0M2MDY5NTQ5NkVDM0Q0MEEyOTYzQ0JGQj/AyQ0FFN0YwMzIzNTE3NzcwMjM0Q0YzQkVERDlGNzkxRUJBRUNDRTkucG5n.png"
"Lidl","Amarilis stiklinėje vazoje","6.99","https://imgproxy-retcat.assets.schwarz/0cYBx6eMborJmWrlyFIUNyz2ntYGmqt0iB3-JXMB09w/sm:1/w:427/h:320/cz/M6Ly9wcm9kLWNhd/GFsb2ctbWVkaWEvbHQvMS84M0UxOTlBNUEzQUIxQTQ0MDg1MUE0MDc/xNDRCMDcxMjlEODM2N0U0N0Q4N0VGMzFFNTQ4M0ZDNjk5RTU1NkM3LnBuZw.png"
"Lidl","Eleboras mediniame vazone","6.99","https://imgproxy-retcat.assets.schwarz/fReh6RbpbNfuyVU9goqx2BQ4c2wDl4x_Dnx_gUo-yw0/sm:1/w:427/h:320/cz/M6Ly9wcm9kLWNhd/GFsb2ctbWVkaWEvaW50L0IyNERFNzdDRUE0MDgyM0Y0MUQ2MDA1RD/ZEQ0FFRkIwMzVDMDQxQjRFMjk4RTQ1RDc5REYzOTNCQUQ0NUMwNEYucG5n.png"
"Lidl","Itlv Juodos arba žalios alyvuogės be kauliukų","1.69","https://imgproxy-retcat.assets.schwarz/nem_ENndBJ-ByfEwMhpZTvxr6MuG-q6nY1J8gMUPAbQ/sm:1/w:427/h:320/cz/M6Ly9wcm9kLWNhd/GFsb2ctbWVkaWEvbHQvMS82NUFBQUIxM0UzRUZGMEVERTJGQ0I3OUE/2MDJFNkQ4MTQxRjBGMTA4NzUyOTVBMkQ1OUMwQ0Q1NURDNzJBNEYzLnBuZw.png"
"Lidl","Goccia d’oro Alyvuogių išspaudų aliejus","5.99","https://imgproxy-retcat.assets.schwarz/kGQZWfIW4p5oeFW9LA99x-YBvUWsTfvQWF7R5N1VZHQ/sm:1/w:427/h:320/cz/M6Ly9wcm9kLWNhd/GFsb2ctbWVkaWEvaW50L0NBRjk5MzUyNzAwQTQyRTg3NjYwQjREMT/M3NDc2QTg0NTQ0RURBM0QzMzEwQTNFNTlFNEJFRjlGMjVEQUE1RTEucG5n.png"
"Lidl","Gallina Blanca Daržovių arba vištienos sultinys","0.75","https://imgproxy-retcat.assets.schwarz/HC8TQEw817FbzMf8tsDxLDSEDP0hfQtjugjq4j8h6XY/sm:1/w:427/h:320/cz/M6Ly9wcm9kLWNhd/GFsb2ctbWVkaWEvaW50L0E4MDhCMEU3QzdDQTBFQ0Q4RDdGOUJFM0/FDMDIzMEY2NEIzOTg0QjE5RkM4MDcyOUExODA5M0I5QTU0ODQ4NTkucG5n.png"
"Lidl","Kėdainių konservai Agurkai su ąžuolų lapais","1.55","https://imgproxy-retcat.assets.schwarz/D_AjUMmPgi2Ow9j3VMdEwRgK3-tI7pB1bp8AG-OxZpI/sm:1/w:427/h:320/cz/M6Ly9wcm9kLWNhd/GFsb2ctbWVkaWEvbHQvMS8yRDFBMjdDMzNFOEQxQzI0RDExQTUwRjE/yRThBQjhBQjdCQTM0REYzMUZEOTQwMDk2N0IxRDY1NDE5M0JFQUUxLnBuZw.png"
"Lidl","Bonduelle Konservuoti kukurūzai","1.49","https://imgproxy-retcat.assets.schwarz/og6m7iPY-LnpsaxQ2ZuUiM11fec66CjqHCxil8tE7LE/sm:1/w:427/h:320/cz/M6Ly9wcm9kLWNhd/GFsb2ctbWVkaWEvbHQvMS9EMUI2OURFQ0NBNUVDNjVFRERCMDRGQTV/BQzAxQkY5QTNCQjg4NEYxNUI2NkZDRkZENTlGNDQ5QzY2MjlFRjEzLnBuZw.png"
"Lidl","Philadelphia Šviežio sūrio gaminys XL","3.29","https://imgproxy-retcat.assets.schwarz/HLGxTgJ8JRqmtan9kwvktYqIUxEF5syjZ3bwxYkDBys/sm:1/w:427/h:320/cz/M6Ly9wcm9kLWNhd/GFsb2ctbWVkaWEvbHQvMS8xNTlGNkNEQUE4MDgxQTc0Qzg1QTM4NjZ/GOTg5NzhGMkM0QTY1RjA5ODhDREIzMERGMTAyOUExMTJFODZCRUE5LnBuZw.png"
"Lidl","Lietuvos kepėjas Imbierinė sausainių tešla","2.99","https://imgproxy-retcat.assets.schwarz/K7nZpwu4-2UyJJNTF5vdVeP8olcsoQmmz3eDP-PHdcE/sm:1/w:427/h:320/cz/M6Ly9wcm9kLWNhd/GFsb2ctbWVkaWEvbHQvMS80QzE5QkJFNzQzQTM4NTNBREYyMzIyRjF/GOTc1RTlEOTlEMDE3Q0U2RkRCRDMwNTIzRTMyQjgyMjBEMDQ2OEZCLnBuZw.png"
"Lidl","Lietuvos kepėjas Glajus","1.19","https://imgproxy-retcat.assets.schwarz/ks232bCidwEjwrweN9yMIOKtL708cqz2JDuiIOphLtM/sm:1/w:427/h:320/cz/M6Ly9wcm9kLWNhd/GFsb2ctbWVkaWEvbHQvMS9BMTNBNDI4NzQyMTU3QTE5QTdCOEY5QTI/zMEM1NjJDNTE1RkUzMzhDODYyQjNENTBCRjQ0NzJGNjdFNkE2OEUyLnBuZw.png"
"Lidl","MÜLLER Skrudintų migdolų arba sūrios karamelės skonio pieno gėrimas","1.19","https://imgproxy-retcat.assets.schwarz/-IDJkDgOhFql3woOjuMJrdQG6pnCe--T8VgxgPiap4k/sm:1/w:427/h:320/cz/M6Ly9wcm9kLWNhd/GFsb2ctbWVkaWEvbHQvMS80ODYwMDU3MTc4MzE1NEEwRkZCQkY2ODJ/BMzAxOTAzNzYyNjlDMDZFRDMzMjE2RDUzQkFEQkYyNTg5MzAzRjc4LnBuZw.png"
"Lidl","Rokiškio Tarkuotas sūris Mozzarella","1.99","https://imgproxy-retcat.assets.schwarz/NykDWRCY5CTFalJMXxwv6yOh1oYM7OdUB1Stbl4CN0s/sm:1/w:427/h:320/cz/M6Ly9wcm9kLWNhd/GFsb2ctbWVkaWEvaW50L0U5QzIzMEE5NTMyMkI1QTJBMzI2RkFDNT/ZFNTRDQjQxMjQ3QTY5MzkwNEYwQTgwOTA5NjgzOEQwNDAyMjQ4MDgucG5n.png"
"Lidl","Puansetija „Deluxe“","5.99","https://imgproxy-retcat.assets.schwarz/pGQgpw4QNiHrsyGJwxewg5oxdvqhl7JgXqrhypIvbnQ/sm:1/w:427/h:320/cz/M6Ly9wcm9kLWNhd/GFsb2ctbWVkaWEvaW50L0VDQkU3N0QyRTJEOUUzRTMyQjBFREY4Nk/I2RjM0NTE2NjkwMzhEM0QxMTExRDZEMkRFOTBBQTE4RkE3RjZFNzcucG5n.png"
"Lidl","Rokiškio mėsinė Šaltai rūkytas skilandis","10.99","https://imgproxy-retcat.assets.schwarz/MF5cMc7EQadIBj7H_I-8awvlBnh872Jpw9rW8vwhvbs/sm:1/w:427/h:320/cz/M6Ly9wcm9kLWNhd/GFsb2ctbWVkaWEvbHQvMS82Mjg3M0JFMjA2QkVFRjVFRDNGNDFFRjM/1OEY5QUMwM0NFNDQzMDZDMjZCODg5QzIzQjM1MDkyQTFDNEVDNzRFLnBuZw.png"
"Lidl","Lietuviška puansetija","2.99","https://imgproxy-retcat.assets.schwarz/T4Ziob5q9KJlEtd_c6X3HNupQxDsSdeE1-_5UrEONwc/sm:1/w:427/h:320/cz/M6Ly9wcm9kLWNhd/GFsb2ctbWVkaWEvbHQvMS8wMjQ1MkVDOUU3MTc3RjZCQjE4QjI1OTM/2RTgyODYzQzA0RTdERkIzNjg1ODY2REEzMDBCRUU2QTk2MzA0QkUxLnBuZw.png"
"Lidl","Nowaco Exclusive Argentininė jūrų lydeka","2.39","https://imgproxy-retcat.assets.schwarz/vv7v9Zl7L0NWpDKnpUuhiBME6UjewJoTg2zXOyXEwOs/sm:1/w:427/h:320/cz/M6Ly9wcm9kLWNhd/GFsb2ctbWVkaWEvaW50L0ZENEZBNjk3MzcyM0NEMDVFQjc5RTFBRT/EzQzU1MzYzMzNEOTZGOTE0MTJDM0Q2ODdEQUU0Qzk5MkNFRUEwMDEucG5n.png"
"Lidl","Kalėdinis kaktusas XXL","8.99","https://imgproxy-retcat.assets.schwarz/luYyDwbUm-1L9dbLrhgD06o3xTndWtOduJFt8Jhs7r4/sm:1/w:427/h:320/cz/M6Ly9wcm9kLWNhd/GFsb2ctbWVkaWEvaW50Lzk4NUExQzdDREZBNjU5Q0M5ODYwNDRDOT/NBMDZGMjhBMzEyRTI2RTVDQUZEMTY5MDUxRTAxODdBNzc3Nzc3RUEucG5n.png"
"Lidl","Puansetija","6.99","https://imgproxy-retcat.assets.schwarz/LqRbdffxcpX8611efM3ZbL1xICczxW1-r3v6KEoVNNA/sm:1/w:427/h:320/cz/M6Ly9wcm9kLWNhd/GFsb2ctbWVkaWEvbHQvMS83OEJBRkQwNzE4MUQ0QkVCODUyOTE4RTc/2NjBEMzRCMjlGRkRBMTcwNzhGNTRBNjUwNjNBRjY0RjFBODQwQjQwLnBuZw.png"
"Lidl","Portlite Šaltai rūkyta arba sūdyta atlantinė lašišos filė su oda","3.79","https://imgproxy-retcat.assets.schwarz/i4PwpWZ8tzbzq9H8k2wmDM08jkmVTRfzsQRgdB-qHeE/sm:1/w:427/h:320/cz/M6Ly9wcm9kLWNhd/GFsb2ctbWVkaWEvbHQvMS9DQzEzRTE0M0NFOEQ0OTc3RTdEQjIzOTZ/BODE1RUJBMEM0RTYzQzE0MEUzMzQ1NTI5MkE2QTZERjIyNDQ2RDlBLnBuZw.png"
"Lidl","Maža puansetija","1.19","https://imgproxy-retcat.assets.schwarz/WsnFWTyU2208y3gaEtgTA5Cs3FVzLBJQ2xrKXDsOOUY/sm:1/w:427/h:320/cz/M6Ly9wcm9kLWNhd/GFsb2ctbWVkaWEvbHQvMS8zM0U0QTE5QzVFOTFFREFGOUNBQzY1Qzc/xREY2QzJGQ0IwMjg4RDlDMDYzNUUyNjE5Mjc3OUM0Q0REMzJDNzExLnBuZw.png"
"Lidl","Vaškuotas amarilis","4.99","https://imgproxy-retcat.assets.schwarz/JIVBNgijyy9NrCsRZUgPVF-Drb04pP_tBJwAmpHpEFU/sm:1/w:427/h:320/cz/M6Ly9wcm9kLWNhd/GFsb2ctbWVkaWEvaW50LzRDREMzMTdCQ0UyM0RENjA4QTJDNTQ3RT/QzQjkxRTU1ODkyQUVDRDkwQjNBQzc2Njc1RDk2QjcwMjk3QkI1M0YucG5n.png"
"Lidl","Alaska Wild Lašišinių žuvų nerkų ikrai","11.99","https://imgproxy-retcat.assets.schwarz/OG28APs9n1aiY1xb9J5s4v1R9SHFXjW2Aw6eNxggA0Y/sm:1/w:427/h:320/cz/M6Ly9wcm9kLWNhd/GFsb2ctbWVkaWEvbHQvMS8zOERENjlGQzM3M0U4RjVEREZEMEJFOTk/yMEI5NUM3MDZGRjNFQTkxNDM1RDU0MkQyQUJEOTZBRkJERDY1NTBBLnBuZw.png"
"Lidl","Buga’s Aitrus saldžiarūgštis padažas","2.79","https://imgproxy-retcat.assets.schwarz/gKFIl_AcUSLYfXCOQbV2DXuY-ZtULcLv3SOe8Oyj7iE/sm:1/w:427/h:320/cz/M6Ly9wcm9kLWNhd/GFsb2ctbWVkaWEvaW50L0VBNkE2NkJGQjFCQjAzMzZGQ0IxNzIxMj/k1NjI2RjM5NDQyN0RFRjIzMzI2RTBEREU0NzVBNzMwNDc0QTI1M0QucG5n.png"
"Lidl","Mamos konservai Džemas","1.99","https://imgproxy-retcat.assets.schwarz/Pq8sGgiYVwPv0l1yu6d_qRTdJaCl-ro_AYwFlPnn9Ms/sm:1/w:427/h:320/cz/M6Ly9wcm9kLWNhd/GFsb2ctbWVkaWEvbHQvMS9CMDU5NUZEOTdGNzhEMTYwQjFDREI4OTd/GREUyNDc1NzA3QjMwNTUyMUIyOEQyOUMzODFBRjhGMUFBMjY1NTJCLnBuZw.png"
"Lidl","Hellmann’s Švelnus kečupas","2.19","https://imgproxy-retcat.assets.schwarz/xYw3Fi9ng__hjtDX9dHm4V7-Kc-3yJ0Yg48fNmMhj8Y/sm:1/w:427/h:320/cz/M6Ly9wcm9kLWNhd/GFsb2ctbWVkaWEvaW50Lzk3Nzc0QUFEOEI5MUFGRjgyQjNGRTU1OD/lENzNDRDBFODlGMTYyMzZFMjhFMkVGMzVERUQ0RUNDN0UzQTM0MkQucG5n.png"
"Lidl","Samsono Karštai rūkytas saliamis","2.79","https://imgproxy-retcat.assets.schwarz/drGerFsl4sWgqhUE2Ji2489PH-1EpJzQE91lsVQJWFA/sm:1/w:427/h:320/cz/M6Ly9wcm9kLWNhd/GFsb2ctbWVkaWEvbHQvMS9FRTZBRENEMjIzNDk0M0M3OEZGQkRFOTE/0Mzk3MkJCODMzRjYzMEFFQzFCMTBBNTg5RjAzRTYyNDVGMkVEREFDLnBuZw.png"
"Lidl","Sea Snacks Vytintos kalmaro filė juostelės","1.49","https://imgproxy-retcat.assets.schwarz/6XCvXHJ1dBAzzmgg_DaCBRZePwN4FfTo_c1GO6fOy9Q/sm:1/w:427/h:320/cz/M6Ly9wcm9kLWNhd/GFsb2ctbWVkaWEvbHQvMS8zNkE4OUQ5MEREOUM2QjQyNDVCQ0UyNEV/DM0NBQTY3QTExMDUzOEI3MUE3OTYyMkREODY0MzU0NEM4OENCODgwLnBuZw.png"
"Lidl","Port Lite Surimio krevetės sūryme su prieskoniais","2.19","https://imgproxy-retcat.assets.schwarz/SRRCGRYzlyYzFmHEnUnx0zJ3uNZMCK4hyVvbYKA4zm8/sm:1/w:427/h:320/cz/M6Ly9wcm9kLWNhd/GFsb2ctbWVkaWEvbHQvMS9FQzc4NTZDNDI3NjA2NTlDRjNDNjU3RUJ/CMUZDM0VFRDlGRUI5OTg2NDZEMkY0RTY0QzVDN0YyRTg3RjFDQjZGLnBuZw.png"
"Lidl","Port Lite Myliu žuvį Krabų skonio surimio lazdelės","1.69","https://imgproxy-retcat.assets.schwarz/Ow4p0BorptzLn-zxSeBFBPJ8wOI9ZdiE7ha29AP3SfI/sm:1/w:427/h:320/cz/M6Ly9wcm9kLWNhd/GFsb2ctbWVkaWEvaW50LzJGNUIwQzU3NDNGOTJCMDI2QjJCQUNEMj/kxRTYyRTZCMjRENEY2M0NFRkQzNTU4MDI3REY1QzBDNDNERUVFRDQucG5n.png"
"Lidl","Zigmas Skandinaviška silkių filė aliejuje","3.79","https://imgproxy-retcat.assets.schwarz/IbNHJ6t0Jmcqc_XYwwKvLXv90KNE4EkSdpxWqEarS_4/sm:1/w:427/h:320/cz/M6Ly9wcm9kLWNhd/GFsb2ctbWVkaWEvaW50L0U1NDE4RDE1RjhFNkNCODRDMEM5QzNEMT/MyMkE3MTJBQ0EwMUE0MkFEMDEwRkJFOERBNUQ3NkFBQjMwQkQxRjcucG5n.png"
"Lidl","Bonduelle Konservuoti žalieji žirneliai","1.35","https://imgproxy-retcat.assets.schwarz/39CU8lMsE5QSJdj3cC7grOqoqLMLvzViryD_px-uSw0/sm:1/w:427/h:320/cz/M6Ly9wcm9kLWNhd/GFsb2ctbWVkaWEvaW50LzExQzE4MzkyQzdBMUU4REM4NUQxNEFBMD/VCQkE5NTNGRkRDMUJFQUY5Qjk0MkNCMTlBRUFGNkI5N0YzOTY2RkYucG5n.png"
"Lidl","Berlinki Virtos ir rūkytos kiaulienos dešrelės","1.29","https://imgproxy-retcat.assets.schwarz/A-owGywDCp5MARj2x5Qi5klNZ1H4xpBfJfvD7ltQLdQ/sm:1/w:427/h:320/cz/M6Ly9wcm9kLWNhd/GFsb2ctbWVkaWEvaW50LzM5RjVCQzk1NTMxOTZCRkQ5NUVFMkVBRD/E4NzkwODQxMDExQjM0M0Y4NTNEMjVBRkI3MDc2MUU5ODg3RTkwMUQucG5n.png"
"Lidl","Nutella Tepamasis kremas su lazdynų riešutais","5.49","https://imgproxy-retcat.assets.schwarz/goE5yR-cV4CK0lxJaMDbr775TW7imSIKWy0f3WHFkN4/sm:1/w:427/h:320/cz/M6Ly9wcm9kLWNhd/GFsb2ctbWVkaWEvbHQvMS84OENDRTY0MUMwRjE4QUVGMEYzMTIyRkZ/EQkJBMEI5QkIxQjAxQTJFQTMwRTA0ODA3NTg3NTE5RDlBRDlCMjAzLnBuZw.png"
"Lidl","M&M’s minis Pieninio šokolado dražė","2.79","https://imgproxy-retcat.assets.schwarz/GmNGpgXqhCR_sCVuxfPiEb1r4uI_iFDTcIEHp6-sIZw/sm:1/w:427/h:320/cz/M6Ly9wcm9kLWNhd/GFsb2ctbWVkaWEvbHQvMS9EQUM3NkI0NEVCQTBDQkRCQUIxNzUyRjh/CRDc1OTI3NUNENDg1MTk5OEZBNjdDRkVFRjU0QzQ5REY4NjFEMjM0LnBuZw.png"
"Lidl","Raffaello Saldainiai","4.49","https://imgproxy-retcat.assets.schwarz/uCPJ0Q-llP294K34E--Uz8eiXdaCz7Ap1mkBLhCYkdw/sm:1/w:427/h:320/cz/M6Ly9wcm9kLWNhd/GFsb2ctbWVkaWEvbHQvMS8zNEQ2NTI0M0VBOUVFMzU3OTY4MTgwRDY/1OENGNUE3QkQ5ODQzNTRFOEJDMkM1NkYyRUM0NUQ2RjZDNTc5QjkzLnBuZw.png"
"Lidl","Ferrero Collection Saldainiai","10.99","https://imgproxy-retcat.assets.schwarz/Jr6ePiyKU-hEN961TGmtkNXrizlBVwAKtR9Fi1wladI/sm:1/w:427/h:320/cz/M6Ly9wcm9kLWNhd/GFsb2ctbWVkaWEvbHQvMS80RUZBNTkyNUY5ODkxNUY3MTY5Q0MzQjV/DMDZDMUZGMzQ4M0MxRTJBQzA2M0NBNEQxQUQwMDg3Q0I0ODIxNDcyLnBuZw.png"
"Lidl","Ben&Jerry’s Ledai","4.99","https://imgproxy-retcat.assets.schwarz/5b90XX1kx4N_ryVE3A1ebkcpaV91wMn4b9EmxwXYFvY/sm:1/w:427/h:320/cz/M6Ly9wcm9kLWNhd/GFsb2ctbWVkaWEvbHQvMS9FNTgyRjlBQjAxOEIxQTA2RUZCOTRBRTA/4OTc5NTU2ODQ1Njg1NkRBMjI0MEUzQTc3QThFMkU0NzQwQzNENTQ3LnBuZw.png"
"Lidl","Barny Sausainiai su įdaru","1.99","https://imgproxy-retcat.assets.schwarz/WPqIS86xuV8QVU2BmETtZhEtP6vpsun8JXfhm0L9Wsg/sm:1/w:427/h:320/cz/M6Ly9wcm9kLWNhd/GFsb2ctbWVkaWEvaW50Lzg4REY2M0VGMTMwQzIyMjFDOUFCNjY1RU/E3Njg4RTdDQkIxNjk0OTc5RkUzMTdERDNBNEI3Mjk4RTJEQTlDRUMucG5n.png"
"Lidl","7 Days Kruasanas su įdaru","0.49","https://imgproxy-retcat.assets.schwarz/wBOD7KckFFOT9zOTGJYWuLiEcE2uPjZCQ9rSxoONpRQ/sm:1/w:427/h:320/cz/M6Ly9wcm9kLWNhd/GFsb2ctbWVkaWEvaW50L0Q2MENDMUFFMzA0RUFDOEQ5NTA5ODBDNz/Y3OUFEQTRBRUY2NjlBRUIzODA1QTdENjdGNTBCRDIxODc5Q0MzMjAucG5n.png"
"Lidl","Selga Mini vafliai","2.15","https://imgproxy-retcat.assets.schwarz/mIL5yMKdwFvAbQDPlWiL69MF9Z2Kt6crmoyBmyq5STE/sm:1/w:427/h:320/cz/M6Ly9wcm9kLWNhd/GFsb2ctbWVkaWEvbHQvMS82NDA5QzgxRTY1RjUzQzdFQzQ2ODY3MDZ/FREJCRTMwRDAxQzA0NDNDOTBFQzk2QTA4QTc0NDBEMjM3NzZDNjM3LnBuZw.png"
"Lidl","One Day More Granola Dubajaus stiliumi","4.99","https://imgproxy-retcat.assets.schwarz/pc-cVjnatzPQAGjGjqGsR1KQ-53uVW1XC3FWXw_hkhY/sm:1/w:427/h:320/cz/M6Ly9wcm9kLWNhd/GFsb2ctbWVkaWEvbHQvMS8zNjlGMTQ2RkExOUY3MkQwODc2QkI3OUR/GMkJFQkRCN0RGRjg3MDMzOTE3Qjc5NTc3NDYwQjQ1MEQzNDZBRDI1LnBuZw.png"
"Lidl","Lietuvos kepėjas Kalėdinis aguonų šokis","2.79","https://imgproxy-retcat.assets.schwarz/BC2aWQe46BfDA7w9ZqicHGtCtNME-vg_0y3Te6xNgxQ/sm:1/w:427/h:320/cz/M6Ly9wcm9kLWNhd/GFsb2ctbWVkaWEvbHQvMS8xNzlCMzc1NzJCNDAxMDdBQ0QxOEE5QzE/yNTQxNDYzOTk3M0JFNTBBNDQ2NzhDQTFEQjQyOEE1MEREOTlFOERDLnBuZw.png"
"Lidl","Gaidelis Krekeriai","0.66","https://imgproxy-retcat.assets.schwarz/DpaV2YLqm2JyhuEXUdUARI5oJ0hCgGT4x7kFN6OIYCM/sm:1/w:427/h:320/cz/M6Ly9wcm9kLWNhd/GFsb2ctbWVkaWEvaW50LzFGN0QwOTE2Mzk0M0I5OEE3NTkwMTEyMD/U0QTgzMEY3NDZDNDhCQzc4NEM1RDY2RjU0OTA2MEE3NDBGRkM3MEIucG5n.png"
"Lidl","Biscotti Sausainiai","2.99","https://imgproxy-retcat.assets.schwarz/OXhutDP6wWCf2cU0Oz7H_7UuD04X6ONt2r-a98c4U9g/sm:1/w:427/h:320/cz/M6Ly9wcm9kLWNhd/GFsb2ctbWVkaWEvbHQvMS8zRDBDNDFEQTc4MzhCNEUwRTI2MDFEMDg/3QzJCOTU1QjkyMTA5QjBCMjdCODhDQkQwQkU2NjNBN0VGNzk0RDNBLnBuZw.png"
"Lidl","Estrella Kepinti žemės riešutai","2.29","https://imgproxy-retcat.assets.schwarz/aYfHUWUXlroS-tAOa331dddrC7tkchfLMtUYEq3OPzk/sm:1/w:427/h:320/cz/M6Ly9wcm9kLWNhd/GFsb2ctbWVkaWEvbHQvMS9CRTQ0QzU4NjI3ODVGRTI4RjE1NDMwNjl/CQ0QyOTREQjE4OUZDNDhCMkQ3NTExMUJDODE5QkFBODM2NUNGQzZBLnBuZw.png"
"Lidl","Pringles Bulvių užkandis","1.79","https://imgproxy-retcat.assets.schwarz/iAbKMfpBR2sSZp1DHUtouwDvh_K8JcfbAhm8YuB8FTQ/sm:1/w:427/h:320/cz/M6Ly9wcm9kLWNhd/GFsb2ctbWVkaWEvbHQvMS83NDIyRjI2QTE4QzE0MTBCQzM0N0ZGNzM/4MThFNDNDRTIxQ0EwMjg0MjRFODFCOURFRTZBRTdGNjNBMzY0NUNFLnBuZw.png"
"Lidl","Annas Imbieriniai sausainiai","1.45","https://imgproxy-retcat.assets.schwarz/rGihihu1T0BUxAjv2EN5oCxnTasG1LXSQg-48bwphSE/sm:1/w:427/h:320/cz/M6Ly9wcm9kLWNhd/GFsb2ctbWVkaWEvbHQvMS9ENzRFMDY5OTEzNzAwMUQzQjhBRkM4Njc/zRDA0NEExREM2N0I5N0M1RUM2N0MwOUVCQjQyOEE4OUU1RDE4NjM5LnBuZw.png"
"Lidl","Capri Sulčių gėrimas","3.49","https://imgproxy-retcat.assets.schwarz/166db32V-ZUCG_wM1Ki9zBivcUp7134FxFJskyIZVjY/sm:1/w:427/h:320/cz/M6Ly9wcm9kLWNhd/GFsb2ctbWVkaWEvbHQvMS9DNENCRTREMEY2Njg1OEU5Mzk4NkM0QkZ/GM0VGNjRCMzM0OTY3ODRFNkJCODkwMUNCNkY3RkVGOTg3RUE1Nzc4LnBuZw.png"
"Lidl","Neptūnas Gazuotas stalo vanduo","0.45","https://imgproxy-retcat.assets.schwarz/6ZiG0-VV_sYKnesHh4c_-SzK-lRgDVJ5XCoGDUPyqU4/sm:1/w:427/h:320/cz/M6Ly9wcm9kLWNhd/GFsb2ctbWVkaWEvaW50Lzg1ODQwMTdBNjBCQzJDQ0ZFREE4NEFCRj/dDRkFDQjI0NkVBOTRCODIxNEE2OTFCQUE2MUZBRDUwMTZGMkUwMDMucG5n.png"
"Lidl","Red Bull Energinis gėrimas","1.09","https://imgproxy-retcat.assets.schwarz/A-Qmf-pikBtGObnWBucrdMHg69t02ES_Qnx3wUn5mCs/sm:1/w:427/h:320/cz/M6Ly9wcm9kLWNhd/GFsb2ctbWVkaWEvaW50LzZBNEEwNjA3M0I3NEU2Q0U0QTkwRjVGMD/cyMzExQjYxRkY2MkMyNzMxNjlFQTIxOUU5MzI1M0MwQzNCQUU2RkEucG5n.png"
"Lidl","Schweppes Gazuotas gaivusis gėrimas","1.11","https://imgproxy-retcat.assets.schwarz/MW0qiwzfGZWEUJt6ZZXcWMACifLMX4dFM-fqvCVekVo/sm:1/w:427/h:320/cz/M6Ly9wcm9kLWNhd/GFsb2ctbWVkaWEvaW50L0MxMjc4MEZENjFEQUEwQzhGOEY0RkJGRE/YyMEQzMEM4RENBNjNCOTM5RDRDOTg3NjY3Njg5MTUwODBGRTY0MjUucG5n.png"
"Lidl","Tymbark Obuolių ir arbūzų gėrimas","1.59","https://imgproxy-retcat.assets.schwarz/l-BD-pmYBq3Q9S8SYQpQ2zBIDtSoi8ZgDxdHBrv1Cqo/sm:1/w:427/h:320/cz/M6Ly9wcm9kLWNhd/GFsb2ctbWVkaWEvaW50L0UzQ0I0OEUyRkU5NTlFRkNBMzZFRDJGMz/BBNDQxRTk5NkY5QzU1NTBDRUFFRjBEMkVDMDI1MjM0NEM2RkQ4NEMucG5n.png"
"Lidl","Vilkmergės Nealkoholinis alus","0.69","https://imgproxy-retcat.assets.schwarz/BaEHvUIeaBKGzytrt1F8pwJ0SVLYauL988eF-DtY6wg/sm:1/w:427/h:320/cz/M6Ly9wcm9kLWNhd/GFsb2ctbWVkaWEvbHQvMS80OEY4MEIyNzI4MzlFMjQ2ODQwREVBMEU/3RTU2RkY1QzU5MTA0QkRCNkZFMDNDM0U3MjY1NzY5ODI3MDA4QUE0LnBuZw.png"
"Lidl","Gubernija Duonos gira","0.69","https://imgproxy-retcat.assets.schwarz/bQ0rTmbS759saTngcNdVKBn_ZicjyqkOvqfowqJAsmk/sm:1/w:427/h:320/cz/M6Ly9wcm9kLWNhd/GFsb2ctbWVkaWEvaW50L0EzMUY5NDNGQTM3RDY5MzYwRTg1QTA3RD/U4QjkzNDVCOURFQzg5MzA1RTIzQzM5OEUzNTQzNDJCRUMyRjE1NUEucG5n.png"
"Lidl","Valsoia Sojų arba migdolų gėrimas","1.69","https://imgproxy-retcat.assets.schwarz/83QvhzDFb9MS15ipWvjVNlTn0n6m2KXliwiaqmggWCk/sm:1/w:427/h:320/cz/M6Ly9wcm9kLWNhd/GFsb2ctbWVkaWEvaW50LzMyNzlDNDdCRUExQUNBMTYxNTYwRjY4OU/M4NDAyMERCRkY5MUE1QjIwRjRCMDFFQUYxMjQ2QkQzMkM5QTNFRUQucG5n.png"
"Lidl","Fuze Tea Persikų skonio arbatos gėrimas","1.29","https://imgproxy-retcat.assets.schwarz/eq23OxkDdz15rW3Rmx87ughKx8IlmxMOW2HXGZF6Do0/sm:1/w:427/h:320/cz/M6Ly9wcm9kLWNhd/GFsb2ctbWVkaWEvbHQvMS81Q0ZGQzdBMzYxMjA3QUUzNTQwQzA3RTV/FRUI3OEJFQzdCNUE1QzRDOTMwQTdEQzMxNEE2NkMzNTc0N0M4QzFDLnBuZw.png"
"Lidl","Red Bull Energinis gėrimas","3.96","https://imgproxy-retcat.assets.schwarz/3AypLUjH3Pqoez_Cp0EOjVH1aM2Db9NpCIMfJg8kR7M/sm:1/w:427/h:320/cz/M6Ly9wcm9kLWNhd/GFsb2ctbWVkaWEvbHQvMS9CMDI3Mjk5MEQzM0IxNzk4ODFGRjI0QUZ/FOEE2MEVBMzdBMjI3N0E0RTA5MTkxNTcwRDUxOTJEMkMwRjgyQzAzLnBuZw.png"
"Lidl","Aroma Gold Kavos kapsulės","4.49","https://imgproxy-retcat.assets.schwarz/DUDgjq6GNO6hlzUhwN3G7fS9016ACkoIWjUhlJc0KrE/sm:1/w:427/h:320/cz/M6Ly9wcm9kLWNhd/GFsb2ctbWVkaWEvbHQvMS85NzI3MDY2N0M5NEI3REMwODMxQjQ2Njd/CN0M1Qjc4QThGRTNFQjA5MENFNjY3NEE0QUE2MUQ1MUUzMkE3RUUxLnBuZw.png"
"Lidl","Etno Kalėdinis žalias burbulas su juoda arbata","3.69","https://imgproxy-retcat.assets.schwarz/bR_I7wI5D8DWVlF_MOk8pji1pbY1Qgfw1DTm0hGsasY/sm:1/w:427/h:320/cz/M6Ly9wcm9kLWNhd/GFsb2ctbWVkaWEvbHQvMS9BRjlGRTQyN0E1ODg4RUVGQzI5RTFBNEV/EQUNBQkNFNjRFREZDRkQ0QUJENzUwMjQ2MTVGQzUwQzFBNDc3RUI1LnBuZw.png"
"Lidl","Žolynėlis Vaisinių arbatų rinkinys","4.79","https://imgproxy-retcat.assets.schwarz/UvleKUG2yGimDahtcqTm-wLi4T9BgVAtlp7LO8Ik9bs/sm:1/w:427/h:320/cz/M6Ly9wcm9kLWNhd/GFsb2ctbWVkaWEvaW50Lzc4ODlENjkyMTNBQzY0RkRBRTkzMDU5OT/lFMzZGOTExQkEyMTM1OTUxMDg1MUM2OUExMEQ0MTg4MzU5NjU5MzcucG5n.png"
"Lidl","Neptūnas Negazuotas mineralinis vanduo","2.55","https://imgproxy-retcat.assets.schwarz/f_IZhsHbRVLaOe2dhbP4gimNwf519KwFMFn0kb_wGQE/sm:1/w:427/h:320/cz/M6Ly9wcm9kLWNhd/GFsb2ctbWVkaWEvaW50LzMyMDAwQzIwMDkxNkVFREMwMDQxM0ExOT/RGNDgwQzVBNjE1MThGOTEwMTUxRTIwMkRCQTIwNDFENDgxMTVERTQucG5n.png"
"Lidl","Mashie Imbierinė arbata","1.59","https://imgproxy-retcat.assets.schwarz/8aE3ujwPZJ6NWeUuqHni4GqcBwfkqQq26SgsjrQYuhU/sm:1/w:427/h:320/cz/M6Ly9wcm9kLWNhd/GFsb2ctbWVkaWEvbHQvMS9GNzQzREI5M0EwMTlENjUxQUE3RjNEQjg/4NDQ3Q0I5QkUyRDIyOTU1NkE2NjIxRkQyNTBBNTlEMzc2RERGNkZCLnBuZw.png"
"Lidl","Jacobs Tirpioji kava 3in1 Classic","2.00","https://imgproxy-retcat.assets.schwarz/6zkD3hnWgrexGb9DWQSuTiFOQpSB4u7QcRpCUCY3aMo/sm:1/w:427/h:320/cz/M6Ly9wcm9kLWNhd/GFsb2ctbWVkaWEvbHQvMS9FQTRBQjA1NzY5RERDODk5QzI1RkRDQkV/DMkNBOTNFOTFGQThCMTc2RDIzQzk0REQ2REI3OUMwNUUzNTg2QkFFLnBuZw.png"
"Lidl","Solevita Vaisių sultys","1.19","https://imgproxy-retcat.assets.schwarz/pS2DliJW2G8phnFX8MNc-wwZ5x_sbxSM-ESebsX2Zds/sm:1/w:427/h:320/cz/M6Ly9wcm9kLWNhd/GFsb2ctbWVkaWEvbHQvMS9CMDAxMjk3NjA4OUREOTkzQkE2RkZCOUF/CMUI3MTUxMzAzMzlGMjFDNTJFQzI2MkE4QUVBRUZDQTBBMjE2RDc1LnBuZw.png"
"Lidl","Bon Gelati Vaniliniai ledai su migdolais XXL","5.69","https://imgproxy-retcat.assets.schwarz/Kl7HW6LRyv8DmOLTZ5oDO8tr_pC8MqrhQd_ka1phyWs/sm:1/w:427/h:320/cz/M6Ly9wcm9kLWNhd/GFsb2ctbWVkaWEvaW50L0I5MUM0N0ExNzkwMUUxRTQyNDk3OUE3MU/E5MzNGNzY0MDVDMjg3MzY0QzZBODk2M0E4NDY4QzFEMTVDQkQ1ODgucG5n.png"
"Lidl","Bon Gelati Mini ledai ant pagaliuko XXL","5.79","https://imgproxy-retcat.assets.schwarz/VmrUrD1SPqNfMzgou1tiv8wqGxozhgYc49L8FMG4VUY/sm:1/w:427/h:320/cz/M6Ly9wcm9kLWNhd/GFsb2ctbWVkaWEvaW50LzcwMkZEQ0EwNzE5RDY1Q0M5MTFGQkQ0MT/JGNUYxNzFCRDhERTAzNzZBM0I2QjkwNTc0NTMwODkwMkRCOTNCODUucG5n.png"
"Lidl","Bellarom Sirupas kavai","2.29","https://imgproxy-retcat.assets.schwarz/KYeGkYVPVZPuoONtpPIPsm3OQNFWHexkC-9Q5vV7o80/sm:1/w:427/h:320/cz/M6Ly9wcm9kLWNhd/GFsb2ctbWVkaWEvaW50L0ZCMDE4OUUyNTJFRDhEMUIyQzQ2RjBGRj/Y5QzhDNTE5OTFCOUM2RDBEQ0U1NzRGQTg5QUQ0MUEzOEY0RUU4NUMucG5n.png"
"Lidl","Alesto Skrudintų ir neskrudintų riešutų mišinys XXL","5.19","https://imgproxy-retcat.assets.schwarz/cGkgudL1ftLeFliubPa8VwzuJhSt12cmcuDc8uLxFfc/sm:1/w:427/h:320/cz/M6Ly9wcm9kLWNhd/GFsb2ctbWVkaWEvaW50LzM2NjFGQjJBMzU4N0I2MDRERTc1RDA5Mj/VGRjlDQTg5RTlCNDY3MDA4N0UwRDhEMTQ2NzcxQUZGQ0E1MEJGQjYucG5n.png"
"Lidl","Kinder Batonėlis su pienu Milk Slice","1.79","https://imgproxy-retcat.assets.schwarz/wiorPw-2qgV4bZubSVvGq7oSupFEotXRwvrGe12F_NM/sm:1/w:427/h:320/cz/M6Ly9wcm9kLWNhd/GFsb2ctbWVkaWEvbHQvMS9EQTM0RkQ3QjkxMjhGQ0VENDI4NUMxMzc/1MUI0NzdFQ0M0OTM1M0M3NkEwOUIxQUNDQjA1QTc5Mjk3QkY4OUE5LnBuZw.png"
"Lidl","Kinder Sausainiai Cards","2.19","https://imgproxy-retcat.assets.schwarz/krUJ5CargTXSwKaicsU7YFxRWCBo6gpQLh-NrhQC0mc/sm:1/w:427/h:320/cz/M6Ly9wcm9kLWNhd/GFsb2ctbWVkaWEvbHQvMS9BQkFGQkE1NDg0RTM4Q0JBOTM4RjYzRjd/FNEY4RURGN0NCQkU3MUZENTBGM0IwQjg3RjBBNTExNzQ3RkI4RjAzLnBuZw.png"
"Lidl","Fin Carré Kokosinių makarunų skonio baltasis šokoladas","1.89","https://imgproxy-retcat.assets.schwarz/3qKLopSENK2EOako4xaNYHUL3MeaBuo9khNj-GvJaHM/sm:1/w:427/h:320/cz/M6Ly9wcm9kLWNhd/GFsb2ctbWVkaWEvaW50LzY0QTc3RjM2NjkyQjNBQjNBRDBENUY0Qz/BGRUU3MjJBNUY2ODY0NDI5NERGM0Y3NkFFODk4MTcwRDkwNEQ0RkEucG5n.png"
"Lidl","Fin Carré Mini šokoladai","0.65","https://imgproxy-retcat.assets.schwarz/9_w7DkwbziITJY7JzB48OdzaKbzb7WHFvt7mGQhEglU/sm:1/w:427/h:320/cz/M6Ly9wcm9kLWNhd/GFsb2ctbWVkaWEvaW50L0MyOUQ0NDQ4MDE5OThGM0FEODdDMzM2OE/VFMDMzRTMzNEY5RDlDNDc5RTQyQjg4Rjk3MzkwMEY2Mzk2ODlGODMucG5n.png"
"Lidl","Plombirini Glazūruoti suflė saldainiai","5.59","https://imgproxy-retcat.assets.schwarz/5kfr3Q_Tck6aeTqwV6LXB0WNTFAYL_s8AP5--oiR0gc/sm:1/w:427/h:320/cz/M6Ly9wcm9kLWNhd/GFsb2ctbWVkaWEvbHQvMS80RjlFMEQ1QTBGRjhEQzcxOEQ5ODU5OEV/DNTZCMDA4OEQ2QjYyRTM3MDE1MEEyNkUwQzM3ODg5MEE4Mzg4MzZGLnBuZw.png"
"Lidl","Crocant Saldainiai","7.49","https://imgproxy-retcat.assets.schwarz/n1HK3OuLKrojtGEHDia1NmfrLZCnZNzGSFfTX8n4GqY/sm:1/w:427/h:320/cz/M6Ly9wcm9kLWNhd/GFsb2ctbWVkaWEvbHQvMS9FRTA5OUREN0I2MERERkE3MTgzNDcwNUY/3QzBBMDEyQjRGNTBFRkYyNENDQ0YxMUE2NUEyOEZFMDc5N0QzMDEzLnBuZw.png"
"Lidl","Ringuva Plius Skystas skalbiklis","7.79","https://imgproxy-retcat.assets.schwarz/wq0v4Pysx2fD6ijflDMHYm6ymbLl_FJg6U9xfrsFHuQ/sm:1/w:427/h:320/cz/M6Ly9wcm9kLWNhd/GFsb2ctbWVkaWEvbHQvMS9DNDZDQ0VBMjk4M0Y3NTE0RTg3Q0Q1OTE/2MkFGRjFFM0IwMjE1M0ZGMDdCNkU5NTkzNjVDRURFMTg2NjY2MERGLnBuZw.png"
"Lidl","Ariel / Lenor Produktai Fresh Breeze","3.99","https://imgproxy-retcat.assets.schwarz/XG0BF4VL8VNOK8KtUM9Ce9QRtwMsN9WTrReng1PXJ9s/sm:1/w:427/h:320/cz/M6Ly9wcm9kLWNhd/GFsb2ctbWVkaWEvbHQvMS85NUZGNjY4Qjg0OEI3Mzc1REZBQjhBOUJ/BRUNBMUVCODE3QTgxNDZBNzFBMDAwOTUyQUY0MjlGNDNGQkJBQ0U1LnBuZw.png"
"Lidl","Domestos Valymo putos","2.79","https://imgproxy-retcat.assets.schwarz/dJz0XmbgWLSXaphV8mud3aZa7H7zzZVyq2N8XQyMMpM/sm:1/w:427/h:320/cz/M6Ly9wcm9kLWNhd/GFsb2ctbWVkaWEvaW50LzJENjlEMEIzODU1RUMxODBCNEJCOTJFNz/k5RjhEMUZEQzk4N0U0NzRCMUNFMDRGNTg0RTg1MjU4OEU1ODg2REQucG5n.png"
"Lidl","Ambi pur Oro gaiviklis","5.49","https://imgproxy-retcat.assets.schwarz/fCB6bjWtJtHwWM1O3VxrDA1srCuz8jzYgj5_AlSAEPs/sm:1/w:427/h:320/cz/M6Ly9wcm9kLWNhd/GFsb2ctbWVkaWEvbHQvMS8wNjVDNDk4REY0RDAyOTI2NjdBRUU2MDM/0REI1RDZBODY1MENENUJGRDE5NzhDMEU4MTMyOUYwRDIwRDk1MjhDLnBuZw.png"
"Lidl","Cif Valiklis","2.79","https://imgproxy-retcat.assets.schwarz/k3Ua7NkPNEVnh-gaOwwcystfB_VFOVjJKzOPwFFMFWI/sm:1/w:427/h:320/cz/M6Ly9wcm9kLWNhd/GFsb2ctbWVkaWEvaW50LzUwRERDRjg4MjI3MjFCNDJGRThFRkM0RE/RBQjQ3REQyRUZEOENFQ0FFRTc0QjFCN0JDNDZCQzUwNDFFQjNDQzIucG5n.png"
"Lidl","Lenor Skalbimo granulės XL","7.99","https://imgproxy-retcat.assets.schwarz/riTwT7bjeWY9EKeuJdp-VHRGuzZFctuMXApFTpxSkYg/sm:1/w:427/h:320/cz/M6Ly9wcm9kLWNhd/GFsb2ctbWVkaWEvbHQvMS9BRUFBRDU5MEIzQUFFOEE4MzM3ODZBQTl/GNTMzRDA1OTgyRjYwQ0UxOTQwNTg3NEIzMzU4MTAzMzY2QjlDN0JGLnBuZw.png"
"Lidl","Ariel Skalbimo milteliai Color","16.49","https://imgproxy-retcat.assets.schwarz/7BUi0YWNJ068NuspF1qpI7Ez9rtgX-8Ivj54Ep9ki8I/sm:1/w:427/h:320/cz/M6Ly9wcm9kLWNhd/GFsb2ctbWVkaWEvbHQvMS9EQTkyMUU5MEZFQTJCRDgwMDQ2RDY3OTQ/3QjQ3MjIyMDYyRjIwRjZBQ0RDMjQ3N0VBQjYyRDA1ODc0OEZCQkRELnBuZw.png"
"Lidl","Persil Skalbimo milteliai Color","15.49","https://imgproxy-retcat.assets.schwarz/t0TRk3VXq17g9z2DI8iivr2rk8T9exJZdCqrM7TyEKY/sm:1/w:427/h:320/cz/M6Ly9wcm9kLWNhd/GFsb2ctbWVkaWEvbHQvMS8xODUzMkNBQzE2NUM0MEY3NDk5NUI0M0V/GQjhBMTczRkJCODVGNTU0MDM5NEQ5OUE0RkM0MEY0MTNCMDhGRjJCLnBuZw.png"
"Lidl","Margaritos produkcija","1.25","https://imgproxy-retcat.assets.schwarz/uODQw2cGxpTxTHMpYWYRGfaR6UBOCupDlI40jCStJSQ/sm:1/w:427/h:320/cz/M6Ly9wcm9kLWNhd/GFsb2ctbWVkaWEvbHQvMS83NDkyRUY1ODM3QjQzN0U5RjdCMTU0QzQ/1MTM2Q0ExNjY1MjlCRkFCNDNFN0MxQkZCNkZCNzk0MEFFQ0UzMTgwLnBuZw.png"
"Lidl","Gillette Venus Swirl skustuvo galvutės","14.39","https://imgproxy-retcat.assets.schwarz/xy2gTF4eJQv_me4EHBQaSvq7XqiRCm6tBxYZQDOS5Tc/sm:1/w:427/h:320/cz/M6Ly9wcm9kLWNhd/GFsb2ctbWVkaWEvbHQvMS9FMzFENzJBOTJBNTk5QTg5RUIyQzU3QUZ/COEYwRDJEMEM1NkI2MTI0MTVGN0QzODY4MjU5RDRGM0JBNjE3NzUzLnBuZw.png"
"Lidl","Always Higieniniai paketai Ultra Normal Plus","4.79","https://imgproxy-retcat.assets.schwarz/fMOQagD0UngtFHX2TJlH5S1h_gc977pAV9xTJXCj5aw/sm:1/w:427/h:320/cz/M6Ly9wcm9kLWNhd/GFsb2ctbWVkaWEvaW50L0U1NDU1RkRFQjRCQjY1RjY0RDJGMzcwNj/YwMTZBMzkwQjgxMzMyNjVGQzk2MzU4QjU1RUZENUU2NjI0MzYwQ0UucG5n.png"
"Lidl","Always Higieniniai įklotai Normal","3.39","https://imgproxy-retcat.assets.schwarz/vRi6YocYfpvfvWrOJ1v3La4lc3UdqX4UIaTUVuqlUro/sm:1/w:427/h:320/cz/M6Ly9wcm9kLWNhd/GFsb2ctbWVkaWEvaW50L0MxN0YwNDZCQjM4MTA3NzBGNzlBRDAxRT/RFRUI5MkY3MjMzRDAwRDY3MkY0QThBNUU4REMyMEM2NEU3MzJFQkYucG5n.png"
"Lidl","Gillette Skustuvai Blue 3 Plus Comfort","7.99","https://imgproxy-retcat.assets.schwarz/I4_8T4mmI6JOXP9Ol_nSOAx1SivqQ16mMQkB5792Fks/sm:1/w:427/h:320/cz/M6Ly9wcm9kLWNhd/GFsb2ctbWVkaWEvaW50L0M4ODZCNkE2MUJERDE4ODA0MkFBRDQ4Rk/RCRDkxQUE2RDg2OUFDNDYzMTVGREJCODJDRUM5RTk1QTZGOTFEMjgucG5n.png"
"Lidl","Nivea Purškiamas dezodorantas","3.19","https://imgproxy-retcat.assets.schwarz/c02XHYvHle2hI_wMtjBMMdkXUt2h-rO3CWgPZRkBR74/sm:1/w:427/h:320/cz/M6Ly9wcm9kLWNhd/GFsb2ctbWVkaWEvbHQvMS83MUEzN0QyNjlFNUY5NUMxMTVDM0Y2MEZ/FOTJFQzU4OUIwMzg1ODA0Q0QwM0ZDNTIwQTlFNEJEREU3MTA2MjZCLnBuZw.png"
"Lidl","Pilos Varškė pyragams kepti","2.59","https://imgproxy-retcat.assets.schwarz/VsyzOwkOtTCmV-tLIIUtSjOWPurIeBmKCu00DKpFXPE/sm:1/w:427/h:320/cz/M6Ly9wcm9kLWNhd/GFsb2ctbWVkaWEvaW50LzczQzgwMDBFQ0VDQ0VEN0FEQTVDNTdFQT/FFMzUzREU4N0FGNTVGRjQ2Qjc4Qjg2OUVFNENEQkQ1MUYwRTRGMDIucG5n.png"
"Lidl","Granarolo Maskarponė","2.45","https://imgproxy-retcat.assets.schwarz/G3c4KNWPqROtXcM3GQwNffoTuGTH5kQwN6ycpJicwrs/sm:1/w:427/h:320/cz/M6Ly9wcm9kLWNhd/GFsb2ctbWVkaWEvaW50Lzk2RTJEQkNENzU3NkVFNzJFOTczMjEwMT/U2NDI2MDgxREJCNEU3RUFEQUM2N0MwRDRGQzcxN0FGRjIxNERBQUUucG5n.png"
"Lidl","Belbake Rudasis cukrus","0.76","https://imgproxy-retcat.assets.schwarz/kDihC_HZdYNk9PQubRHixQlwzOK1p5UsAiPbsh7cWuA/sm:1/w:427/h:320/cz/M6Ly9wcm9kLWNhd/GFsb2ctbWVkaWEvbHQvMS8wQ0Q4N0FBQURCQ0U1RkJBQTY3MkQ2MzR/DM0JDMjlCQ0JBOUQ1NUE5M0VGMDAxRDREN0EzNDU4MEEyQ0NCMzM2LnBuZw.png"
"Lidl","Kintai Margojo plačiakakčio filė su jūros druska","8.49","https://imgproxy-retcat.assets.schwarz/EMKztWITEILdJTXzFxleSVdc9om2w_J1JHlo_RL5NXU/sm:1/w:427/h:320/cz/M6Ly9wcm9kLWNhd/GFsb2ctbWVkaWEvaW50LzM3NDNBOTdDNzk3MjBFQkYyNjMwN0I2OU/YwMEE1M0I2QTE3ODQ4NEU0NTRFOUE4QTVGMDhEQjFGMTZBRENENjAucG5n.png"
"Lidl","FishNet Stintos","2.39","https://imgproxy-retcat.assets.schwarz/D4W6Su_oBXXNjHrz1213vWAPCb_mmLQ4fOTh3RY2F4s/sm:1/w:427/h:320/cz/M6Ly9wcm9kLWNhd/GFsb2ctbWVkaWEvaW50L0E4RUZBRTc4MjlBRDI5RDM5NzNDRTBCQT/lFQkQzQkZGMUI4RTJGMTFDQkVDQjFBOUVFOEY3OTc1NUNENUMxMjYucG5n.png"
"Lidl","FishNet Upėtakių filė paplotėliai","2.99","https://imgproxy-retcat.assets.schwarz/rBO4WeMcg5P5aajsLOiGKjNQwemrcUAWhp61xxtIT6Q/sm:1/w:427/h:320/cz/M6Ly9wcm9kLWNhd/GFsb2ctbWVkaWEvaW50LzFCMjcwRjg5OThERjNBQUI5ODlBQjU4Qj/UwRjBEQjFDMzM3RjI0MTdFQ0U1M0E3NTg4QzgyQjE3RUJFQzZGNUIucG5n.png"
"Lidl","Pelicano Krevetės","5.59","https://imgproxy-retcat.assets.schwarz/qRvqCgolpmx-PC90DvbN7b_bmN_6-I5DKwf6QjsSZ-4/sm:1/w:427/h:320/cz/M6Ly9wcm9kLWNhd/GFsb2ctbWVkaWEvbHQvMS84MDdBQUM4MzJENzU1MzI4OTlEQkMzQ0U/0OUNFQTM1MUI1MzQ4MUUzREVGOEM3NURGQTcyMzRGNzNGRUVCQzIyLnBuZw.png"
"Lidl","Sushi Tokyo Sušių tortilija","3.59","https://imgproxy-retcat.assets.schwarz/v3lTWQ_u09bk2lJsH13SKQJXJEXvmjRf2I8Ev7Y0Vkk/sm:1/w:427/h:320/cz/M6Ly9wcm9kLWNhd/GFsb2ctbWVkaWEvbHQvMS82NEJGNDVGRjA2N0M4NUQzREQ2NERBRjM/wMEJFRTFGMjg1QTk0RTE2MzI5NDJBODk3NDk5OTY2NDIyRDVCM0JFLnBuZw.png"
"Lidl","Kruasanas su varške ir špinatais","0.45","https://imgproxy-retcat.assets.schwarz/ys-qTdbTyc2MWE4dqoy6EqRWR7aEAskVulpsYLc5Eg0/sm:1/w:427/h:320/cz/M6Ly9wcm9kLWNhd/GFsb2ctbWVkaWEvbHQvMS9EMEZGQ0E1ODlBNjU3NUZBNTE0ODIzOEZ/FOERDRUFBN0I3NDk2MjQyRTc1QjUxNzcxMjcyRDI3ODZFRDRCM0NGLnBuZw.png"
"Lidl","Kruasanas su pistacijomis","0.69","https://imgproxy-retcat.assets.schwarz/p013svBgc4f_eOZx50ENeX7tbZci_Xss7nsViwnysZQ/sm:1/w:427/h:320/cz/M6Ly9wcm9kLWNhd/GFsb2ctbWVkaWEvaW50L0MwMkZGMDIyMEIxRTIzNjdEQ0JDRkM5MT/I4RTI4OEQ4NkMxODA3RjQ1QUYyMjc5Q0RCRDE3NTQ3RjkwREQzNDIucG5n.png"
"Lidl","Brioche tešlos kruasanas su kremo įdaru","0.89","https://imgproxy-retcat.assets.schwarz/8u32y2jjTnses4muIFjXB4RWMTGF5v8eA2JbjpO0zGk/sm:1/w:427/h:320/cz/M6Ly9wcm9kLWNhd/GFsb2ctbWVkaWEvaW50LzM3NEE3NTNCQTkyQkE1NDdERTY1NUQyRD/IyRkRFMEU2MzAwM0RCMkI1NzI3MjBCRUY2MDE1M0IxN0UxNDhDMzIucG5n.png"
"Lidl","Spurga su pistacijų įdaru","0.69","https://imgproxy-retcat.assets.schwarz/i49Wlkttqos0fUCtvtAqWdMYBuD9p6kD0VHNSKKUH6Y/sm:1/w:427/h:320/cz/M6Ly9wcm9kLWNhd/GFsb2ctbWVkaWEvaW50L0NEODg1RUVENEI0RkE2QjYwMDZGNDU5Qj/BCMjQ1RUFGRjU3QjNEQzk2NzNDRjk4MTRDNTdGRTgzRjJCRDZGQUUucG5n.png"
"Lidl","Spurga Very Peri Berry su kreminiu įdaru","0.55","https://imgproxy-retcat.assets.schwarz/qlq1eKiKB4uTZzWLtkITOfRIzes23qstVrPe9ntWDvM/sm:1/w:427/h:320/cz/M6Ly9wcm9kLWNhd/GFsb2ctbWVkaWEvbHQvMS9BOTI3MzM2MTNCRUMxQkQ3NjFBREFFNkV/FRDAzNTBDQUJENThDRTU0MUEyMDdENTY5Qzc2Q0I5QUM0QUVCM0Y4LnBuZw.png"
"Lidl","Parkside® Purškiklis arba tepalas","2.99","https://imgproxy-retcat.assets.schwarz/U4I_EAXCJyZQzttGSPFspvtM2RY72-6SmVl8iNHJ6qA/sm:1/w:427/h:320/cz/M6Ly9wcm9kLWNhd/GFsb2ctbWVkaWEvaW50L0M0NjRGRTc0Qjc0QzA2OTNFNTNGQzYzQU/UwNjY4Qzk2MDIxQjQ4NDM3NjNDRUFCRUFGRDcwMTMyNjdGMDI1REQucG5n.png"
"Lidl","Beldray® Pūkų surinkimo priemonės","1.99","https://imgproxy-retcat.assets.schwarz/aZdMltnDqwmpLhSM2uSuA-rwgb0sx-UHrbAg8273-B8/sm:1/w:427/h:320/cz/M6Ly9wcm9kLWNhd/GFsb2ctbWVkaWEvaW50LzdGNzA0MDcxMDFFMkQ1QTFENzA0MUU5NE/Y1MjcwM0VENjFCREM1RDA5QTA5OEVDMDAzMzhDQTc2NTUxRjhGREEucG5n.png"
"Lidl","Pusryčių indai","6.99","https://imgproxy-retcat.assets.schwarz/tOstd5k8W-xNlgxhSBf3yoEoGj-GaCJvF4UFGrA_hIA/sm:1/w:427/h:320/cz/M6Ly9wcm9kLWNhd/GFsb2ctbWVkaWEvaW50L0FCMTQ4QzNCMDhFNDY3ODQxQUMyNEQ5QT/gzMkE3NUI1OTM4MjEyOTZCQkQxRTJDQUUwQkRFRkFGNzREMzhEOTEucG5n.png"
"Lidl","Mandarinai","1.44","https://imgproxy-retcat.assets.schwarz/9YwSI0CgQLXguldPk0knl-OgvOvDV8JbnPu4YpVUgqY/sm:1/w:427/h:320/cz/M6Ly9wcm9kLWNhd/GFsb2ctbWVkaWEvaW50L0Y4MTc2QzI4M0YyNTIwQ0Q5MDYzRTNGOD/FBMEE2Nzc2NTBBMDkzODQzQUIyNjA1MzI1MEQyNTQwMjBDQTdEMzMucG5n.png"
"Lidl","Šviežia atlantinės lašišos filė","9.99","https://imgproxy-retcat.assets.schwarz/Dnuqh2szv83_AJP6EKk9OrvPv6vk3mzfv8wE03eZ2rI/sm:1/w:427/h:320/cz/M6Ly9wcm9kLWNhd/GFsb2ctbWVkaWEvbHQvMS80REExNTA1QUU2NDY5NjFCNzExNTYzMzM/yODQ5MEFGMUE4Q0VDOUZBOTVENjBEQUUxREZGNzU1NkY3RjUwOTczLnBuZw.png"
"Lidl","Parkside performance® 20 V akumuliatorinis siaurapjūklis PSSPA 20-Li","34.90","https://imgproxy-retcat.assets.schwarz/GWdzwQo1Eosq0lUW_zKg-58ngZy9AP55JU3XmP-YnlM/sm:1/w:427/h:320/cz/M6Ly9wcm9kLWNhd/GFsb2ctbWVkaWEvaW50L0M3OEQ4NTBBQkRDRUMwMEE2MjY1Q0I0Nj/FBQUEwM0Y0MUUyMzI4RDg0RTQyNjM0NUMyODk4NkQ3QkY5NjQ4MDgucG5n.png"
"Lidl","Parkside performance® 20 V / 12 A išmaniojo akumuliatoriaus kroviklis PLGS 2012","39.90","https://imgproxy-retcat.assets.schwarz/ufDPx9uNkpQF1UyOOHeEI4Qr08avsfC9ORX4DJZKzx8/sm:1/w:427/h:320/cz/M6Ly9wcm9kLWNhd/GFsb2ctbWVkaWEvaW50LzhDMzE0NUVFNTE4Q0M0Q0E5Q0IxRkU2Nz/E1MzE0QUVDREFGN0IwNTdBMzlGRDZGMkJGMUEyRjFCRDJGQ0EzNzkucG5n.png"
"Lidl","Parkside® 20 V, 2 Ah baterija PAP 20 su 20 V, 2,4 A krovikliu PLG 20","29.90","https://imgproxy-retcat.assets.schwarz/NfYMr5X1BCRjq2sfcpD_XSqvKaH4-tOpziGIa2Rc9PA/sm:1/w:427/h:320/cz/M6Ly9wcm9kLWNhd/GFsb2ctbWVkaWEvaW50LzY0NjIxQjU3NDc3RUZDN0YxMTM3QjNCRE/MzMDlFMTY5MzAwQ0U2QzNERjFCNDQ1MThCMjJEMEE4MDI4QzM3MjkucG5n.png"
"Lidl","Parkside performance® Daugiafunkcė akumuliatorinė freza PMFAP 20-Li","79.90","https://imgproxy-retcat.assets.schwarz/daNl8eHxH_NEHEh_oOhSSm9jU_gPQWxKKjU8cqHMayg/sm:1/w:427/h:320/cz/M6Ly9wcm9kLWNhd/GFsb2ctbWVkaWEvaW50L0MzQzdGRjcyMjg5N0I4OTlGQTNBNzUxRE/Q4MDdBODhFQTVENTRGODQzQzI3NjkyM0I3QTczQTEyRkM4MjNCMUUucG5n.png"
"Lidl","Parkside performance® Akumuliatorinis tiesinis pjūklas PSSAP 20-Li","49.90","https://imgproxy-retcat.assets.schwarz/RYujG6K0jRNaJg-VahWP2LfV5jEbZ9Rhjzr40PLkddc/sm:1/w:427/h:320/cz/M6Ly9wcm9kLWNhd/GFsb2ctbWVkaWEvaW50L0U2OTk0NzhEQTVBNDAwOTlDREMyRkEwQj/E2M0Y1NTM2MThDNzE4NDg0M0I0MzQzQTMyOUIzOUQ1QTgxOTlGQkUucG5n.png"
"Lidl","Parkside performance® Tiesinio pjūklo pjūklelių rinkinys PFSZP 3","3.99","https://imgproxy-retcat.assets.schwarz/SPxQlYLvlBk_aBShZdhdrN4AFWJNlZ6Gg5ly1oi0R4Q/sm:1/w:427/h:320/cz/M6Ly9wcm9kLWNhd/GFsb2ctbWVkaWEvaW50L0YxODE1MENFQjc2NTAwMUZEQUJBMDBCRU/I1RTU4QzlCRjlBQzBCMTQ1OEEzQjAwNEY1NjA2OTc0RDM3OThDQUUucG5n.png"
"Lidl","Parkside performance® 20 V akumuliatorinio gręžtuvo-suktuvo rinkinys PSBSAP 20-Li","119.90","https://imgproxy-retcat.assets.schwarz/I0vIqx2h0WHRHqgmJ7RDE5JNJroBlOa4L_FbxpV_eMA/sm:1/w:427/h:320/cz/M6Ly9wcm9kLWNhd/GFsb2ctbWVkaWEvaW50LzI2MTAyRkNBODA1OUNGQkM5QjRFQTI2RT/YyNzNFQjA0NDNFN0MxNDMzOTc3OTk0RkE5QTg2OUM0ODJFRTQzNDkucG5n.png"
"Lidl","Parkside performance® Deimantinės gręžimo karūnos arba karūna","16.99","https://imgproxy-retcat.assets.schwarz/gS8zgX8P1OBpAjtQ7Olg0kciDNkeDqrd98bm_i_t_pQ/sm:1/w:427/h:320/cz/M6Ly9wcm9kLWNhd/GFsb2ctbWVkaWEvaW50Lzc1NzRBQkE5MDkyQjE5NURGNzc2ODUxMj/kwQjcwNDE0NDNFQTdGMTMyRDU1ODQ3MTA2M0MxNjMyNEI0OTUyRUEucG5n.png"
"Lidl","Parkside performance® Grąžtų rinkinys","4.99","https://imgproxy-retcat.assets.schwarz/vZah5CFwNrsbAgVYZRxwJKsb6hf16MNYy0MMv_eKyzc/sm:1/w:427/h:320/cz/M6Ly9wcm9kLWNhd/GFsb2ctbWVkaWEvaW50L0RBQkNBQjg1QjJGNzNCQTZDQkM2RUIwNz/gyNjJCMkFDNUYzOERCRjIyNzVBOEM1RUM4NDczN0E5MUUyODVGREYucG5n.png"
"Lidl","Parkside performance® Pakopiniai arba daugiafunkciai grąžtai","12.99","https://imgproxy-retcat.assets.schwarz/_FZj7VlXp9QikIcUlskrcElS5uI77M-nDEqk2Zja90A/sm:1/w:427/h:320/cz/M6Ly9wcm9kLWNhd/GFsb2ctbWVkaWEvaW50Lzc0NjBBMTA3NzNGNzU4NDY5OTY4N0Q1Nj/cwREU3MjlDQzM1NjRFRTdENTExNzZGRTg5N0M0NkU2NDM5OTgwODEucG5n.png"
"Lidl","Parkside performance® 20 V akumuliatorinis gręžtuvas-suktuvas PABSP 20 Li","39.90","https://imgproxy-retcat.assets.schwarz/jd788tg9zhjSRCWacd7AA-PgqhBYKmtFmabPXWyJU00/sm:1/w:427/h:320/cz/M6Ly9wcm9kLWNhd/GFsb2ctbWVkaWEvaW50L0I4RUNGODVFQ0Y5RDRGNDU5NTZENDczNk/MyQzlBRkRGRTczQTA2MDFEQUMwMUE0NzNDQ0E3NDlDODhCRjUwREYucG5n.png"
"Lidl","Parkside performance® 20 V akumuliatorinis smūginis suktuvas PDSSAP 20-Li","39.90","https://imgproxy-retcat.assets.schwarz/Wi5GbTKNdLQl__uMlRM9DdRNEd0a3JMfjcCKCumVIdg/sm:1/w:427/h:320/cz/M6Ly9wcm9kLWNhd/GFsb2ctbWVkaWEvaW50L0Q2NjlENjIyMjY5Qjc4NTFBREE1NTM3Rj/dBNjZCMDM2QTZDNThBM0M1NDg1QUM2ODIzQjAxQzk0Qjg5MjRDMTkucG5n.png"
"Lidl","Parkside performance® Smūginių užmaunamųjų raktų ir antgalių rinkinys","19.99","https://imgproxy-retcat.assets.schwarz/M6gdTjlyB0mYKgNdAJ5inIXCkz37IUirBAtqYuaiylo/sm:1/w:427/h:320/cz/M6Ly9wcm9kLWNhd/GFsb2ctbWVkaWEvaW50L0E4Q0RDNjA4Q0U1QjJEQjVBNjAyMDZBNj/U4QUI0RjExOTQxMzJGRTkzNzQ5ODhCMEZBN0IyQzJEODE4OTQ5NkYucG5n.png"
"Lidl","Parkside® Vyrų fliso džemperis (GRS)","12.99","https://imgproxy-retcat.assets.schwarz/l6u6K9Fixq1QpDnzGa__UfRpBuDivU8EGGkuWBDkkrk/sm:1/w:427/h:320/cz/M6Ly9wcm9kLWNhd/GFsb2ctbWVkaWEvaW50LzNGODhCRDYwOTQxRDAxQzM1Q0U1OUJCRj/IwQzYwRjc2NDBDNEY3NTU2NEFEMjJDODhCMjMwRThBRDMwQ0ZERjcucG5n.png"
"Lidl","Parkside® Vyrų darbinės kelnės su pamušalu (GRS)","14.99","https://imgproxy-retcat.assets.schwarz/0P8eg-euagB__-7ZUWB56DxlclgTuFrrl6B0cX_lLN8/sm:1/w:427/h:320/cz/M6Ly9wcm9kLWNhd/GFsb2ctbWVkaWEvaW50LzE0RDM2OTY0NEUyODExODhGNEJDNUNFNz/U2OEI5RDRCM0UxMTkyQTUzRDIzRTQ3QTA1NTYyQjE0OTE1RjY5MjkucG5n.png"
"Lidl","lupilu® Žaislinis įrankis „Parkside”","9.99","https://imgproxy-retcat.assets.schwarz/mgtrDjQWVWmzlovsq2fDJ3AZwAozGqa38ZH9enKA_vs/sm:1/w:427/h:320/cz/M6Ly9wcm9kLWNhd/GFsb2ctbWVkaWEvaW50L0FCNDI1MUIwQkY4RkYzNjUxNkJEOEY2ND/Q5QjU0QkMwMjAyQjgyNjNGQzJCRTE0MkEyQUY2OTgyQjkzQTQ4MEEucG5n.png"
"Lidl","Parkside performance® Kaltų ir atsuktuvų rinkinys","15.99","https://imgproxy-retcat.assets.schwarz/i8KLnmUBaZICb1APdlDQiKOVgPyrl-nJCbt8Hg2JlrQ/sm:1/w:427/h:320/cz/M6Ly9wcm9kLWNhd/GFsb2ctbWVkaWEvaW50LzUzMjZEQzM5NjRCM0I3RkY3REUzMTc5RT/g2MzNBMzM2RkI4N0Y2Njg1QjhEOTJCMUYyNkNCQjA3QkEyMjJDMTgucG5n.png"
"Lidl","Parkside performance® SDS Plus grąžtų arba kaltų rinkinys","7.99","https://imgproxy-retcat.assets.schwarz/667lzKB9oY8fn3C0Y1_WmhUmq6fY4BNk-Z5itwUsmkk/sm:1/w:427/h:320/cz/M6Ly9wcm9kLWNhd/GFsb2ctbWVkaWEvaW50L0MwRUUzQ0ExMzNFNkRDN0FGMEZFRTU2Nz/VDRDdGMURFMzk0RDRCMjlGOThGOUUzQUVBNERCRENENTVFNkQ5RjIucG5n.png"
"Lidl","Parkside performance® Išspaudimo pistoletas","4.99","https://imgproxy-retcat.assets.schwarz/zNjyXsImtXoBrM5ZcWwnic01gR6dFYIl98SZMKaoCdw/sm:1/w:427/h:320/cz/M6Ly9wcm9kLWNhd/GFsb2ctbWVkaWEvaW50LzZGQzJEM0VCMDg0MzM1Q0ZBOURBMzM2Nj/Y0Q0NFRTIzMzlGNTkyMzEwRTU3NTYyMENCRDYxQUE2QjFCOTg5QjUucG5n.png"
"Lidl","Parkside performance® 20 V akumuliatorinis ekscentrinis šlifuoklis PAESP 20-Li","39.90","https://imgproxy-retcat.assets.schwarz/-nsPe1h4zqZoK4_3tivHr1smRy5I120ZqscFeyKhmGk/sm:1/w:427/h:320/cz/M6Ly9wcm9kLWNhd/GFsb2ctbWVkaWEvaW50Lzc3QzZFOTEyREVFQ0ZCRURBRDJCQUVFNk/NFOTU0RUJBRDY1RDJCODk1MEVBMEI0MEQ1QjA4QjQxQjE4MzU2ODgucG5n.png"
"Lidl","Parkside performance® Didelių apkrovų darbastalis","77.90","https://imgproxy-retcat.assets.schwarz/bOBqJBvnxvpCbx-msmK4qpCAvwSC4PLzWIr_YC3zeJA/sm:1/w:427/h:320/cz/M6Ly9wcm9kLWNhd/GFsb2ctbWVkaWEvaW50LzgzOTg5M0MyMUY5M0FENEYzODQ4QzNDQU/FGMUUzNDVEMTBENUQ2NzZDQTZBMzc5ODM2QjJGQkJFMjhCQ0RBODkucG5n.png"
"Lidl","Parkside® Universalios kopėčios","79.90","https://imgproxy-retcat.assets.schwarz/36SXNws29NzJ3fTf7vzj2deXpmbGcpCxRK86vtoEy7o/sm:1/w:427/h:320/cz/M6Ly9wcm9kLWNhd/GFsb2ctbWVkaWEvaW50LzI3RjU2QUU4NjEwQjI5QzY4MjQyODAyOE/JFQjE0MTY1MjZEREJDMDI5NjhEOUZCRjVENzZFMkVGQ0U1NzQ3MjMucG5n.png"
"Lidl","Parkside® Smulkių reikmenų dėžė","9.99","https://imgproxy-retcat.assets.schwarz/IMWMnLx3nx01NVE9mxt1ULy-ISUy6dPdxpf0ZEGsh8g/sm:1/w:427/h:320/cz/M6Ly9wcm9kLWNhd/GFsb2ctbWVkaWEvaW50LzYyNDIxQTY0QTM4NzZENzlBMzA1N0VBRj/BGN0VGMDREM0Q2RTdEREUyNzczODVGMEY4MjQwRjgxQzYzNUVFOUMucG5n.png"
"Lidl","Parkside Performance® Vyrų darbinė striukė su pamušalu (GRS)","26.90","https://imgproxy-retcat.assets.schwarz/2kNVuxP-v5j8OJBBN5_-RVsNptoo8MCEFzfgcDdKs_g/sm:1/w:427/h:320/cz/M6Ly9wcm9kLWNhd/GFsb2ctbWVkaWEvaW50LzdBMEE1RDNFNUU1NDFFMzExQkJEMTJBQj/RDRTIwQzZFM0QyQ0MxMkUxOTlFRUIwMDJFRkQ1RjkyQ0QxRjQ4NzkucG5n.png"
"Lidl","Parkside® Darbinė kepurė","5.99","https://imgproxy-retcat.assets.schwarz/plK6ijO4QOGQFnvCuFwEwybNeLXHXnVaRe_9QDUaJNs/sm:1/w:427/h:320/cz/M6Ly9wcm9kLWNhd/GFsb2ctbWVkaWEvaW50LzY4RDA2MkE2QzRFNTdGNkU4RjVERTUwQk/M3OTc2OEFCQUYxMDZDMDBGNDRFNTU0MDI4NjY3ODkxQzhFOUQ4Q0UucG5n.png"
"Lidl","Parkside® Darbinės pirštinės su pamušalu","3.99","https://imgproxy-retcat.assets.schwarz/Kez_q5FydHcziB39Wb8N1UQo8izJk14SOvqc9lpdrWc/sm:1/w:427/h:320/cz/M6Ly9wcm9kLWNhd/GFsb2ctbWVkaWEvaW50LzhCOUMxNjlGNzA5N0M3RTcxRDdFQTNCNT/ZEQTAzMkIxMzE4QzY2NDAzMzUwN0MwMDFDNzcwQUVGNUZCMTIyMDYucG5n.png"
"Lidl","Parkside® Vyrų termo marškinėliai ilgomis rankovėmis (CMIA)","6.99","https://imgproxy-retcat.assets.schwarz/kFgkfsTuTeAa10alBTz9uAEX-lsuuORHlVnSogNoWuY/sm:1/w:427/h:320/cz/M6Ly9wcm9kLWNhd/GFsb2ctbWVkaWEvaW50L0IyQTM0OUZEOURBMzIwRDdGOEZEQUEzRE/M4RDExQTE2QzhBODU2QjJGOTIxNDIxQTNERURDMTMzMThBQzYzRkMucG5n.png"
"Lidl","Parkside® Vyrų darbinės kelnės (GRS)","12.99","https://imgproxy-retcat.assets.schwarz/IlNNf7Nxwv8rq_BuMfhrg1-33Yf2W8bFC1ej6aeL4WY/sm:1/w:427/h:320/cz/M6Ly9wcm9kLWNhd/GFsb2ctbWVkaWEvaW50LzI0NEY5MzQ4OUJGQkVDODREOTNFMTYwNz/NEREE0MUEzMDQ3NUY5QTcwM0QzQUU4OEI2RTVBMzM0REJGNzA4MUIucG5n.png"
"Lidl","Parkside® Terkšlės ir antgalių rinkinys","11.99","https://imgproxy-retcat.assets.schwarz/DMFVra8F75GSU7oT5BWGFbqZL51g0PxOkexgSwc-Fyw/sm:1/w:427/h:320/cz/M6Ly9wcm9kLWNhd/GFsb2ctbWVkaWEvaW50LzU5NjlFMkVDOTVBRDhFMUU1QUM4NjY5MU/MzRTEzOUI5ODc0Qjg0OEUxN0VGRDMzQkVFNjQ4MjIxQTVFRjBGNjEucG5n.png"
"Lidl","Parkside® Veržliarakčių rinkinys","39.90","https://imgproxy-retcat.assets.schwarz/vXxh_9uGACNTRJ28W2HZzP1Dq8YYQGLFEggBwdyutp4/sm:1/w:427/h:320/cz/M6Ly9wcm9kLWNhd/GFsb2ctbWVkaWEvaW50L0NFNDcwQTJCNkY1OUUxQ0I0QkFCQjA5Qz/VEODgyQUVDRjA2QzIwQTEzREU1MjQ0QkYxRjVCNUQyQTQ4MDU3NEMucG5n.png"
"Lidl","Parkside® Sriegiklių, antgalių arba grąžtų rinkinys","7.99","https://imgproxy-retcat.assets.schwarz/2p5vta-y_Hf6BKJp_RCsmPeYFKkUCxh3zBAFnjDz_HI/sm:1/w:427/h:320/cz/M6Ly9wcm9kLWNhd/GFsb2ctbWVkaWEvaW50Lzc1NzgzNzVENzI3QkJDNjgxNEFBNDQ2Nk/JCMjc1OTQ4OUYxOTZDM0M4M0Q2MzU4ODc5NEI3RjMwNDBERDY1OUYucG5n.png"
"Lidl","Parkside® Atsuktuvų rinkinys","4.99","https://imgproxy-retcat.assets.schwarz/FN34MeuSmfWnOFE_qoqA0LjFoa8zbLRlx59UNmOY3Go/sm:1/w:427/h:320/cz/M6Ly9wcm9kLWNhd/GFsb2ctbWVkaWEvaW50LzRDNjYxNDdENzMyRUUzNTFGQTk0OTQ5RT/M3RThDMDZFMUFBODVGNzdGNzlENUI1QkI0NjdBQTJGMzc3N0NGMDYucG5n.png"
"Lidl","Parkside® Įrankių rinkinys","19.89","https://imgproxy-retcat.assets.schwarz/OpRLI7_M2mgOJztmVjT899-1JZA3aC2doEidav08wk4/sm:1/w:427/h:320/cz/M6Ly9wcm9kLWNhd/GFsb2ctbWVkaWEvaW50LzRGNTVCRTRGNjg4RkM1NjgyQzc0NTEzQz/A3QTA1NEU1RDQ5Mjc4MTJCRDRBMUU4QzQ4N0VFRDYxN0I0OUYyNUQucG5n.png"
"Lidl","Parkside® Antgalių, grąžtų, torcinių raktų ir gręžimo karūnų rinkinys","19.99","https://imgproxy-retcat.assets.schwarz/yf8WV5evHZkLpHwQwgWt7X_SUWH9Lh3rbpRrBAnq-1k/sm:1/w:427/h:320/cz/M6Ly9wcm9kLWNhd/GFsb2ctbWVkaWEvaW50L0VCNjNDNjE1NUU4MDc1QzAxQjI5QzJCOD/cyNDkzNUVBQzE3MkQ2QThFQkY3MDFFMzlGMjE4RDcxMEVFODZDMDQucG5n.png"
"Lidl","Parkside® Žnyplės, replės arba raktas","2.79","https://imgproxy-retcat.assets.schwarz/O81xwycgF1D2Qud5ul2B8zjJ7U5z5MIREtuI1ITfhDM/sm:1/w:427/h:320/cz/M6Ly9wcm9kLWNhd/GFsb2ctbWVkaWEvaW50LzVBNDFCODAwNDRFRTFFM0Q5NjZGOEY1M0/IwOUY5NEEzOEFEMDU4MzQ0QzgyNTUxREZGQzg5MzZDMzFCMzg2M0MucG5n.png"
"Lidl","Parkside® Antgalių arba antgalių ir galinių raktų rinkinys","9.99","https://imgproxy-retcat.assets.schwarz/BzArU5WZFIC2qW_90CnGn97OZSiEsdoxZh6dYG6GmR4/sm:1/w:427/h:320/cz/M6Ly9wcm9kLWNhd/GFsb2ctbWVkaWEvaW50L0RDQzRBRjc4NEY4RUZFNzUxREY0QTJFRj/g2QjVCMzYwRkM1NjdDOUFBRjcxQkMzNDYwNEI2NUUzQzlBNjQ2RDYucG5n.png"
"Lidl","Parkside® Statybinis LED prožektorius PBBK 4","7.99","https://imgproxy-retcat.assets.schwarz/YdZdy5dME8his0yuaBTetC0nzhVzoUbAbczenNzj4ng/sm:1/w:427/h:320/cz/M6Ly9wcm9kLWNhd/GFsb2ctbWVkaWEvaW50Lzg4QUQ1NDJBNjA1Q0IxMzI2RDg2RUM3Rj/g0N0MzQ0I2MzJBNUY4RUU3RkQ0RjNFMUY5RDk4MzdCNzRFQ0RFRDAucG5n.png"
"Lidl","Parkside® Siūlių taisymo priemonė","1.99","https://imgproxy-retcat.assets.schwarz/niCP0eknXIdlrZ8OzSHrETsSK5yE4_yKILbA8KmpvLE/sm:1/w:427/h:320/cz/M6Ly9wcm9kLWNhd/GFsb2ctbWVkaWEvaW50L0Y4QzIyRDRFRTYwQzEzNTg3N0ZFM0Y3QT/A0NDk4NUIwODRCNTExM0U3MTgxNDc5RjNBMzE3M0JGMjZDRTVEM0YucG5n.png"
"Lidl","Parkside® Teptukų rinkinys","1.99","https://imgproxy-retcat.assets.schwarz/1gZZBku2HQ3PbpbhKQPjpHsA_XmJPR7N46owF7MplnI/sm:1/w:427/h:320/cz/M6Ly9wcm9kLWNhd/GFsb2ctbWVkaWEvaW50L0I0NENBNDQ1QTYxNkREOUU3ODdERjVEOE/E4OTg5MjZDM0EyODhFQTYwRTRDQjU1MkE4MUUwOThBMDI0OTgwRjcucG5n.png"
"Lidl","Parkside® Apsauginių apklotų rinkinys","7.99","https://imgproxy-retcat.assets.schwarz/-VZ8iesmlRbWlYTOuh3fnSuyMy8_CY317LlM8dryFLo/sm:1/w:427/h:320/cz/M6Ly9wcm9kLWNhd/GFsb2ctbWVkaWEvaW50LzE0N0Q4RDM2MEUwNjQ4MTlFNzI4QjE3Nj/JFMDI0MEU4MTNBNjI5QzI0RjhBMUY2NDM2REU2RTFBMzEwNzE1MzEucG5n.png"
"Lidl","Parkside® Baldų perkėlimo rinkinys","12.99","https://imgproxy-retcat.assets.schwarz/mpoQAhmfTt4a8H-bQlYQ0QiBZKjNQG3-7GHu7g6gf1Q/sm:1/w:427/h:320/cz/M6Ly9wcm9kLWNhd/GFsb2ctbWVkaWEvaW50L0NERkMzRUE1RDIzNzQ5QTFCNEU4N0Y5Mz/dBM0U3QTgxNjNFN0UwMkYxMUM4NjFGNDQzQjA1ODk4MjY3REJEQkUucG5n.png"
"Lidl","Parkside® Paviršių apsauga","0.99","https://imgproxy-retcat.assets.schwarz/duJJx3eRLr68KoLATL7siBkaVzOoK8Wl69jH5GfN2PI/sm:1/w:427/h:320/cz/M6Ly9wcm9kLWNhd/GFsb2ctbWVkaWEvaW50L0VEQzYwRDVFM0U5RUZEOEIyNzMyNUVCNz/IwMDlFMDAzNTg5NTJFNUZEOEQxM0U5MjVGQjU4MzlFN0NFRTJCRUMucG5n.png"
"Lidl","Parkside® Pelėsių šalinimo priemonė arba pelėsių dėmių blokatorius","3.99","https://imgproxy-retcat.assets.schwarz/a_XjLR-dujNr9A-1NkUQ544XJ1LQURO5iNzSExF7gBo/sm:1/w:427/h:320/cz/M6Ly9wcm9kLWNhd/GFsb2ctbWVkaWEvaW50L0Y2NkU4QUJBNUY0OTcwMkExNzczNUVDOT/RGNEJGNEMxOUFFQUZDRTJDOEI1Q0EyRDE3REU5OUVERkY4OUQyOTEucG5n.png"
"Lidl","Parkside® Vamzdžių valymo spiralė, šepečių arba mini siurbtukų rinkinys","3.99","https://imgproxy-retcat.assets.schwarz/ms55saQ5FxaPYpp1wSbxcYtSXhO3TjkKcffDdyLa02E/sm:1/w:427/h:320/cz/M6Ly9wcm9kLWNhd/GFsb2ctbWVkaWEvaW50LzRGNDdDMDhCMDlGRUE3RTY4NzU2NDRBQk/ZDRkVENDM1ODM3NkQ2RDI0NDRDNkEyMzIyRTk0RERDOURERDg2MzMucG5n.png"
"Lidl","Parkside® Izoliacinės juostos nuėmimo įrankis","4.90","https://imgproxy-retcat.assets.schwarz/VT0WpXAIMmDFF_0xe8Mtjn5IIfnV5rtM03D-1sdkp8Q/sm:1/w:427/h:320/cz/M6Ly9wcm9kLWNhd/GFsb2ctbWVkaWEvaW50L0RCMEVGQ0YyRDc5MEYyQzU2OURBNTFFQz/YwQjI2Njk5QjQ5NTIyMThDNTNFQjFBRENCN0YzRjhDN0NBMDdDREQucG5n.png"
"Lidl","Parkside® Peilių rinkinys","3.99","https://imgproxy-retcat.assets.schwarz/yogJD8wI-KDIEmXe5v1sKmy98mBamxbC9C9r5c85oTQ/sm:1/w:427/h:320/cz/M6Ly9wcm9kLWNhd/GFsb2ctbWVkaWEvaW50LzNDODhCNjNBQzM3QTYxMzA4Q0FDRjEzMj/c5OTg4ODU2QkE0REYwNTM1QjI4RjQyRUJDMjdBMEQ3MTgxRDVDMEMucG5n.png"
"Lidl","Parkside® Medsraigčiai","3.99","https://imgproxy-retcat.assets.schwarz/Hduy4EI8ynxfQ297hXFlRFBtppitb0SrgPjJhsH97hU/sm:1/w:427/h:320/cz/M6Ly9wcm9kLWNhd/GFsb2ctbWVkaWEvaW50LzUzOURDQzA5OTJBQUFFQ0Q0RDVDNEY2RT/I0QkVFM0UyRkFBN0VCQkI0NTk3RDFEM0M2QTAxMkZGMkNCMDdGRTQucG5n.png"
"Lidl","WD-40® Daugiafunkcis purškiklis","3.99","https://imgproxy-retcat.assets.schwarz/-Jyb4qcYlmKRhbo5dlPkestqe9K4FQrBXiqeNwJG9T0/sm:1/w:427/h:320/cz/M6Ly9wcm9kLWNhd/GFsb2ctbWVkaWEvaW50LzVGRDgwQzIwODVFRUZDRDg1MEVDNUJBM0/RFNzAwODgxODM4RTFFQzY5NTQ3NjZDNzIwOTFDOEY2NzdFM0M5NEIucG5n.png"
"Lidl","Pattex® Klijai","2.49","https://imgproxy-retcat.assets.schwarz/6Td4tTpd_U_vQjQ_POeLB2k8clayIMQWnarQ84gk9L4/sm:1/w:427/h:320/cz/M6Ly9wcm9kLWNhd/GFsb2ctbWVkaWEvaW50LzdFMkJFNEUxOTQyRjBEQTUwMzZBODcxMU/U2OUIxOEI1QTU2RTlGNDFDQzE5NzExNjMzOTg4RjI3QzJFRTZDQTAucG5n.png"
"Lidl","3M Medžiagine lipnioji juosta","2.99","https://imgproxy-retcat.assets.schwarz/7KYP4azCllcc9bIJJvi9pZqRt1F1j-A5Z2-1d_BRCgo/sm:1/w:427/h:320/cz/M6Ly9wcm9kLWNhd/GFsb2ctbWVkaWEvaW50L0FFNjgwRUQ2NzVCOTQ2QTEyODM2RDI2Rj/Y2QkNCMDJBNDYzOUQ2RTA5QjY0NjI1Mzk1OTQxMzhFREFCNEM1NUEucG5n.png"
"Lidl","Šviesos projektorius","7.99","https://imgproxy-retcat.assets.schwarz/nSxS8AIAuwg7uerK9-t1kLm8yDf_xydAw6TZfl9Av58/sm:1/w:427/h:320/cz/M6Ly9wcm9kLWNhd/GFsb2ctbWVkaWEvaW50LzY4MDU2QkZDMkNFQzVGMjQ3QTlENTM0ME/ZBNUI5OTAwMkM4Q0NBOTdENDQ0OEJGQTM4RTM2NTEyMzBCRTVGNUEucG5n.png"
"Lidl","Parkside® 12 V akumuliatorinis gręžtuvas-suktuvas PBSA 12","11.99","https://imgproxy-retcat.assets.schwarz/9ju-BAlK2ekOGceBYkJDJuA5n_7z_l8bqxfaSvA6Dnk/sm:1/w:427/h:320/cz/M6Ly9wcm9kLWNhd/GFsb2ctbWVkaWEvaW50L0YzQUY1RTMyM0MzODhGMzlFRTdGRjA5Rj/QyNkUyMkY5RDY4QzhDQUQ4QjFCODZBOEE4NzIyODI1NDMwODk1QTIucG5n.png"
"Lidl","Parkside® Kampinis šlifuoklis PWS 125","23.90","https://imgproxy-retcat.assets.schwarz/a5kytnPAV-hI244JUSDh-iS7M5lsleZtFkFwxU0aGWI/sm:1/w:427/h:320/cz/M6Ly9wcm9kLWNhd/GFsb2ctbWVkaWEvaW50L0UwNkVDMDlGQTc0MTUzRUUzNUNBMDQwN0/YzN0ZGNzcyRTU5ODUxQTMzMTdEREMxOEY5RDBFMDY2RTI1RDBBMzQucG5n.png"
"Lidl","Crivit Moterų arba vyrų sportiniai ir laisvalaikio batai","12.99","https://imgproxy-retcat.assets.schwarz/sXmSGdsmgg0ICphuA5mSyeMVlE9L18e9ddizv3Svco0/sm:1/w:427/h:320/cz/M6Ly9wcm9kLWNhd/GFsb2ctbWVkaWEvaW50Lzk3OEMyMzA1NTg4RkJGMDgyNTJERTY1Mk/U5OERFQUQyMTg2NDFCMDUxNzZFM0ZCMjY2QUMyNjRCNzZCNEVDMzAucG5n.png"
"Lidl","CRIVIT Moterų arba vyrų sportinės kojinės (CMIA)","3.99","https://imgproxy-retcat.assets.schwarz/sdwTqKPEO_nKN1GnEgU7CzYwKMioP6OxTgy-jWr1pic/sm:1/w:427/h:320/cz/M6Ly9wcm9kLWNhd/GFsb2ctbWVkaWEvaW50LzZFMTg3RkIxQzU5NDI0NDNDNEFCQjNDM0/JBRDE5QUY0NkE1RjBFQjIzOTVFMjlCMThBOEJBQkM0MzlBMUM3QTMucG5n.png"
"Lidl","Silvercrest® Gertuvė","2.49","https://imgproxy-retcat.assets.schwarz/s4dbcwxVB1oZwrdRzgRwdnb-EYJmSxBlkckKubVb-dw/sm:1/w:427/h:320/cz/M6Ly9wcm9kLWNhd/GFsb2ctbWVkaWEvaW50L0E4MjAxREI2RDBFMDAxNzlFRTM5NTE2Mj/JCN0EwQjRENkEyMzlCMjU3MEQwOTY1ODM0MjlEOENEMUM2NURGNTAucG5n.png"
"Lidl","„Oversize“ džemperis (GRS)","13.99","https://imgproxy-retcat.assets.schwarz/dVBY8WwsEgPLuMHl0ZhacQhyhOz8SwwLBe1yJH_XKz4/sm:1/w:427/h:320/cz/M6Ly9wcm9kLWNhd/GFsb2ctbWVkaWEvaW50L0FBOTg2RDJCN0E5MTU1NTM4RTQ2REMzNz/JCNjY3QkVGQUU4NjgzQTIwM0I5NzUzQzMyODBCQjI3RDhFMjdGMDMucG5n.png"
"Lidl","lupilu® „Air Power“ futbolo kamuolys","4.99","https://imgproxy-retcat.assets.schwarz/u783luq9tV7V3M8v066COasggTTTTzOE8S5mdy4Bf-U/sm:1/w:427/h:320/cz/M6Ly9wcm9kLWNhd/GFsb2ctbWVkaWEvbHQvMS8zRjcyQTY4NUU3RTUwRUY4RTdGREQxMEV/EQTZCMkE0QjU5Mjk5RkQ3OTYwRTc0NkE1MEIzQUQ2QkFFRUFCNTQ5LnBuZw.png"
"Lidl","Vaikų sportinis megztinis (CMIA)","4.99","https://imgproxy-retcat.assets.schwarz/HHHZQdtsGhoUrNvo_NhDUUCamBtO-bOnK40-bxZoeCM/sm:1/w:427/h:320/cz/M6Ly9wcm9kLWNhd/GFsb2ctbWVkaWEvaW50L0JCNjdGNEZEQjMyMTUzMEY0MjBBREMxRk/JBOTY1QUYwM0JCQTc4MDFERTU4MTM3MDAzNkUyOUQ3NEI4RThBMTEucG5n.png"
"Lidl","LIVARNO home LED dekoratyvinis vainikas arba žvaigždė","19.99","https://imgproxy-retcat.assets.schwarz/ldzS2yB9Q15-IkOjbkOpE94Jk0p-uj0gMn5Gweizwhc/sm:1/w:427/h:320/cz/M6Ly9wcm9kLWNhd/GFsb2ctbWVkaWEvaW50L0ZCNjRDRTAyOTM2OTY5MzIxQTQwQkFCOE/Q2Q0RFQ0UwMTA4QjlCNzI3QzkxOUM2QTZDMjQxQjI0RDI0MjY1NDkucG5n.png"
"Lidl","LIVARNO home Lenkta dekoracija su LED apšvietimu","9.99","https://imgproxy-retcat.assets.schwarz/ZHn09enkGLfGU3QAvapy8-ZH3a-cDx4Iisj60T_WpyM/sm:1/w:427/h:320/cz/M6Ly9wcm9kLWNhd/GFsb2ctbWVkaWEvaW50L0Y5MzkwQzg2MTM2NDU0Q0JEN0MzRjkyQz/YyQ0Q5RjBGMEE1REY4MzcxNEExNkQwRkQ0Qjc2MzIwQTBEOEFGMzMucG5n.png"
"Lidl","LIVARNO home Lenkta dekoracija su LED apšvietimu","9.99","https://imgproxy-retcat.assets.schwarz/m8vEQCgJTierWGy4ZSfum_vmmeh_EpJm5UePD6fhSi4/sm:1/w:427/h:320/cz/M6Ly9wcm9kLWNhd/GFsb2ctbWVkaWEvaW50LzNBQjUxQTM2MUFGRjI1NUM3RjEyNDE3Mj/UzOTMyMUVFMzEzRDVCRDQ3NEM5QkIyMUVBOUQwODZDRjg2NzUyRTAucG5n.png"
"Lidl","LIVARNO home Dekoratyvinis nykštukas XXL","9.99","https://imgproxy-retcat.assets.schwarz/L0f066gqbXbEKAHv-8KKrqrrDqogKsNFMHOcaqxgAGQ/sm:1/w:427/h:320/cz/M6Ly9wcm9kLWNhd/GFsb2ctbWVkaWEvaW50L0VFRUEyNDM0OTRBNEEwODY3MDA3RkUyNU/MyQzE3OUMyQzA2MThEODQ4OEU3NUJDQjUxOTNGREIzREZERTVFQjcucG5n.png"
"Lidl","LIVARNO home LED žibintas su pūgos efektu ir muzika","9.99","https://imgproxy-retcat.assets.schwarz/hc1GUtJ3p4a8aeM3ifVlXf8fEKPn8f5QjxU6yrucSJ8/sm:1/w:427/h:320/cz/M6Ly9wcm9kLWNhd/GFsb2ctbWVkaWEvaW50LzM3NzM1OEU2MzJBNjI1NUY1NkY1QTA3OD/c1QzBDM0FDRDM4RDBBNzIyNUExQ0UyRDA0NTMzOUEwMEExMTM3NUIucG5n.png"
"Lidl","LIVARNO home Lango paveikslas su LED girlianda","3.99","https://imgproxy-retcat.assets.schwarz/y_k9GIZYxmfa6G2jSCpVY23deNvgGClAQ2ps_AHrAjQ/sm:1/w:427/h:320/cz/M6Ly9wcm9kLWNhd/GFsb2ctbWVkaWEvaW50LzRBMEE4QjE0NURDNkUwQ0JBRDU3MUQwRj/I1QzhFRUM4OTc0QThDQUM0QjY4N0ZBRkVDNTVFM0FBNDE5QzQzRUQucG5n.png"
"Lidl","LIVARNO home Kvepianti žvakė stiklinėje","3.99","https://imgproxy-retcat.assets.schwarz/s4kKRpPaz9eFkAT2x8SVIF0sA_GAyl02nhrn_Ydih7w/sm:1/w:427/h:320/cz/M6Ly9wcm9kLWNhd/GFsb2ctbWVkaWEvaW50LzJDNjlEQTE4ODFCODhCNUJFNEY1QzE4M0/NBOEVDMjY1QjY5RjY1MDUxODJGNkRCRDExMjJFNDk5MUZFQTZCRjQucG5n.png"
"Lidl","LIVARNO home Kvepianti žvakė stiklinėje su medine dagtimi","6.99","https://imgproxy-retcat.assets.schwarz/7EZM3ChLW2PIBVRxEshIhqdhTtaS10M6uuvBHrYIMAU/sm:1/w:427/h:320/cz/M6Ly9wcm9kLWNhd/GFsb2ctbWVkaWEvaW50LzY0QTZDNjI2OTIzN0YxOUI2NDc4NDgwNT/czM0EzM0UxMkE1QzJCNzM0Q0JGMzcxOEY0MDlDRjdDQTBDNjM4RDAucG5n.png"
"Lidl","LIVARNO home Kvepianti žvakė su dangteliu","3.99","https://imgproxy-retcat.assets.schwarz/RO6bJbCZKgjg_1PKMShyuzzyWe2wgWFAzVloKB2BhL0/sm:1/w:427/h:320/cz/M6Ly9wcm9kLWNhd/GFsb2ctbWVkaWEvaW50LzgyNTcyODQ0QzY2MjI0QUIwOTU3RkY5OT/ZFQkI2MzkzRDE3MTU5QTE2QTUwNjA3MEZBQTBEMzE3OTZENEIxODUucG5n.png"
"Lidl","LIVARNO home Kvepianti žvakė dekoratyvinėje stiklinėje","2.19","https://imgproxy-retcat.assets.schwarz/H6mWpAai1ZuZdb0zfRHJMMAT0mXvH2LDE8LXpnbgsAQ/sm:1/w:427/h:320/cz/M6Ly9wcm9kLWNhd/GFsb2ctbWVkaWEvaW50LzNFRkVGMkNEMjlCMjAwMkE0MTBCNjg2Nj/U4Q0ZDNjk0RTIwOUQxOTU3MkY0RTdBMjRBRTQ1QjlGQjc0NTQzMTcucG5n.png"
"Lidl","LIVARNO home Kvepianti žvakė","1.29","https://imgproxy-retcat.assets.schwarz/Ylh_Tn1oK1KuZyMS2URkTWmH43nhay9BeH1dpd9FOo0/sm:1/w:427/h:320/cz/M6Ly9wcm9kLWNhd/GFsb2ctbWVkaWEvaW50LzY2RkMyREQ5RTRDRDlCMjY5NjUyREYwOU/M1QzU1REI4QURFQUZBNzM2NTIxRjg1QUNGNEM5Mzc1OURGMDBCRDkucG5n.png"
"Lidl","LIVARNO home Žvakės grubiais paviršiais","5.99","https://imgproxy-retcat.assets.schwarz/KryD4lS-1uokA2ELlfbef2j4tU2XcjCL7C3AdkPgjqA/sm:1/w:427/h:320/cz/M6Ly9wcm9kLWNhd/GFsb2ctbWVkaWEvaW50LzE5QkMyRjUxNjREMTQ0QjIyNjFBNUU2Mk/I1RDBGRjE1NkE0OTY1N0Y4MzQzMTE3QjExRUFGRDk3QTA4N0QwMUYucG5n.png"
"Lidl","LIVARNO home Tikro vaško LED žvakė","4.99","https://imgproxy-retcat.assets.schwarz/9dw82Hr-sJgTUeCuPgVAHLFn3Ok1KtevD8-6hv-RzA8/sm:1/w:427/h:320/cz/M6Ly9wcm9kLWNhd/GFsb2ctbWVkaWEvaW50LzU1RDRFNkZFRjY5RDk1RkIzN0I4OTNFN0/FFNjQ0QzUwOUI0NjE2REU3OUE1ODk2Mjc0QzYyRDM4MjA4REE5QTgucG5n.png"
"Lidl","LIVARNO home Žvakės","4.99","https://imgproxy-retcat.assets.schwarz/hKypJomBqxVv605eYoMmLXZ1fyYJWiH4KCG_YfBUhsk/sm:1/w:427/h:320/cz/M6Ly9wcm9kLWNhd/GFsb2ctbWVkaWEvaW50LzZDOTdBMzc3ODNGRUQ3OTkyNjJEODJGOT/IxMDFENTlCRjQ1MTEwQTFCRTE4RERGRDMyNkM3NUJGMkZGMTk4Q0QucG5n.png"
"Lidl","LIVARNO home Dekoracija „Spragtukas“","6.99","https://imgproxy-retcat.assets.schwarz/BhXKlvlpRheADcbbjCAbO0UXSp6K3yoprGzatoQPlpA/sm:1/w:427/h:320/cz/M6Ly9wcm9kLWNhd/GFsb2ctbWVkaWEvaW50LzgyODg0OTJBNUI3RjEwODFCOEZCMjQ5M0/M1QUEwOThDNUMzN0QzMkQwM0QwQTdBRjI5RjM2QTA3RENDODFFM0MucG5n.png"
"Lidl","LIVARNO home Kalėdinė dekoracija","1.99","https://imgproxy-retcat.assets.schwarz/_hQVjZpEo6h-SWz_oH4pLFKoHVrIDGM8j1tAnf_2xqo/sm:1/w:427/h:320/cz/M6Ly9wcm9kLWNhd/GFsb2ctbWVkaWEvaW50LzNDMjkwMzFFMTFCN0NCMUM5NDlFMzVBNz/U0RTIwODY2RkMwRTUyOEJFREFGQTU4QkEwNTk2MEM0M0RFNDk0OUMucG5n.png"
"Lidl","LIVARNO home Mini stiklinis sniego rutulys","0.99","https://imgproxy-retcat.assets.schwarz/ASVzLvcrz0rWtJ2tgJjaCiM1mR7L7EXM4s2Jw13dLLQ/sm:1/w:427/h:320/cz/M6Ly9wcm9kLWNhd/GFsb2ctbWVkaWEvaW50LzJBQzhFQUVCQzFDRkY3NjQwNzNGQkYzMz/M0MDJGN0EwNjVEMThGQjAxQzI1REQ3RjhFRDFCMTQzMzQ5QTVDNUUucG5n.png"
"Lidl","LIVARNO home Dekoratyvinė lėkštė arba padėklas","1.99","https://imgproxy-retcat.assets.schwarz/yX7LK3VE9JWFIs859itgvL1DoiIz7ICyJzbo4Qcq2sc/sm:1/w:427/h:320/cz/M6Ly9wcm9kLWNhd/GFsb2ctbWVkaWEvaW50L0Q3RDAxMTU4OTNEODQxODUzQ0UzNzRFRT/gwNjVBQzQ5M0QwMTkxNTRGNzIzODc1MDc0OEZGNThDRkFGQzVGODkucG5n.png"
"Lidl","LIVARNO home Kalėdų eglutės žaisliukai","4.99","https://imgproxy-retcat.assets.schwarz/pP0KFbQ3iR8YluXXl3cX37dA0bnzUHNYL2TMUaRI77c/sm:1/w:427/h:320/cz/M6Ly9wcm9kLWNhd/GFsb2ctbWVkaWEvaW50LzRBODcxRkE2RDdDOEMxMUZERkQ5Q0UyMT/cxRkI5MjBEMDI2RjUyMkRCODJDOUI0OUFFNTlCQzVERUFBMzVGRjQucG5n.png"
"Lidl","LIVARNO home Stikliniai Kalėdų eglutės žaisliukai","1.69","https://imgproxy-retcat.assets.schwarz/POexS0BIwRTU-SjdBhn-mvh7y1t_u3BR8n_aa0Vq2Es/sm:1/w:427/h:320/cz/M6Ly9wcm9kLWNhd/GFsb2ctbWVkaWEvaW50L0M3RkQ4RDZEQkNCRkNGM0I3Qjg3QzY2RD/VDREIxREQ2MDlCNkY0Q0VDRTU1ODZDMjZGRkEzMEQ2NzE4NEI1OUQucG5n.png"
"Lidl","LIVARNO home Kalėdiniai langų paveikslėliai","0.89","https://imgproxy-retcat.assets.schwarz/T8ENR7Bd_b_cgHljrZGmb5vc5x1QKh04HETVDblTiBU/sm:1/w:427/h:320/cz/M6Ly9wcm9kLWNhd/GFsb2ctbWVkaWEvaW50LzEzQjNFRUIyRDBDOTNBQ0JFQTczM0NFQj/ZGN0M1Q0JEMkVGM0ZBRDhGQkM3QzIwMjI0Njk0MTYxOUNFMDgzRUIucG5n.png"
"Lidl","TRONIC® Įkraunamos baterijos","6.99","https://imgproxy-retcat.assets.schwarz/yVhMj-7347oySPCLqFGn83iWv_JTQn0iPnFqhp0_d38/sm:1/w:427/h:320/cz/M6Ly9wcm9kLWNhd/GFsb2ctbWVkaWEvaW50LzFCMzlDNTgxQTNGREFDRDAxQ0JFMjg1Qj/M5NEYyQkFFMDU4OEI4M0E5N0Y4QUI5QjQ4MjBCM0RGRkIwMEEzNTYucG5n.png"
"Lidl","Livarno home LED lempučių girlianda","5.99","https://imgproxy-retcat.assets.schwarz/wacnoXC48dK7Pfig503_wVmFG1USvLeyhx92ZEw6v8A/sm:1/w:427/h:320/cz/M6Ly9wcm9kLWNhd/GFsb2ctbWVkaWEvaW50LzM0QjY5NUQ1RTRDNTIwQUY1RjdDOUZCM0/NGQTZFNUM3OEVDN0JERDIyNUM4MEUyMTk0NTE3Q0ZGREQwNjkxMkIucG5n.png"
"Lidl","Livarno home LED lempučių girlianda","5.99","https://imgproxy-retcat.assets.schwarz/6yNJlkHMHeR_NFdlMIAEwZ8E8NJ9SERKf2sJc5sG6fw/sm:1/w:427/h:320/cz/M6Ly9wcm9kLWNhd/GFsb2ctbWVkaWEvaW50LzQ2MERENjRFQTU5NzlERUM5QzgwQjU4MD/lDQTVEOTU5RDM2QTlEOTZFQzk3NThENjY1QzI2MEZGNjExNzk5RjcucG5n.png"
"Lidl","Livarno home LED lempučių girlianda","5.99","https://imgproxy-retcat.assets.schwarz/M4KBTsYhVzq7I7x4AUMG_Hqlz3NagXxbgAdS3skNq-M/sm:1/w:427/h:320/cz/M6Ly9wcm9kLWNhd/GFsb2ctbWVkaWEvaW50LzJGODE4QzdEQjZBMDcxQTI5QkE4NzJCQj/ExMzNBRjM1Njc5MTlCQzcxMDgzQkE3M0I5MjlEMDVBQTUzQUY3NUEucG5n.png"
"Lidl","Livarno home LED lempučių girlianda","5.99","https://imgproxy-retcat.assets.schwarz/JzjAt9rH8oMHTfcaLqWjIuGsvUpKTd-WLf6UE416A9E/sm:1/w:427/h:320/cz/M6Ly9wcm9kLWNhd/GFsb2ctbWVkaWEvaW50L0EzRUNFQkMxRkNDOThDMEE3M0M2M0U0OE/VDRTQzQTRGMTg4MDNGRUI0NEZDMEE5MkZGN0I1MkVERjU5RDg3MjcucG5n.png"
"Lidl","Livarno home Žakardo staltiesių rinkinys","8.99","https://imgproxy-retcat.assets.schwarz/Tendh7tucUozhOAZCqIPO_aWNnIjNfnLNH44MRLYpts/sm:1/w:427/h:320/cz/M6Ly9wcm9kLWNhd/GFsb2ctbWVkaWEvaW50LzNGNkNCQ0U4QThGODMxQzQ4RkExREQ1NT/UxQkUzQzJFREMxNUUyRTc3RjI4RjQxNkFFQTE4MDJENzMyNDNDMDkucG5n.png"
"Lidl","Livarno home Žakardo staltiesių rinkinys","8.99","https://imgproxy-retcat.assets.schwarz/Bh1QriIe4sHAHb8PYUjFi4zVzoxOZw-Arq5rtS5snkY/sm:1/w:427/h:320/cz/M6Ly9wcm9kLWNhd/GFsb2ctbWVkaWEvaW50Lzc1Mjk3MjBFRTIyQTkxRUM2Q0YyMzhGND/UyRUIxRTQ5OUZEOTM1NTQ2QTQ3MDZEOERCOTIwMUFGNjIwNUVENTkucG5n.png"
"Lidl","Livarno home LED medis","23.90","https://imgproxy-retcat.assets.schwarz/N2fj6HxwMWDiQlOAWLwR7hJwfU6Zvsv6OXqJxKfQxMU/sm:1/w:427/h:320/cz/M6Ly9wcm9kLWNhd/GFsb2ctbWVkaWEvaW50L0M2MzdGQzAxNTFBRDFCMjg0NzA1RUNCRT/UxQTRFNDlDNEM5MzkyNzM1NTg5Nzg0QjgwOTAzQkE4OUNGMTY5QzgucG5n.png"
"Lidl","Livarno home LED medis","23.90","https://imgproxy-retcat.assets.schwarz/8jebVn9cQ6yHvBtemYnlTjfbo_JSG-9GQuvB53axuPQ/sm:1/w:427/h:320/cz/M6Ly9wcm9kLWNhd/GFsb2ctbWVkaWEvaW50LzBGMTJFOUE4NzI3MTE4RDc1N0UyQzQwNz/FGRDYxMjQ4ODlCMUZGRDJDRTg1RTMwMkMwQzlCRkIzRUIzNjQ0QjIucG5n.png"
"Lidl","Livarno home LED medis","23.90","https://imgproxy-retcat.assets.schwarz/dDsngKZgwuw6sReS0mV3RW6DGIOdnVt3scLT2N-sJ_g/sm:1/w:427/h:320/cz/M6Ly9wcm9kLWNhd/GFsb2ctbWVkaWEvaW50LzQ2NDMzNDY5NzM5RThGMzA1NENCNjgwME/M0QThBNzAwRUQ1Q0VDRkQ4NkEwQjMwMzk3NzNDOUM0QjM2Mzc5RjcucG5n.png"
"Lidl","Livarno home 50 LED lempučių girlianda","2.99","https://imgproxy-retcat.assets.schwarz/QvHFCeMKj1khzRxZUjLgHgF6cceJEvpB4pbXfmu4-HE/sm:1/w:427/h:320/cz/M6Ly9wcm9kLWNhd/GFsb2ctbWVkaWEvaW50LzJDOTk1MDI5QTcyREY5QjQzRDI4RTdFQz/lFRTQyN0UyM0IxOEIxMkJCQTYyRUJCRjNEODYyM0M2NTI4MzI3Q0MucG5n.png"
"Lidl","Livarno home 1000 LED lempučių girlianda","24.90","https://imgproxy-retcat.assets.schwarz/Wf3QFNJleCA2DvN00uboREKMZtZxSIfBO3mLbgzWr18/sm:1/w:427/h:320/cz/M6Ly9wcm9kLWNhd/GFsb2ctbWVkaWEvaW50LzcxQURFOEUwRDJCREU0MEVFMEQ4NzgxOU/JFMUVCOEQ2M0M5Q0E5NDM5MzlCMjgzMTA3MjJEREY0RTg2QUI3MDAucG5n.png"
"Lidl","Livarno home 170 LED girlianda kalėdinei eglutei","7.99","https://imgproxy-retcat.assets.schwarz/Bk2bgW-ieNT8ffMJsNhvwfG5vvHswTJWLfF4kHTIZ9I/sm:1/w:427/h:320/cz/M6Ly9wcm9kLWNhd/GFsb2ctbWVkaWEvaW50LzQ2Njk3N0QxRDg2Q0M4NTU3MUUxMDA2Rj/JBQ0FDMTdFQ0Y1QzQ1RjZENjY3QzREMzYyQzc5MDM2QzlBQTVGMUQucG5n.png"
"Lidl","Livarno home LED žvakės","14.99","https://imgproxy-retcat.assets.schwarz/WuQsgo8531TMOpQ8oLBEMP4HK-BL1BtiK19VRi9nMC4/sm:1/w:427/h:320/cz/M6Ly9wcm9kLWNhd/GFsb2ctbWVkaWEvaW50L0NDMDYwMTA4NjAxRENEOUM4NkVFNzQwNk/U2REU1RjUzQzk0NUM5RUM0QkYyODVENTgxODhCQThGMDdFMzE2QTMucG5n.png"
"Lidl","Livarno home 200 LED juosta","9.99","https://imgproxy-retcat.assets.schwarz/fOusl7R8qvtLbkCCNoP4SBxRG7xfd9WOws86oWoJdAc/sm:1/w:427/h:320/cz/M6Ly9wcm9kLWNhd/GFsb2ctbWVkaWEvaW50LzI4ODUzQkVENEU0QjMzNkEyMzJDQ0M0RT/M0N0YwMDMyMjc4RjdFMkYyQ0ZGMDI4REUwRTQzMDE5REIzRTZEOEUucG5n.png"
"Lidl","Livarno home 200 LED lempučių girlianda","7.99","https://imgproxy-retcat.assets.schwarz/jkCC2ZfNjOCzt6Pc2S0nlknGBLDHBH4tvUNqGKCdV6s/sm:1/w:427/h:320/cz/M6Ly9wcm9kLWNhd/GFsb2ctbWVkaWEvaW50L0NCRDFCQ0QyNUU0RTY5MDQyQjU1MUE2Nz/UwNDI0MEQzQTk1OUIxRTRFRTRFNkU1MDkxOTMxMDJCNEY5MENEQkEucG5n.png"
"Lidl","Livarno home 700 LED lempučių girlianda","15.99","https://imgproxy-retcat.assets.schwarz/Jg7MiSL7DtwzBmEUKgJu3amn0dmRiH9Ief3Le2uBD4A/sm:1/w:427/h:320/cz/M6Ly9wcm9kLWNhd/GFsb2ctbWVkaWEvaW50LzI2NTc5RUMzMTFGNDMxMzM0NjY3REJBNj/VEQzlFRDcxNUIwQzI1NzBGNjcyMDdBQ0Y1MDIxODFGQTdFMTBDNTYucG5n.png"
"Lidl","Livarno home Kalėdinė dekoracija su LED apšvietimu","7.99","https://imgproxy-retcat.assets.schwarz/MOsqyMzB3USGdzzOyGttwzhnavxXHflG8RL9S1vLllM/sm:1/w:427/h:320/cz/M6Ly9wcm9kLWNhd/GFsb2ctbWVkaWEvaW50LzY3ODEzRkJFMDk3NUU1MDE0NEE4OEU0Nk/MzRkU2RjExOTA1ODJGN0Y3RjM5MzA5NTEzRTg3RUI0RTExNEQ2REIucG5n.png"
"Lidl","Livarno home 440 LED šviesų užuolaida","14.99","https://imgproxy-retcat.assets.schwarz/lvTP_ffj47Kw32p6WqKL21JECT2tlQWy2pDUTKSgYaE/sm:1/w:427/h:320/cz/M6Ly9wcm9kLWNhd/GFsb2ctbWVkaWEvaW50L0M3RUZBNjRDNEYwNkVBNjM1NDlBRDYyRE/RDRjgyQTBDMzMxMzZDNTRFM0JGRkFFQURERUMzNkZGRkJGQjQ4OEQucG5n.png"
"Lidl","Livarno home 40 LED šviesų užuolaida","5.99","https://imgproxy-retcat.assets.schwarz/iAbVZGr4_lV241-LqVK_yHslThK2ZE0D4pcsr4D0_8U/sm:1/w:427/h:320/cz/M6Ly9wcm9kLWNhd/GFsb2ctbWVkaWEvaW50LzU2OEZGODA5RkQzMEY3Mjk4MTM4Q0UwQz/BFN0YzOEZCNkVCNDMwNDM0NTg1MTIzMUQ3RkEwNURGRTJCNjk3NkYucG5n.png"
"Lidl","Livarno home 20 LED lempučių girlianda","1.49","https://imgproxy-retcat.assets.schwarz/QKbd6THkbWdlNxhE83tzUKhX_mNMi0H-SbpYFA4YBv4/sm:1/w:427/h:320/cz/M6Ly9wcm9kLWNhd/GFsb2ctbWVkaWEvaW50LzgxN0ZERUU1REQ5NzFDMDIzQzhDNUI4MT/Q2QTg5Njc5QzEzQkIyQkQ3RkZCMTFDN0Y0NUExNjdEQ0U1QUFENkEucG5n.png"
"Lidl","TRONIC® Elektros ilgintuvas","3.99","https://imgproxy-retcat.assets.schwarz/LzRnMLUIVHqE-pXph7OZUcxfAz3DL5X5yvj0Cyppp_4/sm:1/w:427/h:320/cz/M6Ly9wcm9kLWNhd/GFsb2ctbWVkaWEvaW50LzlBMUY3RTA0RTNDQjRGNDIxN0NENkMzRE/QxMTdERUI0ODgxMDBCMDZGMzFCQzBGNUZBODA2NDQ4QTg3ODZDMkQucG5n.png"
"Lidl","LIVARNO home 10 LED lempučių dekoracija","2.99","https://imgproxy-retcat.assets.schwarz/C2I-BntntXsqUnqwyJyApQLxk4ABdwcQVJqCvwLpK8s/sm:1/w:427/h:320/cz/M6Ly9wcm9kLWNhd/GFsb2ctbWVkaWEvaW50L0I3MEU2ODA4OTE5MjYxNUJDQkYzRThCNE/YxMjQ0N0I4NUE4MUFCMjMzOTg4RjdDMTZDMjYxQjA5N0VBM0Q5RUEucG5n.png"
"Lidl","LIVARNO home 200 LED šviesų užuolaida","14.99","https://imgproxy-retcat.assets.schwarz/gZT6JC1bgGuOfFVcMbPWQy8bfNNa819FjswaQT-PvYE/sm:1/w:427/h:320/cz/M6Ly9wcm9kLWNhd/GFsb2ctbWVkaWEvaW50L0EwODlBMTg5OTgxQzlGNTJDQ0RDQ0ZFNT/gwMkI1MkQyM0I2MUQxMjZFNEVBMzU3NDg2NEVDQUZFQjg4OTIzRDYucG5n.png"
"Lidl","LIVARNO home Kalėdinis vainikas","8.99","https://imgproxy-retcat.assets.schwarz/AwCVljBqmEiNcNB_M9B-Fb6WkbkhZhAEXgr90elot0g/sm:1/w:427/h:320/cz/M6Ly9wcm9kLWNhd/GFsb2ctbWVkaWEvaW50LzhBRjZEMDMwRTdFMDhFNkFERDAwQjc0MT/dBMTM2NjE3MzMwQTQwRTAyQkU2OUE3NjU5OTNDMjI2Q0FBNzZGREIucG5n.png"
"Lidl","LIVARNO home Įkraunamos baterija","3.99","https://imgproxy-retcat.assets.schwarz/3tzrWhkvO-C65N-qNreI1ezO2l_iYJwMhu91OFZz3kY/sm:1/w:427/h:320/cz/M6Ly9wcm9kLWNhd/GFsb2ctbWVkaWEvaW50L0JFMjgwNzQ2QjI5QUUwMDNBMUY3QTc5Nj/lDRDYyQzRENUQ0Nzg1ODlERjNDRjExQjQxMjhEOEJDMzRERUUxMkMucG5n.png"
"Lidl","LIVARNO home Įkraunamos baterija","6.99","https://imgproxy-retcat.assets.schwarz/DU_NObVrsOfomzUZ-mFqvntCFvoZG5X-0mymNAI3neo/sm:1/w:427/h:320/cz/M6Ly9wcm9kLWNhd/GFsb2ctbWVkaWEvaW50L0Q1OEJEMUMwNzk2MzEyN0IwNEFBNzZFMj/k0MDVDNUY1RjI3RUY0Q0JGMkZBOTE3Qzc3MzkxRDY1M0VFNjFEM0IucG5n.png"
"Lidl","crelando® Dvipusis dovanų popierius","1.19","https://imgproxy-retcat.assets.schwarz/Cfh-jATMxc2Tg0VPTKXUAF4eayuSOn0BnPLk16r40tM/sm:1/w:427/h:320/cz/M6Ly9wcm9kLWNhd/GFsb2ctbWVkaWEvaW50LzkwOTFGREJFOEFFQzlCMEFEQjkyMDE0Mj/k2MTQ5NTI0RUJDM0Q3NjYyNDlGNTdCNENDMkQ1MzYwNkNCRTEwQkYucG5n.png"
"Lidl","crelando® Dovanų pakavimo popierius","0.99","https://imgproxy-retcat.assets.schwarz/2DOOT88WvUX1U0YQNT4ILiCUoydC_lMvgj3KWC3cLI8/sm:1/w:427/h:320/cz/M6Ly9wcm9kLWNhd/GFsb2ctbWVkaWEvaW50L0E3M0Q3QjgwNUYxOTk3MDFCRjlDODlDQz/NFMzQ3ODZBNjU2MzBGODBBNkQ0RTgzQkI4OEYzRTlCMDE0NTE1QTkucG5n.png"
"Lidl","LIVARNO home Advento žvakių rinkinys","3.49","https://imgproxy-retcat.assets.schwarz/zLYD2kWQyEJzUiaj59BdsUzepFZu2MZ_21mCxwKvzow/sm:1/w:427/h:320/cz/M6Ly9wcm9kLWNhd/GFsb2ctbWVkaWEvaW50LzlDNDg1QUNDRDA4NEQ1NkY5MjFDRTk5Nz/gzQTRFOEMxOUEzM0I1RkM4ODhGQTYwRkVDQ0ZENDRGRDFCRjJENUUucG5n.png"
"Lidl","LIVARNO home Kvepianti žvakė su medine dagtimi","5.99","https://imgproxy-retcat.assets.schwarz/otQIQRYsOqHtBLOOLOt-6zS5BSVb4xtoeyR6hOELz88/sm:1/w:427/h:320/cz/M6Ly9wcm9kLWNhd/GFsb2ctbWVkaWEvbHQvMS9FMzJDQjFBMTRFOUFFMDY5NUQ4NkE2MkU/zODQ2MjI4NDU2RUMxNzk1RDI0REU2NEI4MkExQzMxMEM0RDMxRDcwLmpwZw.jpg"
"Lidl","LIVARNO home Didelė kvepianti žvakė stiklinėje","2.99","https://imgproxy-retcat.assets.schwarz/uVgJepUWsbO8xWuQwSsSEiZ59aSbnXefknjhGLe6IyU/sm:1/w:427/h:320/cz/M6Ly9wcm9kLWNhd/GFsb2ctbWVkaWEvaW50LzEyRjk2NjA4QTRGRjE0N0E0MTM0NjNGMj/Q4NUIxMEFEMDY4OTdDRDI1MEFBODlBOUVEM0JGNTJCMDE4RDE4NEIucG5n.png"
"Lidl","LIVARNO Virtuviniai rankšluosčiai (CMIA)","1.99","https://imgproxy-retcat.assets.schwarz/grX_JqGOoQEq9fk9cwLpWdbMW2w50QVw44Q9iycS6X0/sm:1/w:427/h:320/cz/M6Ly9wcm9kLWNhd/GFsb2ctbWVkaWEvaW50LzJFQTQxNTkxNTRBN0Y5QjAyREZDM0I2OT/cxOEIxOEVEQkQ5NjQ4OTU1NzlCMzlDQjY2MjA5NjlEMEVFNjM2N0IucG5n.png"
"Lidl","LIVARNO home Purvą sugeriantis kilimėlis","2.99","https://imgproxy-retcat.assets.schwarz/hQcy8A-eluxzSX3YYorETdqUCDmG4NtzeYncmbbRTAA/sm:1/w:427/h:320/cz/M6Ly9wcm9kLWNhd/GFsb2ctbWVkaWEvaW50L0JCQTU3NzNERDI4MTVDREExQTBENzhCNk/UwMzJBOEUxQzM5RjFBQzFDQzc0Mzk4NkNDODA5MTg5MjFFNUIxRkQucG5n.png"
"Lidl","LIVARNO home Virtuvinis takelis","7.99","https://imgproxy-retcat.assets.schwarz/aKQhdYKjckKe6UI4XbYICpa4VR8mVOUQuktxujqd6Xg/sm:1/w:427/h:320/cz/M6Ly9wcm9kLWNhd/GFsb2ctbWVkaWEvaW50LzBBREMwRTU5QTg2QUE3MEM2NEQ5QjU4OD/JFQTVFOUVDN0MwMkRBMDU5RUM2MjlDMTQ4ODlFQ0M3RUY2MkRDNzgucG5n.png"
"Lidl","LIVARNO home 20 LED lempučių girlianda","1.99","https://imgproxy-retcat.assets.schwarz/kHUb5T0SHlIX3AQlTva5q_Y5mPq0gfo1BKANIXXxT9M/sm:1/w:427/h:320/cz/M6Ly9wcm9kLWNhd/GFsb2ctbWVkaWEvaW50LzIwMEMxODc3QzExQTNFREFCOEFFQTdDN0/UxQkY1RTlDM0NCQjQ3REQ5RjcxNzRFQUFERUZDMDQyQTJGNTczMjMucG5n.png"
"Lidl","LIVARNO home Dekoratyvinis nykštukas arba elnias","8.99","https://imgproxy-retcat.assets.schwarz/EDuM6ORUQgf5wpPCKTtPRVo1NBuZ1D3FM3EV54W6d3s/sm:1/w:427/h:320/cz/M6Ly9wcm9kLWNhd/GFsb2ctbWVkaWEvaW50LzdEN0VCNDZEREI2MUYzQzA2OEEwREJFMj/c5RTIzOUIyREVERUM4ODcxMEQ0MzRGQzhEODdDRkQ0MTdDNDMzODQucG5n.png"
"Lidl","LIVARNO home 3D lipdukų rinkinys","2.69","https://imgproxy-retcat.assets.schwarz/zubWiVeGfwG-EkfnB9Jg6pqj2ObMqo19NF2iAVfwPDc/sm:1/w:427/h:320/cz/M6Ly9wcm9kLWNhd/GFsb2ctbWVkaWEvaW50LzZERTA5RDZGN0E4NUY2QTkzNzBGOEY2MU/VFNjZBRjBEN0ZENTBBMENDQ0FFRTRERUFBODNGNkM0MkM3MEJCNDcucG5n.png"
"Lidl","LIVARNO home Kvepianti žvakė keraminiame indelyje","3.99","https://imgproxy-retcat.assets.schwarz/969Gbj4ChZIKnlSImNYEM0XIb3Dqs-bKv5C9j3hkcaA/sm:1/w:427/h:320/cz/M6Ly9wcm9kLWNhd/GFsb2ctbWVkaWEvaW50L0M1Rjc5RTE0NDBFNDJFQ0I3RkY3REJCMj/kxNDk1OERFNDMzOUMyMjE3MEVCNTYwNUQ3NzhFMjE1REE3NjZDNDcucG5n.png"
"Lidl","LIVARNO home Kalėdiniai pakabukai","2.49","https://imgproxy-retcat.assets.schwarz/dGER-aViijGYcyNlDaWXDOLntFCcLsmt9WHZ8-8mWFk/sm:1/w:427/h:320/cz/M6Ly9wcm9kLWNhd/GFsb2ctbWVkaWEvaW50LzM2NEU1MUZENDhDQzA3MUMwOEI4MkE0NT/A4NUI4MTdBRDlCRDgxMEU3RTY0MkZCQTVGMTEyRDYxNURFMDk4RkIucG5n.png"
"Lidl","LIVARNO home Kalėdiniai žaisliukai iš stiklo","3.99","https://imgproxy-retcat.assets.schwarz/2MPEww4wuNUs74H2816F-_Uqj9iUB8CVMYqCYrFn4O0/sm:1/w:427/h:320/cz/M6Ly9wcm9kLWNhd/GFsb2ctbWVkaWEvaW50LzcxNEE2ODFCMkRCNUU0NTM5REI0MzFGMT/YxNTA3MjBCNzc2ODZEQUI5MjIxRTBDMjdFODNENzYxRjYzQjNCOTUucG5n.png"
"Lidl","YAMAHA Sintezatorius PSR-F52","99.90","https://imgproxy-retcat.assets.schwarz/sZZyAX5_554hJVv6DR9i5NlEKoVjTNqB3MIx4UXwnD0/sm:1/w:427/h:320/cz/M6Ly9wcm9kLWNhd/GFsb2ctbWVkaWEvaW50L0VBNTExNjBBOEE1OTczRTIxQkQ0MTQ5RE/U4MzQ1N0YwMjJEMTA5QzVBNDE2RUMwRDM5NTc0QkU3ODU3NDk4Q0QucG5n.png"
"Lidl","LIVARNO home Kvepianti žvakė","5.99","https://imgproxy-retcat.assets.schwarz/9sLuimMbotrD0GDa6NacLWV1ZSFz-OOI4Svc7Rvbzmc/sm:1/w:427/h:320/cz/M6Ly9wcm9kLWNhd/GFsb2ctbWVkaWEvaW50LzU4QjQzOTc5OTFGOENCMjM3RTJFN0FFMz/FGMjlDMDY2NzlERDU4Nzg2NEEwRTc5NkQyMUFCN0UxOEY2Mzg3NTkucG5n.png"
"Lidl","LIVARNO home Kalėdų eglutė su LED apšvietimu","48.90","https://imgproxy-retcat.assets.schwarz/8_u5CeL811oAOs85JZ30zoZqH58gRB4OzJwW_Us2ADg/sm:1/w:427/h:320/cz/M6Ly9wcm9kLWNhd/GFsb2ctbWVkaWEvaW50LzQ4MEM3NzlDMTc2REZBRjM4NDgyODU5MU/Q0MzkwMDVGMTcyMDlEQjc1NUM3RDg5RjVGMjBENDcyQjQzRjE3OEUucG5n.png"
"Lidl","LIVARNO home 100 LED girlianda su saulės baterija","5.99","https://imgproxy-retcat.assets.schwarz/a7xHnSexB52bM0jOnLrivWNOAy-2k888m2lRt2fA6vs/sm:1/w:427/h:320/cz/M6Ly9wcm9kLWNhd/GFsb2ctbWVkaWEvaW50L0RCMjdBN0MxOEZFQkMxNUE2MzE3REMyMT/Q1NDcyMEUyOURCMTZBNEE2QUExRjgxODlCMTBDNjEyNDQzRjgwMTEucG5n.png"
"Lidl","LIVARNO home 580 LED lempučių girlianda","14.99","https://imgproxy-retcat.assets.schwarz/f3-xtSdB-uVEI9iBVk77TkJoKUGiyvQqYNO705sY7tM/sm:1/w:427/h:320/cz/M6Ly9wcm9kLWNhd/GFsb2ctbWVkaWEvaW50LzY3M0YzRUNCMzVBQUFEMzJGM0E4RTZCOD/k1MDU5MkIxMjdDQTZBRkJGMzA2MjIyQkUwN0Q2NTRGQkQ3MzA3MzAucG5n.png"
"Lidl","LIVARNO home 200 LED lempučių girlianda","9.99","https://imgproxy-retcat.assets.schwarz/7fw3-4_gmEkzfKncHk1o--Wi6_pgPyTO_xy-QkcWGM8/sm:1/w:427/h:320/cz/M6Ly9wcm9kLWNhd/GFsb2ctbWVkaWEvaW50LzVFQjJBODZFMkMwQjJEQ0ZCNTU4RDQyNU/NCNEZEQTcxOEYyNUZDOUNENzI5NjM3M0NENzgzQjU2NjkwNTdFNzgucG5n.png"
"Lidl","LIVARNO home 300 LED šviesų užuolaida","7.99","https://imgproxy-retcat.assets.schwarz/2BxBoH3mIojjplsY79RC9_e7UeVpNWg5dyVhBGLm7Ko/sm:1/w:427/h:320/cz/M6Ly9wcm9kLWNhd/GFsb2ctbWVkaWEvaW50LzA0NUNFMDRGNzBFMzIyNTlFQjRDNUJGNz/A0QjBDMDkxNTU4MjcxNTBBQ0VFRjVGOUQ5MDg1QkE2ODEzNjVGRTgucG5n.png"
"Lidl","LIVARNO home 400 LED lempučių girlianda","13.99","https://imgproxy-retcat.assets.schwarz/_kDY6t41oTg-AqzHjWWgwNMxUA6zCuPzCChnk4pnTaM/sm:1/w:427/h:320/cz/M6Ly9wcm9kLWNhd/GFsb2ctbWVkaWEvaW50LzY0M0RERkIwRjY4RjNDREU5RTZFMzY5QT/Q5RTUwQTY5REMxMzY1MDFBQ0Q3QURGQzk5QzJBODQ3OEI4OURBMEQucG5n.png"
"Lidl","LIVARNO home LED lempučių dekoracija","14.99","https://imgproxy-retcat.assets.schwarz/uVXdCWSEWNXKUov5AZfoJXg0-oXblAamm2H5hyUxMmo/sm:1/w:427/h:320/cz/M6Ly9wcm9kLWNhd/GFsb2ctbWVkaWEvaW50LzJCNUUzM0JDNzIwNUIxRjc0NTIwMEEzMz/cyRTA1QjEzMDgyNzFBMTZFQUE3RkVCNTlFMDFDOEZGOTU3OEYzMTEucG5n.png"
"Lidl","LIVARNO home Girlianda „Varveklis“","14.99","https://imgproxy-retcat.assets.schwarz/Wgiz5OUqkHekoeAyelGN68WkAq6OvEI8T80_jYraWt4/sm:1/w:427/h:320/cz/M6Ly9wcm9kLWNhd/GFsb2ctbWVkaWEvaW50L0UwNzAwNzZCRTg0MURCQjQzOUQ4RTVBNT/dBQkNBQzFCRjA2QTE0RTQwNEI3MDJCRDlBNjQ2NkY3M0EzRkNEMUEucG5n.png"
"Lidl","LIVARNO LED žibintas","4.99","https://imgproxy-retcat.assets.schwarz/lgOOxEHdeo1UogqK-fRgLKRo8rPjxXuClcSQA_c3oUg/sm:1/w:427/h:320/cz/M6Ly9wcm9kLWNhd/GFsb2ctbWVkaWEvaW50LzI5QTM4NUQwQTYzRThENDY3NEU4Q0QyM0/M2MTE4OEMwMjI1RTUzMTIzOUJDODlCOTEzNURENkZDODM2NUY2MUUucG5n.png"
"Lidl","LIVARNO LED žibintas","9.99","https://imgproxy-retcat.assets.schwarz/EGblxLhjCy2zUiVJu1CLmMyckN1ThIFgLwKCE7gLEis/sm:1/w:427/h:320/cz/M6Ly9wcm9kLWNhd/GFsb2ctbWVkaWEvaW50L0QzQjc0NzMyMzJGQ0VBRkVFMTUwN0RBQ0/I0QTUzMjFENEM1NkRBNjZDN0MyQjlCRjE1N0NDQTAxNTJFRjJCRDQucG5n.png"
"Lidl","LIVARNO home „Memory“ putų stuburgalio pagalvė","7.99","https://imgproxy-retcat.assets.schwarz/NY4P-FEvxsj5wvz6yN5LswYcx5W0dRxAUuF4NdOq8PM/sm:1/w:427/h:320/cz/M6Ly9wcm9kLWNhd/GFsb2ctbWVkaWEvaW50LzFDOTkyMjJEMTgzN0I5ODEyNTI5NEZBRE/I2MDU0NUMxNzAxREREREMwQzcwMTMxMTI3RUFEOTA4M0QxMUI0NTQucG5n.png"
"Lidl","LIVARNO home Antklodė (GRS)","3.99","https://imgproxy-retcat.assets.schwarz/UM_Xpo6stXSfXf-f7ed6O5EK4pPkTBaT1gsZxQf1w-k/sm:1/w:427/h:320/cz/M6Ly9wcm9kLWNhd/GFsb2ctbWVkaWEvaW50LzU5RjQ1NTA0QzhCQzc1NTE1Q0MzMjExNk/IyN0I4OUYxN0VDQUFGODYwNTdFOTcyQjVEMDZDMEIxNTNDNTQzNDYucG5n.png"
"Lidl","TRONIC® Žadintuvas su projektoriumi ir žvaigždėto dangaus efektu","6.99","https://imgproxy-retcat.assets.schwarz/0gs0T7xIIghwJmpGRrirH6PoS_6olQDhPJgl8X3-43s/sm:1/w:427/h:320/cz/M6Ly9wcm9kLWNhd/GFsb2ctbWVkaWEvaW50LzU3NzQxMDJGQkY4OUE3RTREOEZERTZCNE/MzNEUyREU5Qjc1OTc5QTc5NThDNjRFMDQ3RUU5Q0E2RUZGMDQ1OUQucG5n.png"
"Lidl","Cien BEAUTY Elektrinė skutimosi mašinėlė","19.90","https://imgproxy-retcat.assets.schwarz/9ggvvr_JzEsfbPiYvIvSn75Qolx5_h744-It1UE8GIA/sm:1/w:427/h:320/cz/M6Ly9wcm9kLWNhd/GFsb2ctbWVkaWEvaW50LzUxRUY3Q0NCMTYxNTdGNTg3NzFDMjI4RD/EwQUU2Q0NENUU1ODIyN0UwMjZFOTgxRjQ0MzJEMzYyNDQyQUE0NzYucG5n.png"
"Lidl","LIVARNO Plastikinė lentyna","9.99","https://imgproxy-retcat.assets.schwarz/f2ZnK0NeQ_zP20dzhTEeiXLBBfOb4HA4wdOvTemfjkI/sm:1/w:427/h:320/cz/M6Ly9wcm9kLWNhd/GFsb2ctbWVkaWEvaW50L0M0Qzk0MDQzQ0Y0NDYwNkI4MUU4QjI5Mz/UwODcyQTA2QjkzRkY5OTFDRjNCQkZBMEVGMDkwMUVGOEI5NDVGRDIucG5n.png"
"Lidl","LIVARNO home Vonios kambario kilimėlių rinkinys","8.99","https://imgproxy-retcat.assets.schwarz/lDitlG0oNgpQqbx_fi4ZlCYBiD8fIJrnAprT1zwXlrs/sm:1/w:427/h:320/cz/M6Ly9wcm9kLWNhd/GFsb2ctbWVkaWEvaW50LzhFNEFBNkNDOEYwOTA3QjZERERGOUVDQz/ZGNzEyMjA1RUMzNEI4NTU4MjJEMThERTEyMUI0NDhCQTc4NjUyNTYucG5n.png"
"Lidl","LIVARNO home LED prožektorius su saulės baterija ir judesio detektoriumi","9.99","https://imgproxy-retcat.assets.schwarz/cbxK-7lPJPzuc5l8K0-aNO-ZYa7lxdLYn9gmwYiVwfM/sm:1/w:427/h:320/cz/M6Ly9wcm9kLWNhd/GFsb2ctbWVkaWEvaW50LzgyN0IwOTUyQzc4RThGODIyNzY2NEZDMj/cyMDQyQTQ5NjNFNzI5RjFCRTFGNjY1QkQzNzJGQzA5MDI0NjdCNjkucG5n.png"
"Lidl","LIVARNO Dekoratyvinė pagalvėlė","4.99","https://imgproxy-retcat.assets.schwarz/zzLhk0luOC7yvTJnshULy7SWjiqX5Aklym4Did_RxyU/sm:1/w:427/h:320/cz/M6Ly9wcm9kLWNhd/GFsb2ctbWVkaWEvaW50L0Q5MkI2NDVFQzQ2NUQwNDREMjVCOTU5Mk/MwN0JGNDBDRUJDMjUzMzJGMjE2MDkxNzQ5RjFBNTE4ODQxRUVFMkEucG5n.png"
"Lidl","LIVARNO Virtuviniai rankšluosčiai (CMIA)","1.99","https://imgproxy-retcat.assets.schwarz/-3gWj-WQLLCcrnVZ5riL43Iq9nlXrxbZVdTwArhUFBg/sm:1/w:427/h:320/cz/M6Ly9wcm9kLWNhd/GFsb2ctbWVkaWEvaW50LzAxRjM2MUNFMDE5RkNBRjk4QTYyRkQxNz/gzRkY4OTQwODc1RjkyREUzRDhDNzNFNzRCMTFCMDZCMzg1QTZDODcucG5n.png"
"Lidl","Dekoratyvinė eglutė su apšvietimu","11.99","https://imgproxy-retcat.assets.schwarz/oeYGS3WSoU65x464v8JWMSId1IUh_Wx5twHWk60HRPw/sm:1/w:427/h:320/cz/M6Ly9wcm9kLWNhd/GFsb2ctbWVkaWEvaW50L0NGOEUxRkVDNDkxNTg0RDgzRDk4OTNGQ0/E5MzExRDVERjQxREQ1OTRCRDA2OTlDN0YzM0MwQzJGQzVGM0JDOTAucG5n.png"
"Lidl","LIVARNO home Stovas kalėdinei eglutei","19.99","https://imgproxy-retcat.assets.schwarz/U6PWx6Zvtz7jMID0R7LAdaO6WBD7-DIHyRtAW4O1zxw/sm:1/w:427/h:320/cz/M6Ly9wcm9kLWNhd/GFsb2ctbWVkaWEvaW50LzM1RUE2MzBBNUJCREUyRDhEREY3NTgxNT/MxMUVDMjFGMDcyMzdFM0IzOUJGQzBEOTY3Njc1M0U0OEQxRkE4NTcucG5n.png"
"Lidl","LIVARNO Dvipusių satino patalynės užvalkalų komplektas (CMIA)","18.99","https://imgproxy-retcat.assets.schwarz/gQ7wUPa0-2vspv_HNhDGWSF3hdRV-c-2eaDvooBmFQc/sm:1/w:427/h:320/cz/M6Ly9wcm9kLWNhd/GFsb2ctbWVkaWEvaW50LzRDNkMzMEU2NkQ2MUI1RUE5NjUzNTZCQj/kwM0Q1Q0NBQTM1QzBBMDUxMUI0NjBFNkJFNzI5MzdDRTJBOTgzMjgucG5n.png"
"Lidl","LIVARNO Dvipusių satino patalynės užvalkalų komplektas (CMIA)","22.90","https://imgproxy-retcat.assets.schwarz/gQ7wUPa0-2vspv_HNhDGWSF3hdRV-c-2eaDvooBmFQc/sm:1/w:427/h:320/cz/M6Ly9wcm9kLWNhd/GFsb2ctbWVkaWEvaW50LzRDNkMzMEU2NkQ2MUI1RUE5NjUzNTZCQj/kwM0Q1Q0NBQTM1QzBBMDUxMUI0NjBFNkJFNzI5MzdDRTJBOTgzMjgucG5n.png"
"Lidl","LIVARNO Dvipusių satino patalynės užvalkalų komplektas (CMIA)","24.90","https://imgproxy-retcat.assets.schwarz/gQ7wUPa0-2vspv_HNhDGWSF3hdRV-c-2eaDvooBmFQc/sm:1/w:427/h:320/cz/M6Ly9wcm9kLWNhd/GFsb2ctbWVkaWEvaW50LzRDNkMzMEU2NkQ2MUI1RUE5NjUzNTZCQj/kwM0Q1Q0NBQTM1QzBBMDUxMUI0NjBFNkJFNzI5MzdDRTJBOTgzMjgucG5n.png"
"Lidl","LIVARNO Džersio paklodės su guma (GRS)","6.99","https://imgproxy-retcat.assets.schwarz/XygkbridGfDZSjLRhIw87yyqEaPssOSlaxsCWUoGkqA/sm:1/w:427/h:320/cz/M6Ly9wcm9kLWNhd/GFsb2ctbWVkaWEvaW50LzBEMjlGRTdEN0I2Njc5NTkxNDZFMjY4RD/I4M0YxQTEwQjI1RDBERUM3NjZGOTc3NDI5RjA3OUE2MEM3NjRCN0MucG5n.png"
"Lidl","LIVARNO Džersio paklodės su guma (GRS)","9.99","https://imgproxy-retcat.assets.schwarz/XygkbridGfDZSjLRhIw87yyqEaPssOSlaxsCWUoGkqA/sm:1/w:427/h:320/cz/M6Ly9wcm9kLWNhd/GFsb2ctbWVkaWEvaW50LzBEMjlGRTdEN0I2Njc5NTkxNDZFMjY4RD/I4M0YxQTEwQjI1RDBERUM3NjZGOTc3NDI5RjA3OUE2MEM3NjRCN0MucG5n.png"
"Lidl","LIVARNO Džersio paklodės su guma (GRS)","10.99","https://imgproxy-retcat.assets.schwarz/XygkbridGfDZSjLRhIw87yyqEaPssOSlaxsCWUoGkqA/sm:1/w:427/h:320/cz/M6Ly9wcm9kLWNhd/GFsb2ctbWVkaWEvaW50LzBEMjlGRTdEN0I2Njc5NTkxNDZFMjY4RD/I4M0YxQTEwQjI1RDBERUM3NjZGOTc3NDI5RjA3OUE2MEM3NjRCN0MucG5n.png"
"Lidl","LIVARNO Kilimas (GRS)","7.99","https://imgproxy-retcat.assets.schwarz/gvzHvIhS01LlbrkFyXlmS76jyQNRIZDcS0lFXeT9nHk/sm:1/w:427/h:320/cz/M6Ly9wcm9kLWNhd/GFsb2ctbWVkaWEvaW50LzU0OUFCNUVGN0ZGNTFGNzYyODFEMjYzRj/YyNjMxREZDMjI2QzBCOURFQ0ZBQjVFOEMwQUMyMzZBMURDMDVDNTMucG5n.png"
"Lidl","LIVARNO Dekoratyvinė pagalvėlė (GRS)","4.99","https://imgproxy-retcat.assets.schwarz/dGhhOqW1eRi7STriRIDSHlpyEp7HNSCbS4wMOsTGlA0/sm:1/w:427/h:320/cz/M6Ly9wcm9kLWNhd/GFsb2ctbWVkaWEvaW50L0RFRUY5M0E4RkNDMzIyM0VGNjE0NDVBNk/QxN0FGOEExQUI1M0UyNEZCQUJEOEU3MEEzMzBFMzA2QUJERTMyMjAucG5n.png"
"Lidl","LIVARNO Taburetė su kailiu","19.99","https://imgproxy-retcat.assets.schwarz/ISdzpy7KtGL80zXBuHRSB8BE0hquW0h8CMMIA_KG-Bg/sm:1/w:427/h:320/cz/M6Ly9wcm9kLWNhd/GFsb2ctbWVkaWEvaW50L0FBNkVFM0JBMUEzOEZFRTE5MTI5MzNFMT/E0MkY1NDU4QjVFOUIyRUNGOTc1MThENEQ3RkRGMjYzMUQzOTFDNTQucG5n.png"
"Lidl","LIVARNO Pagalvė „Starfill“ (GRS)","7.99","https://imgproxy-retcat.assets.schwarz/NTGAMtMg1IXm6PyZYJLURnxBaGdQgrxK9a6LVH54s9c/sm:1/w:427/h:320/cz/M6Ly9wcm9kLWNhd/GFsb2ctbWVkaWEvaW50Lzk2M0YwNjAzMzlERDgzNDdCODk2QjMzRD/k5RUI1RTRCRUMzNUQ0QjVBQjMwM0ZGRTlBOEExOEZCOUZCMjJFMDcucG5n.png"
"Lidl","Bresser® Galvos žibintas","11.99","https://imgproxy-retcat.assets.schwarz/XQA5Wi3JbEXND5WaH6IGrmXxNbcgMFO4MAIAqr4y2ls/sm:1/w:427/h:320/cz/M6Ly9wcm9kLWNhd/GFsb2ctbWVkaWEvaW50LzlENkMyRjYxQTlBODMzNjA4MDcxODI4Nz/lDRkQ4NjRFODIwQ0RFODM1ODNDNzhENTg1MENGRUVENzMwMDdCOUMucG5n.png"
"Lidl","LIVARNO Vaikų staliukas su 2 kėdutėmis","39.90","https://imgproxy-retcat.assets.schwarz/7n3i-_GlpZKEbcLKHM58KxlRtTWJeFb5yCjsKK4aGms/sm:1/w:427/h:320/cz/M6Ly9wcm9kLWNhd/GFsb2ctbWVkaWEvaW50LzcwRjUxOTAwNzYyRjc5QzVFNUEyMTEwRD/k1OTExNEE0NUVDM0VEOEU0RjM2MTIxRDk2QjA5Rjg3QTg0RDJFOEMucG5n.png"
"Lidl","LIVARNO Vaikų knygų lentyna","24.90","https://imgproxy-retcat.assets.schwarz/bG5FD1s3Q-sryTS2XYC6-VyCRvx6z2PJBQxeCHld9bI/sm:1/w:427/h:320/cz/M6Ly9wcm9kLWNhd/GFsb2ctbWVkaWEvaW50L0I4MEZDMjYzNzE3MzdFM0U4NzNEMEUzMT/c4RTEwRTc3NEQ2Q0Q5RDdFNzgxRDJEQzc2QjY0RDM1RUFGMDZCNDIucG5n.png"
"Lidl","LIVARNO home Pastatomas LED šviestuvas","20.90","https://imgproxy-retcat.assets.schwarz/cer5MbrRXBDaOa3F8ryq1EupeqVnR54ov5M3kClU5Fc/sm:1/w:427/h:320/cz/M6Ly9wcm9kLWNhd/GFsb2ctbWVkaWEvaW50Lzk0OTVCNTg5MjkzNjc1MURFRDA4RkQ3MD/U3RjIyNTg5RDE4MTExQ0MwMjk4MzE2QzI4QjdDQTQ3QzE5OEZFRUYucG5n.png"
"Lidl","LIVARNO home Rankinio dušo rinkinys","5.99","https://imgproxy-retcat.assets.schwarz/yBDN4ZxANhW99DVOF9pQm62knHR38QFksnhApXkD9WM/sm:1/w:427/h:320/cz/M6Ly9wcm9kLWNhd/GFsb2ctbWVkaWEvaW50LzExNzNGMDJGQTRBREY1MUIzNUM0Mzc3QT/BBMjYzOTNEM0E2ODIyQjg5N0E1RDE0QzBENTk1MDYzNTY0OTEwMjYucG5n.png"
"Lidl","LIVARNO Suoliukas su atverčiamu dangčiu","14.99","https://imgproxy-retcat.assets.schwarz/zx9tN3M8oA88VPtPTXXy3Nl3hLZAq67rJDu2_ovNd24/sm:1/w:427/h:320/cz/M6Ly9wcm9kLWNhd/GFsb2ctbWVkaWEvaW50LzE2QjczMjIyMUNERTQ2NTY2ODgyMUJBNj/M5MTkyNjNEMjlGODVGNUNGRkUzMjA3N0JDNjM5Mjg0Njc1NEMyOEEucG5n.png"
"Lidl","LIVARNO Vaikų flanelinė patalynė (CMIA)","9.99","https://imgproxy-retcat.assets.schwarz/Kv9G-WtutUNAUDvSk8bB9CSpyZHy1a7XhUQ9nSsYInw/sm:1/w:427/h:320/cz/M6Ly9wcm9kLWNhd/GFsb2ctbWVkaWEvaW50L0Q0M0I5ODZDMzk1MDRBNTAwMzFCNjdDQ0/I0RTQwNjhFNDZERUNGNzMzRTMyN0JFQUEzOUFCMDYwRTZBMjQzQjcucG5n.png"
"Lidl","LIVARNO Šviečiantis gaubly","19.99","https://imgproxy-retcat.assets.schwarz/nY8KW8bErSFZO8zHAr6WDzHYyimTP813JCDLY_zROrI/sm:1/w:427/h:320/cz/M6Ly9wcm9kLWNhd/GFsb2ctbWVkaWEvaW50L0NDNzNGMzMzQTVBMjIyRDE1QjJCQjI0RD/cxMTEyQzdGRTk0N0UwNzEzOEFDRUI4NjZCQzhCOEVCNDVCMzI2QTIucG5n.png"
"Lidl","LIVARNO Vaikų lentyna su ratukais","14.99","https://imgproxy-retcat.assets.schwarz/zsYx1ieEjdfPbOZfl7LNBlhXJ-VOvNeTuP-hFpG5sCY/sm:1/w:427/h:320/cz/M6Ly9wcm9kLWNhd/GFsb2ctbWVkaWEvaW50Lzk1OEI2Q0ZCNkMxNjlCNjY3QjU0NjY4QT/ZFODNDMjlFRTk5RjAzODgzMkVFMDc4MkIyNDI4RDZCM0Y3MEFFNjcucG5n.png"
"Lidl","LIVARNO LED sieninis / lubų šviestuvas","24.90","https://imgproxy-retcat.assets.schwarz/9xkr-Vm2NLqFUeYlhw67vX_LSt3iZwtehnGkWGp-GpI/sm:1/w:427/h:320/cz/M6Ly9wcm9kLWNhd/GFsb2ctbWVkaWEvaW50LzczMjkxNDQxQ0ZFRkNCQTZDQzQwMUNGMU/I5RUM1RjRGNEFFQUExRTZENTIzOUVEODg5MjgyQUJGOTg5ODYxRDUucG5n.png"
"Lidl","LIVARNO home Stalinis LED šviestuvas","7.99","https://imgproxy-retcat.assets.schwarz/-q-lzFmVLsip_W8OUfighDt1t3XcT6v8y0MMNPmH6xs/sm:1/w:427/h:320/cz/M6Ly9wcm9kLWNhd/GFsb2ctbWVkaWEvaW50L0RGQzQ2MzBDODQwNzdCNUE2NDMzMjlGMk/Y5Q0UzMzI2M0M4QjkwMjhENTVBMkQyNzM5RDBFOTRGQUY5RUE3MzIucG5n.png"
"Lidl","LIVARNO LED juostelė su garso jutikliu","9.99","https://imgproxy-retcat.assets.schwarz/sJhS0FUzM-oldYRrZz3hANs7DGnahTn6dMlUx9HDiWo/sm:1/w:427/h:320/cz/M6Ly9wcm9kLWNhd/GFsb2ctbWVkaWEvaW50LzFGMTlCNTFGNDk0Q0UxREZGMEEwQzA0MT/cxRjlEMjY4RkM0Mzk3OTA0RDg1QUE1MzlCQzcwODUzNzhBQzJCQzEucG5n.png"
"Lidl","LIVARNO LED lemputės","3.99","https://imgproxy-retcat.assets.schwarz/aIMaXwTh31j6BgxIqgH1meGjGk0fMRftfTlnOLkVJKI/sm:1/w:427/h:320/cz/M6Ly9wcm9kLWNhd/GFsb2ctbWVkaWEvaW50L0NGNURFOTU0QzUxRDc1OERGODQ5QTUzNE/JENTY0QzRDNzREMkQzQkMwRjM1RjlFQTE1OTlDNDQ5RUFBRDgxMjAucG5n.png"
"Lidl","LIVARNO LED lemputės","3.99","https://imgproxy-retcat.assets.schwarz/UyFo_uihUEuyw5E-27vdEgS4d5JIZWnJesfOm4msPHM/sm:1/w:427/h:320/cz/M6Ly9wcm9kLWNhd/GFsb2ctbWVkaWEvaW50LzI3MERBMzMwNTM0ODMzQUY4OEU0NTIwNU/Q1MjA2RDgzQjIyOTQ2MTI0Rjc1OEUwODM4RTM3QjcyNkY5NTAwNTMucG5n.png"
"Lidl","LIVARNO LED lemputės","3.99","https://imgproxy-retcat.assets.schwarz/6rFcMTlCEkIdHgBUyyl4-ZijOZIepxs2VRcclyCqDUc/sm:1/w:427/h:320/cz/M6Ly9wcm9kLWNhd/GFsb2ctbWVkaWEvaW50LzI1RTgyRjc0NURGQzY0MjAyODY1OTA3MT/ZBRTU0NzUzRjdENTBBRjJDOEM5OEZCNkUxMTUzN0Q3NjZBMzg3NzQucG5n.png"
"Lidl","LIVARNO LED šviestuvas su jutikliu","2.99","https://imgproxy-retcat.assets.schwarz/8FfbN88QfSsw8jCAj9yFhDG2ASVCyfIBvP26AHgUJHw/sm:1/w:427/h:320/cz/M6Ly9wcm9kLWNhd/GFsb2ctbWVkaWEvaW50L0UyQTJBNTMyRTAyQkFCMUY5NzMyMzRBQj/NERDY2ODQ3RTE1Qzk0ODlFODE5RTlCQjM3MDZCMzBEREFEQ0VEMTQucG5n.png"
"Lidl","Crivit Vyrų sportinės kelnės (CMIA)","9.99","https://imgproxy-retcat.assets.schwarz/_855c9WiOwQCCGgrr-azbgGwHKc5L5KchilRRqv9LA8/sm:1/w:427/h:320/cz/M6Ly9wcm9kLWNhd/GFsb2ctbWVkaWEvaW50L0RGN0M3RDRGRjI0RjhGMUY2NUY4Mjk1Nk/I2MEEwRThDMzQwMTlBM0FBQUJEOENBNTZGMUM1MUQ3NjI3Njg3MzIucG5n.png"
"Lidl","Reebok® Vyrų ir moterų kojinės","5.99","https://imgproxy-retcat.assets.schwarz/748G9B3cPaFyJ42UOfKtqB6Y9kNlTsLtwnP-kGVI24U/sm:1/w:427/h:320/cz/M6Ly9wcm9kLWNhd/GFsb2ctbWVkaWEvaW50LzYxRUZCODVFNzcyMTkxMjYzRDFGRjNCNz/YxNkRGMjQxNjY0RTEzNzE2MkZFNkMxNTUwRDNBRDgxMUM1NkExQjYucG5n.png"
"Lidl","esmara® / esmara MEN Moterų arba vyrų ėriuko kailio šlepetės","17.99","https://imgproxy-retcat.assets.schwarz/-Oz-TqaIjpTjyftEBU__J1tRx6bGZ7XMPbx21PZzWms/sm:1/w:427/h:320/cz/M6Ly9wcm9kLWNhd/GFsb2ctbWVkaWEvaW50LzNBRTNBNDYxOUVBRDM4MTVBMTM0NDIwNz/cwMkU5MEFFQjk2ODUyNDIwMDQxRkM4OUU2OTFEQjJEQTQyRjY1N0MucG5n.png"
"Lidl","esmara® / esmara MEN Kojinės (CMIA)","4.99","https://imgproxy-retcat.assets.schwarz/i9uL5nyZ_cfWyGRFvrQAjGt1KI5K4poHkoo6_jko1AE/sm:1/w:427/h:320/cz/M6Ly9wcm9kLWNhd/GFsb2ctbWVkaWEvaW50LzRENzZBM0YxQTU0NTM2OEU3QjI2MzM4Mz/VGMzU4MjYyNUNBODk0QjIxRUQzNzQ2NjFEOUM2NTMwOUZGMUYwODIucG5n.png"
"Lidl","esmara® Ėriuko kailio pirštinės","13.99","https://imgproxy-retcat.assets.schwarz/Z1UzjjsyKpNS9eNbvo5MfegbxDHg9yLe0h8H3rbZ0UQ/sm:1/w:427/h:320/cz/M6Ly9wcm9kLWNhd/GFsb2ctbWVkaWEvaW50LzgxOUVBNjZEREMxQUM1MzJDMEI4MzBDQj/I1NDAwNTFEOTg3RTZGRUQzNjg1RUMxRTczMzRGOUZDMURCNTE4NEMucG5n.png"
"Lidl","esmara® Rankinis laikrodis ir papuošalas","8.99","https://imgproxy-retcat.assets.schwarz/nb2VX_E5JuSv05yrQxZQFPkvVFsItvtwMjKDM3C6L98/sm:1/w:427/h:320/cz/M6Ly9wcm9kLWNhd/GFsb2ctbWVkaWEvaW50L0I5QjMzOUQ0MzYwQTI4RUEwQURGMzcwQT/NGNTNDMkYxNzIyMDMzOEJDRDg0M0YwNjJCQTJGODZDMkU1RDM0REEucG5n.png"
"Lidl","esmara® Moterų merino vilnos termo apatiniai marškinėliai arba kelnės","16.99","https://imgproxy-retcat.assets.schwarz/O8kFg6hmsphEmcbPJ11SSP9kRc2c2Ra4kOw-CbvwP5g/sm:1/w:427/h:320/cz/M6Ly9wcm9kLWNhd/GFsb2ctbWVkaWEvbHQvMS82QkFGRDk4MzlDNEI4MDE2QzYzODAxNDk/zRjEwN0FGNTVEQzQ4QTVERTk1M0M2MzJERTQxRDk2QjJFNjNFNzVFLnBuZw.png"
"Lidl","esmara MEN Vyrų merino vilnos termo apatiniai marškinėliai arba kelnės","16.99","https://imgproxy-retcat.assets.schwarz/5tC8wCZaJE82P7k3PjSya7NXqlLTT9sKxklsk0OFxqI/sm:1/w:427/h:320/cz/M6Ly9wcm9kLWNhd/GFsb2ctbWVkaWEvbHQvMS85MDEzQjNDQkYzNDMyQzExMTIyMURGMjg/wNTIyNUQyRTVBRDIxMzIxRkYwMzk0MDg4NTdBRTE4MTA2RDgxNEQ1LnBuZw.png"
"Lidl","esmara MEN Džinsai „Slim Fit“ (CMIA)","9.99","https://imgproxy-retcat.assets.schwarz/0yODd4_TgmwBVV6K5puu1K9ffEBifjo4KPiZVlxPdqM/sm:1/w:427/h:320/cz/M6Ly9wcm9kLWNhd/GFsb2ctbWVkaWEvaW50LzUyNDBFNEI3NzBCMDEwNDRCRjlDMzA4ME/RFODdCNjFDNkEzMjEyODMzOEQ3M0MyM0FEMkQ0MTQyNzkwQ0VCMEYucG5n.png"
"Lidl","CRIVIT Moterų arba vyrų žieminiai batai","19.99","https://imgproxy-retcat.assets.schwarz/KIbjtaGvWQqMvJCgsdkmn24Q8fjcaISHIVtIzdpR3AU/sm:1/w:427/h:320/cz/M6Ly9wcm9kLWNhd/GFsb2ctbWVkaWEvaW50L0IzMTQ3NDZEQTJFNTU0MDQ4RDIzRkIxND/VCMEVBQ0MxRjcyNUFEMENBNjE5N0Q2RTNCMjA1RTc5NkMxN0RCMUYucG5n.png"
"Lidl","esmara® Ilgas dygsniuotas paltas (GRS)","24.90","https://imgproxy-retcat.assets.schwarz/Pg6Xb2eADcszOTEDNsbAtgtxM21fEsLy2nyD8ZuNORo/sm:1/w:427/h:320/cz/M6Ly9wcm9kLWNhd/GFsb2ctbWVkaWEvaW50LzBDNDhGNjkzQTFDMzIzQzRCMEMzQUIzQT/FCMzk3REFGRkQ5MTRFNTQ5RUQ2Q0I3MERCMTZEMjhFMkY5MDk5OTAucG5n.png"
"Lidl","esmara® Moterų merino megztinis","14.99","https://imgproxy-retcat.assets.schwarz/9adCjArY7U5AkMifQu3rzC5Q0Wz4Lh8buqaPwzNPjTE/sm:1/w:427/h:320/cz/M6Ly9wcm9kLWNhd/GFsb2ctbWVkaWEvaW50LzE2MDQ1NTI5RkE5MjNENzc3MDA3RkQ5Mj/AxRTNFRjMwNEI3ODM3QzAzNjIzQTFDNjZBNkIxMTIzRTQzMjgzQzAucG5n.png"
"Lidl","esmara® Megzta suknelė (RCS)","11.99","https://imgproxy-retcat.assets.schwarz/Q7NhzLMglyaJyUWSRf-kT6EoSSTNe26670L32KFnfRU/sm:1/w:427/h:320/cz/M6Ly9wcm9kLWNhd/GFsb2ctbWVkaWEvaW50LzM1NzlCNkYxNkYzQTZGQjQ3OUVGOUNEQz/YxMUUzOTdDRTYxQTZBNkE5M0VENTAyREQ4REVBN0M0NkFGQTk1MTMucG5n.png"
"Lidl","esmara® Pliušo liemenė (GRS)","11.99","https://imgproxy-retcat.assets.schwarz/u7BUyOrDvVZEBHztgn9spToaZpEBEmgIOWvG8lyIeBg/sm:1/w:427/h:320/cz/M6Ly9wcm9kLWNhd/GFsb2ctbWVkaWEvaW50LzNGREQ2OEI2NTkyRTk5Q0Y3NEE4OUVDMD/U1REQ1NUUzRkFCQkY1MzI2NTU2N0VCMDE4QjE1OUUyMjdGMENCMjkucG5n.png"
"Lidl","esmara® Marškinėliai ilgomis rankovėmis (CMIA)","4.99","https://imgproxy-retcat.assets.schwarz/_IdrLhB3CuLGE74uhOJPIm8GmvWT3ACo-XQhlXEMuGY/sm:1/w:427/h:320/cz/M6Ly9wcm9kLWNhd/GFsb2ctbWVkaWEvaW50LzdERjFEMUYxNjZFNTAxNkU4RjY0MDk1M0/Q0NDE1REJEQkZBN0UwNEQ0NUFGRkQ3REZENDA0MTNBOEQzMDJERTEucG5n.png"
"Lidl","esmara® Džinsai „Slim Fit“ (CMIA)","9.99","https://imgproxy-retcat.assets.schwarz/sloi_HfHoWiqxFT0-CQg7TESaeHc9-x4-Fq5jk-xfUU/sm:1/w:427/h:320/cz/M6Ly9wcm9kLWNhd/GFsb2ctbWVkaWEvbHQvMS9EQ0E4RDYyNzhFM0MzMUNGRkRFMzI3RUU/0QzU4RUU5M0NFQTM1QkIyMTEzQ0EzRjk5OUEwQUZBRTM4RjlFMkVDLnBuZw.png"
"Lidl","esmara® Kūno linijas švelniai formuojanti glaustinukė","7.99","https://imgproxy-retcat.assets.schwarz/Jso0bIuT-5baljlG5wLXJfC8E9mCm0nzo2w-dI4qZ0Y/sm:1/w:427/h:320/cz/M6Ly9wcm9kLWNhd/GFsb2ctbWVkaWEvaW50LzRGNTQ5NjQ3RjI3N0ZBRjREQUFBMzYyQz/RBRkZFNEI1MjlGQ0M3RDJCNTAyMTkyMjdCN0NFNkM3OEZDNjgzNUEucG5n.png"
"Lidl","esmara® Kūno linijas švelniai formuojančios kelnaitės su klešnėmis","5.99","https://imgproxy-retcat.assets.schwarz/UINn6kdk9X_m3Qn__ZVz2r2qEU1xyyuKCv0S3UlAB4M/sm:1/w:427/h:320/cz/M6Ly9wcm9kLWNhd/GFsb2ctbWVkaWEvaW50L0RENEUzQUNFMTIzRTY3Qjg0NkI2NEI4RE/YyODU5NjMxOTc3M0MyQkQ0MzQxRjQwRDdERkU1NjQyM0VDMTE4OUYucG5n.png"
"Lidl","esmara® Terminės pėdkelnės arba tamprės, 100 DEN","3.99","https://imgproxy-retcat.assets.schwarz/2IzC98KEX9w9B3BPhW_dSlWV_nll2UgKQO1NQSW5qws/sm:1/w:427/h:320/cz/M6Ly9wcm9kLWNhd/GFsb2ctbWVkaWEvaW50LzhCODE5OUZDN0EwMTY1QzI5OUVFQ0I1OT/EwRDM0NEI4OEVBMzVDMUI2Qjc3NDM1M0JGQkFBQkY3OEY5MDAwMUUucG5n.png"
"Lidl","Parkside® Vyrų darbinės puskojinės (CMIA)","3.49","https://imgproxy-retcat.assets.schwarz/imdN64l89Mrdp4dK1H3Vl1lvw88X6WE7iULdwbhO8p8/sm:1/w:427/h:320/cz/M6Ly9wcm9kLWNhd/GFsb2ctbWVkaWEvaW50Lzg3NTdBNTczRTdFMjUzQTlCQkMzOEEyOE/ZEQjhBQzJBNUQ1QTEyREZFOTY4MUM5MzcyRThEMjMyMjlCODg5QTYucG5n.png"
"Lidl","esmara® Stulpeliu megzta liemenėlė su nėriniais","4.49","https://imgproxy-retcat.assets.schwarz/UsNrWcE4peGa_P-MzAGmnZojV4_nHnfNHo8FAONA_Jk/sm:1/w:427/h:320/cz/M6Ly9wcm9kLWNhd/GFsb2ctbWVkaWEvaW50L0ZDMEM0N0IyRUE2RTZCNERCMUQzRURGME/RBODMyQzlGN0M1NjE1N0VDMEFFOUY2REVENTNEQzIxRDRBRjY1QTEucG5n.png"
"Lidl","esmara® Stulpeliu megztos kelnaitės","5.99","https://imgproxy-retcat.assets.schwarz/TW8FWxXHdjQLqvIIp5EfZJ_Da544zdkFMAIurhQVYoc/sm:1/w:427/h:320/cz/M6Ly9wcm9kLWNhd/GFsb2ctbWVkaWEvaW50Lzc2NEI0ODJDNEY1NTFERjNENEY3MkIwN0/Y5OTA5RUVBMEM3NDAxMzdERUM2MEMwNEE5QTc0QkM5MTQ3NTkwNEYucG5n.png"
"Lidl","esmara® Terminės kojinės","3.99","https://imgproxy-retcat.assets.schwarz/6y2enCorHoF8YX1IEmM9-shQoXZvJ1k0DZvMWZwTyoM/sm:1/w:427/h:320/cz/M6Ly9wcm9kLWNhd/GFsb2ctbWVkaWEvaW50L0I0NzlCREJCMjVDNEZFNzBFQTYzNjI4N0/NFQTJEOTEzRkIwNjc5QTRBNjAwODc3RDg3NTI1NDM4Qzg4MkIzMkQucG5n.png"
"Lidl","esmara MEN Merino vilnos megztinis","14.99","https://imgproxy-retcat.assets.schwarz/CikH0pmAfqDL9qXyfqiRjT-ToZJaXBWZ-coq8qf9pmY/sm:1/w:427/h:320/cz/M6Ly9wcm9kLWNhd/GFsb2ctbWVkaWEvaW50LzI4MzZGMDg5QkQ4RUI4NDE2QjU3QUZDRT/FEMjNFMDM3NTdENjI1NjBFRDNBMEI4NTZBNTM1NzYzMjAyQzkxQzYucG5n.png"
"Lidl","esmara MEN Dygsniuota liemenė (GRS)","13.99","https://imgproxy-retcat.assets.schwarz/JitJuzgqJmAaw6MgQMbg0BmqJmCS4vEw2EsIZwF4Ae0/sm:1/w:427/h:320/cz/M6Ly9wcm9kLWNhd/GFsb2ctbWVkaWEvaW50LzA3OEE2NzZCNjg5RjBFREU1RDk2NUIyMz/BCMDJGNUJFRkE4RkVCMEI2NENBRjMxMDI1QkM5MjMwMkVCMzcxN0MucG5n.png"
"Lidl","esmara MEN Vyrų trumpikės (CMIA)","6.99","https://imgproxy-retcat.assets.schwarz/BSYmFv4ThNKiO9MHmV9VNMXM-l-5Zx34g-gX-xjQJZM/sm:1/w:427/h:320/cz/M6Ly9wcm9kLWNhd/GFsb2ctbWVkaWEvaW50LzY5M0EwNTg5MDNGN0I4N0Y5MDhERUQ5RD/dFQjQzMEJGODA4OTYxMDk3OUM2NUMyOTFCRDI1OTI5NzQzRkUxQUYucG5n.png"
"Lidl","esmara® / esmara MEN® Moterų arba vyrų pižama iš fliso","8.99","https://imgproxy-retcat.assets.schwarz/V0T-qxzlUcAR3KKQR_M8PbCu_AFgE2VQr66z3PPWQE8/sm:1/w:427/h:320/cz/M6Ly9wcm9kLWNhd/GFsb2ctbWVkaWEvaW50LzY0NjVCMURDRDk1OTJEQzQ5QTQ5RDI0Qj/RFMjAxODI1Mjg3QkZGMUZBOTlFRjZFNzk3NzI4MjE0Q0IzRDQ0NEEucG5n.png"
"Lidl","esmara® / esmara MEN® Moterų arba vyrų šlepetės","4.99","https://imgproxy-retcat.assets.schwarz/4jg7onUXBmVORSQZiYaPD8A8wPRld346lgANW_sioUg/sm:1/w:427/h:320/cz/M6Ly9wcm9kLWNhd/GFsb2ctbWVkaWEvaW50Lzk5RTQxMkVENjVGMjI2Qjk4Q0Q3NTVEND/gxNUQ3MjdENUY0QzYyRkU2Q0M5OTM1NDgyRjFENDZBRjlBQjZFQzIucG5n.png"
"Lidl","adidas® Vyrų džemperis","29.90","https://imgproxy-retcat.assets.schwarz/otY06FPWdZKM16NBJs1QMaqJImaubG3rFm8jE2mMzTc/sm:1/w:427/h:320/cz/M6Ly9wcm9kLWNhd/GFsb2ctbWVkaWEvaW50LzdEMjFGNzZBODQ0MzUzQzcxOTFCMEM0RD/lCRjE3NzE3QkRDM0QwOUNDNDUxQzIzMUFDQTg4Q0I2OUY3MUI1RkEucG5n.png"
"Lidl","adidas® Vyrų sportinės kelnės","24.90","https://imgproxy-retcat.assets.schwarz/qbxlZB4VCMSDhczzWjgYcmhpXK_wn2tocGC08TO6rLM/sm:1/w:427/h:320/cz/M6Ly9wcm9kLWNhd/GFsb2ctbWVkaWEvaW50LzZCQzE3M0E3ODBEOTcyRkU1MTlCMEU3NU/RBOUYwREIxODA5RTRGRkFFRTM2QkRGRTIzREVFRTUyRUNGNEFENjMucG5n.png"
"Lidl","adidas® Moterų arba vyrų šlepetės","17.89","https://imgproxy-retcat.assets.schwarz/abiVDmsEVvbiYYGu8AnzPPT5E-cFcgbUhM9gjIqXprs/sm:1/w:427/h:320/cz/M6Ly9wcm9kLWNhd/GFsb2ctbWVkaWEvbHQvMS9CNUNCQUJCRjg4NTQ1Nzc1OTUxQUY0M0E/yQTc1MjNBQzIzQTI1Q0NEQ0Y4OUYzM0U4ODUxNzEwMTIyN0YzOTNCLnBuZw.png"
"Lidl","Pledas su gobtuvu","15.99","https://imgproxy-retcat.assets.schwarz/fbjxYXWxHqdLGfqN_-BibGZBDWWp0YYoYlnaYx75sZs/sm:1/w:427/h:320/cz/M6Ly9wcm9kLWNhd/GFsb2ctbWVkaWEvbHQvMS81ODhBNTI4RDNEMDA5QkJBRkUxNzZGQzg/2RjMxRDFEQjhDNDk3MzZCODgwOEVEOTY0MDQyMDQ0NjFERjkzNkNDLnBuZw.png"
"Lidl","Vyrų ir moterų kojinės (CMIA)","3.99","https://imgproxy-retcat.assets.schwarz/TzlqLAOM-1Yq8fSEFDIfPBECQ9bdK--eyen4Fzcwsuk/sm:1/w:427/h:320/cz/M6Ly9wcm9kLWNhd/GFsb2ctbWVkaWEvaW50LzA1QkJBM0Q4REM4NUFEMDEzQzU4M0NDRE/QzREJERjFFNURDQTI3NTIzNDg2RDkzQzA4MEU5RDY2OTFDNDM5QjQucG5n.png"
"Lidl","Play-Doh Advento kalendorius","19.99","https://imgproxy-retcat.assets.schwarz/_fWmYoihMrt5IcfoOK3-cppwCeLsHazzmQGYr6uqBGw/sm:1/w:427/h:320/cz/M6Ly9wcm9kLWNhd/GFsb2ctbWVkaWEvaW50LzJDNkY1NjVGRDk4NkEwN0I0QTQ3RTExOD/U0OTE5MzAwRUEyRkJBQTM0MzFDOTczNDY4QjIyRTgzNEVGNTgzMzEucG5n.png"
"Lidl","Undercover Advento kalendorius","4.99","https://imgproxy-retcat.assets.schwarz/U936JATBw-0656ezNFTXdcoLF7zuLJl8RJQtPys8gIU/sm:1/w:427/h:320/cz/M6Ly9wcm9kLWNhd/GFsb2ctbWVkaWEvaW50L0I4NzFDNTM3NzMyRTA4Q0YxQ0M3MDYzOD/ZENkVDNDkxRkUyMzAxMDRBMDQ5NzQwMTA5NjE3OTBBMzkwRDYxQjAucG5n.png"
"Lidl","Peppa Pig Advento kalendorius „Kiaulytė Pepa”","12.99","https://imgproxy-retcat.assets.schwarz/VbDpxupKXAIJ2-Ebh7HcZStLmbzcHM5JPqOWmYt7wUs/sm:1/w:427/h:320/cz/M6Ly9wcm9kLWNhd/GFsb2ctbWVkaWEvaW50LzhCMUUwMjMxMjk2MjcyQ0Q1OTVGQzJGME/QzRDU5MkMyQUZEMTRBMDI1QTAwRTFGNzdGNjJENDdCMjk4NTY2MUEucG5n.png"
"Lidl","lupilu® Mediniai maisto produktai","5.99","https://imgproxy-retcat.assets.schwarz/i-CQOom5dtIccxaX9YGXFoK5Gv800sUCfdmMf9yDJHo/sm:1/w:427/h:320/cz/M6Ly9wcm9kLWNhd/GFsb2ctbWVkaWEvaW50L0YzMzBDMjQ5NUVFN0QyODVCQzE5NkQ1Nj/VGRjA2QjNGN0E1RTdBMjdDOThGODU3NEMyQkYyMDE1NkRFOUVEMDIucG5n.png"
"Lidl","Playtive Lėlių namelio baldai arba lėlės","4.99","https://imgproxy-retcat.assets.schwarz/OTfTFWSOtSOM719a7UINQMBTq0biH4AT15ZRkJ2tjI0/sm:1/w:427/h:320/cz/M6Ly9wcm9kLWNhd/GFsb2ctbWVkaWEvaW50LzBDQzE2MUIzQUExM0U1Qzg5OEQ5MzgyMT/JENUQyM0YzQ0ExNTA4QTcxQUMyODM1Q0M3NUJGQTk2RkFGNEI3MDMucG5n.png"
"Lidl","Playtive Lėlių namelis „Cabinet“","24.90","https://imgproxy-retcat.assets.schwarz/yx12OgS31F0EyvnCiOsu5hx2drQZUJsp67IMQIQAO3w/sm:1/w:427/h:320/cz/M6Ly9wcm9kLWNhd/GFsb2ctbWVkaWEvaW50LzFCQzg1N0QxQjlGQTNDMTcyRjYxREJEOE/NFMEMwNDhCMEYwRkY2M0Y4MDk5QkFDQTc4NUI3ODc3Qjc2MTVBODQucG5n.png"
"Lidl","lupilu® Mediniai namų apyvokos rinkiniai","16.99","https://imgproxy-retcat.assets.schwarz/uRgjltH42wSn_THlfjrdul0_uEENJhTlutUQBbH_sxU/sm:1/w:427/h:320/cz/M6Ly9wcm9kLWNhd/GFsb2ctbWVkaWEvaW50LzAzQTAwMkE4OTY1MTdBMTE2MTEwNjAxNz/dEOTZBNzdGNzZFMkI4MUZDRUEwQ0IxMkNFOEQxMUNBOEM5MjBCQUYucG5n.png"
"Lidl","lupilu® Geležinkelio rinkinys M","16.99","https://imgproxy-retcat.assets.schwarz/yrZgKgS6RJK8n1x79hrZFjRXjGlBXoBN4W01oIHFCOs/sm:1/w:427/h:320/cz/M6Ly9wcm9kLWNhd/GFsb2ctbWVkaWEvaW50LzU4MjJFRkUwQkQ0NERCNUQ3RTc1OTA3QU/ZEN0ZBQTFDRDYwQUNBQ0U0RjlDMjM5NEFEQjNDMzhEOTM1QUEyMDIucG5n.png"
"Lidl","lupilu® Geležinkelio rinkinys","29.90","https://imgproxy-retcat.assets.schwarz/j2KALsCSydS1PU6pOtTKTaxPRj2MpGx-MpPS-5Cs2Ak/sm:1/w:427/h:320/cz/M6Ly9wcm9kLWNhd/GFsb2ctbWVkaWEvaW50L0I3QTlENzI0RkY4RTlEMjg0ODAyMjU2MU/Y3MjgzQTUxQjU4MzhFQjgzNjg4QzFEOUEzNDg3NzMwM0UwOTZBNTQucG5n.png"
"Lidl","lupilu® Nuotoliniu būdu valdomas traukinys","12.99","https://imgproxy-retcat.assets.schwarz/cNTA-jBfWAuLvNnDH4aT8XeFyoj6pPM7HH4QoDef-Xw/sm:1/w:427/h:320/cz/M6Ly9wcm9kLWNhd/GFsb2ctbWVkaWEvaW50L0YyRTU4MTI3Nzk4MEM0OTA1MDY4QUVBRT/lDQTEzMTBEMDg4RTg5RUMwQjhGMjM2MDE3NzA2NjNFNEMwRjM5ODgucG5n.png"
"Lidl","lupilu® Žaislinės transporto priemonės rinkinys","3.99","https://imgproxy-retcat.assets.schwarz/ZWv8Fz_xmt8ruqxoylxza3s9F0yuiZ-0UrjHGh74Kc8/sm:1/w:427/h:320/cz/M6Ly9wcm9kLWNhd/GFsb2ctbWVkaWEvaW50L0I1OTRERUY1ODJGMUU1Njc5REQ1RDQyMj/UxMTY1Qzk5Mzk3ODI3QjFGMzJDNjM3NkEzQUUyNzE0NjJBMzVBN0IucG5n.png"
"Lidl","lupilu® Medinis traukinukas","3.99","https://imgproxy-retcat.assets.schwarz/FGhvMll6XKVTwxFj-KG-YeoWulPOIiHFh6VxdbWKB60/sm:1/w:427/h:320/cz/M6Ly9wcm9kLWNhd/GFsb2ctbWVkaWEvaW50LzU5MkY0QUExQjNFRjkxMUM4M0YxNkQwMU/VEMjJEQ0FBQ0VBNzNEQzQ4NDMyRUVCNkVEMjBGRUEzMzczNkJFMzAucG5n.png"
"Lidl","lupilu® Žaislinis tualetinis staliukas","54.90","https://imgproxy-retcat.assets.schwarz/EXs_ujFs8okM9TXPL6ljz8Mo9YoEotxrcVCjeKlzUWE/sm:1/w:427/h:320/cz/M6Ly9wcm9kLWNhd/GFsb2ctbWVkaWEvaW50L0YyQzE2MjA0OTM0MDY1QTJCNThCRTc4OU/NEQjA5NTFCQzhCNTJEM0Y0Rjk1ODk4QzBDMUMzNjFCREYxRjAzMDIucG5n.png"
"Lidl","lupilu® Žaislinis rinkinys","9.99","https://imgproxy-retcat.assets.schwarz/3jlxgqVxfA7LBx2yqjNCDmVx5JYo1Fas-OD7xLlnKP0/sm:1/w:427/h:320/cz/M6Ly9wcm9kLWNhd/GFsb2ctbWVkaWEvaW50LzI1OEFGQjIyQjMzMzlBQ0ZEREYwQTJCRD/Q3Mzk3REZBOTgwMjBENTM3RDBCREE5Q0NENDk2MkVGMUIzNzI3QTAucG5n.png"
"Lidl","lupilu® Ledų vežimėlis arba picų kepimo krosnis","21.90","https://imgproxy-retcat.assets.schwarz/xt7ggTM27Q5_GVGQ0Zh9dMXjvlHV38Zo3yYCxQTLhHE/sm:1/w:427/h:320/cz/M6Ly9wcm9kLWNhd/GFsb2ctbWVkaWEvaW50L0QyMkEwRjE1OEJBNTlFRUExM0RGRUUyOD/MxQTU0NEQ5QkQ0NEIxODI1RjE3QzY3NkI5MzJGOEE3NENCQjczMTIucG5n.png"
"Lidl","lupilu® Mediniai parduotuvės reikmenys","11.99","https://imgproxy-retcat.assets.schwarz/a2UUgj0KGqpLREqJzR5xcwSejcqmWIUSeuIa-6fzPbQ/sm:1/w:427/h:320/cz/M6Ly9wcm9kLWNhd/GFsb2ctbWVkaWEvaW50LzhEOEJFRkNCNjQ3QzU2QzkwQ0ZCOEI4OU/UyMzFENDU2QjEzQ0ExNUI1OEYzN0RENUFBMUUyMzlGQTE5N0Q1NjkucG5n.png"
"Lidl","Playtive Žaislinis lėlių lopšys arba vežimėlis","14.99","https://imgproxy-retcat.assets.schwarz/bE3c5qQDLOnRtK2RlBqYEJNF6IUm8eLdK2FDnMxiIVU/sm:1/w:427/h:320/cz/M6Ly9wcm9kLWNhd/GFsb2ctbWVkaWEvaW50LzVCOUFDMDA3NjYxQkZERTdFODhERjc3MU/I0MDBGRjk2N0U2OThDNzRBOTZBMzFFNEY5M0Q5ODZGRkU0NEI2QkYucG5n.png"
"Lidl","lupilu® Žaidimo rinkinys","11.99","https://imgproxy-retcat.assets.schwarz/tFmarvWLKh_KpVkkISEQCD40Qnrj4UuDScJdR1CBmnQ/sm:1/w:427/h:320/cz/M6Ly9wcm9kLWNhd/GFsb2ctbWVkaWEvaW50LzcyOERDRkJCNzE1M0U3NDY2MzAzNzc3RE/U3Q0I5MjhFMEQ5QTFBNjFEREIyODZGQjBGNDJGQzgwMTRDQTU2NkUucG5n.png"
"Lidl","crelando® Žymiklis arba žymiklių rinkinys","1.49","https://imgproxy-retcat.assets.schwarz/MSOaa5BuLRB7EZ_ai0mfpFNEXyiuIq3h9Quz5yRv9Y4/sm:1/w:427/h:320/cz/M6Ly9wcm9kLWNhd/GFsb2ctbWVkaWEvaW50LzQ1MzY4QkE1M0VFQTVFNjBGM0Y0MTA0QU/YzRkJCM0E1RUJCRjRFMjc2MTA1N0YwMTk0RjExQ0Y3MDNBNjZCQ0YucG5n.png"
"Lidl","Lupilu Medinis darbastalis","69.90","https://imgproxy-retcat.assets.schwarz/0sHz9WPdAcYSzFT34nklgfwQgv0i_5mldMew0iMWQKE/sm:1/w:427/h:320/cz/M6Ly9wcm9kLWNhd/GFsb2ctbWVkaWEvaW50LzYwMEI3MzBBQkUyQkQ3OEM1NEVGRUYwQj/RGQ0RCODM3ODU5MjBDRDExNzVEMTE1REUwMkI0QzEwRERFMTUwOUUucG5n.png"
"Lidl","Lexibook® Skaitmeninis fotoaparatas su 8 GB SD kortele","25.90","https://imgproxy-retcat.assets.schwarz/x6zkFUhsp8E5-OepxPXafuTKMlZXukLFKwy0iafD1r8/sm:1/w:427/h:320/cz/M6Ly9wcm9kLWNhd/GFsb2ctbWVkaWEvaW50LzBBMTIwNzFFQUU3M0U2NkFBQzAzNDhERj/U4OEM4NkQ0NjIwNTY5MTBGMDU3MjYzMjYzOUIyREY2RjQwRkU2MUMucG5n.png"
"Lidl","GABBYS’S DOLLHOUSE Lėlių namelis","69.90","https://imgproxy-retcat.assets.schwarz/mOo63tR_DL_nZd_WaFpNTkWI28DF-QMpXx_vseCEO_0/sm:1/w:427/h:320/cz/M6Ly9wcm9kLWNhd/GFsb2ctbWVkaWEvaW50LzM3RTBCNzRENkQxQzAwNTAxNTJFOUJDQj/cwMTVGNjM2QkQ1QjhFNzAyQURFRkFDRDY4NDQxMjAxQjgwNjE1MDAucG5n.png"
"Lidl","GABBYS’S DOLLHOUSE Žaidimų rinkinys","29.90","https://imgproxy-retcat.assets.schwarz/6hVJRNL-Nq9rCKeyqmeVgwKgKTwvWobmQUB5nZQQyyY/sm:1/w:427/h:320/cz/M6Ly9wcm9kLWNhd/GFsb2ctbWVkaWEvaW50L0MwRkIxQUM0QzY4OTlGMjIyRTk5MURGNj/VERDk3QzVFOTJCMzg3NzREMTVBNzhBNzg4QjRCNzE3OTk0MTA1MzcucG5n.png"
"Lidl","GABBYS’S DOLLHOUSE Namelio medyje žaidimo rinkinys","29.90","https://imgproxy-retcat.assets.schwarz/jdXKFGJZBNQEHoAmNBeR0QPKbF0L3IxOhJnavubhTw0/sm:1/w:427/h:320/cz/M6Ly9wcm9kLWNhd/GFsb2ctbWVkaWEvaW50L0FCNDU3REE1QTMxRjZFNTQzNkJCOERDNT/gzOTkyQzhCNzYyQjdCODNEREU5Rjc1M0Y2NEQ4MUM0MTc0QkI2MkEucG5n.png"
"Lidl","GABBYS’S DOLLHOUSE Lėlė","17.99","https://imgproxy-retcat.assets.schwarz/pm5PVHkJ10dabVlt14eFVTAQ50rbgvkD7eAdhPg67Ac/sm:1/w:427/h:320/cz/M6Ly9wcm9kLWNhd/GFsb2ctbWVkaWEvaW50L0FGMjg3NzdCMDdBRDgyRURFQkQzNjlGQ0/VENTdERTE5MzkxQUNGOEUwRDgxMDAxRTEyMkQ5MjVDQkU4MkRFQjIucG5n.png"
"Lidl","GABBYS’S DOLLHOUSE Lėlė su aksesuarais","9.99","https://imgproxy-retcat.assets.schwarz/PJ9yCaOvrInce7iJnkAERtoMWB8l3TRDP-PCJurG6U4/sm:1/w:427/h:320/cz/M6Ly9wcm9kLWNhd/GFsb2ctbWVkaWEvaW50LzVEQjkxMTExNDY3MEFFRTcwN0Y4OEVGNj/E3Nzk4QTgzM0VDMzY4NUJDOUQxNUQwQkU1QjIxM0ZBMjJBQ0QwRTgucG5n.png"
"Lidl","Little Live Pets Žaislinis augintinis","24.90","https://imgproxy-retcat.assets.schwarz/gbZO3nbAWSLrpdtQq4rwb3vqiP_ZW66kePyjUjN-ahs/sm:1/w:427/h:320/cz/M6Ly9wcm9kLWNhd/GFsb2ctbWVkaWEvaW50LzA5RTY5QTFEMTE5Q0VDRjBBODQzN0M3Qj/UxMjJFRUJBNzhFQTgwN0U4RkI2MUZERTBFNkMyMERDRUVBOEI1NTUucG5n.png"
"Lidl","SPINMASTER „Paw Patrol” transporto priemonė","6.29","https://imgproxy-retcat.assets.schwarz/udHoeL_5_Ni8PXMOUin0aR78KGHMewkrjEOx3uW3ZKY/sm:1/w:427/h:320/cz/M6Ly9wcm9kLWNhd/GFsb2ctbWVkaWEvaW50L0M3ODRFNEZCRTU2QkMzQ0MwRUVBQUJFND/RCMTlGODk1Q0VEMjBENzAxMTc5QjAyRTU4QjA3ODlERjM1MUM0MUIucG5n.png"
"Lidl","PAW PATROL / Peppa Pig Pliušinis žaislas","9.99","https://imgproxy-retcat.assets.schwarz/F3YI79w_dM8XJvO4B7anRACABPj1sppC-B96_ug7K-A/sm:1/w:427/h:320/cz/M6Ly9wcm9kLWNhd/GFsb2ctbWVkaWEvaW50LzJENUE2RkQxOTE1Njg1NUE3NkVDMUY5RT/lGMEQ5RkM2RUVGRjgxMEZDN0MwMDA5NkM5M0JGNzZGNDI1NzYxMDcucG5n.png"
"Lidl","Little Live Pets Žaidimo rinkinys","19.99","https://imgproxy-retcat.assets.schwarz/wZY2eXf0I7XSfBUc07wUOFrhl4Ugma1X7jWFdwIevSA/sm:1/w:427/h:320/cz/M6Ly9wcm9kLWNhd/GFsb2ctbWVkaWEvaW50LzU3MkRFRjhBMjFGMDBEMUU1RDk1NDY1RT/U4QkUzNTUzNjczQ0Y5NDBCQTg5RUI3NUJEODM3MzVGNzBEOUU0NTQucG5n.png"
"Lidl","Play-Doh® Plastilino rinkinys","4.99","https://imgproxy-retcat.assets.schwarz/u0kac39asHZamDW0AQNz3L-dmg0r4SekM2YjaDQ4Ev0/sm:1/w:427/h:320/cz/M6Ly9wcm9kLWNhd/GFsb2ctbWVkaWEvaW50Lzk4RjIyNzdGQzZCNzQ1MzdEMjc1MkFCM0/U1MURFRUY5RjVEMjVFMUI5NjQyNzRDQThDN0I2MTRCQjczM0RGQkUucG5n.png"
"Lidl","Play-Doh® Žaidimo rinkinys","14.99","https://imgproxy-retcat.assets.schwarz/FMaqndz64j0dO30Cw5tugBnTYOXHIKoiT_imDYDlAS8/sm:1/w:427/h:320/cz/M6Ly9wcm9kLWNhd/GFsb2ctbWVkaWEvaW50L0QyQjM2QjMyODlBNTgwNTZGQ0EzNTdDMD/ZEQ0IxQkNFRjY0OERCRTc2Qzk5Q0NBMTcyQUE3QUVENDNCOUE4MzcucG5n.png"
"Lidl","lupilu® Modelino rinkinys","7.99","https://imgproxy-retcat.assets.schwarz/yWQzU5rlCmMvNmJrnvcrjKZW0ZRnTwhlrii09NdxkNE/sm:1/w:427/h:320/cz/M6Ly9wcm9kLWNhd/GFsb2ctbWVkaWEvaW50LzU3NDAxMzc4MjE1NUQ3NTE2QzRFMUM1ND/kxMjk1MjcyN0JGRDYwMzk5QkFFNzJBQ0QyODVCN0Y0RDJBN0Q1NzcucG5n.png"
"Lidl","Kūrybos rinkinys","12.99","https://imgproxy-retcat.assets.schwarz/dKucSXJi-HIwfUb58AxITkvBKNDXNign281Z646WW7o/sm:1/w:427/h:320/cz/M6Ly9wcm9kLWNhd/GFsb2ctbWVkaWEvaW50L0MzMDRFREM3MjQ1REI4QkIzNjhGMzgxMj/JFQkU2RUEzMzJCQTQyQzU2MEVDNzk0Mjc2QkY3RUM3QTk3MUUyRTYucG5n.png"
"Lidl","Revell® 3D dėlionė","24.90","https://imgproxy-retcat.assets.schwarz/1sjr8jBA1FUruAObdHGND5kRKK3UwJUFiSvIHJFwMEY/sm:1/w:427/h:320/cz/M6Ly9wcm9kLWNhd/GFsb2ctbWVkaWEvaW50LzUzOTA1MTE5NTg0MUZDRDIwRjAxNDZEMD/hCRDVBRTU4M0Y5Nzk1QTk1RTA5NjQ2RjJCOUQ4N0I0M0RDOThCRTIucG5n.png"
"Lidl","Funko® Figūrėlė","8.99","https://imgproxy-retcat.assets.schwarz/qqeo4_NzeXDUGWU-00Vg588DWTMQphUN0PHkW35XKZ4/sm:1/w:427/h:320/cz/M6Ly9wcm9kLWNhd/GFsb2ctbWVkaWEvaW50L0EzNUJDMEU4QzQ4OTZDRTA3RjM0NzY0Rj/U1MDBCQUM0Qjc2ODlGNzY5QjYzQzNBMkUyOTBCMEY1OEREMjMzRjMucG5n.png"
"Lidl","HASBRO Figūrėlė","8.99","https://imgproxy-retcat.assets.schwarz/9H0K-dYFGCdI4mnjJIJ4qYbcjAqhi8JjhIyVtDZ2Tlo/sm:1/w:427/h:320/cz/M6Ly9wcm9kLWNhd/GFsb2ctbWVkaWEvaW50LzEwNzkxNEEyRDgwMjJCMzQwQzZBNTM0OE/Q2OTg1NEE5NzVFNzg5QUEyNDgzQzY1NDhEQjJGN0FFRTgzN0EyMDMucG5n.png"
"Lidl","lupilu® Kaladėlių žaidimo rinkinys M","14.99","https://imgproxy-retcat.assets.schwarz/YY3iLbSiE4XbvdlIqGLvgk3RVBVc3-xLEZ1pFVAGqbE/sm:1/w:427/h:320/cz/M6Ly9wcm9kLWNhd/GFsb2ctbWVkaWEvaW50L0QyNEZFMUQ2QTBGQTk2NzBDQkQ5N0IyRT/M1NjJFQkNFRDAxNTY0NUMxNjYxOTM0NTBBMUM5QUZDQTkxOURCOEIucG5n.png"
"Lidl","lupilu® Kaladėlių žaidimo rinkinys „Gėlių puokštė“","24.90","https://imgproxy-retcat.assets.schwarz/hZCq_3N6trlp74DDMrtkUSOSyjxEneCI9fTsxPO8huE/sm:1/w:427/h:320/cz/M6Ly9wcm9kLWNhd/GFsb2ctbWVkaWEvaW50LzlBMzBCRkQ5MTk4RjJBNzY2QUExQkNCMT/E4Njk5M0EyOUU2ODlDNkIzMkVGMEQ5QkY2MkEyNzdGMkYxNkY3NUMucG5n.png"
"Lidl","lupilu® Kaladėlių žaidimo rinkinys XS","2.99","https://imgproxy-retcat.assets.schwarz/lRkmnOrP-UlWxoymOGG0nBFNY-mrVH_z8gXX_O-BNHA/sm:1/w:427/h:320/cz/M6Ly9wcm9kLWNhd/GFsb2ctbWVkaWEvaW50L0UwRDYxNUI5MTIwMkI0QjZBNThDNTRFMz/E5REQyN0Q3N0EyRDNBQzgyRUZGRDdDODY4RTcyMEM3QjlFRUI0NzQucG5n.png"
"Lidl","Bluey Mini automobilis","4.99","https://imgproxy-retcat.assets.schwarz/1dVEYSRxYdaL54pWz-uovQRAS1pegA4GMKsKdDEBl6g/sm:1/w:427/h:320/cz/M6Ly9wcm9kLWNhd/GFsb2ctbWVkaWEvaW50LzJEQ0JFMTU1NTlBQ0QwQ0I3ODNFOEUwMD/hGQzlBRDkyRDIxNDdDQzI4NUZDMTdEMDEwNjg1RkYzNjk5NzE4RTYucG5n.png"
"Lidl","Bluey Žaidimo rinkinys","12.99","https://imgproxy-retcat.assets.schwarz/tadeHNFPJ0mkPVik3lx6IIHw3CG5NR8cuZdve_7fVF4/sm:1/w:427/h:320/cz/M6Ly9wcm9kLWNhd/GFsb2ctbWVkaWEvaW50Lzc1QkRDQjE5NThBQTg2MzJBOEREQkUxNT/REOTFBMTY2MEUzNkM4OTU0MzNBNDA1NjMxMkZBRkQ3REIwNTZCM0MucG5n.png"
"Lidl","lupilu® Magnetinis konstruktorius","13.99","https://imgproxy-retcat.assets.schwarz/Yvdb_YuFeUHjEl7prWVhEPGGfcv0oMAzU-RjSGuHxCY/sm:1/w:427/h:320/cz/M6Ly9wcm9kLWNhd/GFsb2ctbWVkaWEvaW50Lzk0RDgwNDBGNEI4RTIxQzhDQkNCMEExNj/hDNjk4NTgzQjQ5QjUzQ0UzRDUyQUU2MkE3RDIxODM0RjY3RTM4NjQucG5n.png"
"Lidl","lupilu® Kūrybos rinkinys","5.99","https://imgproxy-retcat.assets.schwarz/pepF6YFhhWIbQF3RDN20TomgGCBn2wKkiu_4yGe5CTY/sm:1/w:427/h:320/cz/M6Ly9wcm9kLWNhd/GFsb2ctbWVkaWEvaW50LzlBMkU4OTEwRjIyNkZFREFENjFCNTJCOD/ZFOEYzNEIyQTFCREU5MzBCRjZGMzJCMTg3QkEyMzM4MTQyMTk4QTAucG5n.png"
"Lidl","Clementoni® Magnetinė rašymo lenta","9.99","https://imgproxy-retcat.assets.schwarz/P9WIO9u6NOIrLle2hNfLEodcj-n3jpf4__bGKk44SRA/sm:1/w:427/h:320/cz/M6Ly9wcm9kLWNhd/GFsb2ctbWVkaWEvaW50L0Y0MkJDMTNFNzQ5RkIzMThGRkUxNTAzMj/BEQkRDRjBEMjgxNzg1ODU5QzM0MUEzRTU1RUQxQjlBODdFRjc0MEEucG5n.png"
"Lidl","Polly Pocket Žaidimo rinkinys","13.99","https://imgproxy-retcat.assets.schwarz/u__Xnll6086CxGXxSbhIhTI2NQobYUsJXFSZmuBA1CY/sm:1/w:427/h:320/cz/M6Ly9wcm9kLWNhd/GFsb2ctbWVkaWEvaW50LzBCRkFCMTlBMDZCNzVDRDYxNjczREFGRT/M3NUVGMzgxQTUxOEFDQkZDODE5NzVDMjg4Mjk0ODk2ODlEQzU3QkMucG5n.png"
"Lidl","Barbie® Žaidimo rinkinys","9.99","https://imgproxy-retcat.assets.schwarz/5e5km8NwKMCGfLmWF6ysGDCZ_qFcfFqZB_taQQnhyKo/sm:1/w:427/h:320/cz/M6Ly9wcm9kLWNhd/GFsb2ctbWVkaWEvaW50L0I1NTYyREE0NkY1QTQ2Mzk5QTY2MkNEME/YzQUZCMDVCNDBDOTY1NjhBM0E4MEUxNjFFNkNBNjEyOEUzODNEMDYucG5n.png"
"Lidl","Baby born® Lėlė","14.99","https://imgproxy-retcat.assets.schwarz/88h3l7zT_yWu_14jDaXTbKw-Aa4JnVlJBuaq8bHcvMc/sm:1/w:427/h:320/cz/M6Ly9wcm9kLWNhd/GFsb2ctbWVkaWEvaW50LzAxNUJDQjU1QTk1MzI2QkMwNzU5QjA5NU/M3NUQ3M0NDNEZDREY5RDNEMjExQURDMTYxRkFGMDEzNTlEMTFGOUEucG5n.png"
"Lidl","Paw Patrol Žaidimo rinkinys","19.99","https://imgproxy-retcat.assets.schwarz/HuWfTOwKKkgHO9c5FK7hUNfEU5rjloZ3V2g8rLpJNyY/sm:1/w:427/h:320/cz/M6Ly9wcm9kLWNhd/GFsb2ctbWVkaWEvaW50LzY4QkNERUIzMEQxQUI4OENFMjgwMzgyOD/BGNTNGMjdBMUI3NDJBOUQ0ODVCREY2OEYwMUZGN0M5OTZFRENEQTEucG5n.png"
"Lidl","Figūrėlė arba žaidimo rinkinys","11.99","https://imgproxy-retcat.assets.schwarz/510dQaU0wyg5yKBN0_VMqZQfFXDafPnRjlZHypLnE7o/sm:1/w:427/h:320/cz/M6Ly9wcm9kLWNhd/GFsb2ctbWVkaWEvaW50L0VEMUQ4Qzk5OTU1QUNDMkU4QjUwM0I0ND/MzRDhGRjRFNEI2Qjc1MTVFRTVBOTUzOTUxMjI0QkFFNUVFRDMyMjEucG5n.png"
"Lidl","CRAZE „Šlykštukas“","2.79","https://imgproxy-retcat.assets.schwarz/j6cDjkUI5jossD_Q_BUELURf_CUvlS6mGW6cuE21sVU/sm:1/w:427/h:320/cz/M6Ly9wcm9kLWNhd/GFsb2ctbWVkaWEvaW50L0Q0RTJFQzVCMkZEM0I1OTZBMTQzODI2RU/ZBMzZEMjQyOEVCNTFCNzg1QkY3QTQzMEUyQjFDMEM0MzVGRjgyNEYucG5n.png"
"Lidl","Dovanų pakavimo popierius","0.99","https://imgproxy-retcat.assets.schwarz/wWxqsd7mXXqJCY36f0j3tUvUpJtLmmVVVLhV5eZLkAw/sm:1/w:427/h:320/cz/M6Ly9wcm9kLWNhd/GFsb2ctbWVkaWEvaW50LzU0NDNEOTVBMzQwRDUzRThCOTEyMTM1MT/c2RUZGRDBERDRBQjc4RjMyRDVGQjhFNDQwRUFFRDUyNjlDNzVCNEYucG5n.png"
"Lidl","Hot Wheels® Mašinėlė Monster Trucks","6.99","https://imgproxy-retcat.assets.schwarz/64wU1IEDyL3EnlULKlUI-bo5ieUiIKgapnDNDMs3DTc/sm:1/w:427/h:320/cz/M6Ly9wcm9kLWNhd/GFsb2ctbWVkaWEvaW50L0ZDNjgwRTc1RjIzNEUxOTBBRDdERDY5Mz/Q4N0Y5RkRGRDdEQjVDN0I1MEFERkNCQzUzRkI2MjEwMzlGN0Q2QzYucG5n.png"
"Lidl","Hot Wheels® Automobilių trasos rinkinys","29.90","https://imgproxy-retcat.assets.schwarz/sopQyCM3WWtCpvs-tGAG1fxU7C8LdrOdhhpPWavP_a8/sm:1/w:427/h:320/cz/M6Ly9wcm9kLWNhd/GFsb2ctbWVkaWEvaW50LzgxMDJFQTQ1RDhCQTNERDJDOEE2RkZCRk/I0NDZDM0U3NTAwRTgxRUE1RjdGQTE3NzlFQTI1RkVEMUZCNUM4NUYucG5n.png"
"Lidl","Hot Wheels® Automobilių trasa","24.90","https://imgproxy-retcat.assets.schwarz/CxhyyrzOBPRjvSPvg7v8eV-W14ntpra-8LD7FIVl_Gg/sm:1/w:427/h:320/cz/M6Ly9wcm9kLWNhd/GFsb2ctbWVkaWEvaW50L0RFMTI2QkE1RTA1QjZDMTI0N0Q0NTgzMD/IzQTFGQ0Y2QjUzNDYwNkU0M0Y5MjFEN0VFNEMyM0EyNEFBM0VBOTMucG5n.png"
"Lidl","Hot Wheels® Mašinėlė","2.99","https://imgproxy-retcat.assets.schwarz/PB6HZfA2bVsc369vxWzwh0jYk0qJjeID4NCgPnGcWEg/sm:1/w:427/h:320/cz/M6Ly9wcm9kLWNhd/GFsb2ctbWVkaWEvaW50LzM0N0RBOTMzMzE1NEQ5Q0JGQUMwMUQxMj/FFNDBBMTM1MEFBREM1ODE4QzQ0QkMzQzE1QkJGQzA5RTVFRkQ3M0YucG5n.png"
"Lidl","Hot Wheels® / MATCHBOX Mašinėlių rinkinys","7.99","https://imgproxy-retcat.assets.schwarz/3fOeDLNg6EzI43uKTn6sVLkMziHjwRhU2auzMfWnP0E/sm:1/w:427/h:320/cz/M6Ly9wcm9kLWNhd/GFsb2ctbWVkaWEvaW50LzM4M0EwOEE3RjU3MDYwQTVEQ0VFRjBBMU/E0RDQzN0MxNjE3MDE1QjlEMjYzRkE3MzUxMkVCMzhCQTJBQ0Y5MkYucG5n.png"
"Lidl","Hot Wheels® Žaislinė transporto priemonė","1.99","https://imgproxy-retcat.assets.schwarz/GHkwlPsFihkGvPV0QIUGzDTvMNdCMTffaTPJOqDMAiA/sm:1/w:427/h:320/cz/M6Ly9wcm9kLWNhd/GFsb2ctbWVkaWEvaW50Lzk5RTZCOUY4MkJEQTA2RTg2QjVGMzNBMD/Q0RTMyNzU1QUFEM0QzQTJEMkQ3NTQ2MTk0MUJDM0Q3NDExRUExODgucG5n.png"
"Lidl","JAMARA Sraigtasparnis arba kvadrokopteris","19.99","https://imgproxy-retcat.assets.schwarz/lXcLtsPDJ6kBJTDy13px9cXyZKyUiOhIxLpI5W_sm0k/sm:1/w:427/h:320/cz/M6Ly9wcm9kLWNhd/GFsb2ctbWVkaWEvaW50L0JEQkQxQjExRUZFM0NCRkVCMzJFRkVGMD/k5Q0E1ODU3NzM3RTdBODI5NEM1NzQzRUYyRkJGQzAxRjAyQ0M4OUMucG5n.png"
"Lidl","JAMARA RC ekskavatorius arba sunkvežimis","39.90","https://imgproxy-retcat.assets.schwarz/mhRrVOqHlhYU5gg5yEYOdfJLvURSYNLaD7UBIvfFDqs/sm:1/w:427/h:320/cz/M6Ly9wcm9kLWNhd/GFsb2ctbWVkaWEvaW50LzExMDYyRjcxREM2MDMzOTBFNDQ2RTY1ME/JBMDYzRjkyRUFFNEYyMzRFRjYxOUE0REJERjIxRjYxMTY5MENCQzIucG5n.png"
"Lidl","Carrera® RC transporto priemonė","29.90","https://imgproxy-retcat.assets.schwarz/I4YH8wYEKusFJwRVsaS0jcQeSATAhOnELBRYKOrjtO8/sm:1/w:427/h:320/cz/M6Ly9wcm9kLWNhd/GFsb2ctbWVkaWEvaW50L0UyNEU1ODkwRTEwODlFRDc3QjFFODAxOE/NERjI4MTE2MjRFRkIxQ0JDNzM0QUZGNjk4NEEyMDBDNjgzODlDMTYucG5n.png"
"Lidl","lupilu® Radijo ryšio bangomis valdoma transporto priemonė","12.59","https://imgproxy-retcat.assets.schwarz/4tFhQUxhCdWIyab_TjIuPPSerGxQal5bTX54VfZXv4M/sm:1/w:427/h:320/cz/M6Ly9wcm9kLWNhd/GFsb2ctbWVkaWEvbHQvMS9GM0JFN0E5RTZCRkU5NDg5NjI4N0Y3RUI/2Qjk0NkExRUQwQUJEMzFBNUFCMDI3QjQ2NDMyRjFDMURCNzY2NTA4LnBuZw.png"
"Lidl","SPINMASTER Mašinėlė","5.99","https://imgproxy-retcat.assets.schwarz/fDFvE6ppIpRpW72WtOE29z1eBiV-_90nKP--rWyz4SU/sm:1/w:427/h:320/cz/M6Ly9wcm9kLWNhd/GFsb2ctbWVkaWEvaW50L0JDQTAyRkM2NjM3RkUyQ0Q0QkVGOTEwMz/JDRTYwMEJBMjk1OUE5NDVEMkI5NzhBODUyQzRERUYwQUNBN0UxMzAucG5n.png"
"Lidl","L.O.L. Lėlė su aksesuarais","19.99","https://imgproxy-retcat.assets.schwarz/olmMdckERUFmC94J67mZuR9ac6tA5rdGmRU9oGTNkkM/sm:1/w:427/h:320/cz/M6Ly9wcm9kLWNhd/GFsb2ctbWVkaWEvaW50L0U4REUzQkI2RUUwNEZCQjYzOTA5QkMxRD/E2NDM4MkM5QzlFRjFDRTMwQkFCNjg0M0U4QzY2NEQyODIyQURBNkIucG5n.png"
"Lidl","Hasbro Interaktyvus pliušinis žaislas","9.99","https://imgproxy-retcat.assets.schwarz/WF7th3HobMAOL4KjwBgsWtwTxmcV31NHXaxey0t0HK4/sm:1/w:427/h:320/cz/M6Ly9wcm9kLWNhd/GFsb2ctbWVkaWEvaW50L0Y0MUUxM0FFMkRERkI4MTNEMEQxMjZBNT/JFQTNDODRBMjJGNDhFM0MyMDkxOTg4NTI4QzI4OEZGOTJGNDQ5QkIucG5n.png"
"Lidl","lupilu® „Squashi“ pliušinis žaislas","6.99","https://imgproxy-retcat.assets.schwarz/1XDj1y6zIUw5TNVCBko2ipxjEPEqBt6Y_MlDUHcdhOg/sm:1/w:427/h:320/cz/M6Ly9wcm9kLWNhd/GFsb2ctbWVkaWEvaW50LzBFQTc2N0VCRUY2N0Y2MjZBQUNDRUYwMT/Y3MDg3MDZDQjVDMUY5RDRFMEQyNDIyMDNBNTg0MjJFNzRFNDYwNTMucG5n.png"
"Lidl","lupilu® Judantis pliušinis žaislas","9.99","https://imgproxy-retcat.assets.schwarz/wpb38XAnGN7016UqGj2--KlZar6q0s4sxVOD-nN5tvw/sm:1/w:427/h:320/cz/M6Ly9wcm9kLWNhd/GFsb2ctbWVkaWEvaW50LzNBMTBFRTZCREUzMkE5MDY5MDBCODU0MT/BDRUVBRDA3OTQyRDRCQzlDOTM2NDA0OTU1OTJFNjlDNjdBNzUyQjAucG5n.png"
"Lidl","bayer Aksesuarai lėlėms","24.90","https://imgproxy-retcat.assets.schwarz/NZf4Ng52WbhcXK97icBUceBRWxHPzvhtege7UPweiXY/sm:1/w:427/h:320/cz/M6Ly9wcm9kLWNhd/GFsb2ctbWVkaWEvaW50LzVCMTA1MEI2OTA0QzI3Nzk5QjI2MjQ3QU/UyNTJCQzgzMzJEM0VFMDNFMEJBRkRGODVENUI0MTM2NTgxQTE1MUYucG5n.png"
"Lidl","bayer design Lėlė","19.99","https://imgproxy-retcat.assets.schwarz/5AptWFDEfWOnHR1OpBZmpNB5sHn3qstPuDPaVcnqofU/sm:1/w:427/h:320/cz/M6Ly9wcm9kLWNhd/GFsb2ctbWVkaWEvaW50LzIwQUNCQzMzRTFDOENCMEZDMDdFNDY2QT/JCQkZFREVFMzM2MTdBRDNBOTg5MDhDMDBERjI0MkYzOUMwM0E4NDAucG5n.png"
"Lidl","crelando® Dovanų juostelių rinkinys","1.99","https://imgproxy-retcat.assets.schwarz/IRuzb0FwKgT2U-AdRRX1C94lj8OC9Prc-yQLUUDB4BU/sm:1/w:427/h:320/cz/M6Ly9wcm9kLWNhd/GFsb2ctbWVkaWEvaW50LzNDMERCNDBERUEzNDJGODlBNzdDMThCNz/ZDMzkyQjU3OEE4MDNGOURDN0UyM0E3OTI2NThBQUVGQjQ4MEIxN0QucG5n.png"
"Lidl","crelando® Dovanų maišelių rinkinys","1.69","https://imgproxy-retcat.assets.schwarz/dHlb-gPR70cU1YK6jYr7qtr1rO70qZbVpXWLZpdP7ps/sm:1/w:427/h:320/cz/M6Ly9wcm9kLWNhd/GFsb2ctbWVkaWEvaW50L0JDQTlDMzZERTMxNTk4QzQ1NTY3MTBCNj/kwRjg3NzI0NzQ1MzA4QUQxNEY5MTREMUI4MEMxRTI0MkIzMkNDMDIucG5n.png"
"Lidl","lupilu® / esmara® kids / pepperts® Vaikų kalėdinis megztinis (RCS)","7.99","https://imgproxy-retcat.assets.schwarz/xM_gVRIJxORwCNuBj2qmYeTa3Teid4c1PfAiHpZjMmE/sm:1/w:427/h:320/cz/M6Ly9wcm9kLWNhd/GFsb2ctbWVkaWEvbHQvMS9GNEVEQTkzNjZENzE0RUVFM0NBNTgwMTJ/GNUZGM0Q0OUJGMjU0OUY5MjkyRDAzRDE4RDE0MUQwMEUxQTI5ODlELnBuZw.png"
"Lidl","lupilu® / esmara® kids Vaikų kalėdinė pižama (CMIA)","5.99","https://imgproxy-retcat.assets.schwarz/7tNmx-AbhaF8-VssqjOPeg1GFNsb5PTcT3t2Djwee3w/sm:1/w:427/h:320/cz/M6Ly9wcm9kLWNhd/GFsb2ctbWVkaWEvaW50L0REODI3REY2NTUyMEJBOEU0NTU5OTY1ME/Q0NDAzRDcxOTdCODY3MUYwMjY4RTMzMzc1RjU4RkU3MjY2MTUyMkQucG5n.png"
"Lidl","lupilu® Vaikų pliušinis kombinezonas (GRS)","7.99","https://imgproxy-retcat.assets.schwarz/Pk0lxi7n9tRdYsdqDL0NEchztYFkh5TEYbSvGdQmc6I/sm:1/w:427/h:320/cz/M6Ly9wcm9kLWNhd/GFsb2ctbWVkaWEvaW50L0ZFMTg2RjE4QTkyN0E1RDI2QzU4RTVBRj/QxRUFDMDMxOTQzNUNCM0VDMjM1RUUwNDJGM0UwRjY5QjdENjA3RjMucG5n.png"
"Lidl","lupilu® Kūdikių glaustinukė (CMIA)","1.99","https://imgproxy-retcat.assets.schwarz/ftWsD8_ewvr8-Ei2Ej1bI9FlXjLEwVvF_ejwlyBAdO8/sm:1/w:427/h:320/cz/M6Ly9wcm9kLWNhd/GFsb2ctbWVkaWEvaW50L0FBNzI5OEI0NDczQkNCQzJCRTRDMkNDRj/U5NTRGM0MxMEQ3MDNFQzZEOTEzN0Y1NTZCNTFCNTM2MUFFQTlCNzgucG5n.png"
"Lidl","lupilu® Kūdikių pūkinis kombinezonas (GRS)","5.39","https://imgproxy-retcat.assets.schwarz/okahxitXf7ortv5MpqODlUG0B1usuB99F1W5JinPzBo/sm:1/w:427/h:320/cz/M6Ly9wcm9kLWNhd/GFsb2ctbWVkaWEvbHQvMS9ENEMyOEZBMTQ3QzZEODMyQUM4NkFGMzB/DMDBDRUZEMTcyOTEwREFGQTNCREEwNTg1RjUxQzEwNzkxNzBCRTZGLnBuZw.png"
"Lidl","lupilu® / esmara® kids Vaikų terminės kojinės (OCS)","2.99","https://imgproxy-retcat.assets.schwarz/02b7kqA3ulLjU6HCFT1hb4q7naPT0EqQlJtfzODgWpw/sm:1/w:427/h:320/cz/M6Ly9wcm9kLWNhd/GFsb2ctbWVkaWEvaW50LzFGQkVCNUM0QjY5N0Y2MEI5RjQwMTNCQj/k1NEQ0QkE5NjQ5NEREOEMzN0EzOUNDNkEwMDI1Q0IyN0Q2M0QyMEQucG5n.png"
"Lidl","Funko® Mini figūrėlė","3.49","https://imgproxy-retcat.assets.schwarz/Omv9TK_b_-ithj33861aWKLaaEKcFaOXl2w5P_3JbLY/sm:1/w:427/h:320/cz/M6Ly9wcm9kLWNhd/GFsb2ctbWVkaWEvaW50L0RENzQ4RUZGRDlFQTM3OEQ2MjMxQzdCRk/EzNkNERDdGRkQ5MEM2RjkzQUUwRUI4ODRDNUMxNzhGNkE4QkNDNDUucG5n.png"
"Lidl","baby einstein Muzikos instrumentas","16.99","https://imgproxy-retcat.assets.schwarz/5P_vSsJiN1UmJ9U-LcyUNt7f4brRe2N2hpOgnsdnL9M/sm:1/w:427/h:320/cz/M6Ly9wcm9kLWNhd/GFsb2ctbWVkaWEvaW50LzVBRTc1QTg4MjRERTY1QThGQkJGNDBDQT/JCMDFGNTYwMEI5MTU0NUJDMjMzNTg2QUE3NDQ0QjI1QzBGQzQ0NDEucG5n.png"
"Lidl","lupilu® Medinė dėlionė","1.89","https://imgproxy-retcat.assets.schwarz/OfvREObmK3pPvNY5r0uGwP0o8kqKEZoOLR-LcgEjSH4/sm:1/w:427/h:320/cz/M6Ly9wcm9kLWNhd/GFsb2ctbWVkaWEvaW50LzZEREM3OTEwNjc0NEJDRkY3RDc0NjE4RU/Q5MUFCRjhBOUJCQTc4M0ZEMkRDOTcwN0E1QzQ2QUFERDdFMzcwN0UucG5n.png"
"Lidl","lupilu® Montessori veiklos knyga","3.99","https://imgproxy-retcat.assets.schwarz/ecNroO4PAb0nZaapaWiTm6E-pCebN20odIvmWdXS-XM/sm:1/w:427/h:320/cz/M6Ly9wcm9kLWNhd/GFsb2ctbWVkaWEvaW50L0YyRjhEMzBFQjNBNUQ1RDgwNkQyNzk5Mj/QyNjZBQkI3MUUyMTc2NDJDODQyNkU4MEJFNTQzMzcyNzY1MDA0M0MucG5n.png"
"Lidl","lupilu® Dviratukas, supamas arkliukas arba vaikštynė","24.90","https://imgproxy-retcat.assets.schwarz/x0aCbix9TSvs9cBeapX2iAp7a8tzLXGRyYIsi98SAM4/sm:1/w:427/h:320/cz/M6Ly9wcm9kLWNhd/GFsb2ctbWVkaWEvbHQvMS9ERjVDNEY5RTY5NDBFMDRFMjA4NjgzMjc/xREI2RTU5MkMxOTIzMzQ1MDJBMDE2M0M0OUVDMTIyMjc0REY1MzU1LnBuZw.png"
"Lidl","lupilu® Medinių kaladėlių rinkinys","7.99","https://imgproxy-retcat.assets.schwarz/_5GQbRtSuxWv0N35GIR8_GfFKHouJGD3XgieqyX3_A0/sm:1/w:427/h:320/cz/M6Ly9wcm9kLWNhd/GFsb2ctbWVkaWEvbHQvMS8yRUExRkExNzg4NkYxMkVEMEE5RDlGNkM/2MkU3RkZCOEJERUQ1REEzMDJEM0ZCODlFRTE1NEEyMDg4NjhFNkYyLnBuZw.png"
"Lidl","lupilu® Medinis lavinamasis žaislas","8.99","https://imgproxy-retcat.assets.schwarz/CBhKMC_rrylnd0hCekOxvoj0folLxHgzfRBjkOo0SX8/sm:1/w:427/h:320/cz/M6Ly9wcm9kLWNhd/GFsb2ctbWVkaWEvbHQvMS9BMTUxRUFDMEMzRjQ5RkE3QzFBNDk0RjB/DNkJDOUVCMEQ2QkU3NkIxRjJBOURCMEI2N0IzQjUzN0NGRjE2ODg4LnBuZw.png"
"Lidl","Trefl Žaidimas „Bokštas“","8.99","https://imgproxy-retcat.assets.schwarz/K478AmxSRQRjw03EW7OQIJYYtAIEfefa1nqfZV0hU8Y/sm:1/w:427/h:320/cz/M6Ly9wcm9kLWNhd/GFsb2ctbWVkaWEvaW50LzIxMDhFRDAzRkUzOUJBOUZDRUVFRTA3Qz/IyQUIzQ0Q1RjY5Rjg3MzJGNjUyNDU0NUY2MTMwQzg4NTU5RDI0NjIucG5n.png"
"Lidl","Trefl Medinė dėlionė su garsu","9.99","https://imgproxy-retcat.assets.schwarz/JBaoA0We-JF6inlopwm6Xu1crmmiKFSpc4ngKL2TNgw/sm:1/w:427/h:320/cz/M6Ly9wcm9kLWNhd/GFsb2ctbWVkaWEvbHQvMS8zQjY2Njk1OTlFMzQxOUIzQjAyOTNGN0N/ERTBFN0I4RUJBMDk3QUVCM0MyMTg3NTczREQwMzk2Q0ZCREREMUMyLnBuZw.png"
"Lidl","Vaikų „Oversize“ džemperis (GRS)","9.99","https://imgproxy-retcat.assets.schwarz/qgGBvoZiF3nqJSIxtz44QKSVHzJMJYZViugWw-hrIyg/sm:1/w:427/h:320/cz/M6Ly9wcm9kLWNhd/GFsb2ctbWVkaWEvaW50LzNCNEEzMTE2RDQ0MzczODQzNzNDQTUzMk/RCN0NGNDcxM0JGNEU2QUE4OTVBREU2Qjk4N0E1MzQ5NTBFMEQ0NEMucG5n.png"
"Lidl","Vaikų sportinis megztinis (CMIA)","6.99","https://imgproxy-retcat.assets.schwarz/E57L5pLG8qbkpzR63lUqRwEOEvEJzEB0K60ifhSEnQM/sm:1/w:427/h:320/cz/M6Ly9wcm9kLWNhd/GFsb2ctbWVkaWEvaW50LzcxNjY3NkYyRTY5NkM0OUJFNzdCQjUyQk/E3NTIyRjJCNTMxOTgzREI5QTg5RkM1MjdBMURDRkIxQTE1N0VBRkQucG5n.png"
"Lidl","Vaikų kojinės (CMIA)","1.79","https://imgproxy-retcat.assets.schwarz/tQH2jmD6gatoQd3q3ntU1juGIcRt5tgD78VF2yvb71E/sm:1/w:427/h:320/cz/M6Ly9wcm9kLWNhd/GFsb2ctbWVkaWEvaW50Lzg1RTM0MEVGMkVFM0JFMjg0MDUxOUU3Qj/hFQTM1MTRGREU2RkY5QzNDNEYyOTE0N0Q0ODMxRTUwMkYxQkYyQzgucG5n.png"
"Lidl","crelando® Akvareliniai, aliejiniai arba akriliniai dažai","3.99","https://imgproxy-retcat.assets.schwarz/ogegcWvIJutvMz-Jnro7souQQbtpwi8YypQ28Jtz3m0/sm:1/w:427/h:320/cz/M6Ly9wcm9kLWNhd/GFsb2ctbWVkaWEvaW50L0MyNzMxRDNGQUFFQzM2MEU1OTBGQTA4Qz/Y2MEY4NkY4NzY5QTc1NTUwOTg5QUU3RDQ1MkU4MzYwN0Q0QjM1RjQucG5n.png"
"Lidl","crelando® Piešimo reikmenų lagaminas","34.90","https://imgproxy-retcat.assets.schwarz/RDxHlXgDjCadg1mTqiTDzskmwfQ4CLuZOynopUzj60E/sm:1/w:427/h:320/cz/M6Ly9wcm9kLWNhd/GFsb2ctbWVkaWEvaW50LzI4RDMyQTVBODREOTMzNTNEMTNDOUQ0Nz/E4N0YzOTZGRjhCN0RDNzlERjI4RTdFMzhFRTNCRUFEMUVEMkNGRkMucG5n.png"
"Lidl","crelando® Teptukų rinkinys","2.99","https://imgproxy-retcat.assets.schwarz/trjbmvrQOIo7yzUpjm9Dy4zCMDm0Fll5MyE0YAvoK7Y/sm:1/w:427/h:320/cz/M6Ly9wcm9kLWNhd/GFsb2ctbWVkaWEvaW50LzQ0MjFGNUJEMUFBNTE0NTgxNjJBNTI0OT/MxNDQxM0YxQzJDRTYwODZDMTM2NTQ2REZCN0Y0MkFDNzVFNUZDNTQucG5n.png"
"Lidl","crelando® Spalvoti pieštukai","5.99","https://imgproxy-retcat.assets.schwarz/zLVfPf6huMtc0blyrrmthFfOo5375Su8O_3SNOSBfA8/sm:1/w:427/h:320/cz/M6Ly9wcm9kLWNhd/GFsb2ctbWVkaWEvaW50LzlBQzkyODYxQTA5NUQzQUQyNzg1RDhGRE/JGQzIyM0QxRDVBQUQyRkI2RTY0NUJDRkYxRjNFODExRENBQkNBMTMucG5n.png"
"Lidl","crelando® Piešimo pagal skaičius rinkinys","5.99","https://imgproxy-retcat.assets.schwarz/59kuWSgE8h9kJIFJ8ik8YTD2D8WupEUhjAQa5mlXays/sm:1/w:427/h:320/cz/M6Ly9wcm9kLWNhd/GFsb2ctbWVkaWEvaW50LzREQTJDQzMxQzNFQTMwNDhDODAzNjhBND/lEREI3MzFCRDY0RDIwODY5NzJENDRENjMxNzA0NkM4QTZFQkJFMzgucG5n.png"
"Lidl","crelando® Kaligrafijos rinkinys","8.99","https://imgproxy-retcat.assets.schwarz/CmEV6GtKCr6GlSNIcAF8Z3_essA_WczxY7vEsAtXLvY/sm:1/w:427/h:320/cz/M6Ly9wcm9kLWNhd/GFsb2ctbWVkaWEvaW50LzRGRUExODhDQkI1QzhDRUM0MTYzMjYxNk/Y5OEFFNUMzREIzODQ4MDU5Q0RENkNGM0U3N0VBMEUzQzJDNjU4NTEucG5n.png"
"Lidl","crelando® Drobė arba porėmių su drobe rinkinys","4.99","https://imgproxy-retcat.assets.schwarz/ysVFIPlMatcILnaQPNt3Mu-Yozp96yDUYn4VI8Dm_Yo/sm:1/w:427/h:320/cz/M6Ly9wcm9kLWNhd/GFsb2ctbWVkaWEvaW50LzlEOEFGRDRDRjM4MTFBQjg4M0JCQzBFOD/g2Q0RBMTY5QTQ3NkNGRTlGRURGMUFGMUMxOEJCNzJBRjIwQTVGQkUucG5n.png"
"Lidl","Klavišinis muzikos instrumentas","29.90","https://imgproxy-retcat.assets.schwarz/VTgtHO2-DeeDFdXJS7pJWw_OYdLiqPxj-ovBLaYWQWM/sm:1/w:427/h:320/cz/M6Ly9wcm9kLWNhd/GFsb2ctbWVkaWEvbHQvMS9EQTU1NjEyQjMyRDg2NzZENzlBNDE3NzF/FRjlBQTE3Rjc3ODAyRTRBOTcxQjRENzMyMTRCNjI4M0QyQTQyM0ZELnBuZw.png"
"Lidl","KIDS MEDIA Klavišinis muzikos instrumentas","16.99","https://imgproxy-retcat.assets.schwarz/YpHTo5k1FcOboiVzXTDmUCx4Wymj3eThE-bw5XZ2aWk/sm:1/w:427/h:320/cz/M6Ly9wcm9kLWNhd/GFsb2ctbWVkaWEvaW50L0Y4NDM5Q0Y5NTAwMjAxOURDMkExMDJDMT/Q2Q0IzRDRFQzRBQzBFQjNERUIxNUJGQjVFQzMyQURGNDRBNkE1NTEucG5n.png"
"Lidl","Muzikinė knyga vaikams „Mažųjų lopšinės“","13.99","https://imgproxy-retcat.assets.schwarz/2VswMdRBtVbmiB93ZOIsXTzY6Wvqa01t3vPkGdLaJIM/sm:1/w:427/h:320/cz/M6Ly9wcm9kLWNhd/GFsb2ctbWVkaWEvbHQvMS9EQjk0NjZBNUQ1OTc2NUI1RTZBQTcwOEE/3RkVEOUFERTcwQzZBNTk2NDM3QUQ4ODQ2RkY4MTlDRUFBQTYzNTU3LnBuZw.png"
"Lidl","crelando® Dovanų juostelių rinkinys","0.79","https://imgproxy-retcat.assets.schwarz/X65hhWJh9T7f7x8unDMACYW6rpNl19JJTK-d78KfW0I/sm:1/w:427/h:320/cz/M6Ly9wcm9kLWNhd/GFsb2ctbWVkaWEvaW50LzJBOTFEMDA0MEVGN0NGQzk4OTJFRTkyRk/FDREJFMjQ0NThGRDlEMEUxNEQyRDdCN0ExMjJFMDIyMzEzOUQ4RUQucG5n.png"
"Lidl","crelando® Dovanų pakavimo popierius 10 m","1.69","https://imgproxy-retcat.assets.schwarz/cJVlC7tQ1agv7_k-zk89POnpO1d_XwRGi954sRWQk5Q/sm:1/w:427/h:320/cz/M6Ly9wcm9kLWNhd/GFsb2ctbWVkaWEvaW50L0NENkVCMTI3RDg1ODIxRkUxNDgyOTY1M0/E2MTZFMDMzQzk3RTM1ODhGMTJGMTcwMkU5RjUzNjAzMjZFRTVDRjMucG5n.png"
"Lidl","crelando® Dovanų pakavimo popierius 5m","0.99","https://imgproxy-retcat.assets.schwarz/tHUSpKe0XMRT9C5TJxjZjAbkD1LQ1vEVi2RRSJkf3pk/sm:1/w:427/h:320/cz/M6Ly9wcm9kLWNhd/GFsb2ctbWVkaWEvaW50LzhFM0MzMzJFMTJFQUI1QzQyNDNEMDNBNU/ZDMzQ5QzA5NDA1MzQ1MzRBREJBREVGOUQxNjAwOTJGRjcyQjMzNUEucG5n.png"
"Lidl","Kutis Vaikų knygelių rinkinys","5.49","https://imgproxy-retcat.assets.schwarz/6HJrtWA9TMUPiPMcjKNFxFqhfQ6A0wZ8TDCK8ge6npM/sm:1/w:427/h:320/cz/M6Ly9wcm9kLWNhd/GFsb2ctbWVkaWEvbHQvMS84NTc3NzU4MDg2MzhBQTAwMkQwN0I0ODB/BNjMwNUMwMjY4Q0I5MTRCNzIwOTg5QTJGQkE3RjU2MDFFRkZCRTk3LnBuZw.png"
"Lidl","Clementoni® Maxi žaidimo rinkinys","19.99","https://imgproxy-retcat.assets.schwarz/ifmtLBPuJfJazL5Cj_Nl2r8EK2TYG6pcsTl-EGbewn4/sm:1/w:427/h:320/cz/M6Ly9wcm9kLWNhd/GFsb2ctbWVkaWEvaW50LzU1QkZDNUFGQjdFQzdDMjg4REJDQTE1OT/NBMjk3RDM1ODFEMzVBMUYzMjUyRUU0RTAzNDIxMTdDNTZBODU2NjQucG5n.png"
"Lidl","Clementoni® Mini žaidimo rinkinys","6.99","https://imgproxy-retcat.assets.schwarz/X1UpsWh1iCdSV8DBcDmN_LtBW_f9eq_9OelLJbD7bhw/sm:1/w:427/h:320/cz/M6Ly9wcm9kLWNhd/GFsb2ctbWVkaWEvaW50L0RBNjhDMzk0REVGQTg3NUM0MjE4NjIyMT/EwRUY5MjQyRjMxQ0FFQ0Q2MzdFRjlCNTE5RDFEQjQ4MEQ1OTI0RjkucG5n.png"
"Lidl","Paveikslėlių knygelė su UV žibintuvėliu","6.99","https://imgproxy-retcat.assets.schwarz/rIv4U5BYEbZrfEqbBN6dVtbnhLe1B12bm4fgruXJMYc/sm:1/w:427/h:320/cz/M6Ly9wcm9kLWNhd/GFsb2ctbWVkaWEvaW50L0VGNzlGMkQ5MUJFOEZGMTg4NzgyOUJDMj/FFNjgwRDIxMUVDQUMxOTQxQ0U3NjA0NTdGMDQ0MkNDQzBENDI5MjkucG5n.png"
"Lidl","lupilu® Rašymo lentelė su skystųjų kristalų ekranu ir mokomosiomis kortelėmis","6.99","https://imgproxy-retcat.assets.schwarz/c5ClHsiBgSLsyYP4GbV9zhX8LTdoFmx6EqoyBrEEmFk/sm:1/w:427/h:320/cz/M6Ly9wcm9kLWNhd/GFsb2ctbWVkaWEvaW50LzdCNjc5RjJDM0FFNUY1N0JBNjQwNUVFQj/JGN0I2M0M3RUM5NUM4MkYwRTJBNUNEQzUxOUVGODI4RTZCRDNERDgucG5n.png"
"Lidl","Ravensburger 3D dėlionė Night Edition","22.90","https://imgproxy-retcat.assets.schwarz/Hx1WioAmkYdzlAL9_KEKz6bKnJxkkLhYJIyHN_UvWFQ/sm:1/w:427/h:320/cz/M6Ly9wcm9kLWNhd/GFsb2ctbWVkaWEvaW50L0FEODA0RTYxQzFCRjg4Q0I5ODQ0NDA2Nz/EwMzcxNzE5Q0FERjA4Q0FEMTE3M0IxMUJFQjBFQjY5QzcyM0E4RjQucG5n.png"
"Lidl","Galvosūkių rinkinys","4.99","https://imgproxy-retcat.assets.schwarz/6DStNzqs9ddxL5vy8kkbSLaiw8bbV3Eyd9QJeJ52kI0/sm:1/w:427/h:320/cz/M6Ly9wcm9kLWNhd/GFsb2ctbWVkaWEvaW50L0MxOTMxRDJDNDZENDc3NEY2Qjg2RkU3RT/k5NUM4NzJCMDhDOTFGMDQ1NTg0QTYxMTY5Nzg1NkVEQzcyQjAyRjgucG5n.png"
"Lidl","Mokomoji knyga","4.99","https://imgproxy-retcat.assets.schwarz/cYXXe2nVgDDLKHn9JZpCOCa48LGieTE2ZY7-Q8PnPgQ/sm:1/w:427/h:320/cz/M6Ly9wcm9kLWNhd/GFsb2ctbWVkaWEvaW50LzU1NDhGQkUwQjMwOTkxRkM1REYyOUJCMU/JBNjUwRTk5OTgzNzg3RjZFODlFMkY2MURFREEyNTdEMjA0OUMwQkQucG5n.png"
"Lidl","lupilu® Tamsoje šviečianti dėlionė","6.99","https://imgproxy-retcat.assets.schwarz/v3SifpVdedZaEkdRqObwhNBI91HbTU_I6baLCdMNO-8/sm:1/w:427/h:320/cz/M6Ly9wcm9kLWNhd/GFsb2ctbWVkaWEvaW50L0MxQjlDMkNERDA0Qzg5QUFCQTIxNUE2QU/RDODFFRjA5MUYxMTRCOTNGMzI0MTk4MTQ2NkE1MTlCOUMzODJBMjgucG5n.png"
"Lidl","Trefl „9-in-1“ dėlionių rinkinys","5.99","https://imgproxy-retcat.assets.schwarz/BHXy7jq5xpBoXQ-BZ4yCgQygc4PichA8bxde31N2GgI/sm:1/w:427/h:320/cz/M6Ly9wcm9kLWNhd/GFsb2ctbWVkaWEvaW50Lzk0NjVBN0I4MDFDRTAxNkU2QkI1Mjg0OD/UzRkUwQkQ0MDAwMDg2QkQ1OUZBQTRCNTQ2NzZBQjI0NUU4NDAyQzAucG5n.png"
"Lidl","lupilu® Žaidimo rinkinys","4.99","https://imgproxy-retcat.assets.schwarz/HL2y1tzwTE-fZMleHLiJHGSej3Bde9Gy1HDvUfs6hQg/sm:1/w:427/h:320/cz/M6Ly9wcm9kLWNhd/GFsb2ctbWVkaWEvaW50LzY0NUFFREI4ODZERThCNUIwNzhBNzlFQT/VFMUYwRThFRUVGQUYwRDQxMUQ5QjU0QTQ0QUI4ODAwQTdGQjNBMzIucG5n.png"
"Lidl","Clementoni® Dėlionė","3.99","https://imgproxy-retcat.assets.schwarz/hem6nzGJjTuWRKWeKQCtq3kzzLSwAQSAe6Ht3Z7fTlw/sm:1/w:427/h:320/cz/M6Ly9wcm9kLWNhd/GFsb2ctbWVkaWEvaW50L0VCMkQ0OTczMkJGQTExRjZBOTU1QzFBMT/YzRTE5MUE1RjE2QTNBMDVFMEExQTU2NDMzMURGMUJFQTA5NDhEN0IucG5n.png"
"Lidl","Ravensburger Stalo žaidimas","19.99","https://imgproxy-retcat.assets.schwarz/cVATblLLMSyiz0d8W0-2nCSV87Ku0fwKlZSeWvJGkbo/sm:1/w:427/h:320/cz/M6Ly9wcm9kLWNhd/GFsb2ctbWVkaWEvaW50L0Y2M0NCMDRCMzM0OEE3NkJGQjExMDZBOE/FGNjY1Q0I0RTkxMjFFMDdGRkQ2QkY4MTc3NzQ2QjExQURDNjdGRkYucG5n.png"
"Lidl","Trefl Stalo žaidimų rinkinys","9.99","https://imgproxy-retcat.assets.schwarz/dAnaJdsnIBH2oZWOtnmLGhdLk63JRbtHvXWk44Qus0I/sm:1/w:427/h:320/cz/M6Ly9wcm9kLWNhd/GFsb2ctbWVkaWEvaW50L0MzM0JDREJCRjg0RUQ1QjEwMTFCMDQyMz/k0M0U1OUM1NDBDNkUxOTJDRDUxOUMwQTVDRDk1QkFEMERGQzUwQjYucG5n.png"
"Lidl","lupilu® Stalo žaidimas arba stalo žaidimų rinkinys","9.99","https://imgproxy-retcat.assets.schwarz/7gk0b8WkRB3JpBe9v-tvZW6_YbzpBnKvzTuBhnMLI7A/sm:1/w:427/h:320/cz/M6Ly9wcm9kLWNhd/GFsb2ctbWVkaWEvbHQvMS8yMzBDRjJGQkU5NzBBMTJEODYxQTc4Q0I/2NzZCQTI3NDk5ODlGMTZDN0ExODZBM0VFNjJDRTY4OEQxODA4M0VDLnBuZw.png"
"Lidl","Clementoni® Stalo žaidimas","9.99","https://imgproxy-retcat.assets.schwarz/adaKSYAEkM6ADDlQBA35_p65hFUUgCj_tzj5qQKWaTo/sm:1/w:427/h:320/cz/M6Ly9wcm9kLWNhd/GFsb2ctbWVkaWEvaW50L0MwMzcyNDM4QjE3MjE1Qjc5NUQ4RThDNj/UzOUVBNjAzM0YwQzlBMENFQ0U5NzZDMjQwMDcxQjgxNkMxODdEM0EucG5n.png"
"Lidl","Lexibook® Radijo stotelės","16.99","https://imgproxy-retcat.assets.schwarz/Fq8smVNUqxe3wofgxF2F_cHpQwspQ4TdW7s4GvIYszM/sm:1/w:427/h:320/cz/M6Ly9wcm9kLWNhd/GFsb2ctbWVkaWEvaW50L0IxRUY1ODlDNEM2MjM3NjExQTgwQkE1MD/AzRDQ4N0YxMzQ5MTI3N0M1RDIyQzg4Qjc0QzgwNzhBQzhBRERENUMucG5n.png"
"Lidl","Žaidimo rinkinys","16.99","https://imgproxy-retcat.assets.schwarz/blvpEpD_t0kwUS2frDBvsvfaOAb3qDBvtL97coFpl9Y/sm:1/w:427/h:320/cz/M6Ly9wcm9kLWNhd/GFsb2ctbWVkaWEvaW50Lzc3M0Y1MzdFQzdBRjZBMTJGNERCRUU0MU/M5QTQxQzIwMzEwMTM2QzlGREYwQ0UwMTk0Nzg5MUJCNUI5MkUzQTUucG5n.png"
"Lidl","lupilu® Žaidimo rinkinys","6.99","https://imgproxy-retcat.assets.schwarz/K1z0nbF7UQjRP8oUAlUcRga7y7ZF0de29_xAfuYBa04/sm:1/w:427/h:320/cz/M6Ly9wcm9kLWNhd/GFsb2ctbWVkaWEvbHQvMS82NTRDMTA4NTQzMEQxNzY3RkU5MjlEQTV/BNzdEODcyRjk2MzI2NUE5MUE2OUJCNEI2OTFBQkFCQTlGOTIwNzkyLnBuZw.png"
"Lidl","casdon Plaukų formavimo rinkinys","24.90","https://imgproxy-retcat.assets.schwarz/8uFSQFyqg1ZB72zKAki_gaJbC9EvdvynUIPyCM89O4Q/sm:1/w:427/h:320/cz/M6Ly9wcm9kLWNhd/GFsb2ctbWVkaWEvaW50LzdFMUM4Qjg2QUYzMjdCMTZCOEZCRDI2OE/I1QUY4MkI2REEyMDIyOUIxOEZGQTk0MDJFMTI2NDQ5M0REQzlCRjkucG5n.png"
"Lidl","casdon Belaidis žaislinis dulkių siurblys","29.90","https://imgproxy-retcat.assets.schwarz/thiMrNhg3jGxKXzAdQYpwDxC8iL9BoxbP4JDe7YJRLo/sm:1/w:427/h:320/cz/M6Ly9wcm9kLWNhd/GFsb2ctbWVkaWEvaW50L0FFRDA0RTJBNzExMTYyQkZCRDQ0M0VBMT/I2MDY5OUNGMEJBQkQwODg4MEZERTE3MzQ5QTdFMTA1QTg0MEU4MDcucG5n.png"
"Lidl","casdon Belaidis žaislinis dulkių siurblys","29.90","https://imgproxy-retcat.assets.schwarz/hmHzYlm5mtlvgLBae_03VYwlh8dqbLWxjTi0bcng5Ag/sm:1/w:427/h:320/cz/M6Ly9wcm9kLWNhd/GFsb2ctbWVkaWEvaW50LzIwNjc3NTdDMTEzQ0RGMTUzMThDOUMyNT/g1QjNBRTQ3MTdDMjRDMEEyNUVCRUI4MDYzRUU2MEE5M0QyNzQ1MDIucG5n.png"
"Lidl","casdon Žaislinis kavos aparatas „DeLonghi“","29.90","https://imgproxy-retcat.assets.schwarz/Wc8OFZFREJcL9OW9Q5TZRCFuHHU-eX3971XlpDERq6E/sm:1/w:427/h:320/cz/M6Ly9wcm9kLWNhd/GFsb2ctbWVkaWEvaW50LzRENzc4Nzk3RTFEMUI0N0ZGQTgwOUIyNz/I1RDNGREVDODFBNjAzMzIxQTNDMTNEQzY0MDdGQzU5RDFCNTFDN0UucG5n.png"
"Lidl","vileda® junior Valytojo vežimėlis arba dulkių siurblys","24.90","https://imgproxy-retcat.assets.schwarz/L7Er0_zg8LbwES1kkX3Cd8nIA09wbwGh6rL94KKCKjw/sm:1/w:427/h:320/cz/M6Ly9wcm9kLWNhd/GFsb2ctbWVkaWEvaW50L0VGMzU5MDdFMjU5RjNGN0Q2NzkwNzUzNT/JGM0I5NkM1NkU1NDJCNkVBRjc0MzcyRTA4RTg0MEYyMzJGRThEMkMucG5n.png"
"Lidl","lupilu® Žaidimo rinkinys","16.99","https://imgproxy-retcat.assets.schwarz/E5LURZoGyFMNQdFlIrNR4npyB9tN8ZKRrdIoc9yEZVk/sm:1/w:427/h:320/cz/M6Ly9wcm9kLWNhd/GFsb2ctbWVkaWEvbHQvMS9DRjk1QkVCOTk2NDZDNjU4RTFGNDg3NkZ/COERBMjJGQjA1NTY2RjIwMjQyNUY4MDJBNkEwQUZFODUzMkZCOUJFLnBuZw.png"
"Lidl","crelando Darbo kalendorius","4.99","https://imgproxy-retcat.assets.schwarz/5RtkYxQ_fmR6uCjeGvn7kG7LPFl1hwYAD3XGOuqY5Pw/sm:1/w:427/h:320/cz/M6Ly9wcm9kLWNhd/GFsb2ctbWVkaWEvaW50LzFBQUY3NzFCMTVDNzExMEQwODUxM0Q2Nj/Q3OTgxNTg4QTkwMEI3REVDMDYxMUVGNDM5RTA3N0M1RDYxRjY5MUEucG5n.png"
"Lidl","crelando Kalendorius, A5","4.99","https://imgproxy-retcat.assets.schwarz/nPHTvTn6ohmoW2YpG7eBJwOysswz6Tq4gvGNLTBTZEA/sm:1/w:427/h:320/cz/M6Ly9wcm9kLWNhd/GFsb2ctbWVkaWEvaW50L0JBMDdFMUY2ODQ2MUEwRjhFMTBFNkZBOD/QwM0I4MkI4MDBGMEM1NzY0RjVFNzUxNDgwMEI0QTZEMTM4REY3M0UucG5n.png"
"Lidl","Vaikų suknelė (CMIA)","6.99","https://imgproxy-retcat.assets.schwarz/G1ubOsfX-gXqVBDeJF9mMJMGP3pLJE5hMfoDuvOCq9o/sm:1/w:427/h:320/cz/M6Ly9wcm9kLWNhd/GFsb2ctbWVkaWEvaW50LzlBRjU0MjU3QkEzODhFRkI3NDVFRDM4OU/Y4Mjc3QTU4MTU0NDBEMjk1MUVDQUU2MUU1MzVDODlCOTMyMTZEMTkucG5n.png"
"Lidl","Vaikų kojinės (CMIA)","2.49","https://imgproxy-retcat.assets.schwarz/ulYEWF9a9q5fjI8HtgcUUVT0Igj3CgaOtbr3a03pTS0/sm:1/w:427/h:320/cz/M6Ly9wcm9kLWNhd/GFsb2ctbWVkaWEvaW50L0IwQzc5OEYwMjQ5RkQzNDQ3MkQyMTdGNT/EzNDFDQjlDMkNGNUM1RDhBOTczRkVENUYyQUU5QjBEOUUzRUU0MkIucG5n.png"
"Lidl","Vaikų ilgarankoviai marškinėliai (CMIA)","3.49","https://imgproxy-retcat.assets.schwarz/Rs-X8hI7B5xCuDvWpxkivpCJ_yPbgRFmhcFt4gMnPBk/sm:1/w:427/h:320/cz/M6Ly9wcm9kLWNhd/GFsb2ctbWVkaWEvaW50LzYzRUZCNENEOUYzMjk0QkVGMEQ2M0U4RT/I2NEFGQzBFOTY2RUVENkUzMzFDNDcwNkM3RTNBMDMyMEY2M0FBM0EucG5n.png"
"Lidl","Vaikų ilgarankoviai marškinėliai (CMIA)","3.49","https://imgproxy-retcat.assets.schwarz/7WW5WEu6Sl5weX4hfK2nC4KTmBl-a8OXBg-zj1RTzIw/sm:1/w:427/h:320/cz/M6Ly9wcm9kLWNhd/GFsb2ctbWVkaWEvaW50L0VBQzRGMTQ4REMzMzhDNDgyMDI1RkJGNj/NCMzcyN0NEMUM0Qzg1MzU0NEFENjBFNEU3MjE4RUJENTc5NDIxNDAucG5n.png"
"Lidl","Vaikų stulpeliu megztos tamprės (CMIA)","3.99","https://imgproxy-retcat.assets.schwarz/PpZ3XG7ODpHfyfoMLp986hZGeupEt2dp_sz0x0yMdLc/sm:1/w:427/h:320/cz/M6Ly9wcm9kLWNhd/GFsb2ctbWVkaWEvaW50LzJDOUNENzA4NTQ0NzVBMEQyRTdCRkIxQk/RFNUFDQTE0MEI4NDQxMEQ2Rjg1NzdEOTJDODYwM0ExQ0EyNTIxNTQucG5n.png"
"Lidl","Vaikų sportinės kelnės (CMIA)","4.99","https://imgproxy-retcat.assets.schwarz/Q_OgGWIbyV8rNr2yU66q73mYfE-iq45QbU7XSQY-kWc/sm:1/w:427/h:320/cz/M6Ly9wcm9kLWNhd/GFsb2ctbWVkaWEvaW50L0FFMDlCNDVDNDFEMTg1MkU2QzJERkQzNE/IxQzhDQzI5OEQ2OTgyQjNCOENFQ0JGRDE2MjMyRUQ2MDJENEVFNzgucG5n.png"
"Lidl","Lupilu Sauskelnės Nr. 4","5.99","https://imgproxy-retcat.assets.schwarz/NkcxyY7O3niLcHvfuHaZAIN4q9OV9oLwTo3kBxCS7SA/sm:1/w:427/h:320/cz/M6Ly9wcm9kLWNhd/GFsb2ctbWVkaWEvbHQvMS8wMkVFRjkyQjc5QUNFOTVFOTJBNkE4MzY/zNjhENkFGMTlBQkU0NkU3N0Q3NDU1QzM1RDJFRDgzM0ZDMTNDNjQ1LnBuZw.png"
"Lidl","lupilu® „10-in-1“ medinis žaidimų rinkinys","24.90","https://imgproxy-retcat.assets.schwarz/x0Yutten-vMvXRoT7_Bahy-SOsov-0O1PrUrA3fRsu8/sm:1/w:427/h:320/cz/M6Ly9wcm9kLWNhd/GFsb2ctbWVkaWEvbHQvMS9GRUMzRjA5RjdFMUY3NzVFRUQwNTc2NkY/4MTlBRTExQzZGMzE0NDMxNEM3MTREOUUzOERDNTE3RUVFRTk4NjkyLnBuZw.png"
"Lidl","lupilu® Mini stalo žaidimas","14.99","https://imgproxy-retcat.assets.schwarz/YtTfTBbIevHgg4G43omchsxVd50ccPrSf45tZJAxObk/sm:1/w:427/h:320/cz/M6Ly9wcm9kLWNhd/GFsb2ctbWVkaWEvbHQvMS9GNDZBQzlDQkU1NEU0MENGMjgzMzI0Q0M/xRDM0MDRBODI1NTlEMkU2RjBCQjg3MkNGMzA2OEQwNEFDOEIxRjM0LnBuZw.png"
"Lidl","Zuru Interaktyvus rinkinys „Pets Alive Rescue“","14.99","https://imgproxy-retcat.assets.schwarz/q4Dp8zqZTZlmf9TT-Pjr79tAszPFOO08do8fVq3_hQ4/sm:1/w:427/h:320/cz/M6Ly9wcm9kLWNhd/GFsb2ctbWVkaWEvaW50L0U5RUJDRjI2M0VDMTE1NjFGQkYyRkMzMD/c0OEJGRkIyNjhCRTdBRjk2MDcyMTMwQTgwRjkwOTFENEVEN0ZGREMucG5n.png"
"Lidl","lupilu® Medinis žaislas","3.99","https://imgproxy-retcat.assets.schwarz/UNctYcDVDDpZhWV2DsgAT5qOcfp6q1j0AVn2nNOptQ0/sm:1/w:427/h:320/cz/M6Ly9wcm9kLWNhd/GFsb2ctbWVkaWEvbHQvMS83RDZFMDE5NzI1NjdBRTlGMjMyMTM0Mjc/3QTcwMzAxRjY3NTZFODIxMDkxQTQxQjdFQjU2MzM0REQ1MDVGRTJCLnBuZw.png"
"Lidl","Jumbo Spiele Kūrybos rinkinys „Vandens magija“","14.99","https://imgproxy-retcat.assets.schwarz/hvt1Lz0a43ELQJZOERn5C1z_ML81Rms2z1dMghbHTjU/sm:1/w:427/h:320/cz/M6Ly9wcm9kLWNhd/GFsb2ctbWVkaWEvaW50L0Y5NTEwNzRCN0ZDMzExN0MyRTAzRTdBRT/NEQTZCMkFBNzkxNkJCQ0E4ODJGRkRBMkIzOUE0OTI2NUZDMTQ1NTcucG5n.png"
"Lidl","Vaikų interaktyvi knygelė","6.99","https://imgproxy-retcat.assets.schwarz/6vAx-xucWWvsTi3fG2AEfVzfevgFjagXeLYXE0rKwf8/sm:1/w:427/h:320/cz/M6Ly9wcm9kLWNhd/GFsb2ctbWVkaWEvaW50L0I2RkMxMzAwMDNBQTNCRDdGRjZCQUMwQj/ZBNzE0NDUzQjkyNDQ2RDI3NTMzOUJFNDFGM0QzMkZCNzg5N0U0MUIucG5n.png"
"Lidl","Vaikų kūrybinių darbelių knygelė","4.99","https://imgproxy-retcat.assets.schwarz/D5a7H72diDXC5a4tk9PIURaOtWM9kRAjjRCefysCmaE/sm:1/w:427/h:320/cz/M6Ly9wcm9kLWNhd/GFsb2ctbWVkaWEvaW50LzVENDM5QjVBMDc2QUFGQTM5MjY2OEM2OT/g4REREMkEzQ0E0NzNFMDJBNzk5MkYxMTkwMjQ5OERBNEREREM0QjIucG5n.png"
"Lidl","Vaikų knygelė „Noriu žinoti“","3.99","https://imgproxy-retcat.assets.schwarz/d3ShPtARH_08gYijJvYKBQizBTmuvxbpwgJIIji4wuI/sm:1/w:427/h:320/cz/M6Ly9wcm9kLWNhd/GFsb2ctbWVkaWEvaW50LzgwMTY5QTVCOTIzNjc4NDk2RTRERUY4RD/c1MEEwM0Q1RDREQ0MzQzY0OTQwRTBGOTFCOTMzQzg3QzhENDEzRjkucG5n.png"
"Lidl","lupilu® Vaikų pižama iš fliso (GRS)","5.99","https://imgproxy-retcat.assets.schwarz/FaK7Kqd3vzgf1F0z0p5PiBBWIYnnlqjm5JI9mECrWJQ/sm:1/w:427/h:320/cz/M6Ly9wcm9kLWNhd/GFsb2ctbWVkaWEvaW50L0E2OTE3QzE3NzM5RDJGMjE3NkQ1MEIwQj/U2N0NEMDRDMDFBRjk1NDZFMjM2RjFCQTNGMTlBN0Q5QURCQjQ2NUUucG5n.png"
"Lidl","Nerf Žaislinis šautuvas","9.49","https://imgproxy-retcat.assets.schwarz/UUCzQZamduBaxsS9wvesv4j1S-NWt024SH0uh6OqsGY/sm:1/w:427/h:320/cz/M6Ly9wcm9kLWNhd/GFsb2ctbWVkaWEvaW50L0ZEQTNCRUMxNkM1OTdDMjM5OUI0RTlDRD/ZFMUFCRjk3QUUxRTZCQUJEMTgzQzhFNDhCODU2NEEwNTdCQkQyQ0MucG5n.png"
"Lidl","lupilu® „Flying“ kamuolys su LED apšvietimu","11.89","https://imgproxy-retcat.assets.schwarz/H4quppjo8xOcroIuCWrkWvu30oP_LPEM5ssJ0GbypWM/sm:1/w:427/h:320/cz/M6Ly9wcm9kLWNhd/GFsb2ctbWVkaWEvaW50L0NCMEIyQ0Y3NzFCRkMxNjEzNDc3REExMD/BBMTQyRTZCMzZEMEM4MDlENTg2QUQzQ0ZGMTU2QUFFQzkyRERGRDUucG5n.png"
"Lidl","Slimy „Šlykštukas“","3.99","https://imgproxy-retcat.assets.schwarz/iCsvnAgGd_Ehoe_gGuFF7mqYllt-8Yhm8gtYLuBwri0/sm:1/w:427/h:320/cz/M6Ly9wcm9kLWNhd/GFsb2ctbWVkaWEvaW50LzFEQ0M5QjIxQThCODk0N0QzNUYzNTgxRU/JGMjJEMDFDOTg4NDBDQzlDQ0VCRjg1ODE4MUNERjNGNDJFODIyQTcucG5n.png"
"Lidl","Vaikų termo kojinės (CMIA)","2.99","https://imgproxy-retcat.assets.schwarz/wQchRkGfU1RNkurg7G8iDyNfMYZrp1g-sYa07ltPTg0/sm:1/w:427/h:320/cz/M6Ly9wcm9kLWNhd/GFsb2ctbWVkaWEvaW50LzVBNzk4MTExRjY4NkQ2M0NDRTFFODk2OE/Q0MjAyRTEwNUQ1MzYwMDZERDM4MThFNDM5OUUwREZGQUQwMzVBNjIucG5n.png"
"Lidl","Vaikų šlepetės","3.99","https://imgproxy-retcat.assets.schwarz/y_cQ2GuCpo_asBpzAgULxz4tWmd34eungnjMs9nochs/sm:1/w:427/h:320/cz/M6Ly9wcm9kLWNhd/GFsb2ctbWVkaWEvaW50LzcwNEQ3NDYyQkZCMDQzMDgxMzI5MkNDNT/c5M0U2MjU1MzVEQzU1M0ZDRDJBOTBBMTZDMTQ0NzlFQTMzRjQ1OUEucG5n.png"
"Lidl","Vaikų kepurė","3.99","https://imgproxy-retcat.assets.schwarz/nb_iVGKjn1ypcHmaCEmUCyYfNogNC06hikfbf30UNL4/sm:1/w:427/h:320/cz/M6Ly9wcm9kLWNhd/GFsb2ctbWVkaWEvaW50Lzg4NzBCNDlEODJGRjRFQ0FGQzYzMkMzMT/kxQzA2Mjc5OUZCODc1ODYzODk2MERBMzFFRjQxNERDRDREODQ4OTYucG5n.png"
"Lidl","Vaikų džemperis","8.99","https://imgproxy-retcat.assets.schwarz/PSY5V2zO4hyIZgDAOU4aZwL36UDTCddRQfujIYY-Ixg/sm:1/w:427/h:320/cz/M6Ly9wcm9kLWNhd/GFsb2ctbWVkaWEvaW50L0QwNThGRDAwNjM2ODYyNTRCOTFDQTc0Mz/VEMTY5RTlGRjlFRUMwNDQ1REMxNjREMTQzRUNGMjk3NjExMEUyN0QucG5n.png"
"Lidl","Vaikų sportinės kelnės","7.99","https://imgproxy-retcat.assets.schwarz/gZij4XBDUTQYSXR01UT_dgXSHPgm6H2T6j0FuysYyZM/sm:1/w:427/h:320/cz/M6Ly9wcm9kLWNhd/GFsb2ctbWVkaWEvbHQvMS9FNDhFMUJCQzlCQTY4RTVGMjVCNTY1QkZ/BQzY0OTBCMDREMDVEQkYzRjE1QzQ1RUQ1OTRFQTgzMTVCRjI5N0Y5LnBuZw.png"
"Lidl","Vaikų kojinės (CMIA)","2.99","https://imgproxy-retcat.assets.schwarz/q7nkYm-71s0G3R7A50XTNRZJa6kpWh-UTpCGDHDa9Dw/sm:1/w:427/h:320/cz/M6Ly9wcm9kLWNhd/GFsb2ctbWVkaWEvaW50LzI0RUM4OEIwQzc4NUE3OTU2OUMyRkZDOE/ZDOUU1N0Q1MEJDQjhFODE2NzUxMkUzMzMzOUE0MkVBRjI5NEJBMzIucG5n.png"
"Lidl","Playtive Minkštas žaislas su LED naktine lempute","8.99","https://imgproxy-retcat.assets.schwarz/Mn2IyLoYGZ_ga3UVr3ipMyJwcBvfwfo1ZNFax-JkP4I/sm:1/w:427/h:320/cz/M6Ly9wcm9kLWNhd/GFsb2ctbWVkaWEvaW50LzlGRDEwNDlDQjA1OTZEN0I3QjEzQTE5OT/BGMTZEOTQyQ0ZBQTlDOEQ1RUE1RERDM0FBODhEMjEwMjM5RDVFREMucG5n.png"
