shop_name,product_name,shelf_price,image_url
Rimi,"Persimonai, 1 kg",3.99,"https://rimibaltic-res.cloudinary.com/image/upload/b_white,c_limit,dpr_1.0,f_auto,q_auto:low,w_150/d_ecommerce:backend-fallback.png/MAT_224573_KGM_LT"
Rimi,"Brokolis RIMI, 350 g",0.99,"https://rimibaltic-res.cloudinary.com/image/upload/b_white,c_limit,dpr_auto,f_auto,h_216,q_1,w_216/d_ecommerce:backend-fallback.png/MAT_978280_PCE_LT"
Rimi,"Ilgavaisis agurkas RIMI, 300g",1.29,"https://rimibaltic-res.cloudinary.com/image/upload/b_white,c_limit,dpr_auto,f_auto,h_216,q_1,w_216/d_ecommerce:backend-fallback.png/MAT_815307_PCE_LT"
Rimi,"Mažieji slyviniai pomidorai 1kl, 250 g",0.99,"https://rimibaltic-res.cloudinary.com/image/upload/b_white,c_limit,dpr_auto,f_auto,h_216,q_1,w_216/d_ecommerce:backend-fallback.png/MAT_296781_PCE_LT"
Rimi,"Salierų stiebai RIMI, 450 g",1.69,"https://rimibaltic-res.cloudinary.com/image/upload/b_white,c_limit,dpr_auto,f_auto,h_216,q_1,w_216/d_ecommerce:backend-fallback.png/MAT_297913_PCE_LT"
Rimi,"Kokteiliniai pomidorai su šakel., 1 kl. 500 g",1.69,"https://rimibaltic-res.cloudinary.com/image/upload/b_white,c_limit,dpr_auto,f_auto,h_216,q_1,w_216/d_ecommerce:backend-fallback.png/MAT_277348_PCE_LT"
Rimi,"Didelis avokadas SELECTION BY RIMI, 1 vnt",2.49,"https://rimibaltic-res.cloudinary.com/image/upload/b_white,c_limit,dpr_auto,f_auto,h_216,q_1,w_216/d_ecommerce:backend-fallback.png/MAT_905518_PCE_LT"
Rimi,"Greitai užšaldyti žirneliai RIMI, 400 g",1.25,"https://rimibaltic-res.cloudinary.com/image/upload/b_white,c_limit,dpr_auto,f_auto,h_216,q_1,w_216/d_ecommerce:backend-fallback.png/MAT_808614_PCE_LT"
Rimi,"Nat.negaz. mineralinis vanduo, AKVILĖ, 2l",0.95,"https://rimibaltic-res.cloudinary.com/image/upload/b_white,c_limit,dpr_auto,f_auto,h_216,q_1,w_216/d_ecommerce:backend-fallback.png/MAT_1359662_PCE_LT"
Rimi,"Pjaustytos žal. šparaginės pupelės RIMI, 400g",1.49,"https://rimibaltic-res.cloudinary.com/image/upload/b_white,c_limit,dpr_auto,f_auto,h_216,q_1,w_216/d_ecommerce:backend-fallback.png/MAT_808637_PCE_LT"
Rimi,"Šilauogės RIMI, 400 g",4.29,"https://rimibaltic-res.cloudinary.com/image/upload/b_white,c_limit,dpr_auto,f_auto,h_216,q_1,w_216/d_ecommerce:backend-fallback.png/MAT_974977_PCE_LT"
Rimi,"Šaldytos figūrinės bulvių lazdelės RIMI, 1 kg",1.89,"https://rimibaltic-res.cloudinary.com/image/upload/b_white,c_limit,dpr_auto,f_auto,h_216,q_1,w_216/d_ecommerce:backend-fallback.png/MAT_811419_PCE_LT"
Rimi,"Kvietinės tortilijos RIMI PLANET, 370 g",1.49,"https://rimibaltic-res.cloudinary.com/image/upload/b_white,c_limit,dpr_auto,f_auto,h_216,q_1,w_216/d_ecommerce:backend-fallback.png/MAT_808707_PCE_LT"
Rimi,"Sūdyta ir pjaustyta lašišos filė ZIGMAS, 100g",3.99,"https://rimibaltic-res.cloudinary.com/image/upload/b_white,c_limit,dpr_1.0,f_auto,q_auto:low,w_150/d_ecommerce:backend-fallback.png/MAT_248890_PCE_LT"
Rimi,Pusilgiai agurkai Rimi 400g,1.89,"https://rimibaltic-res.cloudinary.com/image/upload/b_white,c_limit,dpr_1.0,f_auto,q_auto:low,w_150/d_ecommerce:backend-fallback.png/MAT_996395_PCE_LT"
Rimi,"Plauti špinatai FIT&EASY, 100g",1.29,"https://rimibaltic-res.cloudinary.com/image/upload/b_white,c_limit,dpr_1.0,f_auto,q_auto:low,w_150/d_ecommerce:backend-fallback.png/MAT_988169_PCE_LT"
Rimi,"Šaldytos braškės RIMI, 400 g",1.79,"https://rimibaltic-res.cloudinary.com/image/upload/b_white,c_limit,dpr_auto,f_auto,h_216,q_1,w_216/d_ecommerce:backend-fallback.png/MAT_811670_PCE_LT"
Rimi,"Natūralus DVARO pienas, 3,5 % rieb., 1 l",1.49,"https://rimibaltic-res.cloudinary.com/image/upload/b_white,c_limit,dpr_auto,f_auto,h_216,q_1,w_216/d_ecommerce:backend-fallback.png/MAT_212915_PCE_LT"
Rimi,"Sumuštinių duona su sėk. BEATOS VIRTUVĖ, 400g",1.75,"https://rimibaltic-res.cloudinary.com/image/upload/b_white,c_limit,dpr_auto,f_auto,h_216,q_1,w_216/d_ecommerce:backend-fallback.png/MAT_299861_PCE_LT"
Rimi,"Kriaušės CONFERENCE RIMI, 1 kl., 1kg",2.49,"https://rimibaltic-res.cloudinary.com/image/upload/b_white,c_limit,dpr_auto,f_auto,h_216,q_1,w_216/d_ecommerce:backend-fallback.png/MAT_297319_KGM_LT"
Rimi,"Slyviniai pomidorai RIMI 1 kl., 500 g",1.59,"https://rimibaltic-res.cloudinary.com/image/upload/b_white,c_limit,dpr_auto,f_auto,h_216,q_1,w_216/d_ecommerce:backend-fallback.png/MAT_295321_PCE_LT"
Rimi,"Gr. nat. jogurtas GRAIKIŠKA AMFORA, 3,9%,370g",2.19,"https://rimibaltic-res.cloudinary.com/image/upload/b_white,c_limit,dpr_auto,f_auto,h_216,q_1,w_216/d_ecommerce:backend-fallback.png/MAT_927768_PCE_LT"
Rimi,"Žiedinis kopūstas RIMI, 500 g",2.89,"https://rimibaltic-res.cloudinary.com/image/upload/b_white,c_limit,dpr_auto,f_auto,h_216,q_1,w_216/d_ecommerce:backend-fallback.png/MAT_947084_PCE_LT"
Rimi,"Mažos morkytės RIMI, 200 g",1.39,"https://rimibaltic-res.cloudinary.com/image/upload/b_white,c_limit,dpr_auto,f_auto,h_216,q_1,w_216/d_ecommerce:backend-fallback.png/MAT_299574_PCE_LT"
Rimi,"Šaldytas trijų daržovių mišinys RIMI, 400 g",1.19,"https://rimibaltic-res.cloudinary.com/image/upload/b_white,c_limit,dpr_auto,f_auto,h_216,q_1,w_216/d_ecommerce:backend-fallback.png/MAT_811170_PCE_LT"
Rimi,"Greitai užšaldyti brokoliai RIMI, 400 g",1.89,"https://rimibaltic-res.cloudinary.com/image/upload/b_white,c_limit,dpr_auto,f_auto,h_216,q_1,w_216/d_ecommerce:backend-fallback.png/MAT_808638_PCE_LT"
Rimi,"Sviestinės pupelės RIMI, 400 g / 250 g",1.19,"https://rimibaltic-res.cloudinary.com/image/upload/b_white,c_limit,dpr_auto,f_auto,h_216,q_1,w_216/d_ecommerce:backend-fallback.png/MAT_801792_PCE_LT"
Rimi,"Greitai užšaldyti mangai RIMI, 400 g",2.79,"https://rimibaltic-res.cloudinary.com/image/upload/b_white,c_limit,dpr_auto,f_auto,h_216,q_1,w_216/d_ecommerce:backend-fallback.png/MAT_808687_PCE_LT"
Rimi,"Plauti gražgarsčių lapai FIT&EASY,100g",1.29,"https://rimibaltic-res.cloudinary.com/image/upload/b_white,c_limit,dpr_1.0,f_auto,q_auto:low,w_150/d_ecommerce:backend-fallback.png/MAT_988175_PCE_LT"
Rimi,"ROKIŠKIO NAMINIS sviestas, 82 % rieb., 180 g",2.69,"https://rimibaltic-res.cloudinary.com/image/upload/b_white,c_limit,dpr_1.0,f_auto,q_auto:low,w_150/d_ecommerce:backend-fallback.png/MAT_261209_PCE_LT"
Rimi,"Greitai užšaldytos šilauogės RIMI, 400 g",3.99,"https://rimibaltic-res.cloudinary.com/image/upload/b_white,c_limit,dpr_1.0,f_auto,q_auto:low,w_150/d_ecommerce:backend-fallback.png/MAT_811169_PCE_LT"
Rimi,"Did.apelsin.Navelina Rimi, 1 kl., 1kg",2.29,"https://rimibaltic-res.cloudinary.com/image/upload/b_white,c_limit,dpr_1.0,f_auto,q_auto:low,w_150/d_ecommerce:backend-fallback.png/MAT_298039_KGM_LT"
Rimi,"Šald. gruzd. saldžiosios bulvytės RIMI, 450 g",3.39,"https://rimibaltic-res.cloudinary.com/image/upload/b_white,c_limit,dpr_auto,f_auto,h_216,q_1,w_216/d_ecommerce:backend-fallback.png/MAT_813773_PCE_LT"
Rimi,"Šald. pranc. batonai česn. įd. MANTINGA, 350g",2.15,"https://rimibaltic-res.cloudinary.com/image/upload/b_white,c_limit,dpr_auto,f_auto,h_216,q_1,w_216/d_ecommerce:backend-fallback.png/MAT_276507_PCE_LT"
Rimi,"Šald. KARALIŠKIEJI koldūnai su mėsos įd.,800g",6.19,"https://rimibaltic-res.cloudinary.com/image/upload/b_white,c_limit,dpr_auto,f_auto,h_216,q_1,w_216/d_ecommerce:backend-fallback.png/MAT_248676_PCE_LT"
Rimi,"Avinžirniai RIMI, 400 g / 250 g",1.39,"https://rimibaltic-res.cloudinary.com/image/upload/b_white,c_limit,dpr_auto,f_auto,h_216,q_1,w_216/d_ecommerce:backend-fallback.png/MAT_803528_PCE_LT"
Rimi,"Greitai užšald. žiediniai kopūstai RIMI, 400g",1.29,"https://rimibaltic-res.cloudinary.com/image/upload/b_white,c_limit,dpr_auto,f_auto,h_216,q_1,w_216/d_ecommerce:backend-fallback.png/MAT_808622_PCE_LT"
Rimi,"Sluoksn. sapel. bemielė tešla MANTINGA, 500 g",2.29,"https://rimibaltic-res.cloudinary.com/image/upload/b_white,c_limit,dpr_auto,f_auto,h_216,q_1,w_216/d_ecommerce:backend-fallback.png/MAT_277284_PCE_LT"
Rimi,"Puskietis sūris DVARO, 50 % rieb., 240 g",3.19,"https://rimibaltic-res.cloudinary.com/image/upload/b_white,c_limit,dpr_auto,f_auto,h_216,q_1,w_216/d_ecommerce:backend-fallback.png/MAT_257507_PCE_LT"
Rimi,"Šaldyti koldūnai su mėsa VIČI KHINKALI, 400 g",4.19,"https://rimibaltic-res.cloudinary.com/image/upload/b_white,c_limit,dpr_auto,f_auto,h_216,q_1,w_216/d_ecommerce:backend-fallback.png/MAT_920467_PCE_LT"
Rimi,"VILKYŠKIŲ grietinė, 30 % rieb., 350 g",2.69,"https://rimibaltic-res.cloudinary.com/image/upload/b_white,c_limit,dpr_1.0,f_auto,q_auto:low,w_150/d_ecommerce:backend-fallback.png/MAT_276595_PCE_LT"
Rimi,"Negazuotas šaltinio vanduo RIMI, 5 l",1.49,"https://rimibaltic-res.cloudinary.com/image/upload/b_white,c_limit,dpr_1.0,f_auto,q_auto:low,w_150/d_ecommerce:backend-fallback.png/MAT_805762_PCE_LT"
Rimi,"Gaz. natūr. mineral. vanduo S.PELLEGRINO, 1l",1.79,"https://rimibaltic-res.cloudinary.com/image/upload/b_white,c_limit,dpr_auto,f_auto,h_216,q_1,w_216/d_ecommerce:backend-fallback.png/MAT_1353346_PCE_LT"
Rimi,"Sūris salotoms RIMI, 40% rieb., 200g",1.25,"https://rimibaltic-res.cloudinary.com/image/upload/b_white,c_limit,dpr_auto,f_auto,h_216,q_1,w_216/d_ecommerce:backend-fallback.png/MAT_808783_PCE_LT"
Rimi,"Makaronai LA MOLISANA FUSILLI, 500 g",1.79,"https://rimibaltic-res.cloudinary.com/image/upload/b_white,c_limit,dpr_auto,f_auto,h_216,q_1,w_216/d_ecommerce:backend-fallback.png/MAT_189817_PCE_LT"
Rimi,"Šaldytos bulvytės FARM FRITES, 600 g",3.19,"https://rimibaltic-res.cloudinary.com/image/upload/b_white,c_limit,dpr_auto,f_auto,h_216,q_1,w_216/d_ecommerce:backend-fallback.png/MAT_298205_PCE_LT"
Rimi,"Virt.kalakut. kumpis griež. BIOVELA, Ir., 90g",1.59,"https://rimibaltic-res.cloudinary.com/image/upload/b_white,c_limit,dpr_auto,f_auto,h_216,q_1,w_216/d_ecommerce:backend-fallback.png/MAT_292391_PCE_LT"
Rimi,"Viščiukų vidinė filė be antib. RIMI, 400 g",2.99,"https://rimibaltic-res.cloudinary.com/image/upload/b_white,c_limit,dpr_auto,f_auto,h_216,q_1,w_216/d_ecommerce:backend-fallback.png/MAT_816943_PCE_LT"
Rimi,"BEATOS juoda duona su sėklomis, 300 g",1.59,"https://rimibaltic-res.cloudinary.com/image/upload/b_white,c_limit,dpr_auto,f_auto,h_216,q_1,w_216/d_ecommerce:backend-fallback.png/MAT_905029_PCE_LT"
Rimi,"DVARO kefyras, 2,5 % rieb., 0,9 kg",1.45,"https://rimibaltic-res.cloudinary.com/image/upload/b_white,c_limit,dpr_auto,f_auto,h_216,q_1,w_216/d_ecommerce:backend-fallback.png/MAT_918683_PCE_LT"
Rimi,"DVARO grietinė, 30 % rieb., 380 g",2.39,"https://rimibaltic-res.cloudinary.com/image/upload/b_white,c_limit,dpr_auto,f_auto,h_216,q_1,w_216/d_ecommerce:backend-fallback.png/MAT_276565_PCE_LT"
Rimi,"Greipfrutai POMELO, 1 kl., 1 kg",1.69,"https://rimibaltic-res.cloudinary.com/image/upload/b_white,c_limit,dpr_auto,f_auto,h_216,q_1,w_216/d_ecommerce:backend-fallback.png/MAT_211258_KGM_LT"
Rimi,"Tep. varšk. sūris PHILADELPHIA Orig., 200g",2.39,"https://rimibaltic-res.cloudinary.com/image/upload/b_white,c_limit,dpr_auto,f_auto,h_216,q_1,w_216/d_ecommerce:backend-fallback.png/MAT_212051_PCE_LT"
Rimi,"Valg. ledai su mišk. uog. įd. RIMI, 120ml/72g",0.39,"https://rimibaltic-res.cloudinary.com/image/upload/b_white,c_limit,dpr_1.0,f_auto,q_auto:low,w_150/d_ecommerce:backend-fallback.png/MAT_808822_PCE_LT"
Rimi,"Šald. morkų kub. ir žirn. mišinys RIMI, 400 g",1.09,"https://rimibaltic-res.cloudinary.com/image/upload/b_white,c_limit,dpr_1.0,f_auto,q_auto:low,w_150/d_ecommerce:backend-fallback.png/MAT_811173_PCE_LT"
Rimi,"Pjaustyti pomidorai I LOVE ECO, 390 g",2.29,"https://rimibaltic-res.cloudinary.com/image/upload/b_white,c_limit,dpr_1.0,f_auto,q_auto:low,w_150/d_ecommerce:backend-fallback.png/MAT_807573_PCE_LT"
Rimi,"Cukrus PANEVĖŽIO PLIUS, 1 kg",1.19,"https://rimibaltic-res.cloudinary.com/image/upload/b_white,c_limit,dpr_auto,f_auto,h_216,q_1,w_216/d_ecommerce:backend-fallback.png/MAT_148646_PCE_LT"
Rimi,"Šv.viščiuko broilerio peteliai be antib.,500g",1.59,"https://rimibaltic-res.cloudinary.com/image/upload/b_white,c_limit,dpr_auto,f_auto,h_216,q_1,w_216/d_ecommerce:backend-fallback.png/MAT_995840_PCE_LT"
Rimi,"Sviestiniai rageliai LIETUVOS KEPĖJAS, 360 g",3.69,"https://rimibaltic-res.cloudinary.com/image/upload/b_white,c_limit,dpr_auto,f_auto,h_216,q_1,w_216/d_ecommerce:backend-fallback.png/MAT_914276_PCE_LT"
Rimi,"Šiukšlių maišai PACLAN Premium 35l,15vnt",2.45,"https://rimibaltic-res.cloudinary.com/image/upload/b_white,c_limit,dpr_auto,f_auto,h_216,q_1,w_216/d_ecommerce:backend-fallback.png/MAT_623265_PCE_LT"
Rimi,"Šald. daržovių mišinys sriubai RIMI, 400 g",0.65,"https://rimibaltic-res.cloudinary.com/image/upload/b_white,c_limit,dpr_auto,f_auto,h_216,q_1,w_216/d_ecommerce:backend-fallback.png/MAT_811587_PCE_LT"
Rimi,"Virtas kumpis SELECTION BY RIMI, 70 g",2.19,"https://rimibaltic-res.cloudinary.com/image/upload/b_white,c_limit,dpr_auto,f_auto,h_216,q_1,w_216/d_ecommerce:backend-fallback.png/MAT_803265_PCE_LT"
Rimi,"Raudonosios pupelės RIMI, 400 g / 240 g",1.19,"https://rimibaltic-res.cloudinary.com/image/upload/b_white,c_limit,dpr_auto,f_auto,h_216,q_1,w_216/d_ecommerce:backend-fallback.png/MAT_808449_PCE_LT"
Rimi,"Klevų sir. sk. valg. ledai RIMI, 120 ml/ 73 g",0.39,"https://rimibaltic-res.cloudinary.com/image/upload/b_white,c_limit,dpr_auto,f_auto,h_216,q_1,w_216/d_ecommerce:backend-fallback.png/MAT_808827_PCE_LT"
Rimi,"Šald. smulkinti špinatai porcijomis RIMI,400g",2.99,"https://rimibaltic-res.cloudinary.com/image/upload/b_white,c_limit,dpr_auto,f_auto,h_216,q_1,w_216/d_ecommerce:backend-fallback.png/MAT_801484_PCE_LT"
Rimi,"Kokosų gėrimas I LOVE ECO, 400 ml",2.29,"https://rimibaltic-res.cloudinary.com/image/upload/b_white,c_limit,dpr_auto,f_auto,h_216,q_1,w_216/d_ecommerce:backend-fallback.png/MAT_810075_PCE_LT"
Rimi,"Š. rūk. pjaustyta lašišos filė ZIGMAS, 100 g",3.99,"https://rimibaltic-res.cloudinary.com/image/upload/b_white,c_limit,dpr_auto,f_auto,h_216,q_1,w_216/d_ecommerce:backend-fallback.png/MAT_248904_PCE_LT"
Rimi,"Sausainiai GAIDELIS KLASIKA, 160 g",0.75,"https://rimibaltic-res.cloudinary.com/image/upload/b_white,c_limit,dpr_auto,f_auto,h_216,q_1,w_216/d_ecommerce:backend-fallback.png/MAT_196892_PCE_LT"
Rimi,"Šald. blyšk. krev. be k. RIMI, ASC, 200 g",4.39,"https://rimibaltic-res.cloudinary.com/image/upload/b_white,c_limit,dpr_1.0,f_auto,q_auto:low,w_150/d_ecommerce:backend-fallback.png/MAT_812094_PCE_LT"
Rimi,"Gaz.kolos sk.gaivusis gėrimas, COCA COLA, 1l",1.65,"https://rimibaltic-res.cloudinary.com/image/upload/b_white,c_limit,dpr_1.0,f_auto,q_auto:low,w_150/d_ecommerce:backend-fallback.png/MAT_1360568_PCE_LT"
Rimi,"Šiukšlių maišai PACLAN Eco, 60l, 15vnt",3.59,"https://rimibaltic-res.cloudinary.com/image/upload/b_white,c_limit,dpr_1.0,f_auto,q_auto:low,w_150/d_ecommerce:backend-fallback.png/MAT_7046692_PCE_LT"
Rimi,"Saldūs kukurūzai RIMI, 340g/285g",1.39,"https://rimibaltic-res.cloudinary.com/image/upload/b_white,c_limit,dpr_1.0,f_auto,q_auto:low,w_150/d_ecommerce:backend-fallback.png/MAT_801105_PCE_LT"
Rimi,"Grūdėta varškė PIENO ŽVAIGŽDĖS, 7%, 350g",2.29,"https://rimibaltic-res.cloudinary.com/image/upload/b_white,c_limit,dpr_auto,f_auto,h_216,q_1,w_216/d_ecommerce:backend-fallback.png/MAT_904617_PCE_LT"
Rimi,"Sl. bandelės su cinam. LIETUVOS KEPĖJAS, 320g",3.59,"https://rimibaltic-res.cloudinary.com/image/upload/b_white,c_limit,dpr_auto,f_auto,h_216,q_1,w_216/d_ecommerce:backend-fallback.png/MAT_914287_PCE_LT"
Rimi,"Vanilinis cukrus, 16g",0.37,"https://rimibaltic-res.cloudinary.com/image/upload/b_white,c_limit,dpr_auto,f_auto,h_216,q_1,w_216/d_ecommerce:backend-fallback.png/MAT_149478_PCE_LT"
Rimi,"Šaldyti bulviniai blynai FARM FRITTES, 540 g",2.75,"https://rimibaltic-res.cloudinary.com/image/upload/b_white,c_limit,dpr_auto,f_auto,h_216,q_1,w_216/d_ecommerce:backend-fallback.png/MAT_286624_PCE_LT"
Rimi,"Žaliosios lapinės salotos RIMI, 1vnt",0.99,"https://rimibaltic-res.cloudinary.com/image/upload/b_white,c_limit,dpr_auto,f_auto,h_216,q_1,w_216/d_ecommerce:backend-fallback.png/MAT_815948_PCE_LT"
Rimi,"Grikių kruopos GALINTA, 800 g",2.89,"https://rimibaltic-res.cloudinary.com/image/upload/b_white,c_limit,dpr_auto,f_auto,h_216,q_1,w_216/d_ecommerce:backend-fallback.png/MAT_133214_PCE_LT"
Rimi,"Gaz.kolos sk.gaiv. gėrimas, COCA COLA ZERO, 1",1.65,"https://rimibaltic-res.cloudinary.com/image/upload/b_white,c_limit,dpr_auto,f_auto,h_216,q_1,w_216/d_ecommerce:backend-fallback.png/MAT_1360569_PCE_LT"
Rimi,"Virtos GIMINIŲ dešrelės, a.r., 260g",2.69,"https://rimibaltic-res.cloudinary.com/image/upload/b_white,c_limit,dpr_auto,f_auto,h_216,q_1,w_216/d_ecommerce:backend-fallback.png/MAT_259647_PCE_LT"
Rimi,"Tuno gabaliukai savo sultyse RIMI MSC, 185g",1.89,"https://rimibaltic-res.cloudinary.com/image/upload/b_white,c_limit,dpr_1.0,f_auto,q_auto:low,w_150/d_ecommerce:backend-fallback.png/MAT_803886_PCE_LT"
Rimi,"DVARO varškė, 9 % rieb., 1 kg",7.99,"https://rimibaltic-res.cloudinary.com/image/upload/b_white,c_limit,dpr_1.0,f_auto,q_auto:low,w_150/d_ecommerce:backend-fallback.png/MAT_915818_PCE_LT"
Rimi,"Gr. nat. jogurtas GRAIKIŠKA AMFORA, 3,9%,200g",1.59,"https://rimibaltic-res.cloudinary.com/image/upload/b_white,c_limit,dpr_auto,f_auto,h_216,q_1,w_216/d_ecommerce:backend-fallback.png/MAT_927780_PCE_LT"
Rimi,"Pop. rankšl. RIMI , 2 sl. 600 l.",4.79,"https://rimibaltic-res.cloudinary.com/image/upload/b_white,c_limit,dpr_auto,f_auto,h_216,q_1,w_216/d_ecommerce:backend-fallback.png/MAT_816077_PCE_LT"
Rimi,"Šaldytų daržovių mišinys HORTEX MEXICO, 400 g",1.79,"https://rimibaltic-res.cloudinary.com/image/upload/b_white,c_limit,dpr_auto,f_auto,h_216,q_1,w_216/d_ecommerce:backend-fallback.png/MAT_224240_PCE_LT"
Rimi,"Kepimo milteliai, 30g",0.45,"https://rimibaltic-res.cloudinary.com/image/upload/b_white,c_limit,dpr_auto,f_auto,h_216,q_1,w_216/d_ecommerce:backend-fallback.png/MAT_149477_PCE_LT"
Rimi,"Tuno filė savo sultyse RIMI,MSC 3 x 80 g",4.49,"https://rimibaltic-res.cloudinary.com/image/upload/b_white,c_limit,dpr_auto,f_auto,h_216,q_1,w_216/d_ecommerce:backend-fallback.png/MAT_804917_PCE_LT"
Rimi,"Ekologiški špinatai BABY I LOVE ECO, 65g",1.29,"https://rimibaltic-res.cloudinary.com/image/upload/b_white,c_limit,dpr_auto,f_auto,h_216,q_1,w_216/d_ecommerce:backend-fallback.png/MAT_906229_PCE_LT"
Rimi,"Šald. krevetės R SEAFOOD, ASC, 31/40, 300 g",7.99,"https://rimibaltic-res.cloudinary.com/image/upload/b_white,c_limit,dpr_auto,f_auto,h_216,q_1,w_216/d_ecommerce:backend-fallback.png/MAT_965723_PCE_LT"
Rimi,"Šok. valg. ledai vaflin. ind. RIMI, 120ml/65g",0.39,"https://rimibaltic-res.cloudinary.com/image/upload/b_white,c_limit,dpr_auto,f_auto,h_216,q_1,w_216/d_ecommerce:backend-fallback.png/MAT_808813_PCE_LT"
Rimi,Pistacijos kepintos ir sūdytos PIGIAU 500g,7.99,"https://rimibaltic-res.cloudinary.com/image/upload/b_white,c_limit,dpr_auto,f_auto,h_216,q_1,w_216/d_ecommerce:backend-fallback.png/MAT_123630_PCE_LT"
Rimi,"Šald. matjes silkių filė be odos NOWACO, 350g",7.69,"https://rimibaltic-res.cloudinary.com/image/upload/b_white,c_limit,dpr_auto,f_auto,h_216,q_1,w_216/d_ecommerce:backend-fallback.png/MAT_955084_PCE_LT"
Rimi,"Vaniliniai valg. ledai KLASIKA, 1 l / 500 g",4.69,"https://rimibaltic-res.cloudinary.com/image/upload/b_white,c_limit,dpr_auto,f_auto,h_216,q_1,w_216/d_ecommerce:backend-fallback.png/MAT_212298_PCE_LT"
Rimi,"Duona SUMUŠTINIŲ, 500 g",1.27,"https://rimibaltic-res.cloudinary.com/image/upload/b_white,c_limit,dpr_1.0,f_auto,q_auto:low,w_150/d_ecommerce:backend-fallback.png/MAT_252587_PCE_LT"
Rimi,"Saul. dž. pomidor. aliej. RIMI, 280 g / 180 g",2.39,"https://rimibaltic-res.cloudinary.com/image/upload/b_white,c_limit,dpr_1.0,f_auto,q_auto:low,w_150/d_ecommerce:backend-fallback.png/MAT_809489_PCE_LT"
Rimi,"Baterijos ENERGIZER POWER LR06 AA, 4 vnt.",4.09,"https://rimibaltic-res.cloudinary.com/image/upload/b_white,c_limit,dpr_1.0,f_auto,q_auto:low,w_150/d_ecommerce:backend-fallback.png/MAT_430060_PCE_LT"
Rimi,Pomidorų pasta KĖDAINIŲ KONSERVAI 250g,1.89,"https://rimibaltic-res.cloudinary.com/image/upload/b_white,c_limit,dpr_auto,f_auto,h_216,q_1,w_216/d_ecommerce:backend-fallback.png/MAT_161465_PCE_LT"
Rimi,"Švž. ančiukų filė su oda LAPINO PUOTA, 1 kg",12.99,"https://rimibaltic-res.cloudinary.com/image/upload/b_white,c_limit,dpr_auto,f_auto,h_216,q_1,w_216/d_ecommerce:backend-fallback.png/MAT_285144_KGM_LT"
Rimi,"Viso grūdo kapotos avižos MALSENA, 500 g",1.99,"https://rimibaltic-res.cloudinary.com/image/upload/b_white,c_limit,dpr_auto,f_auto,h_216,q_1,w_216/d_ecommerce:backend-fallback.png/MAT_1002406_PCE_LT"
Rimi,"Klasik. grietin. valg. ledai POLS, 120ml/ 75g",1.49,"https://rimibaltic-res.cloudinary.com/image/upload/b_white,c_limit,dpr_auto,f_auto,h_216,q_1,w_216/d_ecommerce:backend-fallback.png/MAT_949071_PCE_LT"
Rimi,"Fasuotos bulvės RIMI 45+, kg",0.99,"https://rimibaltic-res.cloudinary.com/image/upload/b_white,c_limit,dpr_auto,f_auto,h_216,q_1,w_216/d_ecommerce:backend-fallback.png/MAT_816008_KGM_LT"
Rimi,"Vaniliniai valg. ledai BALTIJA, 150 ml / 95 g",2.49,"https://rimibaltic-res.cloudinary.com/image/upload/b_white,c_limit,dpr_auto,f_auto,h_216,q_1,w_216/d_ecommerce:backend-fallback.png/MAT_209527_PCE_LT"
Rimi,"Negazuotas mineralinis vanduo NEPTŪNAS, 1,5l",0.85,"https://rimibaltic-res.cloudinary.com/image/upload/b_white,c_limit,dpr_auto,f_auto,h_216,q_1,w_216/d_ecommerce:backend-fallback.png/MAT_1359670_PCE_LT"
Rimi,"Valg. ledai ESKIMO KARVUTĖ KLASIKA, 70 ml/60g",1.09,"https://rimibaltic-res.cloudinary.com/image/upload/b_white,c_limit,dpr_auto,f_auto,h_216,q_1,w_216/d_ecommerce:backend-fallback.png/MAT_274314_PCE_LT"
Rimi,"Grikių kruopos SKANĖJA, 500 g",2.09,"https://rimibaltic-res.cloudinary.com/image/upload/b_white,c_limit,dpr_auto,f_auto,h_216,q_1,w_216/d_ecommerce:backend-fallback.png/MAT_142887_PCE_LT"
Rimi,"Traški 3 sūrių pica su įd. krašt. RIMI, 434 g",4.99,"https://rimibaltic-res.cloudinary.com/image/upload/b_white,c_limit,dpr_auto,f_auto,h_216,q_1,w_216/d_ecommerce:backend-fallback.png/MAT_808706_PCE_LT"
Rimi,"Šald. pavasariškas darž. mišinys RIMI, 400 g",1.15,"https://rimibaltic-res.cloudinary.com/image/upload/b_white,c_limit,dpr_auto,f_auto,h_216,q_1,w_216/d_ecommerce:backend-fallback.png/MAT_801516_PCE_LT"
Rimi,"SUMUŠTINIŲ batonas, 350g",0.79,"https://rimibaltic-res.cloudinary.com/image/upload/b_white,c_limit,dpr_auto,f_auto,h_216,q_1,w_216/d_ecommerce:backend-fallback.png/MAT_248730_PCE_LT"
Rimi,"Malta kava LAVAZZA QUALITA ORO, 250 g",9.59,"https://rimibaltic-res.cloudinary.com/image/upload/b_white,c_limit,dpr_1.0,f_auto,q_auto:low,w_150/d_ecommerce:backend-fallback.png/MAT_111032_PCE_LT"
Rimi,"Sojos pupelės NICE N EASY, 400 g",3.99,"https://rimibaltic-res.cloudinary.com/image/upload/b_white,c_limit,dpr_1.0,f_auto,q_auto:low,w_150/d_ecommerce:backend-fallback.png/MAT_4002210_PCE_LT"
Rimi,"Juodosios pupelės RIMI, 400 g / 240 g",0.93,"https://rimibaltic-res.cloudinary.com/image/upload/b_white,c_limit,dpr_1.0,f_auto,q_auto:low,w_150/d_ecommerce:backend-fallback.png/MAT_811565_PCE_LT"
Rimi,"Piln.grūd.kviet. tortilijos RIMI PLANET, 370g",2.89,"https://rimibaltic-res.cloudinary.com/image/upload/b_white,c_limit,dpr_1.0,f_auto,q_auto:low,w_150/d_ecommerce:backend-fallback.png/MAT_811273_PCE_LT"
Rimi,"Šaldytos avietės RIMI, 400 g",4.99,"https://rimibaltic-res.cloudinary.com/image/upload/b_white,c_limit,dpr_auto,f_auto,h_216,q_1,w_216/d_ecommerce:backend-fallback.png/MAT_811678_PCE_LT"
Rimi,"Gazuotas gaivusis gėrimas COCA COLA, 1,5 l",2.15,"https://rimibaltic-res.cloudinary.com/image/upload/b_white,c_limit,dpr_auto,f_auto,h_216,q_1,w_216/d_ecommerce:backend-fallback.png/MAT_1360279_PCE_LT"
Rimi,"Gaz. gaivusis gėrimas COCA COLA ZERO, 1,5l",2.15,"https://rimibaltic-res.cloudinary.com/image/upload/b_white,c_limit,dpr_auto,f_auto,h_216,q_1,w_216/d_ecommerce:backend-fallback.png/MAT_1360299_PCE_LT"
Rimi,"Meksikietiškos tortilijos TEX MEX, 371g",3.59,"https://rimibaltic-res.cloudinary.com/image/upload/b_white,c_limit,dpr_auto,f_auto,h_216,q_1,w_216/d_ecommerce:backend-fallback.png/MAT_140580_PCE_LT"
Rimi,"Pieniniai javinukai JAVINĖ, 150 g",1.09,"https://rimibaltic-res.cloudinary.com/image/upload/b_white,c_limit,dpr_auto,f_auto,h_216,q_1,w_216/d_ecommerce:backend-fallback.png/MAT_146146_PCE_LT"
Rimi,"Koldūnai su vištiena VIČI TRADITIONAL, 400 g",3.79,"https://rimibaltic-res.cloudinary.com/image/upload/b_white,c_limit,dpr_auto,f_auto,h_216,q_1,w_216/d_ecommerce:backend-fallback.png/MAT_297436_PCE_LT"
Rimi,"Šal. krevetės be kiauto RIMI,MSC,250/300,180g",4.39,"https://rimibaltic-res.cloudinary.com/image/upload/b_white,c_limit,dpr_auto,f_auto,h_216,q_1,w_216/d_ecommerce:backend-fallback.png/MAT_812388_PCE_LT"
Rimi,"Šald. krevetės, virtos, luptos, MSC,450 g",8.99,"https://rimibaltic-res.cloudinary.com/image/upload/b_white,c_limit,dpr_auto,f_auto,h_216,q_1,w_216/d_ecommerce:backend-fallback.png/MAT_973153_PCE_LT"
Rimi,"Vanilinis plombyras KAR KAR, 130 ml / 70 g",1.09,"https://rimibaltic-res.cloudinary.com/image/upload/b_white,c_limit,dpr_1.0,f_auto,q_auto:low,w_150/d_ecommerce:backend-fallback.png/MAT_248808_PCE_LT"
Rimi,"UŽKALNIO TRADICINIAI koldūnai vir.,kep., 600g",2.49,"https://rimibaltic-res.cloudinary.com/image/upload/b_white,c_limit,dpr_1.0,f_auto,q_auto:low,w_150/d_ecommerce:backend-fallback.png/MAT_915923_PCE_LT"
Rimi,"Karamelin. valgom. ledai RIMI, 200 ml / 110 g",0.65,"https://rimibaltic-res.cloudinary.com/image/upload/b_white,c_limit,dpr_auto,f_auto,h_216,q_1,w_216/d_ecommerce:backend-fallback.png/MAT_813470_PCE_LT"
Rimi,"Jautienos antrekoto kepsnys RIMI, 200g",6.79,"https://rimibaltic-res.cloudinary.com/image/upload/b_white,c_limit,dpr_auto,f_auto,h_216,q_1,w_216/d_ecommerce:backend-fallback.png/MAT_809825_PCE_LT"
Rimi,"Kiaulienos sprandinė be kaulo, 1 kg",3.99,"https://rimibaltic-res.cloudinary.com/image/upload/b_white,c_limit,dpr_auto,f_auto,h_216,q_1,w_216/d_ecommerce:backend-fallback.png/MAT_811458_KGM_LT"
Rimi,"Mini tortilijos SANTA MARIA ORIGINAL, 200g",2.49,"https://rimibaltic-res.cloudinary.com/image/upload/b_white,c_limit,dpr_auto,f_auto,h_216,q_1,w_216/d_ecommerce:backend-fallback.png/MAT_192776_PCE_LT"
Rimi,"Saulėgrąžų aliejus RIMI, 1l",2.99,"https://rimibaltic-res.cloudinary.com/image/upload/b_white,c_limit,dpr_auto,f_auto,h_216,q_1,w_216/d_ecommerce:backend-fallback.png/MAT_801707_PCE_LT"
Rimi,"Pienas be laktozės MARGĖ, 3,2 % rieb., 1 l",1.49,"https://rimibaltic-res.cloudinary.com/image/upload/b_white,c_limit,dpr_auto,f_auto,h_216,q_1,w_216/d_ecommerce:backend-fallback.png/MAT_950828_PCE_LT"
Rimi,"Klevų sirupas ICA, 250 g",6.49,"https://rimibaltic-res.cloudinary.com/image/upload/b_white,c_limit,dpr_auto,f_auto,h_216,q_1,w_216/d_ecommerce:backend-fallback.png/MAT_811979_PCE_LT"
Rimi,"Traškučiai su grietine ir svogūnais OHO!,60g",0.65,"https://rimibaltic-res.cloudinary.com/image/upload/b_white,c_limit,dpr_auto,f_auto,h_216,q_1,w_216/d_ecommerce:backend-fallback.png/MAT_170378_PCE_LT"
Rimi,"HALLOUMI sūris RIMI PLANET, 200 g",2.99,"https://rimibaltic-res.cloudinary.com/image/upload/b_white,c_limit,dpr_auto,f_auto,h_216,q_1,w_216/d_ecommerce:backend-fallback.png/MAT_815170_PCE_LT"
Rimi,"Maistinė acto rūgštis RIMI SMART, 9%, 1 l",0.35,"https://rimibaltic-res.cloudinary.com/image/upload/b_white,c_limit,dpr_auto,f_auto,h_216,q_1,w_216/d_ecommerce:backend-fallback.png/MAT_809875_PCE_LT"
Rimi,"Baltosios pupelės RIMI, 400 g / 240 g",0.93,"https://rimibaltic-res.cloudinary.com/image/upload/b_white,c_limit,dpr_auto,f_auto,h_216,q_1,w_216/d_ecommerce:backend-fallback.png/MAT_808456_PCE_LT"
Rimi,"Kvietiniai miltai MALSENA, 2 kg",2.19,"https://rimibaltic-res.cloudinary.com/image/upload/b_white,c_limit,dpr_1.0,f_auto,q_auto:low,w_150/d_ecommerce:backend-fallback.png/MAT_154194_PCE_LT"
Rimi,"Virtas KARALIŠKAS kalak. kumpis BIOVELA, 90 g",1.99,"https://rimibaltic-res.cloudinary.com/image/upload/b_white,c_limit,dpr_1.0,f_auto,q_auto:low,w_150/d_ecommerce:backend-fallback.png/MAT_981430_PCE_LT"
Rimi,"Juod. alyvuogės RIMI be kaul., 345 g / 160 g",1.95,"https://rimibaltic-res.cloudinary.com/image/upload/b_white,c_limit,dpr_1.0,f_auto,q_auto:low,w_150/d_ecommerce:backend-fallback.png/MAT_802899_PCE_LT"
Rimi,"Džiūvėsėliai RIMI, 400g",2.15,"https://rimibaltic-res.cloudinary.com/image/upload/b_white,c_limit,dpr_auto,f_auto,h_216,q_1,w_216/d_ecommerce:backend-fallback.png/MAT_807909_PCE_LT"
Rimi,"Vanilės skon. valg. ledai RIMI, 120 ml / 65 g",0.35,"https://rimibaltic-res.cloudinary.com/image/upload/b_white,c_limit,dpr_auto,f_auto,h_216,q_1,w_216/d_ecommerce:backend-fallback.png/MAT_808828_PCE_LT"
Rimi,"Smulki jūros druska RIMI, 500g",0.65,"https://rimibaltic-res.cloudinary.com/image/upload/b_white,c_limit,dpr_auto,f_auto,h_216,q_1,w_216/d_ecommerce:backend-fallback.png/MAT_806991_PCE_LT"
Rimi,"Lukštentos moliūgų sėklos ARIMEX, 100g",2.49,"https://rimibaltic-res.cloudinary.com/image/upload/b_white,c_limit,dpr_auto,f_auto,h_216,q_1,w_216/d_ecommerce:backend-fallback.png/MAT_152530_PCE_LT"
Rimi,"Varškė su mangais GRAIKIŠKA AMFORA,0,8%,200g",1.65,"https://rimibaltic-res.cloudinary.com/image/upload/b_white,c_limit,dpr_auto,f_auto,h_216,q_1,w_216/d_ecommerce:backend-fallback.png/MAT_949241_PCE_LT"
Rimi,"Virtos GIMINIŲ dešrelės, a.r., 860g",7.99,"https://rimibaltic-res.cloudinary.com/image/upload/b_white,c_limit,dpr_auto,f_auto,h_216,q_1,w_216/d_ecommerce:backend-fallback.png/M_4770118409892_LT"
Rimi,"Žal.bes. vynuogės MELANIE, 1kl., 500g",2.99,"https://rimibaltic-res.cloudinary.com/image/upload/b_white,c_limit,dpr_auto,f_auto,h_216,q_1,w_216/d_ecommerce:backend-fallback.png/MAT_213328_PCE_LT"
Rimi,"Šaldytų daržovių mišinys HORTEX VIP MIX, 400g",1.79,"https://rimibaltic-res.cloudinary.com/image/upload/b_white,c_limit,dpr_auto,f_auto,h_216,q_1,w_216/d_ecommerce:backend-fallback.png/MAT_223910_PCE_LT"
Rimi,"Česnakų granulės SALDVA, 32g",0.89,"https://rimibaltic-res.cloudinary.com/image/upload/b_white,c_limit,dpr_auto,f_auto,h_216,q_1,w_216/d_ecommerce:backend-fallback.png/MAT_154766_PCE_LT"
Rimi,"ŽEMAITIJOS pienas be lakt. A2, 3,5% rieb.0,9l",1.69,"https://rimibaltic-res.cloudinary.com/image/upload/b_white,c_limit,dpr_auto,f_auto,h_216,q_1,w_216/d_ecommerce:backend-fallback.png/MAT_999362_PCE_LT"
Rimi,"Bazil. PESTO padažas SELECTION BY RIMI, 185g",2.99,"https://rimibaltic-res.cloudinary.com/image/upload/b_white,c_limit,dpr_auto,f_auto,h_216,q_1,w_216/d_ecommerce:backend-fallback.png/MAT_804847_PCE_LT"
Rimi,"Varškė GRAIKIŠKA AMFORA PROTEIN, 0,9 %,200g",1.65,"https://rimibaltic-res.cloudinary.com/image/upload/b_white,c_limit,dpr_auto,f_auto,h_216,q_1,w_216/d_ecommerce:backend-fallback.png/MAT_949228_PCE_LT"
Rimi,"Gl. vanilin. plombyras NYKŠTUKAS, 4x80ml/232g",4.69,"https://rimibaltic-res.cloudinary.com/image/upload/b_white,c_limit,dpr_1.0,f_auto,q_auto:low,w_150/d_ecommerce:backend-fallback.png/MAT_943824_PCE_LT"
Rimi,"Ekologišk. vištienos sultinys I LOVE ECO, 66g",2.49,"https://rimibaltic-res.cloudinary.com/image/upload/b_white,c_limit,dpr_1.0,f_auto,q_auto:low,w_150/d_ecommerce:backend-fallback.png/MAT_808312_PCE_LT"
Rimi,"Užšaldytas uogų mišinys RIMI, 400g",3.89,"https://rimibaltic-res.cloudinary.com/image/upload/b_white,c_limit,dpr_1.0,f_auto,q_auto:low,w_150/d_ecommerce:backend-fallback.png/MAT_812712_PCE_LT"
Rimi,"Geltonieji melionai, 1 kg",2.49,"https://rimibaltic-res.cloudinary.com/image/upload/b_white,c_limit,dpr_1.0,f_auto,q_auto:low,w_150/d_ecommerce:backend-fallback.png/MAT_268817_KGM_LT"
Rimi,"Šaldyta pica RISTORANTE PROSCIUTTO, 340 g",4.39,"https://rimibaltic-res.cloudinary.com/image/upload/b_white,c_limit,dpr_auto,f_auto,h_216,q_1,w_216/d_ecommerce:backend-fallback.png/MAT_987910_PCE_LT"
Rimi,"Lašišų filė su priesk. SELECTION BY RIMI,100g",2.95,"https://rimibaltic-res.cloudinary.com/image/upload/b_white,c_limit,dpr_auto,f_auto,h_216,q_1,w_216/d_ecommerce:backend-fallback.png/MAT_811817_PCE_LT"
Rimi,"Grikių kruopos SKANĖJA, 800 g",3.19,"https://rimibaltic-res.cloudinary.com/image/upload/b_white,c_limit,dpr_auto,f_auto,h_216,q_1,w_216/d_ecommerce:backend-fallback.png/MAT_153320_PCE_LT"
Rimi,"Smulkinta atšaldyta kiauliena RIMI, 20%, 500g",1.99,"https://rimibaltic-res.cloudinary.com/image/upload/b_white,c_limit,dpr_auto,f_auto,h_216,q_1,w_216/d_ecommerce:backend-fallback.png/MAT_807966_PCE_LT"
Rimi,"Sausainiai SELGA, 180 g",1.15,"https://rimibaltic-res.cloudinary.com/image/upload/b_white,c_limit,dpr_auto,f_auto,h_216,q_1,w_216/d_ecommerce:backend-fallback.png/MAT_123661_PCE_LT"
Rimi,"Makaronai LA MOLISANA CAPELLINI, 500 g",1.79,"https://rimibaltic-res.cloudinary.com/image/upload/b_white,c_limit,dpr_auto,f_auto,h_216,q_1,w_216/d_ecommerce:backend-fallback.png/MAT_182153_PCE_LT"
Rimi,"Šok. valg. ledai su šok. RIMI, 200 ml / 110 g",0.65,"https://rimibaltic-res.cloudinary.com/image/upload/b_white,c_limit,dpr_auto,f_auto,h_216,q_1,w_216/d_ecommerce:backend-fallback.png/MAT_813471_PCE_LT"
Rimi,"Valg. ledai su razinomis KARALIŠKI,800ml/430g",8.49,"https://rimibaltic-res.cloudinary.com/image/upload/b_white,c_limit,dpr_auto,f_auto,h_216,q_1,w_216/d_ecommerce:backend-fallback.png/MAT_976589_PCE_LT"
Rimi,"Apelsinų sultys SELECTION BY RIMI 100 %, 1 l",2.99,"https://rimibaltic-res.cloudinary.com/image/upload/b_white,c_limit,dpr_1.0,f_auto,q_auto:low,w_150/d_ecommerce:backend-fallback.png/MAT_807931_PCE_LT"
Rimi,"Makaronai LA MOLISANA PENNE, 500 g",1.79,"https://rimibaltic-res.cloudinary.com/image/upload/b_white,c_limit,dpr_1.0,f_auto,q_auto:low,w_150/d_ecommerce:backend-fallback.png/MAT_189818_PCE_LT"
Rimi,"Jog.VILKYŠKIŲ su drib.ir dž.spang.4,3% r.200g",0.95,"https://rimibaltic-res.cloudinary.com/image/upload/b_white,c_limit,dpr_auto,f_auto,h_216,q_1,w_216/d_ecommerce:backend-fallback.png/MAT_288874_PCE_LT"
Rimi,"Šald. sluoksn. bemielė tešla MANTINGA, 500 g",2.29,"https://rimibaltic-res.cloudinary.com/image/upload/b_white,c_limit,dpr_auto,f_auto,h_216,q_1,w_216/d_ecommerce:backend-fallback.png/MAT_277283_PCE_LT"
Rimi,"Tep. lyd. sūrel. RAMBYNO MILDUTĖ, 50 %, 175 g",1.69,"https://rimibaltic-res.cloudinary.com/image/upload/b_white,c_limit,dpr_auto,f_auto,h_216,q_1,w_216/d_ecommerce:backend-fallback.png/MAT_205867_PCE_LT"
Rimi,"Virtiniai su bulv. ir šon. įd. RESTERA, 400 g",4.09,"https://rimibaltic-res.cloudinary.com/image/upload/b_white,c_limit,dpr_auto,f_auto,h_216,q_1,w_216/d_ecommerce:backend-fallback.png/MAT_290495_PCE_LT"
Rimi,"Ilgragrūdžiai BASMATI ryžiai GRALLA, 800 g",2.99,"https://rimibaltic-res.cloudinary.com/image/upload/b_white,c_limit,dpr_auto,f_auto,h_216,q_1,w_216/d_ecommerce:backend-fallback.png/MAT_1006448_PCE_LT"
Rimi,"Saliamio rink. SELECTION BY RIMI MILANO, 70 g",2.45,"https://rimibaltic-res.cloudinary.com/image/upload/b_white,c_limit,dpr_auto,f_auto,h_216,q_1,w_216/d_ecommerce:backend-fallback.png/MAT_803266_PCE_LT"
Rimi,"Vatos padeliai ALMEDA SUPER SOFT, 100vnt.",1.49,"https://rimibaltic-res.cloudinary.com/image/upload/b_white,c_limit,dpr_auto,f_auto,h_216,q_1,w_216/d_ecommerce:backend-fallback.png/MAT_812181_PCE_LT"
Rimi,"Gliaudyti migdolai AWAKE, 400 g",3.99,"https://rimibaltic-res.cloudinary.com/image/upload/b_white,c_limit,dpr_auto,f_auto,h_216,q_1,w_216/d_ecommerce:backend-fallback.png/MAT_804432_PCE_LT"
Rimi,"Tortilijos SANTA MARIA ORIGINAL, 8 vnt, 320 g",3.39,"https://rimibaltic-res.cloudinary.com/image/upload/b_white,c_limit,dpr_auto,f_auto,h_216,q_1,w_216/d_ecommerce:backend-fallback.png/MAT_162087_PCE_LT"
Rimi,"Kečupas HEINZ, 460g",3.79,"https://rimibaltic-res.cloudinary.com/image/upload/b_white,c_limit,dpr_auto,f_auto,h_216,q_1,w_216/d_ecommerce:backend-fallback.png/MAT_120821_PCE_LT"
Rimi,"Maltos saldžiosios paprikos SANTA MARIA, 22g",1.09,"https://rimibaltic-res.cloudinary.com/image/upload/b_white,c_limit,dpr_auto,f_auto,h_216,q_1,w_216/d_ecommerce:backend-fallback.png/MAT_100273_PCE_LT"
Rimi,"Makaronai BARILLA SPAGHETTI Nr. 5, 500 g",2.29,"https://rimibaltic-res.cloudinary.com/image/upload/b_white,c_limit,dpr_1.0,f_auto,q_auto:low,w_150/d_ecommerce:backend-fallback.png/MAT_136916_PCE_LT"
Rimi,"Mažas pyragėlis su obuolių įdaru, 50 g",0.45,"https://rimibaltic-res.cloudinary.com/image/upload/b_white,c_limit,dpr_1.0,f_auto,q_auto:low,w_150/d_ecommerce:backend-fallback.png/MAT_4002419_PCE_LT"
Rimi,"Sūris su baltuoju pelėsiu RIMI BRIE, 125g",1.49,"https://rimibaltic-res.cloudinary.com/image/upload/b_white,c_limit,dpr_1.0,f_auto,q_auto:low,w_150/d_ecommerce:backend-fallback.png/MAT_810575_PCE_LT"
Rimi,"Raud.greipfr.RIMI Star Ruby,1kl,kg",2.49,"https://rimibaltic-res.cloudinary.com/image/upload/b_white,c_limit,dpr_auto,f_auto,h_216,q_1,w_216/d_ecommerce:backend-fallback.png/MAT_297340_KGM_LT"
Rimi,"Ekologiški grikiai DOBELE, 500 g",2.89,"https://rimibaltic-res.cloudinary.com/image/upload/b_white,c_limit,dpr_auto,f_auto,h_216,q_1,w_216/d_ecommerce:backend-fallback.png/MAT_182461_PCE_LT"
Rimi,"Šald. menkių filė kepsn. FINDUS, MSC, 250 g",3.89,"https://rimibaltic-res.cloudinary.com/image/upload/b_white,c_limit,dpr_auto,f_auto,h_216,q_1,w_216/d_ecommerce:backend-fallback.png/MAT_972721_PCE_LT"
Rimi,"Ančių kepenėlių paštetas NOO.I r., 200 g",1.65,"https://rimibaltic-res.cloudinary.com/image/upload/b_white,c_limit,dpr_auto,f_auto,h_216,q_1,w_216/d_ecommerce:backend-fallback.png/MAT_912559_PCE_LT"
Rimi,"Kvietiniai miltai EKSTRA, 405 D, 1,75 kg",2.39,"https://rimibaltic-res.cloudinary.com/image/upload/b_white,c_limit,dpr_auto,f_auto,h_216,q_1,w_216/d_ecommerce:backend-fallback.png/MAT_146312_PCE_LT"
Rimi,"Sviest. mielinė tešla SELECTION BY RIMI, 400g",4.19,"https://rimibaltic-res.cloudinary.com/image/upload/b_white,c_limit,dpr_auto,f_auto,h_216,q_1,w_216/d_ecommerce:backend-fallback.png/MAT_803757_PCE_LT"
Rimi,"Šaldytos šparaginės pupelės RIMI, 400 g",1.99,"https://rimibaltic-res.cloudinary.com/image/upload/b_white,c_limit,dpr_auto,f_auto,h_216,q_1,w_216/d_ecommerce:backend-fallback.png/MAT_804765_PCE_LT"
Rimi,"Paprast. virtos midijos NOWACO EXCLUSIVE,300g",3.79,"https://rimibaltic-res.cloudinary.com/image/upload/b_white,c_limit,dpr_auto,f_auto,h_216,q_1,w_216/d_ecommerce:backend-fallback.png/MAT_911337_PCE_LT"
Rimi,"Kedrinės pinijos ARIMEX, 50g",3.99,"https://rimibaltic-res.cloudinary.com/image/upload/b_white,c_limit,dpr_auto,f_auto,h_216,q_1,w_216/d_ecommerce:backend-fallback.png/MAT_147077_PCE_LT"
Rimi,"Obuolių sultys RIMI, 1 l",1.39,"https://rimibaltic-res.cloudinary.com/image/upload/b_white,c_limit,dpr_auto,f_auto,h_216,q_1,w_216/d_ecommerce:backend-fallback.png/MAT_801004_PCE_LT"
Rimi,"Vanilinis plombyras DADU, 120 ml / 65 g",1.19,"https://rimibaltic-res.cloudinary.com/image/upload/b_white,c_limit,dpr_auto,f_auto,h_216,q_1,w_216/d_ecommerce:backend-fallback.png/MAT_248769_PCE_LT"
Rimi,"Pienas MARGĖ, UAT, 3,2 % rieb., 1 l",1.49,"https://rimibaltic-res.cloudinary.com/image/upload/b_white,c_limit,dpr_auto,f_auto,h_216,q_1,w_216/d_ecommerce:backend-fallback.png/MAT_263216_PCE_LT"
Rimi,"Apvalieji ryžiai GRALLA, 800 g",2.99,"https://rimibaltic-res.cloudinary.com/image/upload/b_white,c_limit,dpr_1.0,f_auto,q_auto:low,w_150/d_ecommerce:backend-fallback.png/MAT_1006474_PCE_LT"
Rimi,"Graikiniai riešutai RIMI be kevalųi, 150 g",1.89,"https://rimibaltic-res.cloudinary.com/image/upload/b_white,c_limit,dpr_1.0,f_auto,q_auto:low,w_150/d_ecommerce:backend-fallback.png/MAT_812513_PCE_LT"
Rimi,"Sausainiai su šokolado gabalėliais RIMI, 150g",1.79,"https://rimibaltic-res.cloudinary.com/image/upload/b_white,c_limit,dpr_1.0,f_auto,q_auto:low,w_150/d_ecommerce:backend-fallback.png/MAT_801290_PCE_LT"
Rimi,"Tuno filė alyv. aliejuje RIMI, MSC 3 x 80 g",4.49,"https://rimibaltic-res.cloudinary.com/image/upload/b_white,c_limit,dpr_1.0,f_auto,q_auto:low,w_150/d_ecommerce:backend-fallback.png/MAT_804901_PCE_LT"
Rimi,"Pilno grūdo makar. LA MOLISANA RADIAT., 500 g",2.19,"https://rimibaltic-res.cloudinary.com/image/upload/b_white,c_limit,dpr_auto,f_auto,h_216,q_1,w_216/d_ecommerce:backend-fallback.png/MAT_182147_PCE_LT"
Rimi,"Sūrio gaminys PHILADELPHIA Light, 125 g",2.12,"https://rimibaltic-res.cloudinary.com/image/upload/b_white,c_limit,dpr_auto,f_auto,h_216,q_1,w_216/d_ecommerce:backend-fallback.png/MAT_273050_PCE_LT"
Rimi,"Šokoladinis plombyras DADU, 120 ml / 65 g",1.19,"https://rimibaltic-res.cloudinary.com/image/upload/b_white,c_limit,dpr_auto,f_auto,h_216,q_1,w_216/d_ecommerce:backend-fallback.png/MAT_298223_PCE_LT"
Rimi,"Pienas MARGĖ, UAT, 2,0 % rieb., 1 l",1.35,"https://rimibaltic-res.cloudinary.com/image/upload/b_white,c_limit,dpr_auto,f_auto,h_216,q_1,w_216/d_ecommerce:backend-fallback.png/MAT_263214_PCE_LT"
Rimi,"Šokoladas KINDER, 200 g",4.49,"https://rimibaltic-res.cloudinary.com/image/upload/b_white,c_limit,dpr_auto,f_auto,h_216,q_1,w_216/d_ecommerce:backend-fallback.png/MAT_198493_PCE_LT"
Rimi,"Smulk. tunas savo sultyse RIMI SMART, 185 g",1.09,"https://rimibaltic-res.cloudinary.com/image/upload/b_white,c_limit,dpr_auto,f_auto,h_216,q_1,w_216/d_ecommerce:backend-fallback.png/MAT_811479_PCE_LT"
Rimi,"Van. plombyr. su migd. NYKŠTUKAS, 4x80ml/252g",4.69,"https://rimibaltic-res.cloudinary.com/image/upload/b_white,c_limit,dpr_auto,f_auto,h_216,q_1,w_216/d_ecommerce:backend-fallback.png/MAT_977162_PCE_LT"
Rimi,"ROKIŠKIO NAMINĖ varškė, 9 %, 180 g",1.09,"https://rimibaltic-res.cloudinary.com/image/upload/b_white,c_limit,dpr_auto,f_auto,h_216,q_1,w_216/d_ecommerce:backend-fallback.png/MAT_252241_PCE_LT"
Rimi,"Anakardžių riešutai RIMI, 150g",2.99,"https://rimibaltic-res.cloudinary.com/image/upload/b_white,c_limit,dpr_1.0,f_auto,q_auto:low,w_150/d_ecommerce:backend-fallback.png/MAT_805562_PCE_LT"
Rimi,"KARALIŠKI manai MALSENA, 400 g",1.09,"https://rimibaltic-res.cloudinary.com/image/upload/b_white,c_limit,dpr_1.0,f_auto,q_auto:low,w_150/d_ecommerce:backend-fallback.png/MAT_161460_PCE_LT"
Rimi,"Bazilikų Pesto padažas SELECTION BY RIMI,130g",2.29,"https://rimibaltic-res.cloudinary.com/image/upload/b_white,c_limit,dpr_auto,f_auto,h_216,q_1,w_216/d_ecommerce:backend-fallback.png/MAT_803253_PCE_LT"
Rimi,"Pomidorų PESTO pad., SELECTION BY RIMI, 130g",2.85,"https://rimibaltic-res.cloudinary.com/image/upload/b_white,c_limit,dpr_auto,f_auto,h_216,q_1,w_216/d_ecommerce:backend-fallback.png/MAT_803254_PCE_LT"
Rimi,"Šaldyti kalmarų žiedai NOWACO EXCLUSIVE, 300g",3.19,"https://rimibaltic-res.cloudinary.com/image/upload/b_white,c_limit,dpr_auto,f_auto,h_216,q_1,w_216/d_ecommerce:backend-fallback.png/MAT_903139_PCE_LT"
Rimi,"ŽEMAIČIŲ virtiniai su varšk. įd. RESTERA,400g",3.99,"https://rimibaltic-res.cloudinary.com/image/upload/b_white,c_limit,dpr_auto,f_auto,h_216,q_1,w_216/d_ecommerce:backend-fallback.png/MAT_955624_PCE_LT"
Rimi,"Jogurtas VILKYŠKIŲ su pers.3,6 % rieb. 350 g",1.11,"https://rimibaltic-res.cloudinary.com/image/upload/b_white,c_limit,dpr_auto,f_auto,h_216,q_1,w_216/d_ecommerce:backend-fallback.png/MAT_282137_PCE_LT"
Rimi,"Koldūnai su mėsos įdaru PINIGĖLIAI, 500 g",4.19,"https://rimibaltic-res.cloudinary.com/image/upload/b_white,c_limit,dpr_auto,f_auto,h_216,q_1,w_216/d_ecommerce:backend-fallback.png/MAT_905168_PCE_LT"
Rimi,"Ledas iš išgryninto vandens RIMI, 1 kg",0.75,"https://rimibaltic-res.cloudinary.com/image/upload/b_white,c_limit,dpr_auto,f_auto,h_216,q_1,w_216/d_ecommerce:backend-fallback.png/MAT_807960_PCE_LT"
Rimi,"Vafliniai saldainiai LAZY COW, 1kg",7.95,"https://rimibaltic-res.cloudinary.com/image/upload/b_white,c_limit,dpr_auto,f_auto,h_216,q_1,w_216/d_ecommerce:backend-fallback.png/MAT_168916_KGM_LT"
Rimi,"Ekologiškas daržovių sultinys I LOVE ECO, 66g",2.49,"https://rimibaltic-res.cloudinary.com/image/upload/b_white,c_limit,dpr_auto,f_auto,h_216,q_1,w_216/d_ecommerce:backend-fallback.png/MAT_808328_PCE_LT"
Rimi,"Varškė su avietėm GRAIKIŠKA AMFORA,0,8%,200g",1.65,"https://rimibaltic-res.cloudinary.com/image/upload/b_white,c_limit,dpr_auto,f_auto,h_216,q_1,w_216/d_ecommerce:backend-fallback.png/MAT_949240_PCE_LT"
Rimi,"Varškė su šilauog. GRAIKIŠKA AMFORA,0,8%,200g",1.65,"https://rimibaltic-res.cloudinary.com/image/upload/b_white,c_limit,dpr_auto,f_auto,h_216,q_1,w_216/d_ecommerce:backend-fallback.png/MAT_949250_PCE_LT"
Rimi,"Malta kava PAULIG CLASSIC, 500 g",10.99,"https://rimibaltic-res.cloudinary.com/image/upload/b_white,c_limit,dpr_1.0,f_auto,q_auto:low,w_150/d_ecommerce:backend-fallback.png/MAT_123656_PCE_LT"
Rimi,"Pienas be laktozės MARGĖ, 1,5%, UAT, 1 l",1.49,"https://rimibaltic-res.cloudinary.com/image/upload/b_white,c_limit,dpr_1.0,f_auto,q_auto:low,w_150/d_ecommerce:backend-fallback.png/MAT_989267_PCE_LT"
Rimi,"Jogurtas VILKYŠKIŲ su vyš.3,6 % rieb. 200 g",0.76,"https://rimibaltic-res.cloudinary.com/image/upload/b_white,c_limit,dpr_1.0,f_auto,q_auto:low,w_150/d_ecommerce:backend-fallback.png/MAT_286916_PCE_LT"
Rimi,"Neraf. cukranendrių cukrus DAN SUKKER, 750g",3.15,"https://rimibaltic-res.cloudinary.com/image/upload/b_white,c_limit,dpr_auto,f_auto,h_216,q_1,w_216/d_ecommerce:backend-fallback.png/MAT_159776_PCE_LT"
Rimi,"Sezamų sėklos RIMI, 200g",1.19,"https://rimibaltic-res.cloudinary.com/image/upload/b_white,c_limit,dpr_auto,f_auto,h_216,q_1,w_216/d_ecommerce:backend-fallback.png/MAT_805846_PCE_LT"
Rimi,"Šald. pica kump.,sūr.,piev. RIMI ROYALE, 570g",4.99,"https://rimibaltic-res.cloudinary.com/image/upload/b_white,c_limit,dpr_auto,f_auto,h_216,q_1,w_216/d_ecommerce:backend-fallback.png/MAT_810802_PCE_LT"
Rimi,"Pyragas Draugystė, 1kg",9.99,"https://rimibaltic-res.cloudinary.com/image/upload/b_white,c_limit,dpr_auto,f_auto,h_216,q_1,w_216/d_ecommerce:backend-fallback.png/MAT_939164_KGM_LT"
Rimi,"Basmati ryžiai RIMI PLANET, 500 g",1.85,"https://rimibaltic-res.cloudinary.com/image/upload/b_white,c_limit,dpr_auto,f_auto,h_216,q_1,w_216/d_ecommerce:backend-fallback.png/MAT_803639_PCE_LT"
Rimi,"Vytint. kumpis SERRANO SELECTION BY RIMI, 80g",2.39,"https://rimibaltic-res.cloudinary.com/image/upload/b_white,c_limit,dpr_auto,f_auto,h_216,q_1,w_216/d_ecommerce:backend-fallback.png/MAT_808263_PCE_LT"
Rimi,"Šaldyti 8 kruasanai su šokoladu MANTINGA,360g",4.19,"https://rimibaltic-res.cloudinary.com/image/upload/b_white,c_limit,dpr_auto,f_auto,h_216,q_1,w_216/d_ecommerce:backend-fallback.png/MAT_964648_PCE_LT"
Rimi,"Bandel. su aguonų įdaru BEATOS VIRTUVĖ, 320 g",4.99,"https://rimibaltic-res.cloudinary.com/image/upload/b_white,c_limit,dpr_auto,f_auto,h_216,q_1,w_216/d_ecommerce:backend-fallback.png/MAT_4008954_PCE_LT"
Rimi,"Riešutų mišinys ARIMEX PREMIUM, 300g",7.99,"https://rimibaltic-res.cloudinary.com/image/upload/b_white,c_limit,dpr_auto,f_auto,h_216,q_1,w_216/d_ecommerce:backend-fallback.png/MAT_174563_PCE_LT"
Rimi,"Saldainiai KORIVKA, 1kg",4.99,"https://rimibaltic-res.cloudinary.com/image/upload/b_white,c_limit,dpr_auto,f_auto,h_216,q_1,w_216/d_ecommerce:backend-fallback.png/MAT_176573_KGM_LT"
Rimi,"Traškučiai su krapais OHO!, 60g",0.65,"https://rimibaltic-res.cloudinary.com/image/upload/b_white,c_limit,dpr_auto,f_auto,h_216,q_1,w_216/d_ecommerce:backend-fallback.png/MAT_170367_PCE_LT"
Rimi,"Daržovės kepti su rytiet. pagard. HORTEX,400g",2.19,"https://rimibaltic-res.cloudinary.com/image/upload/b_white,c_limit,dpr_auto,f_auto,h_216,q_1,w_216/d_ecommerce:backend-fallback.png/MAT_223929_PCE_LT"
Rimi,"Riešutų batonėlis RIMI su migdolais, 35 g",0.78,"https://rimibaltic-res.cloudinary.com/image/upload/b_white,c_limit,dpr_1.0,f_auto,q_auto:low,w_150/d_ecommerce:backend-fallback.png/MAT_812599_PCE_LT"
Rimi,"Šald. lazanija su Bolonijos padažu RIMI, 400g",4.59,"https://rimibaltic-res.cloudinary.com/image/upload/b_white,c_limit,dpr_1.0,f_auto,q_auto:low,w_150/d_ecommerce:backend-fallback.png/MAT_801151_PCE_LT"
Rimi,"Jogurtas VILKYŠKIŲ su pers.3,6 % rieb. 200 g",0.76,"https://rimibaltic-res.cloudinary.com/image/upload/b_white,c_limit,dpr_1.0,f_auto,q_auto:low,w_150/d_ecommerce:backend-fallback.png/MAT_286914_PCE_LT"
Rimi,"Tortilijos viso gr. SANTA MARIA, 8 vnt, 320 g",3.09,"https://rimibaltic-res.cloudinary.com/image/upload/b_white,c_limit,dpr_1.0,f_auto,q_auto:low,w_150/d_ecommerce:backend-fallback.png/MAT_128672_PCE_LT"
Rimi,"Saul. džiov. pomid. I LOVE ECO, 135 g / 75 g",3.39,"https://rimibaltic-res.cloudinary.com/image/upload/b_white,c_limit,dpr_auto,f_auto,h_216,q_1,w_216/d_ecommerce:backend-fallback.png/MAT_808080_PCE_LT"
Rimi,"Vyt. kump. SELECTION BY RIMI PROSCIUTTO, 70 g",2.39,"https://rimibaltic-res.cloudinary.com/image/upload/b_white,c_limit,dpr_auto,f_auto,h_216,q_1,w_216/d_ecommerce:backend-fallback.png/MAT_803263_PCE_LT"
Rimi,"Tyrelė I LOVE ECO kriauš. banan., 6 mėn, 90 g",1.09,"https://rimibaltic-res.cloudinary.com/image/upload/b_white,c_limit,dpr_auto,f_auto,h_216,q_1,w_216/d_ecommerce:backend-fallback.png/MAT_805179_PCE_LT"
Rimi,"Baterijos ENERGIZER POWER LR03 AAA, 4 vnt.",4.09,"https://rimibaltic-res.cloudinary.com/image/upload/b_white,c_limit,dpr_auto,f_auto,h_216,q_1,w_216/d_ecommerce:backend-fallback.png/MAT_620138_PCE_LT"
Rimi,"Plikyti ryžiai SKANĖJA, 500 g",1.65,"https://rimibaltic-res.cloudinary.com/image/upload/b_white,c_limit,dpr_auto,f_auto,h_216,q_1,w_216/d_ecommerce:backend-fallback.png/MAT_136472_PCE_LT"
Rimi,"Šaltai rūkytas GIMINIŲ saliamis, a. r., 90 g",2.09,"https://rimibaltic-res.cloudinary.com/image/upload/b_white,c_limit,dpr_auto,f_auto,h_216,q_1,w_216/d_ecommerce:backend-fallback.png/MAT_4001374_PCE_LT"
Rimi,"Šalavijų sėklos RIMI, 150 g",3.09,"https://rimibaltic-res.cloudinary.com/image/upload/b_white,c_limit,dpr_auto,f_auto,h_216,q_1,w_216/d_ecommerce:backend-fallback.png/MAT_812878_PCE_LT"
Rimi,"Sulčių gėrimas RIMI įvairių vaisių, 200 ml",0.26,"https://rimibaltic-res.cloudinary.com/image/upload/b_white,c_limit,dpr_auto,f_auto,h_216,q_1,w_216/d_ecommerce:backend-fallback.png/MAT_812378_PCE_LT"
Rimi,"Makaronai BARILLA FUSILLI Nr. 98, 500 g",2.29,"https://rimibaltic-res.cloudinary.com/image/upload/b_white,c_limit,dpr_1.0,f_auto,q_auto:low,w_150/d_ecommerce:backend-fallback.png/MAT_136903_PCE_LT"
Rimi,"Koldūnai su višt.,sūr.,bar. TRADITIONAL,400g",4.19,"https://rimibaltic-res.cloudinary.com/image/upload/b_white,c_limit,dpr_1.0,f_auto,q_auto:low,w_150/d_ecommerce:backend-fallback.png/MAT_296505_PCE_LT"
Rimi,"Citrinų sultys iš koncentrato ICA, 200ml",0.69,"https://rimibaltic-res.cloudinary.com/image/upload/b_white,c_limit,dpr_auto,f_auto,h_216,q_1,w_216/d_ecommerce:backend-fallback.png/MAT_811800_PCE_LT"
Rimi,"Makaronai LA MOLISANA RADIATORI, 500 g",1.79,"https://rimibaltic-res.cloudinary.com/image/upload/b_white,c_limit,dpr_auto,f_auto,h_216,q_1,w_216/d_ecommerce:backend-fallback.png/MAT_182145_PCE_LT"
Rimi,"Malta kava LAVAZZA ESPRESSO, 250 g",9.59,"https://rimibaltic-res.cloudinary.com/image/upload/b_white,c_limit,dpr_auto,f_auto,h_216,q_1,w_216/d_ecommerce:backend-fallback.png/MAT_111031_PCE_LT"
Rimi,"Tuno gabal. saulėgrąžų aliej. RIMI, MSC 185g",1.89,"https://rimibaltic-res.cloudinary.com/image/upload/b_white,c_limit,dpr_auto,f_auto,h_216,q_1,w_216/d_ecommerce:backend-fallback.png/MAT_803888_PCE_LT"
Rimi,"Trispalvis perlinis kuskusas ASIF, 500 g",2.99,"https://rimibaltic-res.cloudinary.com/image/upload/b_white,c_limit,dpr_auto,f_auto,h_216,q_1,w_216/d_ecommerce:backend-fallback.png/MAT_1004154_PCE_LT"
Rimi,"Žemaičių blynai su mėsos įd. RESTERA, 400 g",4.99,"https://rimibaltic-res.cloudinary.com/image/upload/b_white,c_limit,dpr_auto,f_auto,h_216,q_1,w_216/d_ecommerce:backend-fallback.png/MAT_257650_PCE_LT"
Rimi,"Rupi jūros druska RIMI, 500g",0.59,"https://rimibaltic-res.cloudinary.com/image/upload/b_white,c_limit,dpr_auto,f_auto,h_216,q_1,w_216/d_ecommerce:backend-fallback.png/MAT_806992_PCE_LT"
Rimi,"Jogurto skonio javinukai JAVINĖ, 150 g",1.09,"https://rimibaltic-res.cloudinary.com/image/upload/b_white,c_limit,dpr_auto,f_auto,h_216,q_1,w_216/d_ecommerce:backend-fallback.png/MAT_146148_PCE_LT"
Rimi,"Persiladas SANTA MARIA, 35g",1.05,"https://rimibaltic-res.cloudinary.com/image/upload/b_white,c_limit,dpr_auto,f_auto,h_216,q_1,w_216/d_ecommerce:backend-fallback.png/MAT_134966_PCE_LT"
Rimi,"Tirpiosios mielės, 7g",0.46,"https://rimibaltic-res.cloudinary.com/image/upload/b_white,c_limit,dpr_auto,f_auto,h_216,q_1,w_216/d_ecommerce:backend-fallback.png/MAT_147406_PCE_LT"
Rimi,"Šaldyti koldūnai su aviena VIČI KHINKALI,350g",4.99,"https://rimibaltic-res.cloudinary.com/image/upload/b_white,c_limit,dpr_auto,f_auto,h_216,q_1,w_216/d_ecommerce:backend-fallback.png/MAT_986358_PCE_LT"
Rimi,"TRADICINIS pomidorų padažas, 480g",1.69,"https://rimibaltic-res.cloudinary.com/image/upload/b_white,c_limit,dpr_1.0,f_auto,q_auto:low,w_150/d_ecommerce:backend-fallback.png/MAT_171232_PCE_LT"
Rimi,"Vais. valg. ledai JOCKER JUICE, 80 ml / 80 g",1.19,"https://rimibaltic-res.cloudinary.com/image/upload/b_white,c_limit,dpr_1.0,f_auto,q_auto:low,w_150/d_ecommerce:backend-fallback.png/MAT_252050_PCE_LT"
Rimi,Šiukšliu maišai PACLAN 12L/15vnt,2.45,"https://rimibaltic-res.cloudinary.com/image/upload/b_white,c_limit,dpr_1.0,f_auto,q_auto:low,w_150/d_ecommerce:backend-fallback.png/MAT_7229503_PCE_LT"
Rimi,"Perlinis kuskusas ASIF, 500 g",2.99,"https://rimibaltic-res.cloudinary.com/image/upload/b_white,c_limit,dpr_auto,f_auto,h_216,q_1,w_216/d_ecommerce:backend-fallback.png/MAT_1004149_PCE_LT"
Rimi,"Šaldyta pica RISTORANTE MOZZARELLA, 355 g",4.39,"https://rimibaltic-res.cloudinary.com/image/upload/b_white,c_limit,dpr_auto,f_auto,h_216,q_1,w_216/d_ecommerce:backend-fallback.png/MAT_987920_PCE_LT"
Rimi,"Natūralus mineral. vanduo, AKVILĖ SPORT, 1l",0.75,"https://rimibaltic-res.cloudinary.com/image/upload/b_white,c_limit,dpr_auto,f_auto,h_216,q_1,w_216/d_ecommerce:backend-fallback.png/MAT_1359660_PCE_LT"
Rimi,"PIRMAS LIETUVIŠKAS majonezas VILNIUS, 475 ml",1.85,"https://rimibaltic-res.cloudinary.com/image/upload/b_white,c_limit,dpr_auto,f_auto,h_216,q_1,w_216/d_ecommerce:backend-fallback.png/MAT_931028_PCE_LT"
Rimi,"Žuvies piršteliai ESVA, 450 g",2.59,"https://rimibaltic-res.cloudinary.com/image/upload/b_white,c_limit,dpr_auto,f_auto,h_216,q_1,w_216/d_ecommerce:backend-fallback.png/MAT_220738_PCE_LT"
Rimi,"Šviež. datulės SELECTION BY RIMI, 600 g",3.89,"https://rimibaltic-res.cloudinary.com/image/upload/b_white,c_limit,dpr_auto,f_auto,h_216,q_1,w_216/d_ecommerce:backend-fallback.png/MAT_904532_PCE_LT"
Rimi,"Valg. ledai su lazd. r. KARALIŠKI, 800ml/420g",8.49,"https://rimibaltic-res.cloudinary.com/image/upload/b_white,c_limit,dpr_auto,f_auto,h_216,q_1,w_216/d_ecommerce:backend-fallback.png/MAT_976600_PCE_LT"
Rimi,"Mėl. ir citr. sk. valg. ledai JUNGA, 75ml/75g",0.99,"https://rimibaltic-res.cloudinary.com/image/upload/b_white,c_limit,dpr_auto,f_auto,h_216,q_1,w_216/d_ecommerce:backend-fallback.png/MAT_248804_PCE_LT"
Rimi,"Grikių kruopos RIMI SMART, 800 g",1.48,"https://rimibaltic-res.cloudinary.com/image/upload/b_white,c_limit,dpr_auto,f_auto,h_216,q_1,w_216/d_ecommerce:backend-fallback.png/MAT_804281_PCE_LT"
Rimi,"Kviet., kukur. tortilijos RIMI PLANET, 320 g",1.99,"https://rimibaltic-res.cloudinary.com/image/upload/b_white,c_limit,dpr_auto,f_auto,h_216,q_1,w_216/d_ecommerce:backend-fallback.png/MAT_811275_PCE_LT"
Rimi,"Gazuotas gėrimas, COCA COLA ZERO, 330ml",1.02,"https://rimibaltic-res.cloudinary.com/image/upload/b_white,c_limit,dpr_auto,f_auto,h_216,q_1,w_216/d_ecommerce:backend-fallback.png/MAT_1354336_PCE_LT"
Rimi,"Sluoksn. lapel. mielinė tešla MANTINGA, 500 g",2.29,"https://rimibaltic-res.cloudinary.com/image/upload/b_white,c_limit,dpr_auto,f_auto,h_216,q_1,w_216/d_ecommerce:backend-fallback.png/MAT_277282_PCE_LT"
Rimi,"Varškė su figomis GRAIKIŠKA AMFORA,0,8%,200g",1.65,"https://rimibaltic-res.cloudinary.com/image/upload/b_white,c_limit,dpr_auto,f_auto,h_216,q_1,w_216/d_ecommerce:backend-fallback.png/MAT_949229_PCE_LT"
Rimi,"Šaldyti varškėčiai JUDEX, 500 g",3.19,"https://rimibaltic-res.cloudinary.com/image/upload/b_white,c_limit,dpr_1.0,f_auto,q_auto:low,w_150/d_ecommerce:backend-fallback.png/MAT_926210_PCE_LT"
Rimi,"Džiūvėsėliai PANKO ICA ASIA, 180g",2.79,"https://rimibaltic-res.cloudinary.com/image/upload/b_white,c_limit,dpr_1.0,f_auto,q_auto:low,w_150/d_ecommerce:backend-fallback.png/MAT_810828_PCE_LT"
Rimi,"Sausainiai MILKA CHOCO MINIS, 150 g",2.89,"https://rimibaltic-res.cloudinary.com/image/upload/b_white,c_limit,dpr_1.0,f_auto,q_auto:low,w_150/d_ecommerce:backend-fallback.png/MAT_158077_PCE_LT"
Rimi,"Pop. rank. RIMI AVOCADO, 3 sl. 200 lap.",3.49,"https://rimibaltic-res.cloudinary.com/image/upload/b_white,c_limit,dpr_auto,f_auto,h_216,q_1,w_216/d_ecommerce:backend-fallback.png/MAT_816255_PCE_LT"
Rimi,"Jogurtas VILKYŠKIŲ su vyšn.3,6 % rieb. 350 g",1.11,"https://rimibaltic-res.cloudinary.com/image/upload/b_white,c_limit,dpr_auto,f_auto,h_216,q_1,w_216/d_ecommerce:backend-fallback.png/MAT_282138_PCE_LT"
Rimi,"Jog.su vanil.VILKYŠKIŲ LESS SUGAR, 3,6%, 200g",0.84,"https://rimibaltic-res.cloudinary.com/image/upload/b_white,c_limit,dpr_auto,f_auto,h_216,q_1,w_216/d_ecommerce:backend-fallback.png/MAT_294356_PCE_LT"
Rimi,"Greitai užšald. avietės ir mangai RIMI, 400 g",3.89,"https://rimibaltic-res.cloudinary.com/image/upload/b_white,c_limit,dpr_auto,f_auto,h_216,q_1,w_216/d_ecommerce:backend-fallback.png/MAT_812719_PCE_LT"
Rimi,"Liet. blynai su kump.-sūr. įd. LIŪTUKAS, 400g",3.79,"https://rimibaltic-res.cloudinary.com/image/upload/b_white,c_limit,dpr_auto,f_auto,h_216,q_1,w_216/d_ecommerce:backend-fallback.png/MAT_972564_PCE_LT"
Rimi,"Žal. alyvuogės RIMI be kaul., 345 g / 160 g",1.95,"https://rimibaltic-res.cloudinary.com/image/upload/b_white,c_limit,dpr_auto,f_auto,h_216,q_1,w_216/d_ecommerce:backend-fallback.png/MAT_802900_PCE_LT"
Rimi,"Šald. atl. lašišų sriubos rinkinys JUNGA,800g",2.59,"https://rimibaltic-res.cloudinary.com/image/upload/b_white,c_limit,dpr_auto,f_auto,h_216,q_1,w_216/d_ecommerce:backend-fallback.png/MAT_275408_PCE_LT"
Rimi,"Džiovintos spanguolės RIMI, 200g",3.59,"https://rimibaltic-res.cloudinary.com/image/upload/b_white,c_limit,dpr_auto,f_auto,h_216,q_1,w_216/d_ecommerce:backend-fallback.png/MAT_805564_PCE_LT"
Rimi,"Smulkinti česnakai SANTA MARIA, 25g",1.29,"https://rimibaltic-res.cloudinary.com/image/upload/b_white,c_limit,dpr_1.0,f_auto,q_auto:low,w_150/d_ecommerce:backend-fallback.png/MAT_192847_PCE_LT"
Rimi,"Vaisių skonio želė JELLY, 1kg",5.29,"https://rimibaltic-res.cloudinary.com/image/upload/b_white,c_limit,dpr_1.0,f_auto,q_auto:low,w_150/d_ecommerce:backend-fallback.png/MAT_142004_KGM_LT"
Rimi,"Ekologiški trinti pomidorai I LOVE ECO, 390 g",1.65,"https://rimibaltic-res.cloudinary.com/image/upload/b_white,c_limit,dpr_auto,f_auto,h_216,q_1,w_216/d_ecommerce:backend-fallback.png/MAT_816073_PCE_LT"
Rimi,"Jautienos pasturgalio kepsnys RIMI,200 g",5.83,"https://rimibaltic-res.cloudinary.com/image/upload/b_white,c_limit,dpr_auto,f_auto,h_216,q_1,w_216/d_ecommerce:backend-fallback.png/MAT_813281_PCE_LT"
Rimi,"Ypač tyras alyvuogių aliejus RIMI, 1l",13.99,"https://rimibaltic-res.cloudinary.com/image/upload/b_white,c_limit,dpr_auto,f_auto,h_216,q_1,w_216/d_ecommerce:backend-fallback.png/MAT_808052_PCE_LT"
Rimi,"Valg. ledai su pistac. SAMMONTANA, 800ml/500g",6.99,"https://rimibaltic-res.cloudinary.com/image/upload/b_white,c_limit,dpr_auto,f_auto,h_216,q_1,w_216/d_ecommerce:backend-fallback.png/MAT_984771_PCE_LT"
Rimi,"Sviestiniai vafliai SELECTION BY RIMI, 100 g",2.35,"https://rimibaltic-res.cloudinary.com/image/upload/b_white,c_limit,dpr_auto,f_auto,h_216,q_1,w_216/d_ecommerce:backend-fallback.png/MAT_807451_PCE_LT"
Rimi,"Sulčių gėrimas RIMI obuolių, 200 ml",0.26,"https://rimibaltic-res.cloudinary.com/image/upload/b_white,c_limit,dpr_auto,f_auto,h_216,q_1,w_216/d_ecommerce:backend-fallback.png/MAT_812630_PCE_LT"
Rimi,"Batonėlis su brazilišk. riešutais RIMI, 35 g",0.78,"https://rimibaltic-res.cloudinary.com/image/upload/b_white,c_limit,dpr_auto,f_auto,h_216,q_1,w_216/d_ecommerce:backend-fallback.png/MAT_812598_PCE_LT"
Rimi,"Šviesusis sojų padažas RIMI, 150ml",3.09,"https://rimibaltic-res.cloudinary.com/image/upload/b_white,c_limit,dpr_auto,f_auto,h_216,q_1,w_216/d_ecommerce:backend-fallback.png/MAT_804031_PCE_LT"
Rimi,"Koldūnai su višt.juod.gryb. FUNGUS GYOZA,400g",4.59,"https://rimibaltic-res.cloudinary.com/image/upload/b_white,c_limit,dpr_auto,f_auto,h_216,q_1,w_216/d_ecommerce:backend-fallback.png/MAT_904947_PCE_LT"
Rimi,"Vaniliniai riestainiai JAVINĖ, 300 g",1.35,"https://rimibaltic-res.cloudinary.com/image/upload/b_white,c_limit,dpr_auto,f_auto,h_216,q_1,w_216/d_ecommerce:backend-fallback.png/MAT_975670_PCE_LT"
Rimi,"Šiukšlių maišai PACLAN Eco, 120l, 10vnt",4.29,"https://rimibaltic-res.cloudinary.com/image/upload/b_white,c_limit,dpr_auto,f_auto,h_216,q_1,w_216/d_ecommerce:backend-fallback.png/MAT_7046744_PCE_LT"
Rimi,"Kosmetiniai vatos padeliai ALMEDA, 80 vnt.",0.89,"https://rimibaltic-res.cloudinary.com/image/upload/b_white,c_limit,dpr_1.0,f_auto,q_auto:low,w_150/d_ecommerce:backend-fallback.png/MAT_812006_PCE_LT"
Rimi,"Viso grūdo dalių duona BALVITEN, 250 g",2.99,"https://rimibaltic-res.cloudinary.com/image/upload/b_white,c_limit,dpr_1.0,f_auto,q_auto:low,w_150/d_ecommerce:backend-fallback.png/MAT_1001912_PCE_LT"
Rimi,"Van. plombyras vafl. p. NYKŠTUKAS, 130ml/ 72g",1.19,"https://rimibaltic-res.cloudinary.com/image/upload/b_white,c_limit,dpr_1.0,f_auto,q_auto:low,w_150/d_ecommerce:backend-fallback.png/MAT_929811_PCE_LT"
Rimi,"Saliamio rink. SELECT. BY RIMI SPIANATA, 70 g",1.79,"https://rimibaltic-res.cloudinary.com/image/upload/b_white,c_limit,dpr_auto,f_auto,h_216,q_1,w_216/d_ecommerce:backend-fallback.png/MAT_811333_PCE_LT"
Rimi,"GARDĖSIO batonas su kefyru ir kalciu, 350g",1.11,"https://rimibaltic-res.cloudinary.com/image/upload/b_white,c_limit,dpr_auto,f_auto,h_216,q_1,w_216/d_ecommerce:backend-fallback.png/MAT_917144_PCE_LT"
Rimi,"Saldainiai su žemės riešutais CANDY NUT, 1kg",8.99,"https://rimibaltic-res.cloudinary.com/image/upload/b_white,c_limit,dpr_auto,f_auto,h_216,q_1,w_216/d_ecommerce:backend-fallback.png/MAT_179045_KGM_LT"
Rimi,"NAMINIAI cepelinai su mėsos įd. KOGUS, 800 g",10.99,"https://rimibaltic-res.cloudinary.com/image/upload/b_white,c_limit,dpr_auto,f_auto,h_216,q_1,w_216/d_ecommerce:backend-fallback.png/MAT_940148_PCE_LT"
Rimi,"Prieskonių mišinys SANTA MARIA TACO, 28g",1.39,"https://rimibaltic-res.cloudinary.com/image/upload/b_white,c_limit,dpr_auto,f_auto,h_216,q_1,w_216/d_ecommerce:backend-fallback.png/MAT_174894_PCE_LT"
Rimi,"Batonėliai su bananais SALLING, 6x25 g",1.79,"https://rimibaltic-res.cloudinary.com/image/upload/b_white,c_limit,dpr_auto,f_auto,h_216,q_1,w_216/d_ecommerce:backend-fallback.png/MAT_816830_PCE_LT"
Rimi,"Minkštos ekologiškos datulės I LOVE ECO, 200g",2.89,"https://rimibaltic-res.cloudinary.com/image/upload/b_white,c_limit,dpr_auto,f_auto,h_216,q_1,w_216/d_ecommerce:backend-fallback.png/MAT_155746_PCE_LT"
Rimi,"Gl. vanil. plombyras NYKŠTUKAS, 80 ml / 58 g",1.29,"https://rimibaltic-res.cloudinary.com/image/upload/b_white,c_limit,dpr_auto,f_auto,h_216,q_1,w_216/d_ecommerce:backend-fallback.png/MAT_248936_PCE_LT"
Rimi,"Mocarelos lazdelės su padažu NICE´N EASY,250g",6.49,"https://rimibaltic-res.cloudinary.com/image/upload/b_white,c_limit,dpr_auto,f_auto,h_216,q_1,w_216/d_ecommerce:backend-fallback.png/MAT_972180_PCE_LT"
Rimi,"Batonėlis RIMI su pekan. karijos rieš., 35 g",0.78,"https://rimibaltic-res.cloudinary.com/image/upload/b_white,c_limit,dpr_auto,f_auto,h_216,q_1,w_216/d_ecommerce:backend-fallback.png/MAT_812592_PCE_LT"
Rimi,"Šald. krevetės NOWACO EXLUSIVE, ASC, 300 g",9.99,"https://rimibaltic-res.cloudinary.com/image/upload/b_white,c_limit,dpr_auto,f_auto,h_216,q_1,w_216/d_ecommerce:backend-fallback.png/MAT_964569_PCE_LT"
Rimi,"Karijų riešutai be kevalo RIMI, 150 g",4.79,"https://rimibaltic-res.cloudinary.com/image/upload/b_white,c_limit,dpr_auto,f_auto,h_216,q_1,w_216/d_ecommerce:backend-fallback.png/MAT_805586_PCE_LT"
Rimi,"Marin. agurkai RIMI, 2 - 5 cm, 670 g / 370 g",2.89,"https://rimibaltic-res.cloudinary.com/image/upload/b_white,c_limit,dpr_auto,f_auto,h_216,q_1,w_216/d_ecommerce:backend-fallback.png/MAT_802446_PCE_LT"
Rimi,"Šviesi sumuštinių duona BALVITEN, 190 g",1.79,"https://rimibaltic-res.cloudinary.com/image/upload/b_white,c_limit,dpr_1.0,f_auto,q_auto:low,w_150/d_ecommerce:backend-fallback.png/MAT_1001914_PCE_LT"
Rimi,"Rožinė smulki Himalajų druska RIMI, 500g",0.99,"https://rimibaltic-res.cloudinary.com/image/upload/b_white,c_limit,dpr_1.0,f_auto,q_auto:low,w_150/d_ecommerce:backend-fallback.png/MAT_807145_PCE_LT"
Rimi,"Kepinti ir sūdyti žemės riešutai AWAKE, 400 g",1.19,"https://rimibaltic-res.cloudinary.com/image/upload/b_white,c_limit,dpr_1.0,f_auto,q_auto:low,w_150/d_ecommerce:backend-fallback.png/MAT_804385_PCE_LT"
Rimi,"Kiaušinių sausainiai RIMI SAVOIARDI, 200 g",1.79,"https://rimibaltic-res.cloudinary.com/image/upload/b_white,c_limit,dpr_auto,f_auto,h_216,q_1,w_216/d_ecommerce:backend-fallback.png/MAT_807785_PCE_LT"
Rimi,"Jogurtas su vyšn. GRAIKIŠKA AMFORA, 3,1%,150g",1.59,"https://rimibaltic-res.cloudinary.com/image/upload/b_white,c_limit,dpr_auto,f_auto,h_216,q_1,w_216/d_ecommerce:backend-fallback.png/MAT_927766_PCE_LT"
Rimi,"Šprotai alyvuogių aliejuje RIMI, 250 g",3.09,"https://rimibaltic-res.cloudinary.com/image/upload/b_white,c_limit,dpr_auto,f_auto,h_216,q_1,w_216/d_ecommerce:backend-fallback.png/MAT_812033_PCE_LT"
Rimi,"Tark. bulv. cepelinai su mės. įd. DAGERA,500g",4.99,"https://rimibaltic-res.cloudinary.com/image/upload/b_white,c_limit,dpr_auto,f_auto,h_216,q_1,w_216/d_ecommerce:backend-fallback.png/MAT_912310_PCE_LT"
Rimi,"Bulvių traškučiai griet.svog., PRINGLES, 165g",2.99,"https://rimibaltic-res.cloudinary.com/image/upload/b_white,c_limit,dpr_auto,f_auto,h_216,q_1,w_216/d_ecommerce:backend-fallback.png/MAT_127407_PCE_LT"
Rimi,"Jogurtas su mang.VILKYŠKIŲ LESS SUG.3,7%,200g",0.84,"https://rimibaltic-res.cloudinary.com/image/upload/b_white,c_limit,dpr_auto,f_auto,h_216,q_1,w_216/d_ecommerce:backend-fallback.png/MAT_997621_PCE_LT"
Rimi,"Nesmulkintas tunas savo sultyse CALVO, 240 g",5.29,"https://rimibaltic-res.cloudinary.com/image/upload/b_white,c_limit,dpr_auto,f_auto,h_216,q_1,w_216/d_ecommerce:backend-fallback.png/MAT_289973_PCE_LT"
Rimi,"Glaist. vanil. plombyras POLS, 120 ml / 75 g",1.49,"https://rimibaltic-res.cloudinary.com/image/upload/b_white,c_limit,dpr_auto,f_auto,h_216,q_1,w_216/d_ecommerce:backend-fallback.png/MAT_949074_PCE_LT"
Rimi,"Jogurtas su mang. GRAIKIŠKA AMFORA, 3,1%,150g",1.59,"https://rimibaltic-res.cloudinary.com/image/upload/b_white,c_limit,dpr_1.0,f_auto,q_auto:low,w_150/d_ecommerce:backend-fallback.png/MAT_981304_PCE_LT"
Rimi,"Pomidorų padažas TIKRAS ITALAS, 490g",3.85,"https://rimibaltic-res.cloudinary.com/image/upload/b_white,c_limit,dpr_auto,f_auto,h_216,q_1,w_216/d_ecommerce:backend-fallback.png/MAT_172825_PCE_LT"
Rimi,"ROKIŠKIO NAMINĖ varškė, 9 %, 200 g",1.69,"https://rimibaltic-res.cloudinary.com/image/upload/b_white,c_limit,dpr_auto,f_auto,h_216,q_1,w_216/d_ecommerce:backend-fallback.png/MAT_277779_PCE_LT"
Rimi,"Traškučiai TAFFEL SNACK FRIES BARBECUE, 110g",2.19,"https://rimibaltic-res.cloudinary.com/image/upload/b_white,c_limit,dpr_auto,f_auto,h_216,q_1,w_216/d_ecommerce:backend-fallback.png/MAT_197992_PCE_LT"
Rimi,"Bolivinių balandų miš. RIMI GREATLIFE, 400 g",3.19,"https://rimibaltic-res.cloudinary.com/image/upload/b_white,c_limit,dpr_auto,f_auto,h_216,q_1,w_216/d_ecommerce:backend-fallback.png/MAT_811332_PCE_LT"
Rimi,"Sėlenų dribsniai BONA VITA, 375 g",1.89,"https://rimibaltic-res.cloudinary.com/image/upload/b_white,c_limit,dpr_auto,f_auto,h_216,q_1,w_216/d_ecommerce:backend-fallback.png/MAT_147822_PCE_LT"
Rimi,"Avižiniai sausainiai JAVINĖ, 200 g",1.75,"https://rimibaltic-res.cloudinary.com/image/upload/b_white,c_limit,dpr_auto,f_auto,h_216,q_1,w_216/d_ecommerce:backend-fallback.png/MAT_146132_PCE_LT"
Rimi,"Šaldyta pica RISTORANTE SPECIALE, 345 g",4.39,"https://rimibaltic-res.cloudinary.com/image/upload/b_white,c_limit,dpr_auto,f_auto,h_216,q_1,w_216/d_ecommerce:backend-fallback.png/MAT_987909_PCE_LT"
Rimi,"Šald. šilkiniai bulvių kukuliai DAGERA, 500 g",4.99,"https://rimibaltic-res.cloudinary.com/image/upload/b_white,c_limit,dpr_auto,f_auto,h_216,q_1,w_216/d_ecommerce:backend-fallback.png/MAT_901809_PCE_LT"
Rimi,"Koldūnai su jautiena VIČI TRADITIONAL, 400 g",4.19,"https://rimibaltic-res.cloudinary.com/image/upload/b_white,c_limit,dpr_auto,f_auto,h_216,q_1,w_216/d_ecommerce:backend-fallback.png/MAT_298829_PCE_LT"
Rimi,"Ekologiškos gražgarstės I LOVE ECO, 65 g",1.29,"https://rimibaltic-res.cloudinary.com/image/upload/b_white,c_limit,dpr_auto,f_auto,h_216,q_1,w_216/d_ecommerce:backend-fallback.png/MAT_906228_PCE_LT"
Rimi,"Sausainiai su šokoladiniu skoniu SELGA, 180 g",1.15,"https://rimibaltic-res.cloudinary.com/image/upload/b_white,c_limit,dpr_auto,f_auto,h_216,q_1,w_216/d_ecommerce:backend-fallback.png/MAT_123663_PCE_LT"
Rimi,"Keturių rūšių pupelių mišinys RIMI, 400 g",1.45,"https://rimibaltic-res.cloudinary.com/image/upload/b_white,c_limit,dpr_auto,f_auto,h_216,q_1,w_216/d_ecommerce:backend-fallback.png/MAT_801780_PCE_LT"
Rimi,"Dižono garstyčios SELECTION BY RIMI, 210g",3.49,"https://rimibaltic-res.cloudinary.com/image/upload/b_white,c_limit,dpr_1.0,f_auto,q_auto:low,w_150/d_ecommerce:backend-fallback.png/MAT_807019_PCE_LT"
Rimi,"Šokoladinis plombyras KLASIKA, 120 ml / 65 g",1.09,"https://rimibaltic-res.cloudinary.com/image/upload/b_white,c_limit,dpr_1.0,f_auto,q_auto:low,w_150/d_ecommerce:backend-fallback.png/MAT_285261_PCE_LT"
Rimi,"Džiovinti mangai FAMILY GARDEN, 400 g",4.99,"https://rimibaltic-res.cloudinary.com/image/upload/b_white,c_limit,dpr_1.0,f_auto,q_auto:low,w_150/d_ecommerce:backend-fallback.png/MAT_4003719_PCE_LT"
Rimi,"Malta raudonoji saldžioji paprika SALDVA, 25g",0.8,"https://rimibaltic-res.cloudinary.com/image/upload/b_white,c_limit,dpr_auto,f_auto,h_216,q_1,w_216/d_ecommerce:backend-fallback.png/MAT_154786_PCE_LT"
Rimi,"KARALIŠKAS šokoladas, 70%, 100 g",3.99,"https://rimibaltic-res.cloudinary.com/image/upload/b_white,c_limit,dpr_auto,f_auto,h_216,q_1,w_216/d_ecommerce:backend-fallback.png/MAT_121544_PCE_LT"
Rimi,"Ekol. lukštentos moliūgų sėklos ARIMEX, 200g",3.69,"https://rimibaltic-res.cloudinary.com/image/upload/b_white,c_limit,dpr_auto,f_auto,h_216,q_1,w_216/d_ecommerce:backend-fallback.png/MAT_186973_PCE_LT"
Rimi,"Šald. 4 sūr. pica RIMI QUATTRO FORMAGGI, 570g",4.99,"https://rimibaltic-res.cloudinary.com/image/upload/b_white,c_limit,dpr_auto,f_auto,h_216,q_1,w_216/d_ecommerce:backend-fallback.png/MAT_810803_PCE_LT"
Rimi,"Kukurūzų traškuč.RIMI NACHO CLASSIC,200g",2.29,"https://rimibaltic-res.cloudinary.com/image/upload/b_white,c_limit,dpr_auto,f_auto,h_216,q_1,w_216/d_ecommerce:backend-fallback.png/MAT_808729_PCE_LT"
Rimi,"Šaldytos jūrinės lydekos be galvų, 800g",3.39,"https://rimibaltic-res.cloudinary.com/image/upload/b_white,c_limit,dpr_auto,f_auto,h_216,q_1,w_216/d_ecommerce:backend-fallback.png/MAT_970652_PCE_LT"
Rimi,"Dėlionė TREFL DISNEY FROZEN, 100 vnt.",5.99,"https://rimibaltic-res.cloudinary.com/image/upload/b_white,c_limit,dpr_auto,f_auto,h_216,q_1,w_216/d_ecommerce:backend-fallback.png/MAT_784360_PCE_LT"
Rimi,"Žal. svog. sk. bulvių traškučiai LAYS, 200 g",3.29,"https://rimibaltic-res.cloudinary.com/image/upload/b_white,c_limit,dpr_auto,f_auto,h_216,q_1,w_216/d_ecommerce:backend-fallback.png/MAT_192786_PCE_LT"
Rimi,"Ant akmens kepta pica RIMI CAPRICCIOSA, 370 g",3.99,"https://rimibaltic-res.cloudinary.com/image/upload/b_white,c_limit,dpr_auto,f_auto,h_216,q_1,w_216/d_ecommerce:backend-fallback.png/MAT_809637_PCE_LT"
Rimi,"Braškinis plombyras NYKŠTUKAS, 80 ml / 58 g",1.29,"https://rimibaltic-res.cloudinary.com/image/upload/b_white,c_limit,dpr_auto,f_auto,h_216,q_1,w_216/d_ecommerce:backend-fallback.png/MAT_252720_PCE_LT"
Rimi,"Šviežios apelsinų sultys SUN365, 500ml",2.79,"https://rimibaltic-res.cloudinary.com/image/upload/b_white,c_limit,dpr_auto,f_auto,h_216,q_1,w_216/d_ecommerce:backend-fallback.png/MAT_1359230_PCE_LT"
Rimi,"Maistinė soda KORNI, 400 g",1.05,"https://rimibaltic-res.cloudinary.com/image/upload/b_white,c_limit,dpr_auto,f_auto,h_216,q_1,w_216/d_ecommerce:backend-fallback.png/MAT_1018750_PCE_LT"
Rimi,"Šalčiu džiovintos braškės griež. SUMMMER, 11g",2.15,"https://rimibaltic-res.cloudinary.com/image/upload/b_white,c_limit,dpr_1.0,f_auto,q_auto:low,w_150/d_ecommerce:backend-fallback.png/MAT_1000303_PCE_LT"
Rimi,"Anakardžių branduoliai AWAKE, 150g",1.89,"https://rimibaltic-res.cloudinary.com/image/upload/b_white,c_limit,dpr_1.0,f_auto,q_auto:low,w_150/d_ecommerce:backend-fallback.png/MAT_804390_PCE_LT"
Rimi,"Pupelės pomidorų padaže RIMI, 400 g / 200 g",1.29,"https://rimibaltic-res.cloudinary.com/image/upload/b_white,c_limit,dpr_1.0,f_auto,q_auto:low,w_150/d_ecommerce:backend-fallback.png/MAT_808455_PCE_LT"
Rimi,"Griet. svog. sk. bulv. trašk. ESTRELLA, 130g",2.35,"https://rimibaltic-res.cloudinary.com/image/upload/b_white,c_limit,dpr_1.0,f_auto,q_auto:low,w_150/d_ecommerce:backend-fallback.png/MAT_198644_PCE_LT"
Rimi,"Šald. pica kump., pesto pad. DR. OETKER, 360g",3.59,"https://rimibaltic-res.cloudinary.com/image/upload/b_white,c_limit,dpr_auto,f_auto,h_216,q_1,w_216/d_ecommerce:backend-fallback.png/MAT_940031_PCE_LT"
Rimi,"Daržovės kepimui su ital. pagard. HORTEX,400g",2.19,"https://rimibaltic-res.cloudinary.com/image/upload/b_white,c_limit,dpr_auto,f_auto,h_216,q_1,w_216/d_ecommerce:backend-fallback.png/MAT_223890_PCE_LT"
Rimi,"Šaldyta pica MANTINGA AMERICANA MAFIA, 400 g",3.89,"https://rimibaltic-res.cloudinary.com/image/upload/b_white,c_limit,dpr_auto,f_auto,h_216,q_1,w_216/d_ecommerce:backend-fallback.png/MAT_903487_PCE_LT"
Rimi,"Makaronai BARILLA FARFALLE, 500 g",2.29,"https://rimibaltic-res.cloudinary.com/image/upload/b_white,c_limit,dpr_auto,f_auto,h_216,q_1,w_216/d_ecommerce:backend-fallback.png/MAT_106543_PCE_LT"
Rimi,"Pjaustyti morkų šiaudeliai FIT & EASY, 200 g",0.79,"https://rimibaltic-res.cloudinary.com/image/upload/b_white,c_limit,dpr_auto,f_auto,h_216,q_1,w_216/d_ecommerce:backend-fallback.png/MAT_4005350_PCE_LT"
Rimi,"Prancūz. garstyčios SELECTION BY RIMI, 210g",2.59,"https://rimibaltic-res.cloudinary.com/image/upload/b_white,c_limit,dpr_auto,f_auto,h_216,q_1,w_216/d_ecommerce:backend-fallback.png/MAT_806990_PCE_LT"
Rimi,"Spragėsių sk. valg. ledai KAR KAR, 150ml/90g",2.19,"https://rimibaltic-res.cloudinary.com/image/upload/b_white,c_limit,dpr_auto,f_auto,h_216,q_1,w_216/d_ecommerce:backend-fallback.png/MAT_962525_PCE_LT"
Rimi,"Linų sėmenys RIMI, 200g",1.75,"https://rimibaltic-res.cloudinary.com/image/upload/b_white,c_limit,dpr_auto,f_auto,h_216,q_1,w_216/d_ecommerce:backend-fallback.png/MAT_805784_PCE_LT"
Rimi,"Putpelių kiaušiniai RIMI, 12 vnt",1.25,"https://rimibaltic-res.cloudinary.com/image/upload/b_white,c_limit,dpr_1.0,f_auto,q_auto:low,w_150/d_ecommerce:backend-fallback.png/MAT_808341_PCE_LT"
Rimi,"Raudon. pupelės čili pad. RIMI, 400 g / 200 g",1.29,"https://rimibaltic-res.cloudinary.com/image/upload/b_white,c_limit,dpr_1.0,f_auto,q_auto:low,w_150/d_ecommerce:backend-fallback.png/MAT_801793_PCE_LT"
Rimi,"Pop. nosinaitės Zewa Softis, 4sl.10x9vnt",3.49,"https://rimibaltic-res.cloudinary.com/image/upload/b_white,c_limit,dpr_auto,f_auto,h_216,q_1,w_216/d_ecommerce:backend-fallback.png/MAT_7221478_PCE_LT"
Rimi,"Jautienos kepenėlių paštetas, I, 200g",1.65,"https://rimibaltic-res.cloudinary.com/image/upload/b_white,c_limit,dpr_auto,f_auto,h_216,q_1,w_216/d_ecommerce:backend-fallback.png/MAT_281536_PCE_LT"
Rimi,"Šaldyti varškėtukai SIM SIM, 400 g",3.99,"https://rimibaltic-res.cloudinary.com/image/upload/b_white,c_limit,dpr_auto,f_auto,h_216,q_1,w_216/d_ecommerce:backend-fallback.png/MAT_905009_PCE_LT"
Rimi,"Pupelės RIMI CANNELLINI, 400 g / 240 g",1.35,"https://rimibaltic-res.cloudinary.com/image/upload/b_white,c_limit,dpr_auto,f_auto,h_216,q_1,w_216/d_ecommerce:backend-fallback.png/MAT_811566_PCE_LT"
Rimi,"Obuolių sultys VAISIŲ SULTYS, 3 l",5.29,"https://rimibaltic-res.cloudinary.com/image/upload/b_white,c_limit,dpr_auto,f_auto,h_216,q_1,w_216/d_ecommerce:backend-fallback.png/MAT_1002300_PCE_LT"
Rimi,"Šald. menk. filė be od.,be uod. RIMI,MSC,380g",5.99,"https://rimibaltic-res.cloudinary.com/image/upload/b_white,c_limit,dpr_auto,f_auto,h_216,q_1,w_216/d_ecommerce:backend-fallback.png/MAT_813369_PCE_LT"
Rimi,"Ličio baterijos ENERGIZER CR2032, 3V, 2 vnt.",3.19,"https://rimibaltic-res.cloudinary.com/image/upload/b_white,c_limit,dpr_auto,f_auto,h_216,q_1,w_216/d_ecommerce:backend-fallback.png/MAT_7142981_PCE_LT"
Rimi,"Virtiniai su varške ir mėlyn. MANTINGA, 230 g",4.99,"https://rimibaltic-res.cloudinary.com/image/upload/b_white,c_limit,dpr_auto,f_auto,h_216,q_1,w_216/d_ecommerce:backend-fallback.png/MAT_973339_PCE_LT"
Rimi,"Lęšių salotos, 300 g",1.79,"https://rimibaltic-res.cloudinary.com/image/upload/b_white,c_limit,dpr_auto,f_auto,h_216,q_1,w_216/d_ecommerce:backend-fallback.png/MAT_964904_PCE_LT"
Rimi,"Valg. vaisin. ledai JOCKER DARK, 80 ml / 80 g",1.19,"https://rimibaltic-res.cloudinary.com/image/upload/b_white,c_limit,dpr_auto,f_auto,h_216,q_1,w_216/d_ecommerce:backend-fallback.png/MAT_909624_PCE_LT"
Rimi,"SUMUŠTINIŲ duona, 250g",1.11,"https://rimibaltic-res.cloudinary.com/image/upload/b_white,c_limit,dpr_auto,f_auto,h_216,q_1,w_216/d_ecommerce:backend-fallback.png/MAT_940885_PCE_LT"
Rimi,"K. r. GIMINIŲ medžiotojų dešrelės, a. r.,250g",3.79,"https://rimibaltic-res.cloudinary.com/image/upload/b_white,c_limit,dpr_1.0,f_auto,q_auto:low,w_150/d_ecommerce:backend-fallback.png/MAT_278452_PCE_LT"
Rimi,Šiukšlių maišai PACLAN 60l/20vnt,2.25,"https://rimibaltic-res.cloudinary.com/image/upload/b_white,c_limit,dpr_1.0,f_auto,q_auto:low,w_150/d_ecommerce:backend-fallback.png/MAT_7229506_PCE_LT"
Rimi,"Kvietinės tortilijos RIMI PLANET, 320 g",2.29,"https://rimibaltic-res.cloudinary.com/image/upload/b_white,c_limit,dpr_1.0,f_auto,q_auto:low,w_150/d_ecommerce:backend-fallback.png/MAT_808518_PCE_LT"
Rimi,"Šald. ant akmens kepta pica RIMI KEBAB, 380 g",3.99,"https://rimibaltic-res.cloudinary.com/image/upload/b_white,c_limit,dpr_auto,f_auto,h_216,q_1,w_216/d_ecommerce:backend-fallback.png/MAT_809650_PCE_LT"
Rimi,"Griet. svog. sk. bulv. trašk. ESTRELLA, 250g",3.89,"https://rimibaltic-res.cloudinary.com/image/upload/b_white,c_limit,dpr_auto,f_auto,h_216,q_1,w_216/d_ecommerce:backend-fallback.png/MAT_198622_PCE_LT"
Rimi,"Juodieji pipirai SANTA MARIA (žirnel.), 22g",1.59,"https://rimibaltic-res.cloudinary.com/image/upload/b_white,c_limit,dpr_auto,f_auto,h_216,q_1,w_216/d_ecommerce:backend-fallback.png/MAT_100528_PCE_LT"
Rimi,"Tartaletė su vaisiais, 1 kg",10.49,"https://rimibaltic-res.cloudinary.com/image/upload/b_white,c_limit,dpr_auto,f_auto,h_216,q_1,w_216/d_ecommerce:backend-fallback.png/MAT_281067_KGM_LT"
Rimi,"Makaronai RIMI SPIRALI, 500 g",1.19,"https://rimibaltic-res.cloudinary.com/image/upload/b_white,c_limit,dpr_auto,f_auto,h_216,q_1,w_216/d_ecommerce:backend-fallback.png/MAT_801275_PCE_LT"
Rimi,"Ilg. jūr. lydekos filė NORTHLAND, MSC, 800 g",4.99,"https://rimibaltic-res.cloudinary.com/image/upload/b_white,c_limit,dpr_auto,f_auto,h_216,q_1,w_216/d_ecommerce:backend-fallback.png/4752050021042"
Rimi,"Jautienos nugarinės kepsnys RIMI, 200g",6.39,"https://rimibaltic-res.cloudinary.com/image/upload/b_white,c_limit,dpr_auto,f_auto,h_216,q_1,w_216/d_ecommerce:backend-fallback.png/MAT_809826_PCE_LT"
Rimi,"Šald. SIBIRIETIŠKI koldūnai su mėsos įd., 2kg",6.49,"https://rimibaltic-res.cloudinary.com/image/upload/b_white,c_limit,dpr_auto,f_auto,h_216,q_1,w_216/d_ecommerce:backend-fallback.png/MAT_915930_PCE_LT"
Rimi,"Sūris BURRATA DELIZIOSA, 60 % rieb. 100 g",2.49,"https://rimibaltic-res.cloudinary.com/image/upload/b_white,c_limit,dpr_auto,f_auto,h_216,q_1,w_216/d_ecommerce:backend-fallback.png/MAT_931044_PCE_LT"
Rimi,"Kokosų drožlės RIMI, 150g",3.39,"https://rimibaltic-res.cloudinary.com/image/upload/b_white,c_limit,dpr_auto,f_auto,h_216,q_1,w_216/d_ecommerce:backend-fallback.png/MAT_805845_PCE_LT"
Rimi,"Klasikiniai sausainiai SALLING, 200 g",0.79,"https://rimibaltic-res.cloudinary.com/image/upload/b_white,c_limit,dpr_auto,f_auto,h_216,q_1,w_216/d_ecommerce:backend-fallback.png/MAT_816773_PCE_LT"
Rimi,"Šald. blyšk. krevetės R SEAFOOD, 16/20, 300 g",12.99,"https://rimibaltic-res.cloudinary.com/image/upload/b_white,c_limit,dpr_auto,f_auto,h_216,q_1,w_216/d_ecommerce:backend-fallback.png/MAT_965721_PCE_LT"
Rimi,"Negaz. natūr. mineralinis vanduo TICHĖ, 1,5 l",0.99,"https://rimibaltic-res.cloudinary.com/image/upload/b_white,c_limit,dpr_auto,f_auto,h_216,q_1,w_216/d_ecommerce:backend-fallback.png/MAT_1368518_PCE_LT"
Rimi,"Kukurūzų traškučiai NACHO SANTA MARIA, 185 g",2.79,"https://rimibaltic-res.cloudinary.com/image/upload/b_white,c_limit,dpr_1.0,f_auto,q_auto:low,w_150/d_ecommerce:backend-fallback.png/MAT_174862_PCE_LT"
Rimi,"Sūrio gaminys su žolelėmis PHILADELPHIA, 125g",2.12,"https://rimibaltic-res.cloudinary.com/image/upload/b_white,c_limit,dpr_1.0,f_auto,q_auto:low,w_150/d_ecommerce:backend-fallback.png/MAT_273092_PCE_LT"
Rimi,"Lęšiai RIMI, 400 g / 240 g",1.69,"https://rimibaltic-res.cloudinary.com/image/upload/b_white,c_limit,dpr_1.0,f_auto,q_auto:low,w_150/d_ecommerce:backend-fallback.png/MAT_803529_PCE_LT"
Rimi,"Juodasis šokoladas RIMI su apelsinų gab.,100g",2.99,"https://rimibaltic-res.cloudinary.com/image/upload/b_white,c_limit,dpr_auto,f_auto,h_216,q_1,w_216/d_ecommerce:backend-fallback.png/MAT_813563_PCE_LT"
Rimi,"Skrudinti dribsniai su sėklomis RIMI, 350 g",2.99,"https://rimibaltic-res.cloudinary.com/image/upload/b_white,c_limit,dpr_auto,f_auto,h_216,q_1,w_216/d_ecommerce:backend-fallback.png/MAT_811980_PCE_LT"
Rimi,"Javainiai OHO COCOA CRUNCH, 500 g",3.19,"https://rimibaltic-res.cloudinary.com/image/upload/b_white,c_limit,dpr_auto,f_auto,h_216,q_1,w_216/d_ecommerce:backend-fallback.png/MAT_124398_PCE_LT"
Rimi,"Cukraus milteliai DAN SUKKER, 500g",2.15,"https://rimibaltic-res.cloudinary.com/image/upload/b_white,c_limit,dpr_auto,f_auto,h_216,q_1,w_216/d_ecommerce:backend-fallback.png/MAT_109409_PCE_LT"
Rimi,"Makaronai LA MOLISANA GNOCCHETTI, 500 g",1.79,"https://rimibaltic-res.cloudinary.com/image/upload/b_white,c_limit,dpr_auto,f_auto,h_216,q_1,w_216/d_ecommerce:backend-fallback.png/MAT_182138_PCE_LT"
Rimi,"Gl. šokoladinis plombyras POLS, 120 ml / 75 g",1.49,"https://rimibaltic-res.cloudinary.com/image/upload/b_white,c_limit,dpr_auto,f_auto,h_216,q_1,w_216/d_ecommerce:backend-fallback.png/MAT_938122_PCE_LT"
Rimi,"Arb. RAMUNĖLIŲ ŽIEDAI IR KMYNŲ VAISIAI, 24 g",2.19,"https://rimibaltic-res.cloudinary.com/image/upload/b_white,c_limit,dpr_auto,f_auto,h_216,q_1,w_216/d_ecommerce:backend-fallback.png/MAT_1002415_PCE_LT"
Rimi,"Pomidorų sultys RIMI, 1 l",1.59,"https://rimibaltic-res.cloudinary.com/image/upload/b_white,c_limit,dpr_auto,f_auto,h_216,q_1,w_216/d_ecommerce:backend-fallback.png/MAT_801015_PCE_LT"
Rimi,"Ekolog.lukšt. saulėgrąžų sėklos ARIMEX, 200g",1.89,"https://rimibaltic-res.cloudinary.com/image/upload/b_white,c_limit,dpr_1.0,f_auto,q_auto:low,w_150/d_ecommerce:backend-fallback.png/MAT_186974_PCE_LT"
Rimi,"Vanil. plombyras NYKŠTUKAS su migd., 80ml/63g",1.29,"https://rimibaltic-res.cloudinary.com/image/upload/b_white,c_limit,dpr_1.0,f_auto,q_auto:low,w_150/d_ecommerce:backend-fallback.png/MAT_279606_PCE_LT"
Rimi,"Džiovintos slyvos be kauliukų AWAKE, 400g",3.09,"https://rimibaltic-res.cloudinary.com/image/upload/b_white,c_limit,dpr_auto,f_auto,h_216,q_1,w_216/d_ecommerce:backend-fallback.png/MAT_804362_PCE_LT"
Rimi,"Kvietiniai minkšti TAKO RIMI PLANET, 240g",2.35,"https://rimibaltic-res.cloudinary.com/image/upload/b_white,c_limit,dpr_auto,f_auto,h_216,q_1,w_216/d_ecommerce:backend-fallback.png/MAT_811274_PCE_LT"
Rimi,"Gazuotas gaivusis gėrimas COCA COLA, 6x0,33 l",5.49,"https://rimibaltic-res.cloudinary.com/image/upload/b_white,c_limit,dpr_auto,f_auto,h_216,q_1,w_216/d_ecommerce:backend-fallback.png/MAT_1350647_PCE_LT"
Rimi,"Tualetinis popierius RIMI, 16 ritinėl.",5.69,"https://rimibaltic-res.cloudinary.com/image/upload/b_white,c_limit,dpr_auto,f_auto,h_216,q_1,w_216/d_ecommerce:backend-fallback.png/MAT_815649_PCE_LT"
Rimi,"Šaldytas grybų mišinys HORTEX JULIENNE, 400 g",4.59,"https://rimibaltic-res.cloudinary.com/image/upload/b_white,c_limit,dpr_auto,f_auto,h_216,q_1,w_216/d_ecommerce:backend-fallback.png/MAT_267544_PCE_LT"
Rimi,"Maltas kuminas SALDVA, 22 g",0.91,"https://rimibaltic-res.cloudinary.com/image/upload/b_white,c_limit,dpr_auto,f_auto,h_216,q_1,w_216/d_ecommerce:backend-fallback.png/MAT_177561_PCE_LT"
Rimi,"PIRMAS LIETUVIŠKAS majonezas VILNIUS, 250 ml",1.39,"https://rimibaltic-res.cloudinary.com/image/upload/b_white,c_limit,dpr_auto,f_auto,h_216,q_1,w_216/d_ecommerce:backend-fallback.png/MAT_931050_PCE_LT"
Rimi,"Gaz. gėrimas SANPELLEGRINO MELOGRANO, 330ml",1.29,"https://rimibaltic-res.cloudinary.com/image/upload/b_white,c_limit,dpr_auto,f_auto,h_216,q_1,w_216/d_ecommerce:backend-fallback.png/MAT_1366302_PCE_LT"
Rimi,"Grikių kruopos EKOFRISA, 800 g",2.29,"https://rimibaltic-res.cloudinary.com/image/upload/b_white,c_limit,dpr_auto,f_auto,h_216,q_1,w_216/d_ecommerce:backend-fallback.png/MAT_129516_PCE_LT"
Rimi,"Jogurtas su fig. GRAIKIŠKA AMFORA, 3,1%, 150g",1.59,"https://rimibaltic-res.cloudinary.com/image/upload/b_white,c_limit,dpr_auto,f_auto,h_216,q_1,w_216/d_ecommerce:backend-fallback.png/MAT_927767_PCE_LT"
Rimi,"Gaz.apels.sk.gaiv. gėrimas, FANTA ORANGE, 1l",1.65,"https://rimibaltic-res.cloudinary.com/image/upload/b_white,c_limit,dpr_auto,f_auto,h_216,q_1,w_216/d_ecommerce:backend-fallback.png/MAT_1360598_PCE_LT"
Rimi,"Sojų padažas su maž. drusk., KIKKOMAN, 150ml",4.99,"https://rimibaltic-res.cloudinary.com/image/upload/b_white,c_limit,dpr_1.0,f_auto,q_auto:low,w_150/d_ecommerce:backend-fallback.png/MAT_132592_PCE_LT"
Rimi,"Lyd.rūk.sūrio užkandis RAMBYNO ant.75g",1.19,"https://rimibaltic-res.cloudinary.com/image/upload/b_white,c_limit,dpr_1.0,f_auto,q_auto:low,w_150/d_ecommerce:backend-fallback.png/MAT_905304_PCE_LT"
Rimi,"Kr. gumos skon. valg. ledai KAR KAR, 90ml/65g",1.29,"https://rimibaltic-res.cloudinary.com/image/upload/b_white,c_limit,dpr_1.0,f_auto,q_auto:low,w_150/d_ecommerce:backend-fallback.png/MAT_947789_PCE_LT"
Rimi,"Ekologiški lukštenti grikiai EKOFRISA, 400 g",2.45,"https://rimibaltic-res.cloudinary.com/image/upload/b_white,c_limit,dpr_auto,f_auto,h_216,q_1,w_216/d_ecommerce:backend-fallback.png/MAT_180012_PCE_LT"
Rimi,"Šald. lietiniai su varškės įd. RESTERA, 400 g",4.89,"https://rimibaltic-res.cloudinary.com/image/upload/b_white,c_limit,dpr_auto,f_auto,h_216,q_1,w_216/d_ecommerce:backend-fallback.png/MAT_263312_PCE_LT"
Rimi,"Karštai rūkytas VALSTIEČIŲ kumpis, a.r., 105g",1.79,"https://rimibaltic-res.cloudinary.com/image/upload/b_white,c_limit,dpr_auto,f_auto,h_216,q_1,w_216/d_ecommerce:backend-fallback.png/MAT_907314_PCE_LT"
Rimi,"Batonėlis šok. ir bananų sk. CORNY BIG, 50 g",1.09,"https://rimibaltic-res.cloudinary.com/image/upload/b_white,c_limit,dpr_auto,f_auto,h_216,q_1,w_216/d_ecommerce:backend-fallback.png/MAT_135491_PCE_LT"
Rimi,"Rūkyta paprika TASTE FROM GARDEN, 60 g",1.59,"https://rimibaltic-res.cloudinary.com/image/upload/b_white,c_limit,dpr_auto,f_auto,h_216,q_1,w_216/d_ecommerce:backend-fallback.png/MAT_1005586_PCE_LT"
Rimi,"Gaz. gėrimas S.PELLEGRINO ARANCIATA R., 330ml",1.29,"https://rimibaltic-res.cloudinary.com/image/upload/b_white,c_limit,dpr_auto,f_auto,h_216,q_1,w_216/d_ecommerce:backend-fallback.png/MAT_1359585_PCE_LT"
Rimi,"Grikių kruopos dėžutėje GALINTA, 4 x 100 g",1.49,"https://rimibaltic-res.cloudinary.com/image/upload/b_white,c_limit,dpr_auto,f_auto,h_216,q_1,w_216/d_ecommerce:backend-fallback.png/MAT_146568_PCE_LT"
Rimi,"Rankų darbo itališka CIABATTA su alyv., 350 g",1.79,"https://rimibaltic-res.cloudinary.com/image/upload/b_white,c_limit,dpr_auto,f_auto,h_216,q_1,w_216/d_ecommerce:backend-fallback.png/MAT_271697_PCE_LT"
Rimi,"Datulės MEDJOUL, 500 g",6.99,"https://rimibaltic-res.cloudinary.com/image/upload/b_white,c_limit,dpr_auto,f_auto,h_216,q_1,w_216/d_ecommerce:backend-fallback.png/MAT_921600_PCE_LT"
Rimi,"Valg. vaniliniai ledai KARALIŠKI, 800 ml/385g",8.49,"https://rimibaltic-res.cloudinary.com/image/upload/b_white,c_limit,dpr_auto,f_auto,h_216,q_1,w_216/d_ecommerce:backend-fallback.png/MAT_976596_PCE_LT"
Rimi,"Karamelė su įdaru BIM-BOM, 1kg",4.39,"https://rimibaltic-res.cloudinary.com/image/upload/b_white,c_limit,dpr_auto,f_auto,h_216,q_1,w_216/d_ecommerce:backend-fallback.png/MAT_172389_KGM_LT"
Rimi,"Šaldyta pica DR.OETKER FELICIANA, 320 g",3.59,"https://rimibaltic-res.cloudinary.com/image/upload/b_white,c_limit,dpr_auto,f_auto,h_216,q_1,w_216/d_ecommerce:backend-fallback.png/MAT_934052_PCE_LT"
Rimi,"Pomidorų padažas PONAS POMIDORAS, 500g",3.89,"https://rimibaltic-res.cloudinary.com/image/upload/b_white,c_limit,dpr_1.0,f_auto,q_auto:low,w_150/d_ecommerce:backend-fallback.png/MAT_172809_PCE_LT"
Rimi,"Vištienos prieskoniai SANTA MARIA, 90g",2.09,"https://rimibaltic-res.cloudinary.com/image/upload/b_white,c_limit,dpr_1.0,f_auto,q_auto:low,w_150/d_ecommerce:backend-fallback.png/MAT_181612_PCE_LT"
Rimi,"Aitr.papr. padažas UNI-EAGLE SRIRACHA, 230g",3.79,"https://rimibaltic-res.cloudinary.com/image/upload/b_white,c_limit,dpr_1.0,f_auto,q_auto:low,w_150/d_ecommerce:backend-fallback.png/MAT_188524_PCE_LT"
Rimi,"Multivaisių gėrimas CIDO KIDS, 0,2 l",0.45,"https://rimibaltic-res.cloudinary.com/image/upload/b_white,c_limit,dpr_1.0,f_auto,q_auto:low,w_150/d_ecommerce:backend-fallback.png/MAT_173576_PCE_LT"
Rimi,"Bandelė vaikų svajon. su varšk. GARDĖSIO,130g",1.24,"https://rimibaltic-res.cloudinary.com/image/upload/b_white,c_limit,dpr_auto,f_auto,h_216,q_1,w_216/d_ecommerce:backend-fallback.png/MAT_968744_PCE_LT"
Rimi,"Bananų ir braškių gėrimas CIDO KIDS, 0,2 l",0.45,"https://rimibaltic-res.cloudinary.com/image/upload/b_white,c_limit,dpr_auto,f_auto,h_216,q_1,w_216/d_ecommerce:backend-fallback.png/MAT_173583_PCE_LT"
Rimi,"Jogurtas VILKYŠKIŲ su šil.3,6 % rieb. 350g",1.11,"https://rimibaltic-res.cloudinary.com/image/upload/b_white,c_limit,dpr_auto,f_auto,h_216,q_1,w_216/d_ecommerce:backend-fallback.png/MAT_929510_PCE_LT"
Rimi,"Šald. smulk. TOTORIŠKA lašišiena ZIGMAS, 500g",7.99,"https://rimibaltic-res.cloudinary.com/image/upload/b_white,c_limit,dpr_auto,f_auto,h_216,q_1,w_216/d_ecommerce:backend-fallback.png/MAT_900926_PCE_LT"
Rimi,"Provanso žolelės SANTA MARIA, 6 g",0.99,"https://rimibaltic-res.cloudinary.com/image/upload/b_white,c_limit,dpr_auto,f_auto,h_216,q_1,w_216/d_ecommerce:backend-fallback.png/MAT_161028_PCE_LT"
Rimi,"Cinamonas SALDVA, 22g",0.83,"https://rimibaltic-res.cloudinary.com/image/upload/b_white,c_limit,dpr_auto,f_auto,h_216,q_1,w_216/d_ecommerce:backend-fallback.png/MAT_154740_PCE_LT"
Rimi,"Šok. batonėlis su jav., KINDER COUNTRY, 24g",0.95,"https://rimibaltic-res.cloudinary.com/image/upload/b_white,c_limit,dpr_auto,f_auto,h_216,q_1,w_216/d_ecommerce:backend-fallback.png/MAT_101019_PCE_LT"
Rimi,"Vatos pagaliukai ALMEDA, 200 VNT.",1.55,"https://rimibaltic-res.cloudinary.com/image/upload/b_white,c_limit,dpr_auto,f_auto,h_216,q_1,w_216/d_ecommerce:backend-fallback.png/MAT_812266_PCE_LT"
Rimi,"Gaz.citr.žal.citr.sk. gėrimas SPRITE,1l, PET",1.65,"https://rimibaltic-res.cloudinary.com/image/upload/b_white,c_limit,dpr_1.0,f_auto,q_auto:low,w_150/d_ecommerce:backend-fallback.png/MAT_1367110_PCE_LT"
Rimi,"Ekol. alyvuogių aliejus BIONATURALIS, 750 ml",17.49,"https://rimibaltic-res.cloudinary.com/image/upload/b_white,c_limit,dpr_1.0,f_auto,q_auto:low,w_150/d_ecommerce:backend-fallback.png/MAT_175954_PCE_LT"
Rimi,"Žvakių įdėklas BOLSIUS 50h,1.35,"https://rimibaltic-res.cloudinary.com/image/upload/b_white,c_limit,dpr_auto,f_auto,h_216,q_1,w_216/d_ecommerce:backend-fallback.png/MAT_7235888_PCE_LT"
Rimi,"Makaronai LA MOLISANA SPAGHETTI, 500 g",1.79,"https://rimibaltic-res.cloudinary.com/image/upload/b_white,c_limit,dpr_auto,f_auto,h_216,q_1,w_216/d_ecommerce:backend-fallback.png/MAT_181959_PCE_LT"
Rimi,"Kalmarų žiedai tešloje NOWACO, 500 g",4.89,"https://rimibaltic-res.cloudinary.com/image/upload/b_white,c_limit,dpr_auto,f_auto,h_216,q_1,w_216/d_ecommerce:backend-fallback.png/MAT_295440_PCE_LT"
Rimi,"Vištienos sultinys MAGGI, 12 x 10g, 120g",1.29,"https://rimibaltic-res.cloudinary.com/image/upload/b_white,c_limit,dpr_auto,f_auto,h_216,q_1,w_216/d_ecommerce:backend-fallback.png/MAT_107493_PCE_LT"
Rimi,"Vyt. dešra SALCHICHÓN SELECTION RIMI,a.r.,80g",1.99,"https://rimibaltic-res.cloudinary.com/image/upload/b_white,c_limit,dpr_auto,f_auto,h_216,q_1,w_216/d_ecommerce:backend-fallback.png/MAT_809295_PCE_LT"
Rimi,"Makaronai LA MOLISANA CESERECCE, 500 g",1.79,"https://rimibaltic-res.cloudinary.com/image/upload/b_white,c_limit,dpr_auto,f_auto,h_216,q_1,w_216/d_ecommerce:backend-fallback.png/MAT_182143_PCE_LT"
Rimi,"RAMBYNO lyd. tep. sūrelis baravyk., 50%, 175g",1.69,"https://rimibaltic-res.cloudinary.com/image/upload/b_white,c_limit,dpr_auto,f_auto,h_216,q_1,w_216/d_ecommerce:backend-fallback.png/MAT_281199_PCE_LT"
Rimi,"Ramunėlių žiedų arbata RIMI BASIC, 20 g",0.25,"https://rimibaltic-res.cloudinary.com/image/upload/b_white,c_limit,dpr_auto,f_auto,h_216,q_1,w_216/d_ecommerce:backend-fallback.png/MAT_804290_PCE_LT"
Rimi,"Sulčių gėrimas RIMI apels. pers. ban., 200 ml",0.26,"https://rimibaltic-res.cloudinary.com/image/upload/b_white,c_limit,dpr_auto,f_auto,h_216,q_1,w_216/d_ecommerce:backend-fallback.png/MAT_812372_PCE_LT"
Rimi,"Saulėgrąžų sėklų branduoliai AWAKE, 150g",0.49,"https://rimibaltic-res.cloudinary.com/image/upload/b_white,c_limit,dpr_auto,f_auto,h_216,q_1,w_216/d_ecommerce:backend-fallback.png/MAT_804397_PCE_LT"
Rimi,"Greitai užšaldytos braškės RIMI SMART, 1 kg",3.99,"https://rimibaltic-res.cloudinary.com/image/upload/b_white,c_limit,dpr_auto,f_auto,h_216,q_1,w_216/d_ecommerce:backend-fallback.png/MAT_815636_PCE_LT"
Rimi,"Makaronai BARILLA PENNE RIGATE, 500 g",2.29,"https://rimibaltic-res.cloudinary.com/image/upload/b_white,c_limit,dpr_1.0,f_auto,q_auto:low,w_150/d_ecommerce:backend-fallback.png/MAT_106536_PCE_LT"
Rimi,"Sorų kruopos SKANĖJA, 0,5 kg",1.09,"https://rimibaltic-res.cloudinary.com/image/upload/b_white,c_limit,dpr_1.0,f_auto,q_auto:low,w_150/d_ecommerce:backend-fallback.png/MAT_146701_PCE_LT"
Rimi,"Žalios alyvuogės RIMI su citr., 230 g / 142 g",1.95,"https://rimibaltic-res.cloudinary.com/image/upload/b_white,c_limit,dpr_1.0,f_auto,q_auto:low,w_150/d_ecommerce:backend-fallback.png/MAT_802896_PCE_LT"
Rimi,"Čiobreliai SANTA MARIA, 10 g",1.19,"https://rimibaltic-res.cloudinary.com/image/upload/b_white,c_limit,dpr_auto,f_auto,h_216,q_1,w_216/d_ecommerce:backend-fallback.png/MAT_129128_PCE_LT"
Rimi,"Virt. GIMINIŲ paštetas UTENOS MĖSA, a.r.,120g",1.69,"https://rimibaltic-res.cloudinary.com/image/upload/b_white,c_limit,dpr_auto,f_auto,h_216,q_1,w_216/d_ecommerce:backend-fallback.png/MAT_255547_PCE_LT"
Rimi,"Krapai SANTA MARIA, 7g",1.05,"https://rimibaltic-res.cloudinary.com/image/upload/b_white,c_limit,dpr_auto,f_auto,h_216,q_1,w_216/d_ecommerce:backend-fallback.png/MAT_100272_PCE_LT"
Rimi,"Kvietiniai miltai RIMI, 405 D, 2 kg",1.79,"https://rimibaltic-res.cloudinary.com/image/upload/b_white,c_limit,dpr_auto,f_auto,h_216,q_1,w_216/d_ecommerce:backend-fallback.png/MAT_801505_PCE_LT"
Rimi,"Gazuotas gėrimas COCA COLA, 330ml",1.02,"https://rimibaltic-res.cloudinary.com/image/upload/b_white,c_limit,dpr_auto,f_auto,h_216,q_1,w_216/d_ecommerce:backend-fallback.png/MAT_1351912_PCE_LT"
Rimi,"Sumuštinukų duona TIP TOP, 240 g",1.27,"https://rimibaltic-res.cloudinary.com/image/upload/b_white,c_limit,dpr_auto,f_auto,h_216,q_1,w_216/d_ecommerce:backend-fallback.png/MAT_248627_PCE_LT"
Rimi,"Kvietiniai miltai MALSENA, 550 D, 1 kg",1.29,"https://rimibaltic-res.cloudinary.com/image/upload/b_white,c_limit,dpr_auto,f_auto,h_216,q_1,w_216/d_ecommerce:backend-fallback.png/MAT_146185_PCE_LT"
Rimi,"Gaz. kr. skon. gėrimas, SELITA KLASIKA, 1,5 l",1.39,"https://rimibaltic-res.cloudinary.com/image/upload/b_white,c_limit,dpr_auto,f_auto,h_216,q_1,w_216/d_ecommerce:backend-fallback.png/MAT_1359615_PCE_LT"
Rimi,"Baltos bolivinės balandos RIMI, 400 g",2.99,"https://rimibaltic-res.cloudinary.com/image/upload/b_white,c_limit,dpr_auto,f_auto,h_216,q_1,w_216/d_ecommerce:backend-fallback.png/MAT_809625_PCE_LT"
Rimi,"Kepimo milteliai I LOVE ECO, 120 g",1.69,"https://rimibaltic-res.cloudinary.com/image/upload/b_white,c_limit,dpr_auto,f_auto,h_216,q_1,w_216/d_ecommerce:backend-fallback.png/MAT_813552_PCE_LT"
Rimi,"Malta kava MERRILD IN-CUP, 500 g",11.99,"https://rimibaltic-res.cloudinary.com/image/upload/b_white,c_limit,dpr_auto,f_auto,h_216,q_1,w_216/d_ecommerce:backend-fallback.png/MAT_168870_PCE_LT"
Rimi,"Maltas cinamonas SANTA MARIA, 22g",1.59,"https://rimibaltic-res.cloudinary.com/image/upload/b_white,c_limit,dpr_auto,f_auto,h_216,q_1,w_216/d_ecommerce:backend-fallback.png/MAT_100376_PCE_LT"
Rimi,"Makaronai BARILLA FETTUCINE, 500 g",3.89,"https://rimibaltic-res.cloudinary.com/image/upload/b_white,c_limit,dpr_1.0,f_auto,q_auto:low,w_150/d_ecommerce:backend-fallback.png/MAT_159968_PCE_LT"
Rimi,"Rūkytas lydytas sūris SVALIA, 45% rieb., 150g",2.19,"https://rimibaltic-res.cloudinary.com/image/upload/b_white,c_limit,dpr_1.0,f_auto,q_auto:low,w_150/d_ecommerce:backend-fallback.png/MAT_276943_PCE_LT"
Rimi,"Švieži kopūstai, 1 kg",0.99,"https://rimibaltic-res.cloudinary.com/image/upload/b_white,c_limit,dpr_1.0,f_auto,q_auto:low,w_150/d_ecommerce:backend-fallback.png/MAT_283755_KGM_LT"
Rimi,"Pomidorų skonio bulvių traškučiai LAYS, 200 g",3.29,"https://rimibaltic-res.cloudinary.com/image/upload/b_white,c_limit,dpr_1.0,f_auto,q_auto:low,w_150/d_ecommerce:backend-fallback.png/MAT_192789_PCE_LT"
Rimi,"Gvazdikėliai SANTA MARIA, 10g",1.29,"https://rimibaltic-res.cloudinary.com/image/upload/b_white,c_limit,dpr_auto,f_auto,h_216,q_1,w_216/d_ecommerce:backend-fallback.png/MAT_117137_PCE_LT"
Rimi,"Malti juodieji pipirai SANTA MARIA, 16g",1.59,"https://rimibaltic-res.cloudinary.com/image/upload/b_white,c_limit,dpr_auto,f_auto,h_216,q_1,w_216/d_ecommerce:backend-fallback.png/MAT_122324_PCE_LT"
Rimi,"Persikų puselės sirupe RIMI, 820 g / 470 g",2.49,"https://rimibaltic-res.cloudinary.com/image/upload/b_white,c_limit,dpr_auto,f_auto,h_216,q_1,w_216/d_ecommerce:backend-fallback.png/MAT_809106_PCE_LT"
Rimi,"Kviečiai su medumi OHO, 500 g",3.79,"https://rimibaltic-res.cloudinary.com/image/upload/b_white,c_limit,dpr_auto,f_auto,h_216,q_1,w_216/d_ecommerce:backend-fallback.png/MAT_124387_PCE_LT"
Rimi,"Kapų žvakė SU-680 dega iki 48val.",2.59,"https://rimibaltic-res.cloudinary.com/image/upload/b_white,c_limit,dpr_auto,f_auto,h_216,q_1,w_216/d_ecommerce:backend-fallback.png/MAT_610221_PCE_LT"
Rimi,"Neluptos gruzdintos bulvių skiltelės RIMI,1kg",4.59,"https://rimibaltic-res.cloudinary.com/image/upload/b_white,c_limit,dpr_auto,f_auto,h_216,q_1,w_216/d_ecommerce:backend-fallback.png/MAT_811420_PCE_LT"
Rimi,"Besėklės razinos JUMBO RIMI, 200g",1.59,"https://rimibaltic-res.cloudinary.com/image/upload/b_white,c_limit,dpr_auto,f_auto,h_216,q_1,w_216/d_ecommerce:backend-fallback.png/MAT_805587_PCE_LT"
Rimi,"DZŪKIJOS KAIMIŠKI sausainiai su svies. 255 g",1.99,"https://rimibaltic-res.cloudinary.com/image/upload/b_white,c_limit,dpr_auto,f_auto,h_216,q_1,w_216/d_ecommerce:backend-fallback.png/MAT_1007086_PCE_LT"
Rimi,"Kvietiniai miltai KAUNO GRŪDAI, 550 C, 2 kg",2.19,"https://rimibaltic-res.cloudinary.com/image/upload/b_white,c_limit,dpr_1.0,f_auto,q_auto:low,w_150/d_ecommerce:backend-fallback.png/MAT_1007544_PCE_LT"
Rimi,"Žvakių įdėklas BOLSIUS 100h",2.09,"https://rimibaltic-res.cloudinary.com/image/upload/b_white,c_limit,dpr_1.0,f_auto,q_auto:low,w_150/d_ecommerce:backend-fallback.png/MAT_7235887_PCE_LT"
Rimi,"Van. plombyras tarp sausainių POLS, 140ml/75g",1.89,"https://rimibaltic-res.cloudinary.com/image/upload/b_white,c_limit,dpr_auto,f_auto,h_216,q_1,w_216/d_ecommerce:backend-fallback.png/MAT_982889_PCE_LT"
Rimi,"Smulki Himalajų druska SALDVA, 250g",1.19,"https://rimibaltic-res.cloudinary.com/image/upload/b_white,c_limit,dpr_auto,f_auto,h_216,q_1,w_216/d_ecommerce:backend-fallback.png/MAT_171739_PCE_LT"
Rimi,"Smulki jūros druska CHALUPA FINA, 1 kg",1.09,"https://rimibaltic-res.cloudinary.com/image/upload/b_white,c_limit,dpr_auto,f_auto,h_216,q_1,w_216/d_ecommerce:backend-fallback.png/MAT_184973_PCE_LT"
Rimi,"Makaronai GIGLI SELECTION BY RIMI, 500 g",2.35,"https://rimibaltic-res.cloudinary.com/image/upload/b_white,c_limit,dpr_auto,f_auto,h_216,q_1,w_216/d_ecommerce:backend-fallback.png/MAT_806907_PCE_LT"
Rimi,"Ekol.kukur. traškučiai ICA I LOVE ECO, 125g",2.35,"https://rimibaltic-res.cloudinary.com/image/upload/b_white,c_limit,dpr_auto,f_auto,h_216,q_1,w_216/d_ecommerce:backend-fallback.png/MAT_155667_PCE_LT"
Rimi,"Dantų krapštukas su siūlu JORDAN 3IN1, 36vnt",2.99,"https://rimibaltic-res.cloudinary.com/image/upload/b_white,c_limit,dpr_auto,f_auto,h_216,q_1,w_216/d_ecommerce:backend-fallback.png/MAT_7075760_PCE_LT"
Rimi,"Druska indaplovėms TRI-BIO, 1,4kg",3.49,"https://rimibaltic-res.cloudinary.com/image/upload/b_white,c_limit,dpr_auto,f_auto,h_216,q_1,w_216/d_ecommerce:backend-fallback.png/MAT_7077653_PCE_LT"
Rimi,"Malta kava LAVAZZA CLUB, 250 g",9.99,"https://rimibaltic-res.cloudinary.com/image/upload/b_white,c_limit,dpr_auto,f_auto,h_216,q_1,w_216/d_ecommerce:backend-fallback.png/MAT_156712_PCE_LT"
Rimi,"Vaflinis batonėlis KINDER BUENO, 43g",1.19,"https://rimibaltic-res.cloudinary.com/image/upload/b_white,c_limit,dpr_auto,f_auto,h_216,q_1,w_216/d_ecommerce:backend-fallback.png/MAT_100786_PCE_LT"
Rimi,"Troškinta jautiena RIMI, 250g",4.29,"https://rimibaltic-res.cloudinary.com/image/upload/b_white,c_limit,dpr_auto,f_auto,h_216,q_1,w_216/d_ecommerce:backend-fallback.png/MAT_803381_PCE_LT"
Rimi,"Pyragas Jogurtinis, 1kg",8.79,"https://rimibaltic-res.cloudinary.com/image/upload/b_white,c_limit,dpr_auto,f_auto,h_216,q_1,w_216/d_ecommerce:backend-fallback.png/MAT_941372_KGM_LT"
Rimi,"Užšaldyta menkės filė be odos RIMI, MSC, 380g",9.79,"https://rimibaltic-res.cloudinary.com/image/upload/b_white,c_limit,dpr_1.0,f_auto,q_auto:low,w_150/d_ecommerce:backend-fallback.png/MAT_813368_PCE_LT"
Rimi,"Švediški mėsos kukuliai NOWACO, 300 g",5.49,"https://rimibaltic-res.cloudinary.com/image/upload/b_white,c_limit,dpr_1.0,f_auto,q_auto:low,w_150/d_ecommerce:backend-fallback.png/MAT_4008732_PCE_LT"
Rimi,"Šald. KARALIŠKIEJI koldūnai su mėsos įd.,400g",3.59,"https://rimibaltic-res.cloudinary.com/image/upload/b_white,c_limit,dpr_1.0,f_auto,q_auto:low,w_150/d_ecommerce:backend-fallback.png/MAT_248671_PCE_LT"
Rimi,"Rudieji ryžiai RIMI GREATLIFE, 500 g",1.39,"https://rimibaltic-res.cloudinary.com/image/upload/b_white,c_limit,dpr_auto,f_auto,h_216,q_1,w_216/d_ecommerce:backend-fallback.png/MAT_812819_PCE_LT"
Rimi,"KARALIŠKI kvietiniai miltai, 1,75 kg",2.29,"https://rimibaltic-res.cloudinary.com/image/upload/b_white,c_limit,dpr_auto,f_auto,h_216,q_1,w_216/d_ecommerce:backend-fallback.png/MAT_160829_PCE_LT"
Rimi,"Šokoladas KINDER T8, 100g",2.49,"https://rimibaltic-res.cloudinary.com/image/upload/b_white,c_limit,dpr_auto,f_auto,h_216,q_1,w_216/d_ecommerce:backend-fallback.png/MAT_103702_PCE_LT"
Rimi,"Šokoladiniai vafliai SELGA, 180 g",1.75,"https://rimibaltic-res.cloudinary.com/image/upload/b_white,c_limit,dpr_auto,f_auto,h_216,q_1,w_216/d_ecommerce:backend-fallback.png/MAT_154232_PCE_LT"
Rimi,"Sorbetas SUN365 MANGO, 80 ml / 70 g",1.69,"https://rimibaltic-res.cloudinary.com/image/upload/b_white,c_limit,dpr_auto,f_auto,h_216,q_1,w_216/d_ecommerce:backend-fallback.png/MAT_977170_PCE_LT"
Rimi,"Šal. apk. žuvų filė piršt. NOWACO, MSC, 250 g",3.09,"https://rimibaltic-res.cloudinary.com/image/upload/b_white,c_limit,dpr_auto,f_auto,h_216,q_1,w_216/d_ecommerce:backend-fallback.png/MAT_960243_PCE_LT"
Rimi,"Moliūgų sėklos RIMI kepintos,sūdytos, 200 g",3.79,"https://rimibaltic-res.cloudinary.com/image/upload/b_white,c_limit,dpr_auto,f_auto,h_216,q_1,w_216/d_ecommerce:backend-fallback.png/MAT_812438_PCE_LT"
Rimi,"Žuvų piršteliai VIKING, 51 % žuv., 250 g",4.49,"https://rimibaltic-res.cloudinary.com/image/upload/b_white,c_limit,dpr_auto,f_auto,h_216,q_1,w_216/d_ecommerce:backend-fallback.png/MAT_281902_PCE_LT"
Rimi,"Chalapos paprikos RIMI PLANET, 335/160g",4.89,"https://rimibaltic-res.cloudinary.com/image/upload/b_white,c_limit,dpr_auto,f_auto,h_216,q_1,w_216/d_ecommerce:backend-fallback.png/MAT_812265_PCE_LT"
Rimi,"Gazuotas mineralinis vanduo UNIQA, 1,5l",1.09,"https://rimibaltic-res.cloudinary.com/image/upload/b_white,c_limit,dpr_auto,f_auto,h_216,q_1,w_216/d_ecommerce:backend-fallback.png/MAT_1365586_PCE_LT"
Rimi,"Kokosų gėrimas ICA ASIA, 200 ml",1.45,"https://rimibaltic-res.cloudinary.com/image/upload/b_white,c_limit,dpr_auto,f_auto,h_216,q_1,w_216/d_ecommerce:backend-fallback.png/MAT_813759_PCE_LT"
Rimi,"Džiovintos mangų juostelės, 100 g",2.99,"https://rimibaltic-res.cloudinary.com/image/upload/b_white,c_limit,dpr_auto,f_auto,h_216,q_1,w_216/d_ecommerce:backend-fallback.png/MAT_943009_PCE_LT"
Rimi,"Džiovintos slyvos be kauliukų RIMI, 200 g",3.15,"https://rimibaltic-res.cloudinary.com/image/upload/b_white,c_limit,dpr_1.0,f_auto,q_auto:low,w_150/d_ecommerce:backend-fallback.png/MAT_805597_PCE_LT"
Rimi,"Šiukšlių maišai PACLAN Premium 60l,10vnt",2.55,"https://rimibaltic-res.cloudinary.com/image/upload/b_white,c_limit,dpr_1.0,f_auto,q_auto:low,w_150/d_ecommerce:backend-fallback.png/MAT_795422_PCE_LT"
Rimi,"Tyrė I LOVE ECO su mangu, ban., pasifl., 90 g",1.39,"https://rimibaltic-res.cloudinary.com/image/upload/b_white,c_limit,dpr_1.0,f_auto,q_auto:low,w_150/d_ecommerce:backend-fallback.png/MAT_813292_PCE_LT"
Rimi,"Ekol. sulčių gėrimas I LOVE ECO, 3 x 200 ml",2.45,"https://rimibaltic-res.cloudinary.com/image/upload/b_white,c_limit,dpr_1.0,f_auto,q_auto:low,w_150/d_ecommerce:backend-fallback.png/MAT_811591_PCE_LT"
Rimi,"Arbata ETNO AKSOMINIS VAKARAS, 22 pak., 33 g",2.69,"https://rimibaltic-res.cloudinary.com/image/upload/b_white,c_limit,dpr_auto,f_auto,h_216,q_1,w_216/d_ecommerce:backend-fallback.png/MAT_147201_PCE_LT"
Rimi,"Kiaušininiai makaronai NOODLES ICA, 250 g",2.25,"https://rimibaltic-res.cloudinary.com/image/upload/b_white,c_limit,dpr_auto,f_auto,h_216,q_1,w_216/d_ecommerce:backend-fallback.png/MAT_809537_PCE_LT"
Rimi,"Sicil. pistac. valg. ledai DIONE, 475 ml/376g",8.99,"https://rimibaltic-res.cloudinary.com/image/upload/b_white,c_limit,dpr_auto,f_auto,h_216,q_1,w_216/d_ecommerce:backend-fallback.png/MAT_943810_PCE_LT"
Rimi,"Užš. aliask. menkių filė MSC ZIGMAS, 4x100 g",7.39,"https://rimibaltic-res.cloudinary.com/image/upload/b_white,c_limit,dpr_auto,f_auto,h_216,q_1,w_216/d_ecommerce:backend-fallback.png/MAT_4004695_PCE_LT"
Rimi,"Ispaniškos vytintos mėsos rinkinys,110g",3.19,"https://rimibaltic-res.cloudinary.com/image/upload/b_white,c_limit,dpr_auto,f_auto,h_216,q_1,w_216/d_ecommerce:backend-fallback.png/MAT_809931_PCE_LT"
Rimi,"Petražolės SANTA MARIA, 4 g",1.09,"https://rimibaltic-res.cloudinary.com/image/upload/b_white,c_limit,dpr_auto,f_auto,h_216,q_1,w_216/d_ecommerce:backend-fallback.png/MAT_161027_PCE_LT"
Rimi,"Gazuotas gėrimas COCA COLA, 2l",2.69,"https://rimibaltic-res.cloudinary.com/image/upload/b_white,c_limit,dpr_auto,f_auto,h_216,q_1,w_216/d_ecommerce:backend-fallback.png/MAT_1353351_PCE_LT"
Rimi,"Ekolog. anakardžių riešutai I LOVE ECO, 100g",2.89,"https://rimibaltic-res.cloudinary.com/image/upload/b_white,c_limit,dpr_auto,f_auto,h_216,q_1,w_216/d_ecommerce:backend-fallback.png/MAT_806898_PCE_LT"
Rimi,"Malti imbierai SANTA MARIA, 20g",1.05,"https://rimibaltic-res.cloudinary.com/image/upload/b_white,c_limit,dpr_1.0,f_auto,q_auto:low,w_150/d_ecommerce:backend-fallback.png/MAT_100590_PCE_LT"
Rimi,"Malta kalendra SALDVA, 25g",0.76,"https://rimibaltic-res.cloudinary.com/image/upload/b_white,c_limit,dpr_1.0,f_auto,q_auto:low,w_150/d_ecommerce:backend-fallback.png/MAT_154784_PCE_LT"
Rimi,"Basmati ryžiai HIMALAYAN CROWN, 800 g",3.99,"https://rimibaltic-res.cloudinary.com/image/upload/b_white,c_limit,dpr_auto,f_auto,h_216,q_1,w_216/d_ecommerce:backend-fallback.png/MAT_192692_PCE_LT"
Rimi,"Kultūrinės spanguolės RIMI, 400 g",1.99,"https://rimibaltic-res.cloudinary.com/image/upload/b_white,c_limit,dpr_auto,f_auto,h_216,q_1,w_216/d_ecommerce:backend-fallback.png/MAT_815689_PCE_LT"
Rimi,"Irisas su pien.įd., ROSHEN MILKY SPLASH, 1kg",9.39,"https://rimibaltic-res.cloudinary.com/image/upload/b_white,c_limit,dpr_auto,f_auto,h_216,q_1,w_216/d_ecommerce:backend-fallback.png/MAT_168687_KGM_LT"
Rimi,"Didžkukuliai su varškės įdaru RESTERA, 400 g",4.99,"https://rimibaltic-res.cloudinary.com/image/upload/b_white,c_limit,dpr_auto,f_auto,h_216,q_1,w_216/d_ecommerce:backend-fallback.png/MAT_249336_PCE_LT"
Rimi,"Malta kava ILLY ESPRESSO, 250 g",12.79,"https://rimibaltic-res.cloudinary.com/image/upload/b_white,c_limit,dpr_auto,f_auto,h_216,q_1,w_216/d_ecommerce:backend-fallback.png/MAT_107077_PCE_LT"
Rimi,"Sumuštinių duona SĖKLŲ, 450 g",2.2,"https://rimibaltic-res.cloudinary.com/image/upload/b_white,c_limit,dpr_auto,f_auto,h_216,q_1,w_216/d_ecommerce:backend-fallback.png/MAT_946887_PCE_LT"
Rimi,"Gaz. gėrimas, S.PELLEGRINO Aranciata, 330ml",1.29,"https://rimibaltic-res.cloudinary.com/image/upload/b_white,c_limit,dpr_auto,f_auto,h_216,q_1,w_216/d_ecommerce:backend-fallback.png/MAT_1359586_PCE_LT"
Rimi,"Karamelin. valg. ledai BALTIJA, 140 ml /83 g",2.49,"https://rimibaltic-res.cloudinary.com/image/upload/b_white,c_limit,dpr_auto,f_auto,h_216,q_1,w_216/d_ecommerce:backend-fallback.png/MAT_270328_PCE_LT"
Rimi,"Prieskonių mišinys vištienai SALDVA, 30g",0.79,"https://rimibaltic-res.cloudinary.com/image/upload/b_white,c_limit,dpr_auto,f_auto,h_216,q_1,w_216/d_ecommerce:backend-fallback.png/MAT_165384_PCE_LT"
Rimi,"Mažieji slyviniai pomidorai, 1 kl., 250g",1.39,"https://rimibaltic-res.cloudinary.com/image/upload/b_white,c_limit,dpr_auto,f_auto,h_216,q_1,w_216/d_ecommerce:backend-fallback.png/MAT_289260_PCE_LT"
Rimi,"Švarcvaldo kumpis SELECTION, 100 g",1.99,"https://rimibaltic-res.cloudinary.com/image/upload/b_white,c_limit,dpr_auto,f_auto,h_216,q_1,w_216/d_ecommerce:backend-fallback.png/MAT_811459_PCE_LT"
Rimi,"Nealkoholinis alus CORONA CERO, 0,33 l",1.19,"https://rimibaltic-res.cloudinary.com/image/upload/b_white,c_limit,dpr_1.0,f_auto,q_auto:low,w_150/d_ecommerce:backend-fallback.png/MAT_1374808_PCE_LT"
Rimi,"Makaronai LA MOLISANA FARFALLE, 500 g",1.79,"https://rimibaltic-res.cloudinary.com/image/upload/b_white,c_limit,dpr_1.0,f_auto,q_auto:low,w_150/d_ecommerce:backend-fallback.png/MAT_114563_PCE_LT"
Rimi,"Bulvių traškučiai su druska LAYS,110 g",2.49,"https://rimibaltic-res.cloudinary.com/image/upload/b_white,c_limit,dpr_1.0,f_auto,q_auto:low,w_150/d_ecommerce:backend-fallback.png/MAT_194173_PCE_LT"
Rimi,"NAMINIAI koldūnai su mėsos įdaru KOGUS, 500 g",4.39,"https://rimibaltic-res.cloudinary.com/image/upload/b_white,c_limit,dpr_auto,f_auto,h_216,q_1,w_216/d_ecommerce:backend-fallback.png/MAT_249295_PCE_LT"
Rimi,"Ekol. varškytė su žemuogėmis MIAU, 6 %, 100 g",0.79,"https://rimibaltic-res.cloudinary.com/image/upload/b_white,c_limit,dpr_auto,f_auto,h_216,q_1,w_216/d_ecommerce:backend-fallback.png/MAT_265469_PCE_LT"
Rimi,"ŽEMAIČIŲ blynai su mės.įd.DONE COOKIN,260 g",3.49,"https://rimibaltic-res.cloudinary.com/image/upload/b_white,c_limit,dpr_auto,f_auto,h_216,q_1,w_216/d_ecommerce:backend-fallback.png/MAT_999611_PCE_LT"
Rimi,"CEZARIO salotos, 300 g",3.19,"https://rimibaltic-res.cloudinary.com/image/upload/b_white,c_limit,dpr_auto,f_auto,h_216,q_1,w_216/d_ecommerce:backend-fallback.png/MAT_910831_PCE_LT"
Rimi,"Sezamų aliejus ICA ASIA, 150ml",4.19,"https://rimibaltic-res.cloudinary.com/image/upload/b_white,c_limit,dpr_auto,f_auto,h_216,q_1,w_216/d_ecommerce:backend-fallback.png/MAT_810827_PCE_LT"
Rimi,"Sūrio skonio saulėgrąžos YES, 150g",1.95,"https://rimibaltic-res.cloudinary.com/image/upload/b_white,c_limit,dpr_auto,f_auto,h_216,q_1,w_216/d_ecommerce:backend-fallback.png/MAT_169168_PCE_LT"
Rimi,"Kar. sk. plombyras su s. kar. DIONE, 90ml/69g",2.29,"https://rimibaltic-res.cloudinary.com/image/upload/b_white,c_limit,dpr_auto,f_auto,h_216,q_1,w_216/d_ecommerce:backend-fallback.png/MAT_987830_PCE_LT"
Rimi,"Sviest. pyragėliai su varške ir ob. įd., 360g",4.99,"https://rimibaltic-res.cloudinary.com/image/upload/b_white,c_limit,dpr_auto,f_auto,h_216,q_1,w_216/d_ecommerce:backend-fallback.png/MAT_4008749_PCE_LT"
Rimi,"Jogurtas VILKYŠKIŲ su šil.3,6 % rieb. 200 g",0.76,"https://rimibaltic-res.cloudinary.com/image/upload/b_white,c_limit,dpr_auto,f_auto,h_216,q_1,w_216/d_ecommerce:backend-fallback.png/MAT_929469_PCE_LT"
Rimi,"Vyt. kumpis JAMON SERRANO GRAN RESERVA, 80g",3.19,"https://rimibaltic-res.cloudinary.com/image/upload/b_white,c_limit,dpr_auto,f_auto,h_216,q_1,w_216/d_ecommerce:backend-fallback.png/MAT_808288_PCE_LT"
Rimi,"Vid. jūros st. darž. miš. BAUER, šald., 400 g",1.89,"https://rimibaltic-res.cloudinary.com/image/upload/b_white,c_limit,dpr_auto,f_auto,h_216,q_1,w_216/d_ecommerce:backend-fallback.png/MAT_4005789_PCE_LT"
Rimi,"Riešutiniai vafliai SELGA, 180 g",1.75,"https://rimibaltic-res.cloudinary.com/image/upload/b_white,c_limit,dpr_auto,f_auto,h_216,q_1,w_216/d_ecommerce:backend-fallback.png/MAT_158397_PCE_LT"
Rimi,"Grikių dribsniai MALSENA, 3 min., 400 g",2.49,"https://rimibaltic-res.cloudinary.com/image/upload/b_white,c_limit,dpr_1.0,f_auto,q_auto:low,w_150/d_ecommerce:backend-fallback.png/MAT_171278_PCE_LT"
Rimi,"Ananasų nektaras RIMI, 1 l",1.79,"https://rimibaltic-res.cloudinary.com/image/upload/b_white,c_limit,dpr_1.0,f_auto,q_auto:low,w_150/d_ecommerce:backend-fallback.png/MAT_803420_PCE_LT"
Rimi,"Kukurūzų lazdelės, 210g",1.79,"https://rimibaltic-res.cloudinary.com/image/upload/b_white,c_limit,dpr_1.0,f_auto,q_auto:low,w_150/d_ecommerce:backend-fallback.png/MAT_117341_PCE_LT"
Rimi,"Sulčių gėrimas RIMI persikų ir vynuogių, 200",0.26,"https://rimibaltic-res.cloudinary.com/image/upload/b_white,c_limit,dpr_1.0,f_auto,q_auto:low,w_150/d_ecommerce:backend-fallback.png/MAT_812371_PCE_LT"
Rimi,"Rapsų aliejus RIMI, 1l",2.99,"https://rimibaltic-res.cloudinary.com/image/upload/b_white,c_limit,dpr_auto,f_auto,h_216,q_1,w_216/d_ecommerce:backend-fallback.png/MAT_801706_PCE_LT"
Rimi,"Sojų padažas prie sušio AJI, 150ml",1.89,"https://rimibaltic-res.cloudinary.com/image/upload/b_white,c_limit,dpr_auto,f_auto,h_216,q_1,w_216/d_ecommerce:backend-fallback.png/MAT_177565_PCE_LT"
Rimi,"Jogurtas su brašk. GRAIKIŠKA AMFORA,3,1%,150g",1.59,"https://rimibaltic-res.cloudinary.com/image/upload/b_white,c_limit,dpr_auto,f_auto,h_216,q_1,w_216/d_ecommerce:backend-fallback.png/MAT_929351_PCE_LT"
Rimi,"BEATOS VIRTUVĖS viso grūdo bem. duona, 300 g",1.59,"https://rimibaltic-res.cloudinary.com/image/upload/b_white,c_limit,dpr_auto,f_auto,h_216,q_1,w_216/d_ecommerce:backend-fallback.png/MAT_4006675_PCE_LT"
Rimi,"Saus. su lazdynų riešutų kr. SALLING, 175 g",1.89,"https://rimibaltic-res.cloudinary.com/image/upload/b_white,c_limit,dpr_auto,f_auto,h_216,q_1,w_216/d_ecommerce:backend-fallback.png/MAT_816772_PCE_LT"
Rimi,"Vanilinis plombyras NYKŠTUKAS, 800 ml / 400 g",8.49,"https://rimibaltic-res.cloudinary.com/image/upload/b_white,c_limit,dpr_auto,f_auto,h_216,q_1,w_216/d_ecommerce:backend-fallback.png/MAT_277218_PCE_LT"
Rimi,"Makaronai SPIRALI RIMI GREATLIFE, 500 g",1.09,"https://rimibaltic-res.cloudinary.com/image/upload/b_white,c_limit,dpr_auto,f_auto,h_216,q_1,w_216/d_ecommerce:backend-fallback.png/MAT_806916_PCE_LT"
Rimi,"Aguonos RIMI, 150g",1.19,"https://rimibaltic-res.cloudinary.com/image/upload/b_white,c_limit,dpr_auto,f_auto,h_216,q_1,w_216/d_ecommerce:backend-fallback.png/MAT_810546_PCE_LT"
Rimi,"Saldainiai RAUDONOJI AGUONA, 1kg",9.99,"https://rimibaltic-res.cloudinary.com/image/upload/b_white,c_limit,dpr_1.0,f_auto,q_auto:low,w_150/d_ecommerce:backend-fallback.png/MAT_126760_KGM_LT"
Rimi,"Šaldyti virtiniai su varške MANTINGA, 230 g",4.99,"https://rimibaltic-res.cloudinary.com/image/upload/b_white,c_limit,dpr_1.0,f_auto,q_auto:low,w_150/d_ecommerce:backend-fallback.png/MAT_973315_PCE_LT"
Rimi,"Žuvies filė tešloje su sūriu NOWACO, 44%,800g",8.99,"https://rimibaltic-res.cloudinary.com/image/upload/b_white,c_limit,dpr_auto,f_auto,h_216,q_1,w_216/d_ecommerce:backend-fallback.png/MAT_940973_PCE_LT"
Rimi,"Bulvių traškučiai PRINGLES ORIGINAL, 165g",2.99,"https://rimibaltic-res.cloudinary.com/image/upload/b_white,c_limit,dpr_auto,f_auto,h_216,q_1,w_216/d_ecommerce:backend-fallback.png/MAT_127406_PCE_LT"
Rimi,"Aviečių gėrimas CIDO KIDS 0,2 l",0.45,"https://rimibaltic-res.cloudinary.com/image/upload/b_white,c_limit,dpr_auto,f_auto,h_216,q_1,w_216/d_ecommerce:backend-fallback.png/MAT_173558_PCE_LT"
Rimi,"Grūdų paplotėliai DUONIUKAI JAVINĖ, 80g",1.08,"https://rimibaltic-res.cloudinary.com/image/upload/b_white,c_limit,dpr_auto,f_auto,h_216,q_1,w_216/d_ecommerce:backend-fallback.png/MAT_146152_PCE_LT"
Rimi,"Šiaudeliai su druska BALVITEN, be glitimo,80g",1.99,"https://rimibaltic-res.cloudinary.com/image/upload/b_white,c_limit,dpr_auto,f_auto,h_216,q_1,w_216/d_ecommerce:backend-fallback.png/MAT_1001908_PCE_LT"
Rimi,"Bazilikai SANTA MARIA, 6g",1.39,"https://rimibaltic-res.cloudinary.com/image/upload/b_white,c_limit,dpr_auto,f_auto,h_216,q_1,w_216/d_ecommerce:backend-fallback.png/MAT_181631_PCE_LT"
Rimi,"Pomidorų kečupas I LOVE ECO, 560 g",3.09,"https://rimibaltic-res.cloudinary.com/image/upload/b_white,c_limit,dpr_auto,f_auto,h_216,q_1,w_216/d_ecommerce:backend-fallback.png/MAT_812540_PCE_LT"
Rimi,"Tunai savo sultyse JOHN WEST, 160 g",3.59,"https://rimibaltic-res.cloudinary.com/image/upload/b_white,c_limit,dpr_auto,f_auto,h_216,q_1,w_216/d_ecommerce:backend-fallback.png/MAT_948729_PCE_LT"
Rimi,"Datulės MEDJOUL, 1 kg",11.99,"https://rimibaltic-res.cloudinary.com/image/upload/b_white,c_limit,dpr_auto,f_auto,h_216,q_1,w_216/d_ecommerce:backend-fallback.png/MAT_970676_PCE_LT"
Rimi,"Šokoladinis batonėlis SNICKERS, 50g",1.09,"https://rimibaltic-res.cloudinary.com/image/upload/b_white,c_limit,dpr_auto,f_auto,h_216,q_1,w_216/d_ecommerce:backend-fallback.png/MAT_164252_PCE_LT"
Rimi,"Krekeriai su sezamų sėklomis ELEPHANT, 80 g",1.49,"https://rimibaltic-res.cloudinary.com/image/upload/b_white,c_limit,dpr_auto,f_auto,h_216,q_1,w_216/d_ecommerce:backend-fallback.png/MAT_177035_PCE_LT"
Rimi,"Ekolog. raudonieji lęšiai I LOVE ECO, 400 g",5.49,"https://rimibaltic-res.cloudinary.com/image/upload/b_white,c_limit,dpr_1.0,f_auto,q_auto:low,w_150/d_ecommerce:backend-fallback.png/MAT_141700_PCE_LT"
Rimi,"Dryžuotos sūdytos saulėgrąžų sėklos YES, 150g",1.95,"https://rimibaltic-res.cloudinary.com/image/upload/b_white,c_limit,dpr_1.0,f_auto,q_auto:low,w_150/d_ecommerce:backend-fallback.png/MAT_165117_PCE_LT"
Rimi,"Džiovintos spanguolės ARIMEX, 100g",2.29,"https://rimibaltic-res.cloudinary.com/image/upload/b_white,c_limit,dpr_1.0,f_auto,q_auto:low,w_150/d_ecommerce:backend-fallback.png/MAT_152528_PCE_LT"
Rimi,"Vaflinis batonėlis KINDER BUENO WHITE, 39g",1.19,"https://rimibaltic-res.cloudinary.com/image/upload/b_white,c_limit,dpr_auto,f_auto,h_216,q_1,w_216/d_ecommerce:backend-fallback.png/MAT_132289_PCE_LT"
Rimi,"SŪRIO pyragaičiai, 1 kg",13.59,"https://rimibaltic-res.cloudinary.com/image/upload/b_white,c_limit,dpr_auto,f_auto,h_216,q_1,w_216/d_ecommerce:backend-fallback.png/MAT_284293_KGM_LT"
Rimi,"Duonos gira GUBERNIJA, 500ml skardinė",0.99,"https://rimibaltic-res.cloudinary.com/image/upload/b_white,c_limit,dpr_auto,f_auto,h_216,q_1,w_216/d_ecommerce:backend-fallback.png/MAT_1359760_PCE_LT"
Rimi,"Šald. vištienos kepsneliai džiuv. VP, 500 g",6.49,"https://rimibaltic-res.cloudinary.com/image/upload/b_white,c_limit,dpr_auto,f_auto,h_216,q_1,w_216/d_ecommerce:backend-fallback.png/MAT_4000481_PCE_LT"
Rimi,"Daržovių miš. BAUER WOK THAI, šald., 400 g",2.55,"https://rimibaltic-res.cloudinary.com/image/upload/b_white,c_limit,dpr_auto,f_auto,h_216,q_1,w_216/d_ecommerce:backend-fallback.png/MAT_973840_PCE_LT"
Rimi,"Ekologiška burokėlių sriuba ACTIVUS, 400 g",2.29,"https://rimibaltic-res.cloudinary.com/image/upload/b_white,c_limit,dpr_auto,f_auto,h_216,q_1,w_216/d_ecommerce:backend-fallback.png/MAT_1020346_PCE_LT"
Rimi,"Besėklės razinos AWAKE, 400 g",1.09,"https://rimibaltic-res.cloudinary.com/image/upload/b_white,c_limit,dpr_auto,f_auto,h_216,q_1,w_216/d_ecommerce:backend-fallback.png/MAT_804431_PCE_LT"
Rimi,"Maltas kuminas SANTA MARIA, 20g",1.35,"https://rimibaltic-res.cloudinary.com/image/upload/b_white,c_limit,dpr_auto,f_auto,h_216,q_1,w_216/d_ecommerce:backend-fallback.png/MAT_192848_PCE_LT"
Rimi,"Koldūnai su kiauliena VIČI TRADITIONAL, 400 g",3.79,"https://rimibaltic-res.cloudinary.com/image/upload/b_white,c_limit,dpr_auto,f_auto,h_216,q_1,w_216/d_ecommerce:backend-fallback.png/MAT_296506_PCE_LT"
Rimi,"Šaldytos strimelės SAARE FISHEXPORT, 1 kg",1.89,"https://rimibaltic-res.cloudinary.com/image/upload/b_white,c_limit,dpr_auto,f_auto,h_216,q_1,w_216/d_ecommerce:backend-fallback.png/MAT_904314_PCE_LT"
Rimi,"Kūčiukai, 300 g",1.89,"https://rimibaltic-res.cloudinary.com/image/upload/b_white,c_limit,dpr_auto,f_auto,h_216,q_1,w_216/d_ecommerce:backend-fallback.png/MAT_1020020_PCE_LT"
Rimi,"Pica DR OETKER RISTORANTE BOLOGNESE, 375 g",3.29,"https://rimibaltic-res.cloudinary.com/image/upload/b_white,c_limit,dpr_auto,f_auto,h_216,q_1,w_216/d_ecommerce:backend-fallback.png/MAT_4003837_PCE_LT"
Rimi,"Apelsinų sultys 100% RIMI, 1 l",1.29,"https://rimibaltic-res.cloudinary.com/image/upload/b_white,c_limit,dpr_1.0,f_auto,q_auto:low,w_150/d_ecommerce:backend-fallback.png/MAT_816603_PCE_LT"
Rimi,"Imbieriniai sausainiai ICA, 300 g",3.69,"https://rimibaltic-res.cloudinary.com/image/upload/b_white,c_limit,dpr_1.0,f_auto,q_auto:low,w_150/d_ecommerce:backend-fallback.png/MAT_805790_PCE_LT"
Rimi,"DZŪKIJOS sausainiai GUBOJA, 290 g",2.39,"https://rimibaltic-res.cloudinary.com/image/upload/b_white,c_limit,dpr_1.0,f_auto,q_auto:low,w_150/d_ecommerce:backend-fallback.png/MAT_1007085_PCE_LT"
Rimi,"Itališki lakštiniai BARILLA LASAGNE, 500 g",4.89,"https://rimibaltic-res.cloudinary.com/image/upload/b_white,c_limit,dpr_1.0,f_auto,q_auto:low,w_150/d_ecommerce:backend-fallback.png/MAT_106537_PCE_LT"
Rimi,"Granatų sultys SUN365, 250 ml",2.6,"https://rimibaltic-res.cloudinary.com/image/upload/b_white,c_limit,dpr_auto,f_auto,h_216,q_1,w_216/d_ecommerce:backend-fallback.png/MAT_1367629_PCE_LT"
Rimi,"Sausainiai RIMI su kakav. kremo pertep. 500 g",2.59,"https://rimibaltic-res.cloudinary.com/image/upload/b_white,c_limit,dpr_auto,f_auto,h_216,q_1,w_216/d_ecommerce:backend-fallback.png/MAT_812429_PCE_LT"
Rimi,"Pica MANTINGA AMERICANA PASSIONATA, 400 g",3.89,"https://rimibaltic-res.cloudinary.com/image/upload/b_white,c_limit,dpr_auto,f_auto,h_216,q_1,w_216/d_ecommerce:backend-fallback.png/MAT_905055_PCE_LT"
Rimi,"Makaronai LA MOLISANA SPAGHETTO N15, 500 g",2.19,"https://rimibaltic-res.cloudinary.com/image/upload/b_white,c_limit,dpr_auto,f_auto,h_216,q_1,w_216/d_ecommerce:backend-fallback.png/MAT_182154_PCE_LT"
Rimi,"Al. rud. menkių filė NORTHLAND, MSC, 800 g",6.69,"https://rimibaltic-res.cloudinary.com/image/upload/b_white,c_limit,dpr_auto,f_auto,h_216,q_1,w_216/d_ecommerce:backend-fallback.png/MAT_814567_PCE_LT"
Rimi,"Džiovinti mangai, 500 g",5.79,"https://rimibaltic-res.cloudinary.com/image/upload/b_white,c_limit,dpr_auto,f_auto,h_216,q_1,w_216/d_ecommerce:backend-fallback.png/MAT_997532_PCE_LT"
Rimi,"Greit. paruoš. avižiniai dribsn. RIMI, 450 g",1.15,"https://rimibaltic-res.cloudinary.com/image/upload/b_white,c_limit,dpr_auto,f_auto,h_216,q_1,w_216/d_ecommerce:backend-fallback.png/MAT_801700_PCE_LT"
Rimi,"Malta kava LAVAZZA ORO skardinėje, 250 g",9.99,"https://rimibaltic-res.cloudinary.com/image/upload/b_white,c_limit,dpr_auto,f_auto,h_216,q_1,w_216/d_ecommerce:backend-fallback.png/MAT_113602_PCE_LT"
Rimi,"Alyvuogių aliejus BORGES EXTRA VIRGIN, 0,75l",13.99,"https://rimibaltic-res.cloudinary.com/image/upload/b_white,c_limit,dpr_1.0,f_auto,q_auto:low,w_150/d_ecommerce:backend-fallback.png/MAT_147762_PCE_LT"
Rimi,"Sausi pusryčiai RIMI CHOCO BLAST, 250 g",0.59,"https://rimibaltic-res.cloudinary.com/image/upload/b_white,c_limit,dpr_1.0,f_auto,q_auto:low,w_150/d_ecommerce:backend-fallback.png/MAT_808928_PCE_LT"
Rimi,"Šokoladas MILKA SNOW BALLS, 112 g",5.99,"https://rimibaltic-res.cloudinary.com/image/upload/b_white,c_limit,dpr_auto,f_auto,h_216,q_1,w_216/d_ecommerce:backend-fallback.png/MAT_1002134_PCE_LT"
Rimi,"Graik. varškė su brašk. AMFORA, 0,8%, 200 g",1.65,"https://rimibaltic-res.cloudinary.com/image/upload/b_white,c_limit,dpr_auto,f_auto,h_216,q_1,w_216/d_ecommerce:backend-fallback.png/MAT_988835_PCE_LT"
Rimi,"Makaronai RIMI CORNETTI, 500 g",1.19,"https://rimibaltic-res.cloudinary.com/image/upload/b_white,c_limit,dpr_auto,f_auto,h_216,q_1,w_216/d_ecommerce:backend-fallback.png/MAT_801170_PCE_LT"
Rimi,"Gazuotas gėrimas DR. PEPPER, 330ml",1.09,"https://rimibaltic-res.cloudinary.com/image/upload/b_white,c_limit,dpr_auto,f_auto,h_216,q_1,w_216/d_ecommerce:backend-fallback.png/MAT_1356598_PCE_LT"
Rimi,"Tual. valiklis-gaiviklis BREF PA LEMON, 2x50g",4.69,"https://rimibaltic-res.cloudinary.com/image/upload/b_white,c_limit,dpr_auto,f_auto,h_216,q_1,w_216/d_ecommerce:backend-fallback.png/MAT_7018826_PCE_LT"
Rimi,"Ties. bulvytės kepti orkait. FARM FRITES,750g",3.45,"https://rimibaltic-res.cloudinary.com/image/upload/b_white,c_limit,dpr_auto,f_auto,h_216,q_1,w_216/d_ecommerce:backend-fallback.png/MAT_207395_PCE_LT"
Rimi,"Perlinės kruopos FASMA, 800 g",1.09,"https://rimibaltic-res.cloudinary.com/image/upload/b_white,c_limit,dpr_auto,f_auto,h_216,q_1,w_216/d_ecommerce:backend-fallback.png/MAT_150483_PCE_LT"
Rimi,"Tepamas sūris be laktozės PHILADELPHIA, 150g",2.95,"https://rimibaltic-res.cloudinary.com/image/upload/b_white,c_limit,dpr_auto,f_auto,h_216,q_1,w_216/d_ecommerce:backend-fallback.png/MAT_904959_PCE_LT"
Rimi,"Ruoš. makaronams SPAG.,BOLOG., MAGGI IDEA,44g",1.05,"https://rimibaltic-res.cloudinary.com/image/upload/b_white,c_limit,dpr_auto,f_auto,h_216,q_1,w_216/d_ecommerce:backend-fallback.png/MAT_139723_PCE_LT"
Rimi,"Graikiniai riešutai ARIMEX, 100g",2.05,"https://rimibaltic-res.cloudinary.com/image/upload/b_white,c_limit,dpr_auto,f_auto,h_216,q_1,w_216/d_ecommerce:backend-fallback.png/MAT_147055_PCE_LT"
Rimi,"Vover. pad. sk. bulvių traškučiai LAYS, 110 g",2.49,"https://rimibaltic-res.cloudinary.com/image/upload/b_white,c_limit,dpr_auto,f_auto,h_216,q_1,w_216/d_ecommerce:backend-fallback.png/MAT_1001461_PCE_LT"
Rimi,"Lęšiai SKANĖJA, 500 g",1.79,"https://rimibaltic-res.cloudinary.com/image/upload/b_white,c_limit,dpr_1.0,f_auto,q_auto:low,w_150/d_ecommerce:backend-fallback.png/MAT_146710_PCE_LT"
Rimi,"Kotletų prieskoniai SANTA MARIA, 28g",1.05,"https://rimibaltic-res.cloudinary.com/image/upload/b_white,c_limit,dpr_1.0,f_auto,q_auto:low,w_150/d_ecommerce:backend-fallback.png/MAT_109737_PCE_LT"
Rimi,"Šaldyta atlantinių menkių malta mėsa, 450 g",4.19,"https://rimibaltic-res.cloudinary.com/image/upload/b_white,c_limit,dpr_1.0,f_auto,q_auto:low,w_150/d_ecommerce:backend-fallback.png/MAT_995160_PCE_LT"
Rimi,"Ekologiška trijų lęšių sriuba ACTIVUS, 400 g",2.39,"https://rimibaltic-res.cloudinary.com/image/upload/b_white,c_limit,dpr_auto,f_auto,h_216,q_1,w_216/d_ecommerce:backend-fallback.png/MAT_1020297_PCE_LT"
Rimi,"Žemės riešutų plombyras KAR KAR, 150ml/90g",2.19,"https://rimibaltic-res.cloudinary.com/image/upload/b_white,c_limit,dpr_auto,f_auto,h_216,q_1,w_216/d_ecommerce:backend-fallback.png/MAT_962530_PCE_LT"
Rimi,"Ekologiški BASMATI ryžiai I LOVE ECO, 1 kg",5.99,"https://rimibaltic-res.cloudinary.com/image/upload/b_white,c_limit,dpr_auto,f_auto,h_216,q_1,w_216/d_ecommerce:backend-fallback.png/MAT_808977_PCE_LT"
Rimi,"Troškinta kiauliena RIMI, 250g",3.39,"https://rimibaltic-res.cloudinary.com/image/upload/b_white,c_limit,dpr_auto,f_auto,h_216,q_1,w_216/d_ecommerce:backend-fallback.png/MAT_803382_PCE_LT"
Rimi,"Pomidorų padažas su bazilikais BARILLA, 400g",3.19,"https://rimibaltic-res.cloudinary.com/image/upload/b_white,c_limit,dpr_auto,f_auto,h_216,q_1,w_216/d_ecommerce:backend-fallback.png/MAT_106498_PCE_LT"
Rimi,"Valg. ledai MAGNUM DOUBLE BILLION., 85ml/ 71g",2.89,"https://rimibaltic-res.cloudinary.com/image/upload/b_white,c_limit,dpr_auto,f_auto,h_216,q_1,w_216/d_ecommerce:backend-fallback.png/MAT_974200_PCE_LT"
Rimi,"Šokolado skonio tortas (vidutinis), 1 kg",11.99,"https://rimibaltic-res.cloudinary.com/image/upload/b_white,c_limit,dpr_auto,f_auto,h_216,q_1,w_216/d_ecommerce:backend-fallback.png/MAT_256895_KGM_LT"
Rimi,"Energinis gėrimas MONSTER ULTRA ZERO, 500ml",1.55,"https://rimibaltic-res.cloudinary.com/image/upload/b_white,c_limit,dpr_auto,f_auto,h_216,q_1,w_216/d_ecommerce:backend-fallback.png/MAT_1361974_PCE_LT"
Rimi,"Sūrios lazdelės su sūriu RIMI, 125 g",1.65,"https://rimibaltic-res.cloudinary.com/image/upload/b_white,c_limit,dpr_auto,f_auto,h_216,q_1,w_216/d_ecommerce:backend-fallback.png/MAT_801292_PCE_LT"
Rimi,"Makaronai RIMI VERMICELLI, 500 g",1.19,"https://rimibaltic-res.cloudinary.com/image/upload/b_white,c_limit,dpr_auto,f_auto,h_216,q_1,w_216/d_ecommerce:backend-fallback.png/MAT_801276_PCE_LT"
Rimi,"Sėklų mišinys duonai ARIMEX 100g",1.45,"https://rimibaltic-res.cloudinary.com/image/upload/b_white,c_limit,dpr_auto,f_auto,h_216,q_1,w_216/d_ecommerce:backend-fallback.png/MAT_157104_PCE_LT"
Rimi,"Gaz. mineralinis vanduo S.PELLEGRINO, 0,75 l",2.09,"https://rimibaltic-res.cloudinary.com/image/upload/b_white,c_limit,dpr_auto,f_auto,h_216,q_1,w_216/d_ecommerce:backend-fallback.png/MAT_128107_PCE_LT"
Rimi,"ŠIAURINIAI meduoliai, 400 g",2.79,"https://rimibaltic-res.cloudinary.com/image/upload/b_white,c_limit,dpr_1.0,f_auto,q_auto:low,w_150/d_ecommerce:backend-fallback.png/MAT_194189_PCE_LT"
Rimi,"Tamsi bemielė NAMINĖ duona, 320g",1.39,"https://rimibaltic-res.cloudinary.com/image/upload/b_white,c_limit,dpr_1.0,f_auto,q_auto:low,w_150/d_ecommerce:backend-fallback.png/MAT_288621_PCE_LT"
Rimi,"Šaldyti falafeliai ANAMMA, 325 g",6.19,"https://rimibaltic-res.cloudinary.com/image/upload/b_white,c_limit,dpr_1.0,f_auto,q_auto:low,w_150/d_ecommerce:backend-fallback.png/MAT_4003986_PCE_LT"
Rimi,"Grikių kruopos RIMI SMART, 4 x 100 g, 400 g",0.85,"https://rimibaltic-res.cloudinary.com/image/upload/b_white,c_limit,dpr_1.0,f_auto,q_auto:low,w_150/d_ecommerce:backend-fallback.png/MAT_805135_PCE_LT"
Rimi,"Raudonojo kario pasta ICA, 114g",4.09,"https://rimibaltic-res.cloudinary.com/image/upload/b_white,c_limit,dpr_auto,f_auto,h_216,q_1,w_216/d_ecommerce:backend-fallback.png/MAT_810921_PCE_LT"
Rimi,"Karis SANTA MARIA, 25g",1.05,"https://rimibaltic-res.cloudinary.com/image/upload/b_white,c_limit,dpr_auto,f_auto,h_216,q_1,w_216/d_ecommerce:backend-fallback.png/MAT_100338_PCE_LT"
Rimi,"Kosmetiniai vatos padeliai ALMEDA, 50 vnt.",0.9,"https://rimibaltic-res.cloudinary.com/image/upload/b_white,c_limit,dpr_auto,f_auto,h_216,q_1,w_216/d_ecommerce:backend-fallback.png/MAT_812016_PCE_LT"
Rimi,"Miežinės kruopos SKANĖJA, 400 g",0.99,"https://rimibaltic-res.cloudinary.com/image/upload/b_white,c_limit,dpr_auto,f_auto,h_216,q_1,w_216/d_ecommerce:backend-fallback.png/MAT_153057_PCE_LT"
Rimi,"Šaldyti picų papločiai VIČI, 2 x vnt, 320 g",2.39,"https://rimibaltic-res.cloudinary.com/image/upload/b_white,c_limit,dpr_auto,f_auto,h_216,q_1,w_216/d_ecommerce:backend-fallback.png/MAT_280796_PCE_LT"
Rimi,"Kečupas HELLMANN'S MILD, 485g",2.99,"https://rimibaltic-res.cloudinary.com/image/upload/b_white,c_limit,dpr_auto,f_auto,h_216,q_1,w_216/d_ecommerce:backend-fallback.png/MAT_193765_PCE_LT"
Rimi,"Picų prieskoniai SANTA MARIA, 5g",0.99,"https://rimibaltic-res.cloudinary.com/image/upload/b_white,c_limit,dpr_auto,f_auto,h_216,q_1,w_216/d_ecommerce:backend-fallback.png/MAT_100353_PCE_LT"
Rimi,"Valgomoji druska RIMI SMART, 1 kg",0.39,"https://rimibaltic-res.cloudinary.com/image/upload/b_white,c_limit,dpr_auto,f_auto,h_216,q_1,w_216/d_ecommerce:backend-fallback.png/MAT_811466_PCE_LT"
Rimi,"Želė saldainiai HARIBO GOLDBEARS, 100 g",1.55,"https://rimibaltic-res.cloudinary.com/image/upload/b_white,c_limit,dpr_1.0,f_auto,q_auto:low,w_150/d_ecommerce:backend-fallback.png/MAT_103479_PCE_LT"
Rimi,"Valg. ledai vyšn. įd. SAMMONTANA, 800ml/500g",6.99,"https://rimibaltic-res.cloudinary.com/image/upload/b_white,c_limit,dpr_1.0,f_auto,q_auto:low,w_150/d_ecommerce:backend-fallback.png/MAT_984692_PCE_LT"
Rimi,"Natūralios granatų sultys SAVILLE, 1 l",5.59,"https://rimibaltic-res.cloudinary.com/image/upload/b_white,c_limit,dpr_auto,f_auto,h_216,q_1,w_216/d_ecommerce:backend-fallback.png/MAT_1364538_PCE_LT"
Rimi,"Terijakio padažas SANTA MARIA, 300ml",5.99,"https://rimibaltic-res.cloudinary.com/image/upload/b_white,c_limit,dpr_auto,f_auto,h_216,q_1,w_216/d_ecommerce:backend-fallback.png/MAT_104059_PCE_LT"
Rimi,"Zef. saldainiai RIMI MINI MARSHMALLOWS, 150g",1.39,"https://rimibaltic-res.cloudinary.com/image/upload/b_white,c_limit,dpr_auto,f_auto,h_216,q_1,w_216/d_ecommerce:backend-fallback.png/MAT_811061_PCE_LT"
Rimi,"Ekol. raud. pupel. be skysčio ACTIVUS, 150 g",1.55,"https://rimibaltic-res.cloudinary.com/image/upload/b_white,c_limit,dpr_auto,f_auto,h_216,q_1,w_216/d_ecommerce:backend-fallback.png/MAT_1020302_PCE_LT"
Rimi,"Pomidorų pasta RIMI (100%), 270g",1.89,"https://rimibaltic-res.cloudinary.com/image/upload/b_white,c_limit,dpr_auto,f_auto,h_216,q_1,w_216/d_ecommerce:backend-fallback.png/MAT_804849_PCE_LT"
Rimi,"Lukštentos saulėgrąžų sėklos ARIMEX, 200g",1.69,"https://rimibaltic-res.cloudinary.com/image/upload/b_white,c_limit,dpr_auto,f_auto,h_216,q_1,w_216/d_ecommerce:backend-fallback.png/MAT_147062_PCE_LT"
Rimi,"Saldainiai FORTŪNA, 1kg",8.49,"https://rimibaltic-res.cloudinary.com/image/upload/b_white,c_limit,dpr_auto,f_auto,h_216,q_1,w_216/d_ecommerce:backend-fallback.png/MAT_180941_KGM_LT"
Rimi,"Kukurūzų traškučiai NACHO SANTA MARIA, 475 g",5.19,"https://rimibaltic-res.cloudinary.com/image/upload/b_white,c_limit,dpr_auto,f_auto,h_216,q_1,w_216/d_ecommerce:backend-fallback.png/MAT_174873_PCE_LT"
Rimi,"Šaldyti blyneliai su šokolado įdaru VIČI,340g",2.89,"https://rimibaltic-res.cloudinary.com/image/upload/b_white,c_limit,dpr_auto,f_auto,h_216,q_1,w_216/d_ecommerce:backend-fallback.png/MAT_973945_PCE_LT"
Rimi,"Valgomieji ledai MAGNUM ALMOND, 110 ml / 83 g",2.89,"https://rimibaltic-res.cloudinary.com/image/upload/b_white,c_limit,dpr_auto,f_auto,h_216,q_1,w_216/d_ecommerce:backend-fallback.png/MAT_256624_PCE_LT"
Rimi,"Persikų nektaras CIDO, 1 l",2.35,"https://rimibaltic-res.cloudinary.com/image/upload/b_white,c_limit,dpr_auto,f_auto,h_216,q_1,w_216/d_ecommerce:backend-fallback.png/MAT_100651_PCE_LT"
Rimi,"Drėgnos servetėlės grindims ICA, 20vnt.",2.39,"https://rimibaltic-res.cloudinary.com/image/upload/b_white,c_limit,dpr_1.0,f_auto,q_auto:low,w_150/d_ecommerce:backend-fallback.png/MAT_809417_PCE_LT"
Rimi,"Klasikinis SUSLAVIČIAUS pomid. kečupas, 500g",2.69,"https://rimibaltic-res.cloudinary.com/image/upload/b_white,c_limit,dpr_1.0,f_auto,q_auto:low,w_150/d_ecommerce:backend-fallback.png/MAT_183711_PCE_LT"
Rimi,"Pomidorų padažas DARŽO CHORAS, 490g",3.85,"https://rimibaltic-res.cloudinary.com/image/upload/b_white,c_limit,dpr_1.0,f_auto,q_auto:low,w_150/d_ecommerce:backend-fallback.png/MAT_172816_PCE_LT"
Rimi,"Van. valg. ledai su ž. rieš. RIMI, 660ml/402g",2.99,"https://rimibaltic-res.cloudinary.com/image/upload/b_white,c_limit,dpr_auto,f_auto,h_216,q_1,w_216/d_ecommerce:backend-fallback.png/MAT_814763_PCE_LT"
Rimi,"Sardinės aliejuje RIMI, 90 g / 63 g",1.55,"https://rimibaltic-res.cloudinary.com/image/upload/b_white,c_limit,dpr_auto,f_auto,h_216,q_1,w_216/d_ecommerce:backend-fallback.png/MAT_815527_PCE_LT"
Rimi,"Šokoladinis batonėlis BOUNTY, 2 x 28,5g, 57g",1.39,"https://rimibaltic-res.cloudinary.com/image/upload/b_white,c_limit,dpr_auto,f_auto,h_216,q_1,w_216/d_ecommerce:backend-fallback.png/MAT_100803_PCE_LT"
Rimi,"Sausainiai MILKA CHOCOLATE CHIP, 135 g",2.89,"https://rimibaltic-res.cloudinary.com/image/upload/b_white,c_limit,dpr_auto,f_auto,h_216,q_1,w_216/d_ecommerce:backend-fallback.png/MAT_162849_PCE_LT"
Rimi,"Jogurtas VILKYŠKIŲ su brašk.3,6 % rieb. 350 g",1.11,"https://rimibaltic-res.cloudinary.com/image/upload/b_white,c_limit,dpr_auto,f_auto,h_216,q_1,w_216/d_ecommerce:backend-fallback.png/MAT_286917_PCE_LT"
Rimi,"Makaronai LA MOLISANA GNOCCHI, 500 g",1.89,"https://rimibaltic-res.cloudinary.com/image/upload/b_white,c_limit,dpr_auto,f_auto,h_216,q_1,w_216/d_ecommerce:backend-fallback.png/MAT_1004135_PCE_LT"
Rimi,"Saulėgrąžų sėklos RIMI kepintos,sūdytos, 300g",2.99,"https://rimibaltic-res.cloudinary.com/image/upload/b_white,c_limit,dpr_auto,f_auto,h_216,q_1,w_216/d_ecommerce:backend-fallback.png/MAT_812428_PCE_LT"
Rimi,"Penkių grūdų dribsniai DOBELE, 500 g",1.99,"https://rimibaltic-res.cloudinary.com/image/upload/b_white,c_limit,dpr_auto,f_auto,h_216,q_1,w_216/d_ecommerce:backend-fallback.png/MAT_183736_PCE_LT"
Rimi,"Indų ploviklis TRI-BIO, 840ml",4.99,"https://rimibaltic-res.cloudinary.com/image/upload/b_white,c_limit,dpr_auto,f_auto,h_216,q_1,w_216/d_ecommerce:backend-fallback.png/MAT_7123664_PCE_LT"
Rimi,"Troškinių prieskoniai SANTA MARIA, 40g",1.05,"https://rimibaltic-res.cloudinary.com/image/upload/b_white,c_limit,dpr_auto,f_auto,h_216,q_1,w_216/d_ecommerce:backend-fallback.png/MAT_103245_PCE_LT"
Rimi,"Šokoladas KINDER JOY, 20g",1.59,"https://rimibaltic-res.cloudinary.com/image/upload/b_white,c_limit,dpr_auto,f_auto,h_216,q_1,w_216/d_ecommerce:backend-fallback.png/MAT_120331_PCE_LT"
Rimi,"Šaldytas sojų faršas ANAMMA, 450 g",6.99,"https://rimibaltic-res.cloudinary.com/image/upload/b_white,c_limit,dpr_auto,f_auto,h_216,q_1,w_216/d_ecommerce:backend-fallback.png/MAT_4003994_PCE_LT"
Rimi,"Pyragaičiai su pieno įdaru BARNI, 150 g",2.69,"https://rimibaltic-res.cloudinary.com/image/upload/b_white,c_limit,dpr_1.0,f_auto,q_auto:low,w_150/d_ecommerce:backend-fallback.png/MAT_273419_PCE_LT"
Rimi,"Kmynai SALDVA, 35g",0.82,"https://rimibaltic-res.cloudinary.com/image/upload/b_white,c_limit,dpr_1.0,f_auto,q_auto:low,w_150/d_ecommerce:backend-fallback.png/MAT_154765_PCE_LT"
Rimi,"Valg. ledai DIONE su sūr. ir sp., 475 ml/376g",8.99,"https://rimibaltic-res.cloudinary.com/image/upload/b_white,c_limit,dpr_1.0,f_auto,q_auto:low,w_150/d_ecommerce:backend-fallback.png/MAT_932156_PCE_LT"
Rimi,"Guminukai RIMI MĖSAINIAI, 100 g",0.89,"https://rimibaltic-res.cloudinary.com/image/upload/b_white,c_limit,dpr_1.0,f_auto,q_auto:low,w_150/d_ecommerce:backend-fallback.png/MAT_812314_PCE_LT"
Rimi,"Trapučiai su aviečių gabaliukais KUPIEC, 70 g",2.79,"https://rimibaltic-res.cloudinary.com/image/upload/b_white,c_limit,dpr_auto,f_auto,h_216,q_1,w_216/d_ecommerce:backend-fallback.png/MAT_1001068_PCE_LT"
Rimi,"Kukurūzų lazdelės cukruje, 285 g",2.49,"https://rimibaltic-res.cloudinary.com/image/upload/b_white,c_limit,dpr_auto,f_auto,h_216,q_1,w_216/d_ecommerce:backend-fallback.png/MAT_117287_PCE_LT"
Rimi,"Sausain. avieč. įd. MILKA CHOCO JAFFA, 147 g",2.89,"https://rimibaltic-res.cloudinary.com/image/upload/b_white,c_limit,dpr_auto,f_auto,h_216,q_1,w_216/d_ecommerce:backend-fallback.png/MAT_160376_PCE_LT"
Rimi,"Ekologiški grikiniai duoniukai JAVINĖ, 80g",1.16,"https://rimibaltic-res.cloudinary.com/image/upload/b_white,c_limit,dpr_auto,f_auto,h_216,q_1,w_216/d_ecommerce:backend-fallback.png/MAT_270553_PCE_LT"
Rimi,"Ekol. MAMUKO ban. slyvų tyrelė, 4 mėn, 100 g",1.55,"https://rimibaltic-res.cloudinary.com/image/upload/b_white,c_limit,dpr_auto,f_auto,h_216,q_1,w_216/d_ecommerce:backend-fallback.png/MAT_195170_PCE_LT"
Rimi,"Vanilės skonio valgom. ledai DADU, 800ml/412g",7.49,"https://rimibaltic-res.cloudinary.com/image/upload/b_white,c_limit,dpr_auto,f_auto,h_216,q_1,w_216/d_ecommerce:backend-fallback.png/MAT_955001_PCE_LT"
Rimi,"Sausainiai GAIDELIS ŠOKOLADAS, 160 g",0.85,"https://rimibaltic-res.cloudinary.com/image/upload/b_white,c_limit,dpr_auto,f_auto,h_216,q_1,w_216/d_ecommerce:backend-fallback.png/MAT_1000158_PCE_LT"
Rimi,"Šprotai aliejuje RIMI, 250 g",2.89,"https://rimibaltic-res.cloudinary.com/image/upload/b_white,c_limit,dpr_auto,f_auto,h_216,q_1,w_216/d_ecommerce:backend-fallback.png/MAT_812037_PCE_LT"
Rimi,"Šiaudeliai su druska ICA, 250 g",1.79,"https://rimibaltic-res.cloudinary.com/image/upload/b_white,c_limit,dpr_1.0,f_auto,q_auto:low,w_150/d_ecommerce:backend-fallback.png/MAT_810769_PCE_LT"
Rimi,"Šokoladiniai valg. ledai KLASIKA, 1 l / 500 g",4.69,"https://rimibaltic-res.cloudinary.com/image/upload/b_white,c_limit,dpr_1.0,f_auto,q_auto:low,w_150/d_ecommerce:backend-fallback.png/MAT_260481_PCE_LT"
Rimi,"Ryžių popierius ICA ASIA, 140 g",2.95,"https://rimibaltic-res.cloudinary.com/image/upload/b_white,c_limit,dpr_auto,f_auto,h_216,q_1,w_216/d_ecommerce:backend-fallback.png/MAT_812845_PCE_LT"
Rimi,"Neskrudintos grikių kruopos GALINTA, 800 g",3.09,"https://rimibaltic-res.cloudinary.com/image/upload/b_white,c_limit,dpr_auto,f_auto,h_216,q_1,w_216/d_ecommerce:backend-fallback.png/MAT_182256_PCE_LT"
Rimi,"Šalta juodoji arbata su persikais RIMI, 1,5l",1.65,"https://rimibaltic-res.cloudinary.com/image/upload/b_white,c_limit,dpr_auto,f_auto,h_216,q_1,w_216/d_ecommerce:backend-fallback.png/MAT_1361324_PCE_LT"
Rimi,"Kukurūzų dribsniai RIMI, 500 g",0.99,"https://rimibaltic-res.cloudinary.com/image/upload/b_white,c_limit,dpr_auto,f_auto,h_216,q_1,w_216/d_ecommerce:backend-fallback.png/MAT_808930_PCE_LT"
Rimi,"Juodasis šokoladas Poesia 100g",0.79,"https://rimibaltic-res.cloudinary.com/image/upload/b_white,c_limit,dpr_auto,f_auto,h_216,q_1,w_216/d_ecommerce:backend-fallback.png/MAT_802409_PCE_LT"
Rimi,"Šald., virtos šiaur. dryžak. krevetės, 180 g",4.59,"https://rimibaltic-res.cloudinary.com/image/upload/b_white,c_limit,dpr_auto,f_auto,h_216,q_1,w_216/d_ecommerce:backend-fallback.png/MAT_973142_PCE_LT"
Rimi,"Apelsinų sultys TYMBARK, 1 l",3.69,"https://rimibaltic-res.cloudinary.com/image/upload/b_white,c_limit,dpr_auto,f_auto,h_216,q_1,w_216/d_ecommerce:backend-fallback.png/MAT_147392_PCE_LT"
Rimi,"Padažas su bazilikais PESTO GENOVESE, 190g",4.99,"https://rimibaltic-res.cloudinary.com/image/upload/b_white,c_limit,dpr_auto,f_auto,h_216,q_1,w_216/d_ecommerce:backend-fallback.png/MAT_106488_PCE_LT"
Rimi,"Želė saldainiai TROPICAL MIX RIMI, 100 g",0.89,"https://rimibaltic-res.cloudinary.com/image/upload/b_white,c_limit,dpr_auto,f_auto,h_216,q_1,w_216/d_ecommerce:backend-fallback.png/MAT_812325_PCE_LT"
Rimi,"Padažas makar.mask., SELECTION BY RIMI, 350g",2.39,"https://rimibaltic-res.cloudinary.com/image/upload/b_white,c_limit,dpr_auto,f_auto,h_216,q_1,w_216/d_ecommerce:backend-fallback.png/MAT_803256_PCE_LT"
Rimi,"Maltas muskatas SALDVA, 22 g",1.25,"https://rimibaltic-res.cloudinary.com/image/upload/b_white,c_limit,dpr_auto,f_auto,h_216,q_1,w_216/d_ecommerce:backend-fallback.png/MAT_154742_PCE_LT"
Rimi,"Citrin. valg. ledai su glais. POLS, 120ml/75g",1.49,"https://rimibaltic-res.cloudinary.com/image/upload/b_white,c_limit,dpr_1.0,f_auto,q_auto:low,w_150/d_ecommerce:backend-fallback.png/MAT_949073_PCE_LT"
Rimi,"Vanil. plombyras vaflin. kūg. POLS, 200ml/90g",2.19,"https://rimibaltic-res.cloudinary.com/image/upload/b_white,c_limit,dpr_1.0,f_auto,q_auto:low,w_150/d_ecommerce:backend-fallback.png/MAT_947228_PCE_LT"
Rimi,"Atl.lašišų filė Rimi šaltai rūkyta 500g",17.99,"https://rimibaltic-res.cloudinary.com/image/upload/b_white,c_limit,dpr_1.0,f_auto,q_auto:low,w_150/d_ecommerce:backend-fallback.png/MAT_812985_PCE_LT"
Rimi,"Sojų padažas KIKKOMAN, 150ml",3.69,"https://rimibaltic-res.cloudinary.com/image/upload/b_white,c_limit,dpr_auto,f_auto,h_216,q_1,w_216/d_ecommerce:backend-fallback.png/MAT_112169_PCE_LT"
Rimi,"Žem. riešutų sk. valg. ledai B&J, 465ml/ 405g",9.99,"https://rimibaltic-res.cloudinary.com/image/upload/b_white,c_limit,dpr_auto,f_auto,h_216,q_1,w_216/d_ecommerce:backend-fallback.png/MAT_964003_PCE_LT"
Rimi,"Šiukšlių maišai PACLAN 35l/30vnt,2.19","https://rimibaltic-res.cloudinary.com/image/upload/b_white,c_limit,dpr_auto,f_auto,h_216,q_1,w_216/d_ecommerce:backend-fallback.png/MAT_7229504_PCE_LT"
Rimi,"K.rūk.vištien. filė MĖSOS KARALIUS, a.r.,105g",1.59,"https://rimibaltic-res.cloudinary.com/image/upload/b_white,c_limit,dpr_auto,f_auto,h_216,q_1,w_216/d_ecommerce:backend-fallback.png/MAT_960660_PCE_LT"
Rimi,"Imbieriniai sausainiai ANNAS, 150 g",2.19,"https://rimibaltic-res.cloudinary.com/image/upload/b_white,c_limit,dpr_auto,f_auto,h_216,q_1,w_216/d_ecommerce:backend-fallback.png/MAT_141802_PCE_LT"
Rimi,"Marinuoti agurkai RIMI, 1650 g / 900 g",4.89,"https://rimibaltic-res.cloudinary.com/image/upload/b_white,c_limit,dpr_auto,f_auto,h_216,q_1,w_216/d_ecommerce:backend-fallback.png/MAT_812088_PCE_LT"
Rimi,"Sausi pusryčiai OHO TRYS DRAUGAI, 500 g",3.19,"https://rimibaltic-res.cloudinary.com/image/upload/b_white,c_limit,dpr_auto,f_auto,h_216,q_1,w_216/d_ecommerce:backend-fallback.png/MAT_140886_PCE_LT"
Rimi,"Prieskonių mišinys SANTA MARIA FAJITA, 28g",1.39,"https://rimibaltic-res.cloudinary.com/image/upload/b_white,c_limit,dpr_auto,f_auto,h_216,q_1,w_216/d_ecommerce:backend-fallback.png/MAT_174893_PCE_LT"
Rimi,"Kramt. gumos sk. valg. ledai AURUM, 150ml/72g",1.29,"https://rimibaltic-res.cloudinary.com/image/upload/b_white,c_limit,dpr_auto,f_auto,h_216,q_1,w_216/d_ecommerce:backend-fallback.png/MAT_962466_PCE_LT"
Rimi,"Makaronai RIMI PENNE, 500 g",1.19,"https://rimibaltic-res.cloudinary.com/image/upload/b_white,c_limit,dpr_auto,f_auto,h_216,q_1,w_216/d_ecommerce:backend-fallback.png/MAT_801168_PCE_LT"
Rimi,"Ekol. ispaninio šalavijo sėklos ARIMEX, 200g",5.99,"https://rimibaltic-res.cloudinary.com/image/upload/b_white,c_limit,dpr_auto,f_auto,h_216,q_1,w_216/d_ecommerce:backend-fallback.png/MAT_1000703_PCE_LT"
Rimi,"Mineralinis vanduo ACQUA PANNA, 1,5l",1.79,"https://rimibaltic-res.cloudinary.com/image/upload/b_white,c_limit,dpr_auto,f_auto,h_216,q_1,w_216/d_ecommerce:backend-fallback.png/MAT_1354571_PCE_LT"
Rimi,"Malta ciberžolė SANTA MARIA, 20g",1.05,"https://rimibaltic-res.cloudinary.com/image/upload/b_white,c_limit,dpr_1.0,f_auto,q_auto:low,w_150/d_ecommerce:backend-fallback.png/MAT_192834_PCE_LT"
Rimi,"Šiukšlių maišai PACLAN Premium 120l,10vnt",5.99,"https://rimibaltic-res.cloudinary.com/image/upload/b_white,c_limit,dpr_1.0,f_auto,q_auto:low,w_150/d_ecommerce:backend-fallback.png/MAT_623267_PCE_LT"
Rimi,"Skrudinta malta kava JACOBS KRONUNG, 500 g",6.99,"https://rimibaltic-res.cloudinary.com/image/upload/b_white,c_limit,dpr_1.0,f_auto,q_auto:low,w_150/d_ecommerce:backend-fallback.png/MAT_100227_PCE_LT"
Rimi,"Šald. havajiet. daržovių mišinys RIMI, 400 g",3.49,"https://rimibaltic-res.cloudinary.com/image/upload/b_white,c_limit,dpr_1.0,f_auto,q_auto:low,w_150/d_ecommerce:backend-fallback.png/MAT_801518_PCE_LT"
Rimi,"Švelnusis padažas SANTA MARIA TACO, 230g",3.59,"https://rimibaltic-res.cloudinary.com/image/upload/b_white,c_limit,dpr_auto,f_auto,h_216,q_1,w_216/d_ecommerce:backend-fallback.png/MAT_100006_PCE_LT"
Rimi,"K.rūk.broil.blauzdelės be antib.su kmyn.,400g",2.69,"https://rimibaltic-res.cloudinary.com/image/upload/b_white,c_limit,dpr_auto,f_auto,h_216,q_1,w_216/d_ecommerce:backend-fallback.png/MAT_978366_PCE_LT"
Rimi,"Vid. aštrumo TACO padažas RIMI PLANET, 230g",2.09,"https://rimibaltic-res.cloudinary.com/image/upload/b_white,c_limit,dpr_auto,f_auto,h_216,q_1,w_216/d_ecommerce:backend-fallback.png/MAT_808304_PCE_LT"
Rimi,"Daržovės kepti su pr. ir paprika HORTEX, 400g",2.19,"https://rimibaltic-res.cloudinary.com/image/upload/b_white,c_limit,dpr_auto,f_auto,h_216,q_1,w_216/d_ecommerce:backend-fallback.png/MAT_223916_PCE_LT"
Rimi,"Anakardžių riešutai ARIMEX, 300g",6.99,"https://rimibaltic-res.cloudinary.com/image/upload/b_white,c_limit,dpr_auto,f_auto,h_216,q_1,w_216/d_ecommerce:backend-fallback.png/MAT_167817_PCE_LT"
Rimi,"Šokoladin. valg. ledai KARALIŠKI, 800ml/435g",8.49,"https://rimibaltic-res.cloudinary.com/image/upload/b_white,c_limit,dpr_auto,f_auto,h_216,q_1,w_216/d_ecommerce:backend-fallback.png/MAT_976595_PCE_LT"
Rimi,"Ekologiškas obuolių actas DETOX, 500 ml",3.19,"https://rimibaltic-res.cloudinary.com/image/upload/b_white,c_limit,dpr_auto,f_auto,h_216,q_1,w_216/d_ecommerce:backend-fallback.png/MAT_197841_PCE_LT"
Rimi,"Bulvių traškučiai NATURALS ROSEMARY, 100 g",2.49,"https://rimibaltic-res.cloudinary.com/image/upload/b_white,c_limit,dpr_auto,f_auto,h_216,q_1,w_216/d_ecommerce:backend-fallback.png/MAT_164647_PCE_LT"
Rimi,"Želė saldainiai HARIBO (uogos), 100g",1.59,"https://rimibaltic-res.cloudinary.com/image/upload/b_white,c_limit,dpr_1.0,f_auto,q_auto:low,w_150/d_ecommerce:backend-fallback.png/MAT_114191_PCE_LT"
Rimi,"Val. ledai su s. kar. HAAGEN-DAZS, 460ml/400g",8.99,"https://rimibaltic-res.cloudinary.com/image/upload/b_white,c_limit,dpr_1.0,f_auto,q_auto:low,w_150/d_ecommerce:backend-fallback.png/MAT_963278_PCE_LT"
Rimi,"Persiladas SANTA MARIA, 48g",1.69,"https://rimibaltic-res.cloudinary.com/image/upload/b_white,c_limit,dpr_auto,f_auto,h_216,q_1,w_216/d_ecommerce:backend-fallback.png/MAT_129129_PCE_LT"
Rimi,"Makaronai RIMI GOODLIFE PENNE RIGATE, 500 g",1.09,"https://rimibaltic-res.cloudinary.com/image/upload/b_white,c_limit,dpr_auto,f_auto,h_216,q_1,w_216/d_ecommerce:backend-fallback.png/MAT_806873_PCE_LT"
Rimi,"Sūrūs krekeriai TUC ORIGINAL, 100 g",1.69,"https://rimibaltic-res.cloudinary.com/image/upload/b_white,c_limit,dpr_auto,f_auto,h_216,q_1,w_216/d_ecommerce:backend-fallback.png/MAT_100854_PCE_LT"
Rimi,"Burboninės vanilės cukrus KOTANYI, 15 g",1.59,"https://rimibaltic-res.cloudinary.com/image/upload/b_white,c_limit,dpr_auto,f_auto,h_216,q_1,w_216/d_ecommerce:backend-fallback.png/MAT_154026_PCE_LT"
Rimi,"Kons. šunų maistas ANIMONDA GRANCARNO, 400 g",3.09,"https://rimibaltic-res.cloudinary.com/image/upload/b_white,c_limit,dpr_auto,f_auto,h_216,q_1,w_216/d_ecommerce:backend-fallback.png/MAT_148268_PCE_LT"
Rimi,"Rožinė rupi Himalajų druska RIMI, 500g",0.99,"https://rimibaltic-res.cloudinary.com/image/upload/b_white,c_limit,dpr_auto,f_auto,h_216,q_1,w_216/d_ecommerce:backend-fallback.png/MAT_806998_PCE_LT"
Rimi,"Gazuotas gėrimas COCA-COLA ZERO, 2l",2.69,"https://rimibaltic-res.cloudinary.com/image/upload/b_white,c_limit,dpr_auto,f_auto,h_216,q_1,w_216/d_ecommerce:backend-fallback.png/MAT_1353153_PCE_LT"
Rimi,"Aviž. dribsnių košė su braškėm. ACTIVUS, 60 g",1.19,"https://rimibaltic-res.cloudinary.com/image/upload/b_white,c_limit,dpr_auto,f_auto,h_216,q_1,w_216/d_ecommerce:backend-fallback.png/MAT_1007233_PCE_LT"
Rimi,"Greitai užšald. sluoksniuota tešla RIMI, 500g",1.69,"https://rimibaltic-res.cloudinary.com/image/upload/b_white,c_limit,dpr_auto,f_auto,h_216,q_1,w_216/d_ecommerce:backend-fallback.png/MAT_809661_PCE_LT"
Rimi,"Ekol. aštri veg. pupel. sriuba ACTIVUS, 400 g",1.95,"https://rimibaltic-res.cloudinary.com/image/upload/b_white,c_limit,dpr_auto,f_auto,h_216,q_1,w_216/d_ecommerce:backend-fallback.png/MAT_1020303_PCE_LT"
Rimi,"Kvietiniai miltai RIMI, 405 D, 1 kg",0.99,"https://rimibaltic-res.cloudinary.com/image/upload/b_white,c_limit,dpr_auto,f_auto,h_216,q_1,w_216/d_ecommerce:backend-fallback.png/MAT_801506_PCE_LT"
Rimi,"Obuol. ir vyšnių šerbetas DADU, 120 ml / 72 g",1.19,"https://rimibaltic-res.cloudinary.com/image/upload/b_white,c_limit,dpr_1.0,f_auto,q_auto:low,w_150/d_ecommerce:backend-fallback.png/MAT_248779_PCE_LT"
Rimi,"Šal. pica be gliu. RISTORANTE MOZZARELLA,370g",5.99,"https://rimibaltic-res.cloudinary.com/image/upload/b_white,c_limit,dpr_1.0,f_auto,q_auto:low,w_150/d_ecommerce:backend-fallback.png/MAT_1002617_PCE_LT"
Rimi,"Spagečiai PASAKA, 400 g",0.79,"https://rimibaltic-res.cloudinary.com/image/upload/b_white,c_limit,dpr_1.0,f_auto,q_auto:low,w_150/d_ecommerce:backend-fallback.png/MAT_148637_PCE_LT"
Rimi,"Skystojo muilo papildymas DOVE SHEA, 500ml",4.99,"https://rimibaltic-res.cloudinary.com/image/upload/b_white,c_limit,dpr_auto,f_auto,h_216,q_1,w_216/d_ecommerce:backend-fallback.png/MAT_7065466_PCE_LT"
Rimi,"Vaisių ir riešutų mišinys EXOTIC RIMI, 500 g",5.99,"https://rimibaltic-res.cloudinary.com/image/upload/b_white,c_limit,dpr_auto,f_auto,h_216,q_1,w_216/d_ecommerce:backend-fallback.png/MAT_812610_PCE_LT"
Rimi,"Įvairių vaisių sulčių nektaras RIMI, 1 l",1.45,"https://rimibaltic-res.cloudinary.com/image/upload/b_white,c_limit,dpr_auto,f_auto,h_216,q_1,w_216/d_ecommerce:backend-fallback.png/MAT_801009_PCE_LT"
Rimi,"Saldainiai TOFFIFEE, 125g",2.99,"https://rimibaltic-res.cloudinary.com/image/upload/b_white,c_limit,dpr_auto,f_auto,h_216,q_1,w_216/d_ecommerce:backend-fallback.png/MAT_154878_PCE_LT"
Rimi,"Užtepėlė su ikrais ir krevetėmis ZIGMAS, 160g",3.29,"https://rimibaltic-res.cloudinary.com/image/upload/b_white,c_limit,dpr_auto,f_auto,h_216,q_1,w_216/d_ecommerce:backend-fallback.png/MAT_967400_PCE_LT"
Rimi,"Džiovinti abrikosai ARIMEX, 300 g",6.79,"https://rimibaltic-res.cloudinary.com/image/upload/b_white,c_limit,dpr_auto,f_auto,h_216,q_1,w_216/d_ecommerce:backend-fallback.png/MAT_189871_PCE_LT"
Rimi,"Pop. rankšl. RIMI TUCANO, 3 sl. 200 lap.",3.49,"https://rimibaltic-res.cloudinary.com/image/upload/b_white,c_limit,dpr_auto,f_auto,h_216,q_1,w_216/d_ecommerce:backend-fallback.png/MAT_816256_PCE_LT"
Rimi,"Mėtų sk. kramtomoji guma ORBIT SPEARMINT, 14g",0.89,"https://rimibaltic-res.cloudinary.com/image/upload/b_white,c_limit,dpr_auto,f_auto,h_216,q_1,w_216/d_ecommerce:backend-fallback.png/MAT_102306_PCE_LT"
Rimi,"Vais. arbata su žem. ŽOLYNĖLIS, 20 pak., 50 g",2.49,"https://rimibaltic-res.cloudinary.com/image/upload/b_white,c_limit,dpr_auto,f_auto,h_216,q_1,w_216/d_ecommerce:backend-fallback.png/MAT_142288_PCE_LT"
Rimi,"Vatos pagaliukai kūdik.LOVING TOUCH,60vnt",1.05,"https://rimibaltic-res.cloudinary.com/image/upload/b_white,c_limit,dpr_auto,f_auto,h_216,q_1,w_216/d_ecommerce:backend-fallback.png/MAT_801665_PCE_LT"
Rimi,"Laurų lapai SANTA MARIA, 4g",1.59,"https://rimibaltic-res.cloudinary.com/image/upload/b_white,c_limit,dpr_auto,f_auto,h_216,q_1,w_216/d_ecommerce:backend-fallback.png/MAT_100571_PCE_LT"
Rimi,"Duonos gira GUBERNIJA, 500ml",0.99,"https://rimibaltic-res.cloudinary.com/image/upload/b_white,c_limit,dpr_auto,f_auto,h_216,q_1,w_216/d_ecommerce:backend-fallback.png/MAT_1352225_PCE_LT"
Rimi,"Kalėdinių guminukų rinkinys TROLLI, 200 g",3.99,"https://rimibaltic-res.cloudinary.com/image/upload/b_white,c_limit,dpr_auto,f_auto,h_216,q_1,w_216/d_ecommerce:backend-fallback.png/MAT_1015205_PCE_LT"
Rimi,"Šerkšno kūčiukai GARDĖSIS, 100 g",1.59,"https://rimibaltic-res.cloudinary.com/image/upload/b_white,c_limit,dpr_1.0,f_auto,q_auto:low,w_150/d_ecommerce:backend-fallback.png/MAT_1022539_PCE_LT"
Rimi,"Negaz.nat.mineral. vanduo, NEPTŪNAS, 500ml",0.63,"https://rimibaltic-res.cloudinary.com/image/upload/b_white,c_limit,dpr_1.0,f_auto,q_auto:low,w_150/d_ecommerce:backend-fallback.png/MAT_1359627_PCE_LT"
Rimi,"Basmati ryžiai MITHAS, 1 kg",4.99,"https://rimibaltic-res.cloudinary.com/image/upload/b_white,c_limit,dpr_1.0,f_auto,q_auto:low,w_150/d_ecommerce:backend-fallback.png/MAT_197052_PCE_LT"
Rimi,"Žaliųjų citrinų sultys iš koncent. ICA, 200ml",0.69,"https://rimibaltic-res.cloudinary.com/image/upload/b_white,c_limit,dpr_auto,f_auto,h_216,q_1,w_216/d_ecommerce:backend-fallback.png/MAT_811816_PCE_LT"
Rimi,"Smulkintas tunas pom. pad. RIMI, MSC 185 g",1.89,"https://rimibaltic-res.cloudinary.com/image/upload/b_white,c_limit,dpr_auto,f_auto,h_216,q_1,w_216/d_ecommerce:backend-fallback.png/MAT_803889_PCE_LT"
Rimi,"Bulvių prieskoniai SANTA MARIA, 100g",2.09,"https://rimibaltic-res.cloudinary.com/image/upload/b_white,c_limit,dpr_auto,f_auto,h_216,q_1,w_216/d_ecommerce:backend-fallback.png/MAT_181638_PCE_LT"
Rimi,"Šald. krevetės su kiautu RIMI,MSC,90/120,450g",6.59,"https://rimibaltic-res.cloudinary.com/image/upload/b_white,c_limit,dpr_auto,f_auto,h_216,q_1,w_216/d_ecommerce:backend-fallback.png/MAT_803516_PCE_LT"
Rimi,"Raudonieji ekologiški greipfrutai, 500 g",1.99,"https://rimibaltic-res.cloudinary.com/image/upload/b_white,c_limit,dpr_auto,f_auto,h_216,q_1,w_216/d_ecommerce:backend-fallback.png/MAT_293380_PCE_LT"
Rimi,"Gaz. natūr. miner. vanduo S.PELLEGRINO, 0,5l",1.39,"https://rimibaltic-res.cloudinary.com/image/upload/b_white,c_limit,dpr_auto,f_auto,h_216,q_1,w_216/d_ecommerce:backend-fallback.png/MAT_1351124_PCE_LT"
Rimi,"Sviesto skonio buvių košė MAGGI, 35g",0.79,"https://rimibaltic-res.cloudinary.com/image/upload/b_white,c_limit,dpr_auto,f_auto,h_216,q_1,w_216/d_ecommerce:backend-fallback.png/MAT_138796_PCE_LT"
Rimi,"Dribsniai su datulėmis RIMI, 400 g",3.29,"https://rimibaltic-res.cloudinary.com/image/upload/b_white,c_limit,dpr_auto,f_auto,h_216,q_1,w_216/d_ecommerce:backend-fallback.png/MAT_811902_PCE_LT"
Rimi,"Ekol. kriaušių tyrė I LOVE ECO, 4 mėn, 90 g",1.39,"https://rimibaltic-res.cloudinary.com/image/upload/b_white,c_limit,dpr_1.0,f_auto,q_auto:low,w_150/d_ecommerce:backend-fallback.png/MAT_811468_PCE_LT"
Rimi,"Batonėlis su pien. šokoladu CORNY BIG, 50 g",1.09,"https://rimibaltic-res.cloudinary.com/image/upload/b_white,c_limit,dpr_1.0,f_auto,q_auto:low,w_150/d_ecommerce:backend-fallback.png/MAT_145833_PCE_LT"
Rimi,"Napoletana makaronų padažas RIMI, 390 g",2.69,"https://rimibaltic-res.cloudinary.com/image/upload/b_white,c_limit,dpr_auto,f_auto,h_216,q_1,w_216/d_ecommerce:backend-fallback.png/MAT_811901_PCE_LT"
Rimi,"Želatina, 20g",0.95,"https://rimibaltic-res.cloudinary.com/image/upload/b_white,c_limit,dpr_auto,f_auto,h_216,q_1,w_216/d_ecommerce:backend-fallback.png/MAT_147445_PCE_LT"
Rimi,"Alyvuogių aliejus BORGES EXTRA LIGHT, 0,75l",12.99,"https://rimibaltic-res.cloudinary.com/image/upload/b_white,c_limit,dpr_auto,f_auto,h_216,q_1,w_216/d_ecommerce:backend-fallback.png/MAT_147764_PCE_LT"
Rimi,"Vaivorykštinių upėtakių ikrai LEMBERG, 90 g",9.69,"https://rimibaltic-res.cloudinary.com/image/upload/b_white,c_limit,dpr_auto,f_auto,h_216,q_1,w_216/d_ecommerce:backend-fallback.png/MAT_942623_PCE_LT"
Rimi,"Saliamis su juod.pipir. VALSTIETIS, a.r., 90g",3.19,"https://rimibaltic-res.cloudinary.com/image/upload/b_white,c_limit,dpr_auto,f_auto,h_216,q_1,w_216/d_ecommerce:backend-fallback.png/MAT_910215_PCE_LT"
Rimi,"Gel. tuno filė s. sul. S. BY RIMI, MSC, 200 g",4.29,"https://rimibaltic-res.cloudinary.com/image/upload/b_white,c_limit,dpr_auto,f_auto,h_216,q_1,w_216/d_ecommerce:backend-fallback.png/MAT_810821_PCE_LT"
Rimi,"Apelsinų sultys DON SIMON PREMIUM, 100 %, 1 l",4.39,"https://rimibaltic-res.cloudinary.com/image/upload/b_white,c_limit,dpr_auto,f_auto,h_216,q_1,w_216/d_ecommerce:backend-fallback.png/MAT_157988_PCE_LT"
Rimi,"Gaz. gėrimas su saldikliais PEPSI MAX, 330ml",0.95,"https://rimibaltic-res.cloudinary.com/image/upload/b_white,c_limit,dpr_auto,f_auto,h_216,q_1,w_216/d_ecommerce:backend-fallback.png/MAT_1360355_PCE_LT"
Rimi,"Gr. žolelių sk. bulvių traškučiai LAYS, 120 g",2.19,"https://rimibaltic-res.cloudinary.com/image/upload/b_white,c_limit,dpr_auto,f_auto,h_216,q_1,w_216/d_ecommerce:backend-fallback.png/MAT_195306_PCE_LT"
Rimi,"Miltų mišinys stor. blynams kepti RIMI, 400 g",0.87,"https://rimibaltic-res.cloudinary.com/image/upload/b_white,c_limit,dpr_auto,f_auto,h_216,q_1,w_216/d_ecommerce:backend-fallback.png/MAT_808468_PCE_LT"
Rimi,"Šaldyti koldūnai MOČIUTĖS EXTRA, 800 g",4.49,"https://rimibaltic-res.cloudinary.com/image/upload/b_white,c_limit,dpr_auto,f_auto,h_216,q_1,w_216/d_ecommerce:backend-fallback.png/MAT_901146_PCE_LT"
Rimi,"Pyragaičiai su šokolado įdaru BARNI, 150 g",2.69,"https://rimibaltic-res.cloudinary.com/image/upload/b_white,c_limit,dpr_1.0,f_auto,q_auto:low,w_150/d_ecommerce:backend-fallback.png/MAT_270191_PCE_LT"
Rimi,"Kukurūzų kruopos SKANĖJA, 500 g",0.89,"https://rimibaltic-res.cloudinary.com/image/upload/b_white,c_limit,dpr_1.0,f_auto,q_auto:low,w_150/d_ecommerce:backend-fallback.png/MAT_146700_PCE_LT"
Rimi,"Vyt. kiaul. šoninė S. BY RIMI PANCETTA, 100 g",2.99,"https://rimibaltic-res.cloudinary.com/image/upload/b_white,c_limit,dpr_1.0,f_auto,q_auto:low,w_150/d_ecommerce:backend-fallback.png/MAT_805484_PCE_LT"
Rimi,"Šald. darž. mišinys BONDUELLE 4 SEASONS, 400g",1.99,"https://rimibaltic-res.cloudinary.com/image/upload/b_white,c_limit,dpr_auto,f_auto,h_216,q_1,w_216/d_ecommerce:backend-fallback.png/MAT_4008649_PCE_LT"
Rimi,"Mini sviest. rageliai LIETUVOS KEPĖJAS, 300 g",3.49,"https://rimibaltic-res.cloudinary.com/image/upload/b_white,c_limit,dpr_auto,f_auto,h_216,q_1,w_216/d_ecommerce:backend-fallback.png/MAT_4008710_PCE_LT"
Rimi,"Šok. valg. ledai su įdaru BALTIJA, 140ml/ 81g",2.49,"https://rimibaltic-res.cloudinary.com/image/upload/b_white,c_limit,dpr_auto,f_auto,h_216,q_1,w_216/d_ecommerce:backend-fallback.png/MAT_948104_PCE_LT"
Rimi,"Negazuotas mineralinis vanduo UNIQA, 1,5l",1.09,"https://rimibaltic-res.cloudinary.com/image/upload/b_white,c_limit,dpr_auto,f_auto,h_216,q_1,w_216/d_ecommerce:backend-fallback.png/MAT_1365587_PCE_LT"
Rimi,"Valg. ledų rinkinys HAAGEN DAZS, 4x95ml/ 326g",8.99,"https://rimibaltic-res.cloudinary.com/image/upload/b_white,c_limit,dpr_auto,f_auto,h_216,q_1,w_216/d_ecommerce:backend-fallback.png/MAT_977957_PCE_LT"
Rimi,"Saldainiai MIGLĖ, 1kg",11.99,"https://rimibaltic-res.cloudinary.com/image/upload/b_white,c_limit,dpr_auto,f_auto,h_216,q_1,w_216/d_ecommerce:backend-fallback.png/MAT_115203_KGM_LT"
Rimi,"Tuno pjausnys alyv. aliej. RIO MARE, 3 x 80 g",7.19,"https://rimibaltic-res.cloudinary.com/image/upload/b_white,c_limit,dpr_auto,f_auto,h_216,q_1,w_216/d_ecommerce:backend-fallback.png/MAT_913311_PCE_LT"
Rimi,"Šokoladinis batonėlis NESTLE KIT KAT, 42 g",1.19,"https://rimibaltic-res.cloudinary.com/image/upload/b_white,c_limit,dpr_auto,f_auto,h_216,q_1,w_216/d_ecommerce:backend-fallback.png/MAT_162896_PCE_LT"
Rimi,"Makaronai RIMI SPAGHETTI, 500 g",1.19,"https://rimibaltic-res.cloudinary.com/image/upload/b_white,c_limit,dpr_auto,f_auto,h_216,q_1,w_216/d_ecommerce:backend-fallback.png/MAT_801167_PCE_LT"
Rimi,"Maltos mėsos prieskoniai SANTA MARIA, 80g",2.09,"https://rimibaltic-res.cloudinary.com/image/upload/b_white,c_limit,dpr_auto,f_auto,h_216,q_1,w_216/d_ecommerce:backend-fallback.png/MAT_181639_PCE_LT"
Rimi,"Kuskusas RIMI PLANET, 500 g",2.09,"https://rimibaltic-res.cloudinary.com/image/upload/b_white,c_limit,dpr_auto,f_auto,h_216,q_1,w_216/d_ecommerce:backend-fallback.png/MAT_809488_PCE_LT"
Rimi,"Kvietiniai miltai EKSTRA, 405 D, 900 g",1.49,"https://rimibaltic-res.cloudinary.com/image/upload/b_white,c_limit,dpr_auto,f_auto,h_216,q_1,w_216/d_ecommerce:backend-fallback.png/MAT_167124_PCE_LT"
Rimi,"Traškučiai OHO! Mexicana, 60g",0.65,"https://rimibaltic-res.cloudinary.com/image/upload/b_white,c_limit,dpr_auto,f_auto,h_216,q_1,w_216/d_ecommerce:backend-fallback.png/MAT_170342_PCE_LT"
Rimi,"Tamsusis sojų padažas RIMI, 150ml",3.09,"https://rimibaltic-res.cloudinary.com/image/upload/b_white,c_limit,dpr_1.0,f_auto,q_auto:low,w_150/d_ecommerce:backend-fallback.png/MAT_804032_PCE_LT"
Rimi,"Ledai VALSOIA CONES, 4 X 480ml",6.49,"https://rimibaltic-res.cloudinary.com/image/upload/b_white,c_limit,dpr_1.0,f_auto,q_auto:low,w_150/d_ecommerce:backend-fallback.png/MAT_916462_PCE_LT"
Rimi,"Juod.šokoladas 75% su jūros druska RŪTA, 90 g",3.99,"https://rimibaltic-res.cloudinary.com/image/upload/b_white,c_limit,dpr_1.0,f_auto,q_auto:low,w_150/d_ecommerce:backend-fallback.png/MAT_1009521_PCE_LT"
Rimi,"Pjaustytas baltas kopūstas FIT & EASY, 300 g",0.69,"https://rimibaltic-res.cloudinary.com/image/upload/b_white,c_limit,dpr_auto,f_auto,h_216,q_1,w_216/d_ecommerce:backend-fallback.png/MAT_4005360_PCE_LT"
Rimi,"Gaz.citrinų,žal.citr.sk. gėrimas SPRITE,0,33l",1.02,"https://rimibaltic-res.cloudinary.com/image/upload/b_white,c_limit,dpr_auto,f_auto,h_216,q_1,w_216/d_ecommerce:backend-fallback.png/MAT_1367109_PCE_LT"
Rimi,"Karštai rūkyta vištienos krūtinėlė RIMI, 1kg",6.99,"https://rimibaltic-res.cloudinary.com/image/upload/b_white,c_limit,dpr_auto,f_auto,h_216,q_1,w_216/d_ecommerce:backend-fallback.png/MAT_808944_KGM_LT"
Rimi,"Grikių dribsniai GALINTA, 500 g",1.99,"https://rimibaltic-res.cloudinary.com/image/upload/b_white,c_limit,dpr_auto,f_auto,h_216,q_1,w_216/d_ecommerce:backend-fallback.png/MAT_117478_PCE_LT"
Rimi,"Virtų bulvių cepelinai su mėsa DAGERA, 500 g",5.29,"https://rimibaltic-res.cloudinary.com/image/upload/b_white,c_limit,dpr_auto,f_auto,h_216,q_1,w_216/d_ecommerce:backend-fallback.png/MAT_901732_PCE_LT"
Rimi,"Jasmine ryžiai SKANĖJA, 500 g",1.59,"https://rimibaltic-res.cloudinary.com/image/upload/b_white,c_limit,dpr_auto,f_auto,h_216,q_1,w_216/d_ecommerce:backend-fallback.png/MAT_162651_PCE_LT"
Rimi,"Sutiršt. pieno skonio sausainiai SELGA, 180 g",1.15,"https://rimibaltic-res.cloudinary.com/image/upload/b_white,c_limit,dpr_auto,f_auto,h_216,q_1,w_216/d_ecommerce:backend-fallback.png/MAT_123665_PCE_LT"
Rimi,"Basmati ryžiai SKANĖJA, 400 g",1.69,"https://rimibaltic-res.cloudinary.com/image/upload/b_white,c_limit,dpr_auto,f_auto,h_216,q_1,w_216/d_ecommerce:backend-fallback.png/MAT_136478_PCE_LT"
Rimi,"Želė saldainiai Rūgštūs kirm. RIMI, 100 g",0.89,"https://rimibaltic-res.cloudinary.com/image/upload/b_white,c_limit,dpr_1.0,f_auto,q_auto:low,w_150/d_ecommerce:backend-fallback.png/MAT_812319_PCE_LT"
Rimi,"RAMBYNO tep. lyd. sūrelis su kump., 50%, 175g",1.69,"https://rimibaltic-res.cloudinary.com/image/upload/b_white,c_limit,dpr_1.0,f_auto,q_auto:low,w_150/d_ecommerce:backend-fallback.png/MAT_205131_PCE_LT"
Rimi,"Daržovių sultinys MAGGI, 12 kub. x 10g, 120g",1.29,"https://rimibaltic-res.cloudinary.com/image/upload/b_white,c_limit,dpr_auto,f_auto,h_216,q_1,w_216/d_ecommerce:backend-fallback.png/MAT_129073_PCE_LT"
Rimi,"Bandelės GARDĖSIO su puriu varškės įd., 130 g",1.35,"https://rimibaltic-res.cloudinary.com/image/upload/b_white,c_limit,dpr_auto,f_auto,h_216,q_1,w_216/d_ecommerce:backend-fallback.png/MAT_968743_PCE_LT"
Rimi,"Šaldyti bulvių kamuoliukai AVIKO, 600 g",2.99,"https://rimibaltic-res.cloudinary.com/image/upload/b_white,c_limit,dpr_auto,f_auto,h_216,q_1,w_216/d_ecommerce:backend-fallback.png/MAT_4008741_PCE_LT"
Rimi,Vienkartinės nosinaintės ZEWA SOFT 10x9vnt.,3.49,"https://rimibaltic-res.cloudinary.com/image/upload/b_white,c_limit,dpr_auto,f_auto,h_216,q_1,w_216/d_ecommerce:backend-fallback.png/MAT_7170536_PCE_LT"
Rimi,"Ekol. kukur. lęš. užkandis I LOVE ECO, 20 g",1.49,"https://rimibaltic-res.cloudinary.com/image/upload/b_white,c_limit,dpr_auto,f_auto,h_216,q_1,w_216/d_ecommerce:backend-fallback.png/MAT_811472_PCE_LT"
Rimi,"Vynuogių nektaras CIDO, 1 l",2.09,"https://rimibaltic-res.cloudinary.com/image/upload/b_white,c_limit,dpr_auto,f_auto,h_216,q_1,w_216/d_ecommerce:backend-fallback.png/MAT_100635_PCE_LT"
Rimi,"Vidurž. jūros priesk. mišinys SANTA MARIA,12g",1.05,"https://rimibaltic-res.cloudinary.com/image/upload/b_white,c_limit,dpr_auto,f_auto,h_216,q_1,w_216/d_ecommerce:backend-fallback.png/MAT_121172_PCE_LT"
Rimi,"K. rūk.kiaulienos kumpis MĖSOS KARALIUS, 135g",1.99,"https://rimibaltic-res.cloudinary.com/image/upload/b_white,c_limit,dpr_auto,f_auto,h_216,q_1,w_216/d_ecommerce:backend-fallback.png/MAT_203535_PCE_LT"
Rimi,"Ekologiški linų sėmenys ARIMEX, 200g",2.55,"https://rimibaltic-res.cloudinary.com/image/upload/b_white,c_limit,dpr_auto,f_auto,h_216,q_1,w_216/d_ecommerce:backend-fallback.png/MAT_1000704_PCE_LT"
Rimi,"Šprotai aliejuje RIMI, 170 g",1.89,"https://rimibaltic-res.cloudinary.com/image/upload/b_white,c_limit,dpr_auto,f_auto,h_216,q_1,w_216/d_ecommerce:backend-fallback.png/MAT_808809_PCE_LT"
Rimi,"Takų formelės RIMI PLANET, 135g",3.59,"https://rimibaltic-res.cloudinary.com/image/upload/b_white,c_limit,dpr_auto,f_auto,h_216,q_1,w_216/d_ecommerce:backend-fallback.png/MAT_811272_PCE_LT"
Rimi,"Vytinta dešra SELECTION BY RIMI FUET, 80g",3.79,"https://rimibaltic-res.cloudinary.com/image/upload/b_white,c_limit,dpr_1.0,f_auto,q_auto:low,w_150/d_ecommerce:backend-fallback.png/MAT_804188_PCE_LT"
Rimi,"DZŪKIJOS sausainiai OBELĖLĖ, 270 g",2.19,"https://rimibaltic-res.cloudinary.com/image/upload/b_white,c_limit,dpr_1.0,f_auto,q_auto:low,w_150/d_ecommerce:backend-fallback.png/MAT_1007091_PCE_LT"
Rimi,"Krembr. sk. valg. ledai SUPER VIVA,170ml/100g",2.25,"https://rimibaltic-res.cloudinary.com/image/upload/b_white,c_limit,dpr_1.0,f_auto,q_auto:low,w_150/d_ecommerce:backend-fallback.png/MAT_987182_PCE_LT"
Rimi,"Ispaninių šalavijų sėklos AMRITA, 300g",6.49,"https://rimibaltic-res.cloudinary.com/image/upload/b_white,c_limit,dpr_auto,f_auto,h_216,q_1,w_216/d_ecommerce:backend-fallback.png/MAT_171309_PCE_LT"
Rimi,"Ilgagrūdžiai plikyti ryžiai RIMI, 500 g",1.59,"https://rimibaltic-res.cloudinary.com/image/upload/b_white,c_limit,dpr_auto,f_auto,h_216,q_1,w_216/d_ecommerce:backend-fallback.png/MAT_803614_PCE_LT"
Rimi,"Smulk. tunas saul.aliejuje RIMI SMART, 185 g",1.09,"https://rimibaltic-res.cloudinary.com/image/upload/b_white,c_limit,dpr_auto,f_auto,h_216,q_1,w_216/d_ecommerce:backend-fallback.png/MAT_811487_PCE_LT"
Rimi,"Šokoladas kepimui ICA, 200 g",3.99,"https://rimibaltic-res.cloudinary.com/image/upload/b_white,c_limit,dpr_auto,f_auto,h_216,q_1,w_216/d_ecommerce:backend-fallback.png/MAT_803763_PCE_LT"
Rimi,"Brazilinės bertoletijos RIMI, 150 g",5.39,"https://rimibaltic-res.cloudinary.com/image/upload/b_white,c_limit,dpr_auto,f_auto,h_216,q_1,w_216/d_ecommerce:backend-fallback.png/MAT_812833_PCE_LT"
Rimi,"Šok. plombyras vafl. p. NYKŠTUKAS, 130ml /72g",1.19,"https://rimibaltic-res.cloudinary.com/image/upload/b_white,c_limit,dpr_auto,f_auto,h_216,q_1,w_216/d_ecommerce:backend-fallback.png/MAT_929782_PCE_LT"
Rimi,"Malta kava PAULIG CLASSIC CREMOSO, 500 g",10.99,"https://rimibaltic-res.cloudinary.com/image/upload/b_white,c_limit,dpr_auto,f_auto,h_216,q_1,w_216/d_ecommerce:backend-fallback.png/MAT_1000697_PCE_LT"
Rimi,"Aviž. dribsnių košė su aviet. ACTIVUS, 60 g",1.19,"https://rimibaltic-res.cloudinary.com/image/upload/b_white,c_limit,dpr_auto,f_auto,h_216,q_1,w_216/d_ecommerce:backend-fallback.png/MAT_1007224_PCE_LT"
Rimi,"Kečupas HEINZ, 700g",4.89,"https://rimibaltic-res.cloudinary.com/image/upload/b_white,c_limit,dpr_auto,f_auto,h_216,q_1,w_216/d_ecommerce:backend-fallback.png/MAT_120822_PCE_LT"
Rimi,"DAUMANTŲ KARALIŠKAS pom. padažas be kr., 500g",2.59,"https://rimibaltic-res.cloudinary.com/image/upload/b_white,c_limit,dpr_auto,f_auto,h_216,q_1,w_216/d_ecommerce:backend-fallback.png/MAT_192674_PCE_LT"
Rimi,"Kepimo milteliai SANTA MARIA, 45g",1.69,"https://rimibaltic-res.cloudinary.com/image/upload/b_white,c_limit,dpr_auto,f_auto,h_216,q_1,w_216/d_ecommerce:backend-fallback.png/MAT_105050_PCE_LT"
Rimi,"Makaronai su sūriu KNORR CARBONARA, 55 g",1.99,"https://rimibaltic-res.cloudinary.com/image/upload/b_white,c_limit,dpr_auto,f_auto,h_216,q_1,w_216/d_ecommerce:backend-fallback.png/MAT_194503_PCE_LT"
Rimi,"Tepamas kremas PHILADELPHIA Milka, 175g",2.55,"https://rimibaltic-res.cloudinary.com/image/upload/b_white,c_limit,dpr_1.0,f_auto,q_auto:low,w_150/d_ecommerce:backend-fallback.png/MAT_283191_PCE_LT"
Rimi,"Skrudinti sūdyti makad.rieš., SEEBERGER, 80g",5.49,"https://rimibaltic-res.cloudinary.com/image/upload/b_white,c_limit,dpr_1.0,f_auto,q_auto:low,w_150/d_ecommerce:backend-fallback.png/MAT_178824_PCE_LT"
Rimi,"Saulėgrąžų sėklos RIMI juod.,kepintos, 300g",2.99,"https://rimibaltic-res.cloudinary.com/image/upload/b_white,c_limit,dpr_1.0,f_auto,q_auto:low,w_150/d_ecommerce:backend-fallback.png/MAT_812437_PCE_LT"
Rimi,"Kond. p. sk. plombyras NYKŠTUKAS, 800ml /450g",8.49,"https://rimibaltic-res.cloudinary.com/image/upload/b_white,c_limit,dpr_1.0,f_auto,q_auto:low,w_150/d_ecommerce:backend-fallback.png/MAT_274610_PCE_LT"
Rimi,"Mangų skon. valg. ledai WAO MOCHI, 216ml/210g",6.29,"https://rimibaltic-res.cloudinary.com/image/upload/b_white,c_limit,dpr_auto,f_auto,h_216,q_1,w_216/d_ecommerce:backend-fallback.png/MAT_959196_PCE_LT"
Rimi,"Vatos lapeliai BELLA,120vnt",1.79,"https://rimibaltic-res.cloudinary.com/image/upload/b_white,c_limit,dpr_auto,f_auto,h_216,q_1,w_216/d_ecommerce:backend-fallback.png/MAT_459376_PCE_LT"
Rimi,"Juod. alyvuog. HOJIBLANCA RIMI, 935 g / 455 g",4.99,"https://rimibaltic-res.cloudinary.com/image/upload/b_white,c_limit,dpr_auto,f_auto,h_216,q_1,w_216/d_ecommerce:backend-fallback.png/MAT_807183_PCE_LT"
Rimi,"Žemės riešutai AWAKE, 400 g",1.89,"https://rimibaltic-res.cloudinary.com/image/upload/b_white,c_limit,dpr_auto,f_auto,h_216,q_1,w_216/d_ecommerce:backend-fallback.png/MAT_804386_PCE_LT"
Rimi,"Saldžiarūgštis padažas RIMI PLANET,500 g",3.99,"https://rimibaltic-res.cloudinary.com/image/upload/b_white,c_limit,dpr_auto,f_auto,h_216,q_1,w_216/d_ecommerce:backend-fallback.png/MAT_804095_PCE_LT"
Rimi,"Sorbetas SUN365 COCONUT, 80 ml / 70 g",1.69,"https://rimibaltic-res.cloudinary.com/image/upload/b_white,c_limit,dpr_auto,f_auto,h_216,q_1,w_216/d_ecommerce:backend-fallback.png/MAT_977171_PCE_LT"
Rimi,"Džiovintos ožerškių uogos RIMI, 100 g",2.55,"https://rimibaltic-res.cloudinary.com/image/upload/b_white,c_limit,dpr_auto,f_auto,h_216,q_1,w_216/d_ecommerce:backend-fallback.png/MAT_812708_PCE_LT"
Rimi,"Arbata ETNO ŠILTAS PRISIMINIMAS, 22 pak. 33 g",2.69,"https://rimibaltic-res.cloudinary.com/image/upload/b_white,c_limit,dpr_auto,f_auto,h_216,q_1,w_216/d_ecommerce:backend-fallback.png/MAT_147200_PCE_LT"
Rimi,"Ilgagrūdžiai ryžiai RIMI BASIC, 800 g",0.95,"https://rimibaltic-res.cloudinary.com/image/upload/b_white,c_limit,dpr_1.0,f_auto,q_auto:low,w_150/d_ecommerce:backend-fallback.png/MAT_804297_PCE_LT"
Rimi,"Vištienos sultinys petraž.krap., MAGGI, 120g",1.29,"https://rimibaltic-res.cloudinary.com/image/upload/b_white,c_limit,dpr_1.0,f_auto,q_auto:low,w_150/d_ecommerce:backend-fallback.png/MAT_133437_PCE_LT"
Rimi,"Batonėlis CORNY BIG MILK, 40 g",1.09,"https://rimibaltic-res.cloudinary.com/image/upload/b_white,c_limit,dpr_auto,f_auto,h_216,q_1,w_216/d_ecommerce:backend-fallback.png/MAT_169384_PCE_LT"
Rimi,"Įvairių grūdų tortilijos RIMI PLANET, 370g",2.89,"https://rimibaltic-res.cloudinary.com/image/upload/b_white,c_limit,dpr_auto,f_auto,h_216,q_1,w_216/d_ecommerce:backend-fallback.png/MAT_811258_PCE_LT"
Rimi,"Lašiša savo sultyse RIMI, 170 g",2.45,"https://rimibaltic-res.cloudinary.com/image/upload/b_white,c_limit,dpr_auto,f_auto,h_216,q_1,w_216/d_ecommerce:backend-fallback.png/MAT_808808_PCE_LT"
Rimi,"Vaisinė arbata su avietėmis ŽOLYNĖLIS, 50 g",2.49,"https://rimibaltic-res.cloudinary.com/image/upload/b_white,c_limit,dpr_auto,f_auto,h_216,q_1,w_216/d_ecommerce:backend-fallback.png/MAT_146444_PCE_LT"
Rimi,"Įv. vaisių sulčių gėrimas ELMENHORSTER, 2 l",2.39,"https://rimibaltic-res.cloudinary.com/image/upload/b_white,c_limit,dpr_auto,f_auto,h_216,q_1,w_216/d_ecommerce:backend-fallback.png/MAT_137812_PCE_LT"
Rimi,"Juodojo šokolado diskeliai RIMI, 100g",5.49,"https://rimibaltic-res.cloudinary.com/image/upload/b_white,c_limit,dpr_auto,f_auto,h_216,q_1,w_216/d_ecommerce:backend-fallback.png/MAT_811018_PCE_LT"
Rimi,"Švž.sūrio gam.PHILADELPHIA ORIGINAL,300g",3.43,"https://rimibaltic-res.cloudinary.com/image/upload/b_white,c_limit,dpr_auto,f_auto,h_216,q_1,w_216/d_ecommerce:backend-fallback.png/MAT_973156_PCE_LT"
Rimi,"KARALIŠKASIS mišinys ARIMEX, 300g",5.99,"https://rimibaltic-res.cloudinary.com/image/upload/b_white,c_limit,dpr_auto,f_auto,h_216,q_1,w_216/d_ecommerce:backend-fallback.png/MAT_154503_PCE_LT"
Rimi,"Van. sk. valg. ledai RIMI SMART, 120 ml /65 g",0.19,"https://rimibaltic-res.cloudinary.com/image/upload/b_white,c_limit,dpr_auto,f_auto,h_216,q_1,w_216/d_ecommerce:backend-fallback.png/MAT_810571_PCE_LT"
Rimi,"Maltas cinamonas SANTA MARIA, 40g",2.49,"https://rimibaltic-res.cloudinary.com/image/upload/b_white,c_limit,dpr_auto,f_auto,h_216,q_1,w_216/d_ecommerce:backend-fallback.png/MAT_100575_PCE_LT"
Rimi,"Vanil. valg. ledai su šok. g. B&J, 465ml/406g",9.99,"https://rimibaltic-res.cloudinary.com/image/upload/b_white,c_limit,dpr_auto,f_auto,h_216,q_1,w_216/d_ecommerce:backend-fallback.png/MAT_961199_PCE_LT"
Rimi,"Ledo kubeliai PREMIA, 1 kg",1.29,"https://rimibaltic-res.cloudinary.com/image/upload/b_white,c_limit,dpr_1.0,f_auto,q_auto:low,w_150/d_ecommerce:backend-fallback.png/MAT_928648_PCE_LT"
Rimi,"Avižin. batonėlis su pistac. MA BAKER, 90 g",1.59,"https://rimibaltic-res.cloudinary.com/image/upload/b_white,c_limit,dpr_1.0,f_auto,q_auto:low,w_150/d_ecommerce:backend-fallback.png/MAT_194175_PCE_LT"
Rimi,"Gliaudyti migdolai AWAKE, 150g",1.75,"https://rimibaltic-res.cloudinary.com/image/upload/b_white,c_limit,dpr_1.0,f_auto,q_auto:low,w_150/d_ecommerce:backend-fallback.png/MAT_804388_PCE_LT"
Rimi,"Karštai rūkytos dešrelės GIMINIŲ, I r., 800 g",7.69,"https://rimibaltic-res.cloudinary.com/image/upload/b_white,c_limit,dpr_auto,f_auto,h_216,q_1,w_216/d_ecommerce:backend-fallback.png/MAT_919347_PCE_LT"
Rimi,"Šald. darž. ir grūdų mišinys BONDUELLE, 400 g",3.89,"https://rimibaltic-res.cloudinary.com/image/upload/b_white,c_limit,dpr_auto,f_auto,h_216,q_1,w_216/d_ecommerce:backend-fallback.png/MAT_4008648_PCE_LT"
Rimi,"Šald. darž. ir grikių mišinys BONDUELLE, 400g",3.39,"https://rimibaltic-res.cloudinary.com/image/upload/b_white,c_limit,dpr_auto,f_auto,h_216,q_1,w_216/d_ecommerce:backend-fallback.png/MAT_4008661_PCE_LT"
Rimi,"Naminiai krienai KĖDAINIŲ KONSERVAI, 250g",1.89,"https://rimibaltic-res.cloudinary.com/image/upload/b_white,c_limit,dpr_auto,f_auto,h_216,q_1,w_216/d_ecommerce:backend-fallback.png/MAT_132757_PCE_LT"
Rimi,Fejerverkai tortams 14cm 4vnt,3.49,"https://rimibaltic-res.cloudinary.com/image/upload/b_white,c_limit,dpr_auto,f_auto,h_216,q_1,w_216/d_ecommerce:backend-fallback.png/MAT_462097_PCE_LT"
Rimi,"Grūdų paplot. DUONIUKAI su rug. miltais, 80 g",0.92,"https://rimibaltic-res.cloudinary.com/image/upload/b_white,c_limit,dpr_auto,f_auto,h_216,q_1,w_216/d_ecommerce:backend-fallback.png/MAT_146153_PCE_LT"
Rimi,"Padažas makaronams su česnakais RIMI, 390 g",2.55,"https://rimibaltic-res.cloudinary.com/image/upload/b_white,c_limit,dpr_auto,f_auto,h_216,q_1,w_216/d_ecommerce:backend-fallback.png/MAT_810786_PCE_LT"
Rimi,"Džiovintų mangų juostelės, 100g",5.39,"https://rimibaltic-res.cloudinary.com/image/upload/b_white,c_limit,dpr_auto,f_auto,h_216,q_1,w_216/d_ecommerce:backend-fallback.png/MAT_156938_PCE_LT"
Rimi,"Skaldyti žirniai RIMI SMART, 800 g",0.59,"https://rimibaltic-res.cloudinary.com/image/upload/b_white,c_limit,dpr_auto,f_auto,h_216,q_1,w_216/d_ecommerce:backend-fallback.png/MAT_808414_PCE_LT"
Rimi,"Padažas makar.dž.pom., SELECTION BY RIMI,350g",2.39,"https://rimibaltic-res.cloudinary.com/image/upload/b_white,c_limit,dpr_auto,f_auto,h_216,q_1,w_216/d_ecommerce:backend-fallback.png/MAT_803255_PCE_LT"
Rimi,"Traškučiai TAFFEL NACHO CHEESE BALLS, 110g",2.19,"https://rimibaltic-res.cloudinary.com/image/upload/b_white,c_limit,dpr_auto,f_auto,h_216,q_1,w_216/d_ecommerce:backend-fallback.png/MAT_198001_PCE_LT"
Rimi,"Ekologiška varškytė su vanile MIAU, 6 %, 100g",0.79,"https://rimibaltic-res.cloudinary.com/image/upload/b_white,c_limit,dpr_auto,f_auto,h_216,q_1,w_216/d_ecommerce:backend-fallback.png/MAT_265467_PCE_LT"
Rimi,"Himalajų rūpi druska SALDVA, 250g",1.19,"https://rimibaltic-res.cloudinary.com/image/upload/b_white,c_limit,dpr_1.0,f_auto,q_auto:low,w_150/d_ecommerce:backend-fallback.png/MAT_171740_PCE_LT"
Rimi,"Žal. alyvuogės RIMI su paprik., 235 g / 142 g",1.95,"https://rimibaltic-res.cloudinary.com/image/upload/b_white,c_limit,dpr_1.0,f_auto,q_auto:low,w_150/d_ecommerce:backend-fallback.png/MAT_802898_PCE_LT"
Rimi,"Žolelių arbata ŽOLYNĖLIS SUŠALUS, 20 pak.",2.59,"https://rimibaltic-res.cloudinary.com/image/upload/b_white,c_limit,dpr_1.0,f_auto,q_auto:low,w_150/d_ecommerce:backend-fallback.png/MAT_149356_PCE_LT"
Rimi,"Sultinio kubeliai su daržovėmis RIMI, 120 g",1.09,"https://rimibaltic-res.cloudinary.com/image/upload/b_white,c_limit,dpr_1.0,f_auto,q_auto:low,w_150/d_ecommerce:backend-fallback.png/MAT_810012_PCE_LT"
Rimi,"Pasiflorų sultys PFANNER, 1 l",2.65,"https://rimibaltic-res.cloudinary.com/image/upload/b_white,c_limit,dpr_auto,f_auto,h_216,q_1,w_216/d_ecommerce:backend-fallback.png/MAT_188850_PCE_LT"
Rimi,"Arbata su imbieru ETNO GAIVI AKIMIRKA, 36 g",2.69,"https://rimibaltic-res.cloudinary.com/image/upload/b_white,c_limit,dpr_auto,f_auto,h_216,q_1,w_216/d_ecommerce:backend-fallback.png/MAT_191893_PCE_LT"
Rimi,"Sveriami kūčiukai JDC, 1 kg",4.19,"https://rimibaltic-res.cloudinary.com/image/upload/b_white,c_limit,dpr_auto,f_auto,h_216,q_1,w_216/d_ecommerce:backend-fallback.png/MAT_1002367_KGM_LT"
Rimi,"Gaz. gėrimas SELITA KLASIKA TARCHUNAS, 1,5 l",1.39,"https://rimibaltic-res.cloudinary.com/image/upload/b_white,c_limit,dpr_auto,f_auto,h_216,q_1,w_216/d_ecommerce:backend-fallback.png/MAT_1359605_PCE_LT"
Rimi,"Malta aitriosioji paprika SALDVA, 25 g",0.8,"https://rimibaltic-res.cloudinary.com/image/upload/b_white,c_limit,dpr_auto,f_auto,h_216,q_1,w_216/d_ecommerce:backend-fallback.png/MAT_154785_PCE_LT"
Rimi,"Gazuotas gaivusis gėrimas COCA COLA, 0,5l",1.16,"https://rimibaltic-res.cloudinary.com/image/upload/b_white,c_limit,dpr_auto,f_auto,h_216,q_1,w_216/d_ecommerce:backend-fallback.png/MAT_102741_PCE_LT"
Rimi,"Migdolų riekelės RIMI, 100 g",4.09,"https://rimibaltic-res.cloudinary.com/image/upload/b_white,c_limit,dpr_auto,f_auto,h_216,q_1,w_216/d_ecommerce:backend-fallback.png/MAT_805827_PCE_LT"
Rimi,"Sūrios lazdelės RIMI, 125 g",1.65,"https://rimibaltic-res.cloudinary.com/image/upload/b_white,c_limit,dpr_auto,f_auto,h_216,q_1,w_216/d_ecommerce:backend-fallback.png/MAT_801291_PCE_LT"
Rimi,"Saus. pusryč. šok. sk. įd. OHO KRAMSI, 175 g",1.49,"https://rimibaltic-res.cloudinary.com/image/upload/b_white,c_limit,dpr_1.0,f_auto,q_auto:low,w_150/d_ecommerce:backend-fallback.png/MAT_167045_PCE_LT"
Rimi,"Šokoladinis batonėlis TWIX Xtra, 2*37,5g, 75g",1.39,"https://rimibaltic-res.cloudinary.com/image/upload/b_white,c_limit,dpr_1.0,f_auto,q_auto:low,w_150/d_ecommerce:backend-fallback.png/MAT_142103_PCE_LT"
Rimi,"Obuolių actas 6 % BAJORIŠKIŲ, 1 l",1.29,"https://rimibaltic-res.cloudinary.com/image/upload/b_white,c_limit,dpr_auto,f_auto,h_216,q_1,w_216/d_ecommerce:backend-fallback.png/MAT_146580_PCE_LT"
Rimi,"Ciberžolė SALDVA, 25 g",0.91,"https://rimibaltic-res.cloudinary.com/image/upload/b_white,c_limit,dpr_auto,f_auto,h_216,q_1,w_216/d_ecommerce:backend-fallback.png/MAT_154734_PCE_LT"
Rimi,"Pilno grūdo avižiniai dribsniai RIMI, 500 g",1.45,"https://rimibaltic-res.cloudinary.com/image/upload/b_white,c_limit,dpr_auto,f_auto,h_216,q_1,w_216/d_ecommerce:backend-fallback.png/MAT_805618_PCE_LT"
Rimi,"Gr. ir žol. sk. bulvių traškučiai LAYS, 200 g",3.29,"https://rimibaltic-res.cloudinary.com/image/upload/b_white,c_limit,dpr_auto,f_auto,h_216,q_1,w_216/d_ecommerce:backend-fallback.png/MAT_192788_PCE_LT"
Rimi,"Šaldyti tropiniai vaisiai NICE'N'EASY, 375 g",3.99,"https://rimibaltic-res.cloudinary.com/image/upload/b_white,c_limit,dpr_auto,f_auto,h_216,q_1,w_216/d_ecommerce:backend-fallback.png/MAT_946393_PCE_LT"
Rimi,"Ramunėlių žiedų arbata RIMI, 30 g",1.99,"https://rimibaltic-res.cloudinary.com/image/upload/b_white,c_limit,dpr_auto,f_auto,h_216,q_1,w_216/d_ecommerce:backend-fallback.png/MAT_808832_PCE_LT"
Rimi,"Kvietiniai miltai RIMI, 550 D, 2 kg",1.19,"https://rimibaltic-res.cloudinary.com/image/upload/b_white,c_limit,dpr_auto,f_auto,h_216,q_1,w_216/d_ecommerce:backend-fallback.png/MAT_815163_PCE_LT"
Rimi,"Mažesnio rieb. kakavos milteliai RIMI, 100 g",3.15,"https://rimibaltic-res.cloudinary.com/image/upload/b_white,c_limit,dpr_auto,f_auto,h_216,q_1,w_216/d_ecommerce:backend-fallback.png/MAT_815825_PCE_LT"
Rimi,"Šald. daržovių mišinys WOKMIX ORIENT, 400 g",2.49,"https://rimibaltic-res.cloudinary.com/image/upload/b_white,c_limit,dpr_auto,f_auto,h_216,q_1,w_216/d_ecommerce:backend-fallback.png/MAT_4004543_PCE_LT"
Rimi,"Tyrė I LOVE ECO morkų, obuol., mangų, 90 g",1.15,"https://rimibaltic-res.cloudinary.com/image/upload/b_white,c_limit,dpr_auto,f_auto,h_216,q_1,w_216/d_ecommerce:backend-fallback.png/MAT_811478_PCE_LT"
Rimi,"Maisto pap. vitam.C ICA apels. sk., 20 tabl.",1.99,"https://rimibaltic-res.cloudinary.com/image/upload/b_white,c_limit,dpr_auto,f_auto,h_216,q_1,w_216/d_ecommerce:backend-fallback.png/MAT_811446_PCE_LT"
Rimi,"Laurų lapai SAUDA, 40g",0.79,"https://rimibaltic-res.cloudinary.com/image/upload/b_white,c_limit,dpr_1.0,f_auto,q_auto:low,w_150/d_ecommerce:backend-fallback.png/MAT_157233_PCE_LT"
Rimi,"Dribsniai su bolivine balanda RIMI, 350 g",2.59,"https://rimibaltic-res.cloudinary.com/image/upload/b_white,c_limit,dpr_1.0,f_auto,q_auto:low,w_150/d_ecommerce:backend-fallback.png/MAT_811981_PCE_LT"
Rimi,"Tamsi duona čiabata LIETUVOS KEPĖJAS, 300 g",1.59,"https://rimibaltic-res.cloudinary.com/image/upload/b_white,c_limit,dpr_1.0,f_auto,q_auto:low,w_150/d_ecommerce:backend-fallback.png/MAT_4008705_PCE_LT"
Rimi,"Šaldyt. jūros gėrybių rinkinys NOWACO, 320 g",5.79,"https://rimibaltic-res.cloudinary.com/image/upload/b_white,c_limit,dpr_auto,f_auto,h_216,q_1,w_216/d_ecommerce:backend-fallback.png/MAT_967387_PCE_LT"
Rimi,"Traškūs krekeriai su druska ELEPHANT, 80 g",1.49,"https://rimibaltic-res.cloudinary.com/image/upload/b_white,c_limit,dpr_auto,f_auto,h_216,q_1,w_216/d_ecommerce:backend-fallback.png/MAT_177034_PCE_LT"
Rimi,"Grik. dribsnių košė su vištiena ACTIVUS, 60 g",1.19,"https://rimibaltic-res.cloudinary.com/image/upload/b_white,c_limit,dpr_auto,f_auto,h_216,q_1,w_216/d_ecommerce:backend-fallback.png/MAT_1007223_PCE_LT"
Rimi,"Vaniliniai valgomieji ledai RIMI, 1 l / 500 g",3.29,"https://rimibaltic-res.cloudinary.com/image/upload/b_white,c_limit,dpr_auto,f_auto,h_216,q_1,w_216/d_ecommerce:backend-fallback.png/MAT_810859_PCE_LT"
Rimi,"Morkų sultys KADARBIKU, 500ml",1.49,"https://rimibaltic-res.cloudinary.com/image/upload/b_white,c_limit,dpr_auto,f_auto,h_216,q_1,w_216/d_ecommerce:backend-fallback.png/MAT_1356191_PCE_LT"
Rimi,"Arbata ŽOLYNĖLIS PIPIRMĖČIŲ LAPAI, 30 g",1.69,"https://rimibaltic-res.cloudinary.com/image/upload/b_white,c_limit,dpr_auto,f_auto,h_216,q_1,w_216/d_ecommerce:backend-fallback.png/MAT_1002402_PCE_LT"
Rimi,"Laukin. ilgagrūdžių ryžių mišinys RIMI, 500 g",2.49,"https://rimibaltic-res.cloudinary.com/image/upload/b_white,c_limit,dpr_auto,f_auto,h_216,q_1,w_216/d_ecommerce:backend-fallback.png/MAT_803627_PCE_LT"
Rimi,"Druskos dribsniai ICA, 200g",4.99,"https://rimibaltic-res.cloudinary.com/image/upload/b_white,c_limit,dpr_auto,f_auto,h_216,q_1,w_216/d_ecommerce:backend-fallback.png/MAT_810315_PCE_LT"
Rimi,"Sūrio užkandis „Rambyno“ su kumpiu, 45% 75g",1.19,"https://rimibaltic-res.cloudinary.com/image/upload/b_white,c_limit,dpr_auto,f_auto,h_216,q_1,w_216/d_ecommerce:backend-fallback.png/MAT_905302_PCE_LT"
Rimi,"Šald.čil.sūr.sk. kepsneliai NICE´N EASY, 250g",6.49,"https://rimibaltic-res.cloudinary.com/image/upload/b_white,c_limit,dpr_auto,f_auto,h_216,q_1,w_216/d_ecommerce:backend-fallback.png/MAT_946394_PCE_LT"
Rimi,"TAGLIATELLE kiaušin. makaronai ICA ECO, 500 g",3.99,"https://rimibaltic-res.cloudinary.com/image/upload/b_white,c_limit,dpr_auto,f_auto,h_216,q_1,w_216/d_ecommerce:backend-fallback.png/MAT_141688_PCE_LT"
Rimi,"Ekol. sviestin. moliūgų sriuba ACTIVUS, 400 g",2.39,"https://rimibaltic-res.cloudinary.com/image/upload/b_white,c_limit,dpr_auto,f_auto,h_216,q_1,w_216/d_ecommerce:backend-fallback.png/MAT_1020301_PCE_LT"
Rimi,"Saldainis PUPA, 30g",0.31,"https://rimibaltic-res.cloudinary.com/image/upload/b_white,c_limit,dpr_1.0,f_auto,q_auto:low,w_150/d_ecommerce:backend-fallback.png/MAT_146517_PCE_LT"
Rimi,"Sūrio sk. bulvių traškučiai LAYS, 200 g",3.29,"https://rimibaltic-res.cloudinary.com/image/upload/b_white,c_limit,dpr_1.0,f_auto,q_auto:low,w_150/d_ecommerce:backend-fallback.png/MAT_192793_PCE_LT"
Rimi,"BOCMANO silkių filė su paprikomis ZIGMAS,300g",2.29,"https://rimibaltic-res.cloudinary.com/image/upload/b_white,c_limit,dpr_1.0,f_auto,q_auto:low,w_150/d_ecommerce:backend-fallback.png/MAT_919038_PCE_LT"
Rimi,"Ilgagrūdžiai ryžiai SKANĖJA, 500 g",1.49,"https://rimibaltic-res.cloudinary.com/image/upload/b_white,c_limit,dpr_1.0,f_auto,q_auto:low,w_150/d_ecommerce:backend-fallback.png/MAT_142882_PCE_LT"
Rimi,"Tailandietiškas kario padažas RIMI, 480g",3.99,"https://rimibaltic-res.cloudinary.com/image/upload/b_white,c_limit,dpr_auto,f_auto,h_216,q_1,w_216/d_ecommerce:backend-fallback.png/MAT_804014_PCE_LT"
Rimi,"Avinžirniai RIMI PLANET, 500 g",1.99,"https://rimibaltic-res.cloudinary.com/image/upload/b_white,c_limit,dpr_auto,f_auto,h_216,q_1,w_216/d_ecommerce:backend-fallback.png/MAT_812175_PCE_LT"
Rimi,"Skrudintos saulėgrąžos MOGYI, 150g",1.75,"https://rimibaltic-res.cloudinary.com/image/upload/b_white,c_limit,dpr_auto,f_auto,h_216,q_1,w_216/d_ecommerce:backend-fallback.png/MAT_155993_PCE_LT"
Rimi,"Rož. Himalajų druska SELECTION BY RIMI, 100g",2.49,"https://rimibaltic-res.cloudinary.com/image/upload/b_white,c_limit,dpr_auto,f_auto,h_216,q_1,w_216/d_ecommerce:backend-fallback.png/MAT_804817_PCE_LT"
Rimi,"Valymo pienelis CIF CREAM LEMON, 500 ml",3.59,"https://rimibaltic-res.cloudinary.com/image/upload/b_white,c_limit,dpr_auto,f_auto,h_216,q_1,w_216/d_ecommerce:backend-fallback.png/MAT_401521_PCE_LT"
Rimi,"Jautienos sultinys MAGGI, 80 g",1.45,"https://rimibaltic-res.cloudinary.com/image/upload/b_white,c_limit,dpr_auto,f_auto,h_216,q_1,w_216/d_ecommerce:backend-fallback.png/MAT_1005845_PCE_LT"
Rimi,"Atitirpinta spurga BUBBLE GUM DONUT, 55 g",0.48,"https://rimibaltic-res.cloudinary.com/image/upload/b_white,c_limit,dpr_auto,f_auto,h_216,q_1,w_216/d_ecommerce:backend-fallback.png/MAT_922196_PCE_LT"
Rimi,"Majonezas su grybais VILNIUS, 70,5 %, 250 ml",1.65,"https://rimibaltic-res.cloudinary.com/image/upload/b_white,c_limit,dpr_auto,f_auto,h_216,q_1,w_216/d_ecommerce:backend-fallback.png/MAT_920606_PCE_LT"
Rimi,"Miltų mišinys BALVITEN MIX FLOUR, 1 kg",4.39,"https://rimibaltic-res.cloudinary.com/image/upload/b_white,c_limit,dpr_1.0,f_auto,q_auto:low,w_150/d_ecommerce:backend-fallback.png/MAT_1001909_PCE_LT"
Rimi,"Šald. gruzd. bulvių lazdelės RIMI, 7 mm, 1 kg",3.59,"https://rimibaltic-res.cloudinary.com/image/upload/b_white,c_limit,dpr_1.0,f_auto,q_auto:low,w_150/d_ecommerce:backend-fallback.png/MAT_811418_PCE_LT"
Rimi,"Makaron., OYAKATA JAPAN CHICKEN TERIYAKI, 96g",2.39,"https://rimibaltic-res.cloudinary.com/image/upload/b_white,c_limit,dpr_auto,f_auto,h_216,q_1,w_216/d_ecommerce:backend-fallback.png/MAT_181452_PCE_LT"
Rimi,"Keksiukai pranc. MADELEINES ST MICHEL, 175 g",2.69,"https://rimibaltic-res.cloudinary.com/image/upload/b_white,c_limit,dpr_auto,f_auto,h_216,q_1,w_216/d_ecommerce:backend-fallback.png/MAT_179076_PCE_LT"
Rimi,"Malti juodieji pipirai SALDVA, 25g",1.55,"https://rimibaltic-res.cloudinary.com/image/upload/b_white,c_limit,dpr_auto,f_auto,h_216,q_1,w_216/d_ecommerce:backend-fallback.png/MAT_154788_PCE_LT"
Rimi,"Lukštenti migdolai RIMI, 150g",3.49,"https://rimibaltic-res.cloudinary.com/image/upload/b_white,c_limit,dpr_auto,f_auto,h_216,q_1,w_216/d_ecommerce:backend-fallback.png/MAT_805567_PCE_LT"
Rimi,"Barbekiu padažas SANTA MARIA ORIGINAL, 355 g",4.99,"https://rimibaltic-res.cloudinary.com/image/upload/b_white,c_limit,dpr_auto,f_auto,h_216,q_1,w_216/d_ecommerce:backend-fallback.png/MAT_199199_PCE_LT"
Rimi,"Valg. ledai su spang. įd. RIMI, 200 ml /120 g",0.65,"https://rimibaltic-res.cloudinary.com/image/upload/b_white,c_limit,dpr_auto,f_auto,h_216,q_1,w_216/d_ecommerce:backend-fallback.png/MAT_816109_PCE_LT"
Rimi,"Ekol. juod. pupel. be skysčio ACTIVUS, 150 g",1.55,"https://rimibaltic-res.cloudinary.com/image/upload/b_white,c_limit,dpr_auto,f_auto,h_216,q_1,w_216/d_ecommerce:backend-fallback.png/MAT_1020286_PCE_LT"
Rimi,"Ilgragrūdžiai ryžiai JASMINE GRALLA, 800 g",2.79,"https://rimibaltic-res.cloudinary.com/image/upload/b_white,c_limit,dpr_auto,f_auto,h_216,q_1,w_216/d_ecommerce:backend-fallback.png/MAT_1006989_PCE_LT"
Rimi,"SENOVIŠKI koldūnai su mėsos įd. KOGUS, 800 g",7.99,"https://rimibaltic-res.cloudinary.com/image/upload/b_white,c_limit,dpr_auto,f_auto,h_216,q_1,w_216/d_ecommerce:backend-fallback.png/MAT_940147_PCE_LT"
Rimi,"Atšald.krabų lazd.iš surimio RIMI, 150 g",1.49,"https://rimibaltic-res.cloudinary.com/image/upload/b_white,c_limit,dpr_auto,f_auto,h_216,q_1,w_216/d_ecommerce:backend-fallback.png/MAT_812805_PCE_LT"
Rimi,"Sojų padažas HEINZ, 150 ml",2.99,"https://rimibaltic-res.cloudinary.com/image/upload/b_white,c_limit,dpr_auto,f_auto,h_216,q_1,w_216/d_ecommerce:backend-fallback.png/MAT_163814_PCE_LT"
Rimi,"Ličio baterija ENERGIZER CR2025 3V, 1 vnt.",2.15,"https://rimibaltic-res.cloudinary.com/image/upload/b_white,c_limit,dpr_1.0,f_auto,q_auto:low,w_150/d_ecommerce:backend-fallback.png/MAT_620136_PCE_LT"
Rimi,"Šald. mėl. midijos RSEAFOOD, ASC, 40/60, 1 kg",5.99,"https://rimibaltic-res.cloudinary.com/image/upload/b_white,c_limit,dpr_1.0,f_auto,q_auto:low,w_150/d_ecommerce:backend-fallback.png/MAT_912014_PCE_LT"
Rimi,"Smulkintas tunas savo sultyse NORTHLAND, 425g",3.59,"https://rimibaltic-res.cloudinary.com/image/upload/b_white,c_limit,dpr_1.0,f_auto,q_auto:low,w_150/d_ecommerce:backend-fallback.png/MAT_812675_PCE_LT"
Rimi,"Vanilės skonio valgomieji ledai AURUM, 180 ml",1.35,"https://rimibaltic-res.cloudinary.com/image/upload/b_white,c_limit,dpr_auto,f_auto,h_216,q_1,w_216/d_ecommerce:backend-fallback.png/MAT_272591_PCE_LT"
Rimi,"Vištien. ruošinys griet.žol., MAGGI IDEA, 30g",1.09,"https://rimibaltic-res.cloudinary.com/image/upload/b_white,c_limit,dpr_auto,f_auto,h_216,q_1,w_216/d_ecommerce:backend-fallback.png/MAT_139725_PCE_LT"
Rimi,"Baltasis šokoladas su mėlynėmis KALEV, 95g",2.19,"https://rimibaltic-res.cloudinary.com/image/upload/b_white,c_limit,dpr_auto,f_auto,h_216,q_1,w_216/d_ecommerce:backend-fallback.png/MAT_119951_PCE_LT"
Rimi,"Migdolai be luobelės ARIMEX, 100 g",3.29,"https://rimibaltic-res.cloudinary.com/image/upload/b_white,c_limit,dpr_auto,f_auto,h_216,q_1,w_216/d_ecommerce:backend-fallback.png/MAT_190181_PCE_LT"
Rimi,"Vafliai ROSHEN WAFERS MILK, 216 g",1.89,"https://rimibaltic-res.cloudinary.com/image/upload/b_white,c_limit,dpr_auto,f_auto,h_216,q_1,w_216/d_ecommerce:backend-fallback.png/MAT_1002171_PCE_LT"
Rimi,"Šv. nat. tepamas sūris AMFORA, 25% rieb,180g",2.75,"https://rimibaltic-res.cloudinary.com/image/upload/b_white,c_limit,dpr_auto,f_auto,h_216,q_1,w_216/d_ecommerce:backend-fallback.png/MAT_992803_PCE_LT"
Rimi,"Gaz.gėrimas su saldik.COCA COLA ZERO, 6x0,33l",5.49,"https://rimibaltic-res.cloudinary.com/image/upload/b_white,c_limit,dpr_auto,f_auto,h_216,q_1,w_216/d_ecommerce:backend-fallback.png/MAT_1371696_PCE_LT"
Rimi,"En.gėr.su sald. MONSTER PIPELINE PUNCH, 0,5l",1.55,"https://rimibaltic-res.cloudinary.com/image/upload/b_white,c_limit,dpr_auto,f_auto,h_216,q_1,w_216/d_ecommerce:backend-fallback.png/MAT_1367006_PCE_LT"
Rimi,"Vasariškas daržovių mišinys kepimui RIMI,400g",3.49,"https://rimibaltic-res.cloudinary.com/image/upload/b_white,c_limit,dpr_auto,f_auto,h_216,q_1,w_216/d_ecommerce:backend-fallback.png/MAT_808968_PCE_LT"
Rimi,"Kavos kapsulės LOR PROFONDO, 10 vnt. 52 g",3.79,"https://rimibaltic-res.cloudinary.com/image/upload/b_white,c_limit,dpr_auto,f_auto,h_216,q_1,w_216/d_ecommerce:backend-fallback.png/MAT_186430_PCE_LT"
Rimi,"Kar. valg. ledai su kar. įd. DADU, 120ml/ 70g",1.19,"https://rimibaltic-res.cloudinary.com/image/upload/b_white,c_limit,dpr_auto,f_auto,h_216,q_1,w_216/d_ecommerce:backend-fallback.png/MAT_298887_PCE_LT"
Rimi,"Arb. ir ob. valg. ledai PIRULO, 73 ml / 67 g",0.99,"https://rimibaltic-res.cloudinary.com/image/upload/b_white,c_limit,dpr_auto,f_auto,h_216,q_1,w_216/d_ecommerce:backend-fallback.png/MAT_298781_PCE_LT"
Rimi,"Vištienos skonio makaronai OYAKATA, 89g",1.69,"https://rimibaltic-res.cloudinary.com/image/upload/b_white,c_limit,dpr_1.0,f_auto,q_auto:low,w_150/d_ecommerce:backend-fallback.png/MAT_182458_PCE_LT"
Rimi,"Ilgragr. BASMATI SELLA ryžiai GRALLA, 800 g",2.99,"https://rimibaltic-res.cloudinary.com/image/upload/b_white,c_limit,dpr_1.0,f_auto,q_auto:low,w_150/d_ecommerce:backend-fallback.png/MAT_1006457_PCE_LT"
Rimi,"Austrių padažas SANTA MARIA, 200ml",3.39,"https://rimibaltic-res.cloudinary.com/image/upload/b_white,c_limit,dpr_1.0,f_auto,q_auto:low,w_150/d_ecommerce:backend-fallback.png/MAT_104055_PCE_LT"
Rimi,"Maisto pap. vitam.C ICA avieč.sk., 20 tabl.",1.99,"https://rimibaltic-res.cloudinary.com/image/upload/b_white,c_limit,dpr_1.0,f_auto,q_auto:low,w_150/d_ecommerce:backend-fallback.png/MAT_811434_PCE_LT"
Rimi,"Granola su kakava ir avietėmis, 450 g",6.49,"https://rimibaltic-res.cloudinary.com/image/upload/b_white,c_limit,dpr_auto,f_auto,h_216,q_1,w_216/d_ecommerce:backend-fallback.png/MAT_177553_PCE_LT"
Rimi,"Džiovintos vyšnios RIMI, 150 g",4.09,"https://rimibaltic-res.cloudinary.com/image/upload/b_white,c_limit,dpr_auto,f_auto,h_216,q_1,w_216/d_ecommerce:backend-fallback.png/MAT_812524_PCE_LT"
Rimi,"Malti kardamonai SAUDA, 15g",0.83,"https://rimibaltic-res.cloudinary.com/image/upload/b_white,c_limit,dpr_auto,f_auto,h_216,q_1,w_216/d_ecommerce:backend-fallback.png/MAT_167215_PCE_LT"
Rimi,"Citrininiai vafliai SELGA, 180 g",1.75,"https://rimibaltic-res.cloudinary.com/image/upload/b_white,c_limit,dpr_auto,f_auto,h_216,q_1,w_216/d_ecommerce:backend-fallback.png/MAT_154243_PCE_LT"
Rimi,"Vištienos marinatas SANTA MARIA, 75g",1.09,"https://rimibaltic-res.cloudinary.com/image/upload/b_white,c_limit,dpr_auto,f_auto,h_216,q_1,w_216/d_ecommerce:backend-fallback.png/MAT_107581_PCE_LT"
Rimi,"Vyt.dešra Jubiliejaus BIOVELA A.r., 200 g",7.19,"https://rimibaltic-res.cloudinary.com/image/upload/b_white,c_limit,dpr_auto,f_auto,h_216,q_1,w_216/d_ecommerce:backend-fallback.png/MAT_268226_PCE_LT"
Rimi,"Smulkintos kalendros SANTA MARIA, 20 g",1.05,"https://rimibaltic-res.cloudinary.com/image/upload/b_white,c_limit,dpr_auto,f_auto,h_216,q_1,w_216/d_ecommerce:backend-fallback.png/MAT_161026_PCE_LT"
Rimi,"Gaz.natūral. mineralinis vanduo TICHĖ, 1,5l",0.99,"https://rimibaltic-res.cloudinary.com/image/upload/b_white,c_limit,dpr_auto,f_auto,h_216,q_1,w_216/d_ecommerce:backend-fallback.png/MAT_1359697_PCE_LT"
Rimi,"Saldainiai NUTS, 1kg",7.99,"https://rimibaltic-res.cloudinary.com/image/upload/b_white,c_limit,dpr_1.0,f_auto,q_auto:low,w_150/d_ecommerce:backend-fallback.png/MAT_159160_DPA_LT"
Rimi,"Tamsi duona su rugiais, 1kg",3.99,"https://rimibaltic-res.cloudinary.com/image/upload/b_white,c_limit,dpr_1.0,f_auto,q_auto:low,w_150/d_ecommerce:backend-fallback.png/MAT_904840_KGM_LT"
Rimi,"Plaut., pjaust. salotos ICEBERG, 200g",1.25,"https://rimibaltic-res.cloudinary.com/image/upload/b_white,c_limit,dpr_auto,f_auto,h_216,q_1,w_216/d_ecommerce:backend-fallback.png/MAT_988181_PCE_LT"
Rimi,"Pomidorų sultys RIMI SMART 100 %, 1 l",0.75,"https://rimibaltic-res.cloudinary.com/image/upload/b_white,c_limit,dpr_auto,f_auto,h_216,q_1,w_216/d_ecommerce:backend-fallback.png/MAT_814754_PCE_LT"
Rimi,"Pjaust. raudonas kopūstas FIT & EASY, 300 g",0.84,"https://rimibaltic-res.cloudinary.com/image/upload/b_white,c_limit,dpr_auto,f_auto,h_216,q_1,w_216/d_ecommerce:backend-fallback.png/MAT_4005347_PCE_LT"
Rimi,"Makaronai SELECTION BY RIMI LUMACONI, 500 g",2.35,"https://rimibaltic-res.cloudinary.com/image/upload/b_white,c_limit,dpr_auto,f_auto,h_216,q_1,w_216/d_ecommerce:backend-fallback.png/MAT_803297_PCE_LT"
Rimi,"Čili ir citr.sk. bulvių traškučiai LAYS, 250g",3.99,"https://rimibaltic-res.cloudinary.com/image/upload/b_white,c_limit,dpr_auto,f_auto,h_216,q_1,w_216/d_ecommerce:backend-fallback.png/MAT_198695_PCE_LT"
Rimi,"Pieninio šokolado figūrėlė MILKA SANTA, 45 g",2.29,"https://rimibaltic-res.cloudinary.com/image/upload/b_white,c_limit,dpr_auto,f_auto,h_216,q_1,w_216/d_ecommerce:backend-fallback.png/MAT_1010441_PCE_LT"
Rimi,"Darž. mišinys BONDUELLE SPRING VAPEUR, 400 g",2.49,"https://rimibaltic-res.cloudinary.com/image/upload/b_white,c_limit,dpr_auto,f_auto,h_216,q_1,w_216/d_ecommerce:backend-fallback.png/MAT_4008670_PCE_LT"
Rimi,"Riešutų ir uogų mišinys Energy RIMI, 500 g",6.59,"https://rimibaltic-res.cloudinary.com/image/upload/b_white,c_limit,dpr_auto,f_auto,h_216,q_1,w_216/d_ecommerce:backend-fallback.png/MAT_812602_PCE_LT"
Rimi,"Anakardžių ledai su riešutais VALSOIA, 80 g",2.19,"https://rimibaltic-res.cloudinary.com/image/upload/b_white,c_limit,dpr_auto,f_auto,h_216,q_1,w_216/d_ecommerce:backend-fallback.png/MAT_988345_PCE_LT"
Rimi,"Maisto papildas HEMATOGENAS, 50g",1.29,"https://rimibaltic-res.cloudinary.com/image/upload/b_white,c_limit,dpr_auto,f_auto,h_216,q_1,w_216/d_ecommerce:backend-fallback.png/MAT_146805_PCE_LT"
Rimi,"Gėrimas PEPSI LIME, 1,5 l",1.99,"https://rimibaltic-res.cloudinary.com/image/upload/b_white,c_limit,dpr_auto,f_auto,h_216,q_1,w_216/d_ecommerce:backend-fallback.png/MAT_1365647_PCE_LT"
Rimi,"Slyvų nektaras CIDO, 1 l",1.99,"https://rimibaltic-res.cloudinary.com/image/upload/b_white,c_limit,dpr_1.0,f_auto,q_auto:low,w_150/d_ecommerce:backend-fallback.png/MAT_117668_PCE_LT"
Rimi,"Arbata mel. lap. liep. žied. ŽOLYNĖLIS, 24 g",2.19,"https://rimibaltic-res.cloudinary.com/image/upload/b_white,c_limit,dpr_1.0,f_auto,q_auto:low,w_150/d_ecommerce:backend-fallback.png/MAT_195099_PCE_LT"
Rimi,"Sūrio ir žolelių skonio makaronai KNORR, 61 g",1.35,"https://rimibaltic-res.cloudinary.com/image/upload/b_white,c_limit,dpr_1.0,f_auto,q_auto:low,w_150/d_ecommerce:backend-fallback.png/MAT_165629_PCE_LT"
Rimi,"Ob., banan., brašk., morkų tyr. KUBUŠ, 100 g",1.09,"https://rimibaltic-res.cloudinary.com/image/upload/b_white,c_limit,dpr_auto,f_auto,h_216,q_1,w_216/d_ecommerce:backend-fallback.png/MAT_164454_PCE_LT"
Rimi,Skal.miltel. NEUTRAL Colour Wash 1.188kg,8.29,"https://rimibaltic-res.cloudinary.com/image/upload/b_white,c_limit,dpr_auto,f_auto,h_216,q_1,w_216/d_ecommerce:backend-fallback.png/MAT_7237529_PCE_LT"
Rimi,"Kons. ananasų gab. sirupe RIMI, 825 g / 490 g",3.49,"https://rimibaltic-res.cloudinary.com/image/upload/b_white,c_limit,dpr_auto,f_auto,h_216,q_1,w_216/d_ecommerce:backend-fallback.png/MAT_811649_PCE_LT"
Rimi,"Sausainiai GAIDELIS KONDENSUOTAS, 160 g",0.85,"https://rimibaltic-res.cloudinary.com/image/upload/b_white,c_limit,dpr_auto,f_auto,h_216,q_1,w_216/d_ecommerce:backend-fallback.png/MAT_1005693_PCE_LT"
Rimi,"Pom. padažas KĖDAINIŲ KONSERVAI PREMIUM, 500g",2.59,"https://rimibaltic-res.cloudinary.com/image/upload/b_white,c_limit,dpr_auto,f_auto,h_216,q_1,w_216/d_ecommerce:backend-fallback.png/MAT_161464_PCE_LT"
Rimi,"Virtiniai su varške be lakt. KAKĖ MAKĖ, 400 g",5.49,"https://rimibaltic-res.cloudinary.com/image/upload/b_white,c_limit,dpr_auto,f_auto,h_216,q_1,w_216/d_ecommerce:backend-fallback.png/MAT_4001056_PCE_LT"
Rimi,"Bulguras RIMI, 400 g",1.35,"https://rimibaltic-res.cloudinary.com/image/upload/b_white,c_limit,dpr_auto,f_auto,h_216,q_1,w_216/d_ecommerce:backend-fallback.png/MAT_816263_PCE_LT"
Rimi,"Užtepėlė su ikrais ir lašiša ZIGMAS, 160 g",3.29,"https://rimibaltic-res.cloudinary.com/image/upload/b_white,c_limit,dpr_auto,f_auto,h_216,q_1,w_216/d_ecommerce:backend-fallback.png/MAT_967391_PCE_LT"
Rimi,"Bulvių traškučiai su druska LAYS, 130 g",2.19,"https://rimibaltic-res.cloudinary.com/image/upload/b_white,c_limit,dpr_auto,f_auto,h_216,q_1,w_216/d_ecommerce:backend-fallback.png/MAT_192791_PCE_LT"
Rimi,"Vanilinis cukrus SANTA MARIA, 20g",1.45,"https://rimibaltic-res.cloudinary.com/image/upload/b_white,c_limit,dpr_auto,f_auto,h_216,q_1,w_216/d_ecommerce:backend-fallback.png/MAT_105053_PCE_LT"
Rimi,"Sv. laiškų sk. bulvių traškučiai LAYS, 120 g",2.19,"https://rimibaltic-res.cloudinary.com/image/upload/b_white,c_limit,dpr_auto,f_auto,h_216,q_1,w_216/d_ecommerce:backend-fallback.png/MAT_195298_PCE_LT"
Rimi,"Prieskonių mišinys karis SALDVA, 25g",0.79,"https://rimibaltic-res.cloudinary.com/image/upload/b_white,c_limit,dpr_auto,f_auto,h_216,q_1,w_216/d_ecommerce:backend-fallback.png/MAT_154759_PCE_LT"
Rimi,"Miltų mišinys lietiniams kepti RIMI, 400 g",0.87,"https://rimibaltic-res.cloudinary.com/image/upload/b_white,c_limit,dpr_1.0,f_auto,q_auto:low,w_150/d_ecommerce:backend-fallback.png/MAT_808450_PCE_LT"
Rimi,"Šok. sk. valg. ledai su šok. B&J, 465ml/408g",9.99,"https://rimibaltic-res.cloudinary.com/image/upload/b_white,c_limit,dpr_1.0,f_auto,q_auto:low,w_150/d_ecommerce:backend-fallback.png/MAT_962331_PCE_LT"
Rimi,"Ekologiška MAMUKO avižų tyrelė, 4 mėn, 100 g",1.55,"https://rimibaltic-res.cloudinary.com/image/upload/b_white,c_limit,dpr_1.0,f_auto,q_auto:low,w_150/d_ecommerce:backend-fallback.png/MAT_195169_PCE_LT"
Rimi,"Laurų lapai KOTANYI, 4g",1.39,"https://rimibaltic-res.cloudinary.com/image/upload/b_white,c_limit,dpr_1.0,f_auto,q_auto:low,w_150/d_ecommerce:backend-fallback.png/MAT_147932_PCE_LT"
Rimi,"Pomidorų kečupas HEINZ, 910 g",6.29,"https://rimibaltic-res.cloudinary.com/image/upload/b_white,c_limit,dpr_auto,f_auto,h_216,q_1,w_216/d_ecommerce:backend-fallback.png/MAT_126945_PCE_LT"
Rimi,"Džiovintų vaisių ir riešutų mišinys 1GO, 50g",1.35,"https://rimibaltic-res.cloudinary.com/image/upload/b_white,c_limit,dpr_auto,f_auto,h_216,q_1,w_216/d_ecommerce:backend-fallback.png/MAT_167751_PCE_LT"
Rimi,"Plombyro sk. varškės sūrelis su gl. POLS, 45g",0.35,"https://rimibaltic-res.cloudinary.com/image/upload/b_white,c_limit,dpr_auto,f_auto,h_216,q_1,w_216/d_ecommerce:backend-fallback.png/MAT_970360_PCE_LT"
Rimi,"Kuk. traškučiai su druska SANTA MARIA, 185 g",2.79,"https://rimibaltic-res.cloudinary.com/image/upload/b_white,c_limit,dpr_auto,f_auto,h_216,q_1,w_216/d_ecommerce:backend-fallback.png/MAT_174868_PCE_LT"
Rimi,"Apelsinų sultys CIDO, 1 l",2.99,"https://rimibaltic-res.cloudinary.com/image/upload/b_white,c_limit,dpr_auto,f_auto,h_216,q_1,w_216/d_ecommerce:backend-fallback.png/MAT_100652_PCE_LT"
Rimi,"Rozmarinai SANTA MARIA, 15g",1.05,"https://rimibaltic-res.cloudinary.com/image/upload/b_white,c_limit,dpr_auto,f_auto,h_216,q_1,w_216/d_ecommerce:backend-fallback.png/MAT_129087_PCE_LT"
Rimi,"Atšild.atl. menkių filė, be odos, kg",16.49,"https://rimibaltic-res.cloudinary.com/image/upload/b_white,c_limit,dpr_auto,f_auto,h_216,q_1,w_216/d_ecommerce:backend-fallback.png/MAT_809135_KGM_LT"
Rimi,"Jautienos sultinys MAGGI KOSTILJA, 120g",1.69,"https://rimibaltic-res.cloudinary.com/image/upload/b_white,c_limit,dpr_auto,f_auto,h_216,q_1,w_216/d_ecommerce:backend-fallback.png/MAT_162882_PCE_LT"
Rimi,"Gaivusis gėrimas PEPSI, 330ml",0.95,"https://rimibaltic-res.cloudinary.com/image/upload/b_white,c_limit,dpr_1.0,f_auto,q_auto:low,w_150/d_ecommerce:backend-fallback.png/MAT_1360385_PCE_LT"
Rimi,"Ob. gran. av. sultys HOHES C PLUS, 100 %, 1 l",2.79,"https://rimibaltic-res.cloudinary.com/image/upload/b_white,c_limit,dpr_1.0,f_auto,q_auto:low,w_150/d_ecommerce:backend-fallback.png/MAT_1364685_PCE_LT"
Rimi,"Obuolių actas RIMI, 6%, 400ml",0.99,"https://rimibaltic-res.cloudinary.com/image/upload/b_white,c_limit,dpr_auto,f_auto,h_216,q_1,w_216/d_ecommerce:backend-fallback.png/MAT_809876_PCE_LT"
Rimi,"Makaronai PASAKA, sraigteliai, 400 g",0.79,"https://rimibaltic-res.cloudinary.com/image/upload/b_white,c_limit,dpr_auto,f_auto,h_216,q_1,w_216/d_ecommerce:backend-fallback.png/MAT_146791_PCE_LT"
Rimi,"Jūros druska SELECTION BY RIMI, 100g",2.99,"https://rimibaltic-res.cloudinary.com/image/upload/b_white,c_limit,dpr_auto,f_auto,h_216,q_1,w_216/d_ecommerce:backend-fallback.png/MAT_810823_PCE_LT"
Rimi,"Ličio baterija ENERGIZER CR2032 3V, 1 vnt.",2.15,"https://rimibaltic-res.cloudinary.com/image/upload/b_white,c_limit,dpr_auto,f_auto,h_216,q_1,w_216/d_ecommerce:backend-fallback.png/MAT_7055450_PCE_LT"
Rimi,"Šventinis mišinys ARIMEX, 300 g",3.99,"https://rimibaltic-res.cloudinary.com/image/upload/b_white,c_limit,dpr_auto,f_auto,h_216,q_1,w_216/d_ecommerce:backend-fallback.png/MAT_163002_PCE_LT"
Rimi,Dovanų dėžutė 11x11x7cm CH25,3.49,"https://rimibaltic-res.cloudinary.com/image/upload/b_white,c_limit,dpr_auto,f_auto,h_216,q_1,w_216/d_ecommerce:backend-fallback.png/MAT_7311518_PCE_LT"
Rimi,"Karamel. anakardžiai ALVO su avietėmis, 120 g",3.25,"https://rimibaltic-res.cloudinary.com/image/upload/b_white,c_limit,dpr_auto,f_auto,h_216,q_1,w_216/d_ecommerce:backend-fallback.png/MAT_1022520_PCE_LT"
Rimi,"Sausainiai RIMI su vanilės sk. įdaru, 500 g",2.59,"https://rimibaltic-res.cloudinary.com/image/upload/b_white,c_limit,dpr_auto,f_auto,h_216,q_1,w_216/d_ecommerce:backend-fallback.png/MAT_812430_PCE_LT"
Rimi,"Pangasijų filė NORTHLAND, ASC, 800 g",6.25,"https://rimibaltic-res.cloudinary.com/image/upload/b_white,c_limit,dpr_auto,f_auto,h_216,q_1,w_216/d_ecommerce:backend-fallback.png/MAT_803487_PCE_LT"
Rimi,"Šokoladinis plombyras NYKŠTUKAS, 80 ml / 63 g",1.29,"https://rimibaltic-res.cloudinary.com/image/upload/b_white,c_limit,dpr_auto,f_auto,h_216,q_1,w_216/d_ecommerce:backend-fallback.png/MAT_148527_PCE_LT"
Rimi,"Žvakės MULLER, raudon. sp., 245mm,4vnt.",2.49,"https://rimibaltic-res.cloudinary.com/image/upload/b_white,c_limit,dpr_auto,f_auto,h_216,q_1,w_216/d_ecommerce:backend-fallback.png/MAT_7257863_PCE_LT"
Rimi,"Sūr.padažas RIMI raud.sald.papr.chal., 300g",3.99,"https://rimibaltic-res.cloudinary.com/image/upload/b_white,c_limit,dpr_1.0,f_auto,q_auto:low,w_150/d_ecommerce:backend-fallback.png/MAT_808323_PCE_LT"
Rimi,"Malta kava SELECTION BY RIMI COLOMBIA, 250 g",6.29,"https://rimibaltic-res.cloudinary.com/image/upload/b_white,c_limit,dpr_1.0,f_auto,q_auto:low,w_150/d_ecommerce:backend-fallback.png/MAT_804467_PCE_LT"
Rimi,"Juodieji pipirai SAUDA, 100g",2.39,"https://rimibaltic-res.cloudinary.com/image/upload/b_white,c_limit,dpr_1.0,f_auto,q_auto:low,w_150/d_ecommerce:backend-fallback.png/MAT_152834_PCE_LT"
Rimi,"Šok. vamzdeliai MILKA CHOCO LILA STIX, 112 g",2.89,"https://rimibaltic-res.cloudinary.com/image/upload/b_white,c_limit,dpr_auto,f_auto,h_216,q_1,w_216/d_ecommerce:backend-fallback.png/MAT_171305_PCE_LT"
Rimi,"Arbūzų sk. griet. val. ledai AURUM, 150ml/98g",1.59,"https://rimibaltic-res.cloudinary.com/image/upload/b_white,c_limit,dpr_auto,f_auto,h_216,q_1,w_216/d_ecommerce:backend-fallback.png/MAT_987806_PCE_LT"
Rimi,"Muskat. vynuogių sultys DON SIMON, 100 %, 1 l",3.39,"https://rimibaltic-res.cloudinary.com/image/upload/b_white,c_limit,dpr_auto,f_auto,h_216,q_1,w_216/d_ecommerce:backend-fallback.png/MAT_161167_PCE_LT"
Rimi,"Makaronų padažas su bazil., I LOVE ECO, 390g",3.99,"https://rimibaltic-res.cloudinary.com/image/upload/b_white,c_limit,dpr_auto,f_auto,h_216,q_1,w_216/d_ecommerce:backend-fallback.png/MAT_155670_PCE_LT"
Rimi,"TERIJAKI padažas ICA ASIA, 300ml",5.39,"https://rimibaltic-res.cloudinary.com/image/upload/b_white,c_limit,dpr_auto,f_auto,h_216,q_1,w_216/d_ecommerce:backend-fallback.png/MAT_811027_PCE_LT"
Rimi,"Mak. pad., SELECTION BY RIMI ARRABBIATA, 350g",2.65,"https://rimibaltic-res.cloudinary.com/image/upload/b_white,c_limit,dpr_auto,f_auto,h_216,q_1,w_216/d_ecommerce:backend-fallback.png/MAT_810047_PCE_LT"
Rimi,"Višt. sultinys krap.petr., GALINA BLANCA, 80g",0.85,"https://rimibaltic-res.cloudinary.com/image/upload/b_white,c_limit,dpr_auto,f_auto,h_216,q_1,w_216/d_ecommerce:backend-fallback.png/MAT_108601_PCE_LT"
Rimi,"Makaronai TROTTOLE SELECTION BY RIMI, 500 g",2.35,"https://rimibaltic-res.cloudinary.com/image/upload/b_white,c_limit,dpr_auto,f_auto,h_216,q_1,w_216/d_ecommerce:backend-fallback.png/MAT_806904_PCE_LT"
Rimi,"Grikių dribsniai RIMI, 500 g",2.09,"https://rimibaltic-res.cloudinary.com/image/upload/b_white,c_limit,dpr_auto,f_auto,h_216,q_1,w_216/d_ecommerce:backend-fallback.png/MAT_801701_PCE_LT"
Rimi,"Kons. anan. griež. sirupe RIMI, 825 g / 490 g",3.49,"https://rimibaltic-res.cloudinary.com/image/upload/b_white,c_limit,dpr_auto,f_auto,h_216,q_1,w_216/d_ecommerce:backend-fallback.png/MAT_811650_PCE_LT"
Rimi,"Triufeliai PERGALĖ CLASSIC, 200g",3.59,"https://rimibaltic-res.cloudinary.com/image/upload/b_white,c_limit,dpr_auto,f_auto,h_216,q_1,w_216/d_ecommerce:backend-fallback.png/MAT_140870_PCE_LT"
Rimi,"Valom. pienelis CIF CREAM LEMON FRESH, 250ml",2.35,"https://rimibaltic-res.cloudinary.com/image/upload/b_white,c_limit,dpr_auto,f_auto,h_216,q_1,w_216/d_ecommerce:backend-fallback.png/MAT_401581_PCE_LT"
Rimi,"Šaldyti žirnių kepsneliai ANAMMA, 300 g",4.99,"https://rimibaltic-res.cloudinary.com/image/upload/b_white,c_limit,dpr_1.0,f_auto,q_auto:low,w_150/d_ecommerce:backend-fallback.png/MAT_4003987_PCE_LT"
Rimi,"Marcipanas juodajame šokolade SKRIVERU, 150 g",3.75,"https://rimibaltic-res.cloudinary.com/image/upload/b_white,c_limit,dpr_1.0,f_auto,q_auto:low,w_150/d_ecommerce:backend-fallback.png/MAT_192756_PCE_LT"
Rimi,"Česnakinė druska SANTA MARIA, 40g",1.05,"https://rimibaltic-res.cloudinary.com/image/upload/b_white,c_limit,dpr_1.0,f_auto,q_auto:low,w_150/d_ecommerce:backend-fallback.png/MAT_100352_PCE_LT"
Rimi,"Atitirpinta spurga BRAŠKINĖ DONUT,55g",0.48,"https://rimibaltic-res.cloudinary.com/image/upload/b_white,c_limit,dpr_1.0,f_auto,q_auto:low,w_150/d_ecommerce:backend-fallback.png/MAT_922195_PCE_LT"
Rimi,"Druska SANTA MARIA, 92g",1.69,"https://rimibaltic-res.cloudinary.com/image/upload/b_white,c_limit,dpr_auto,f_auto,h_216,q_1,w_216/d_ecommerce:backend-fallback.png/MAT_191169_PCE_LT"
Rimi,"Vytintas kumpis SELECTION BY RIMI, 70 g",2.79,"https://rimibaltic-res.cloudinary.com/image/upload/b_white,c_limit,dpr_auto,f_auto,h_216,q_1,w_216/d_ecommerce:backend-fallback.png/MAT_803259_PCE_LT"
Rimi,"Makaronai su sūrio padažu KNORR, 71g",1.99,"https://rimibaltic-res.cloudinary.com/image/upload/b_white,c_limit,dpr_auto,f_auto,h_216,q_1,w_216/d_ecommerce:backend-fallback.png/MAT_189682_PCE_LT"
Rimi,"Vafliai su lazdynų riešutų įdaru HAPPY, 100 g",1.19,"https://rimibaltic-res.cloudinary.com/image/upload/b_white,c_limit,dpr_auto,f_auto,h_216,q_1,w_216/d_ecommerce:backend-fallback.png/MAT_1004951_PCE_LT"
Rimi,"Nealk. putojantis vynas MIONETTO, 0,75 l",5.99,"https://rimibaltic-res.cloudinary.com/image/upload/b_white,c_limit,dpr_auto,f_auto,h_216,q_1,w_216/d_ecommerce:backend-fallback.png/MAT_1368827_PCE_LT"
Rimi,"Rūgštūs želė saldainiai Kola RIMI, 100 g",0.89,"https://rimibaltic-res.cloudinary.com/image/upload/b_white,c_limit,dpr_auto,f_auto,h_216,q_1,w_216/d_ecommerce:backend-fallback.png/MAT_812313_PCE_LT"
Rimi,Kapų žvakė P-2 balta dega iki 8val.,0.35,"https://rimibaltic-res.cloudinary.com/image/upload/b_white,c_limit,dpr_auto,f_auto,h_216,q_1,w_216/d_ecommerce:backend-fallback.png/MAT_482783_PCE_LT"
Rimi,"Tortilijos trašk.RIMI sūrio skonio, 200g",2.25,"https://rimibaltic-res.cloudinary.com/image/upload/b_white,c_limit,dpr_auto,f_auto,h_216,q_1,w_216/d_ecommerce:backend-fallback.png/MAT_808738_PCE_LT"
Rimi,"Greipfrutų nektaras RIMI, 1 l",1.99,"https://rimibaltic-res.cloudinary.com/image/upload/b_white,c_limit,dpr_1.0,f_auto,q_auto:low,w_150/d_ecommerce:backend-fallback.png/MAT_803423_PCE_LT"
Rimi,"Besėklės razinos GOLDEN JUMBO RIMI, 200g",2.89,"https://rimibaltic-res.cloudinary.com/image/upload/b_white,c_limit,dpr_1.0,f_auto,q_auto:low,w_150/d_ecommerce:backend-fallback.png/MAT_805568_PCE_LT"
Rimi,"Balinamoji dantų pasta ECODENTA, 100ml",3.65,"https://rimibaltic-res.cloudinary.com/image/upload/b_white,c_limit,dpr_auto,f_auto,h_216,q_1,w_216/d_ecommerce:backend-fallback.png/MAT_7023107_PCE_LT"
Rimi,"Vištienos sriuba MAGGI 5MIN su makaron., 12g",0.68,"https://rimibaltic-res.cloudinary.com/image/upload/b_white,c_limit,dpr_auto,f_auto,h_216,q_1,w_216/d_ecommerce:backend-fallback.png/MAT_193468_PCE_LT"
Rimi,"Žaisliniai automobiliai DIE-CAST, AW25",5.49,"https://rimibaltic-res.cloudinary.com/image/upload/b_white,c_limit,dpr_auto,f_auto,h_216,q_1,w_216/d_ecommerce:backend-fallback.png/MAT_7312408_PCE_LT"
Rimi,"Kalėd. deim. paveikslas, XL akm., 2 vnt, AW25",3.49,"https://rimibaltic-res.cloudinary.com/image/upload/b_white,c_limit,dpr_auto,f_auto,h_216,q_1,w_216/d_ecommerce:backend-fallback.png/MAT_7312600_PCE_LT"
Rimi,"Vonios druska SC. BATH ROSE CHAMPAGNE, 230 g",3.59,"https://rimibaltic-res.cloudinary.com/image/upload/b_white,c_limit,dpr_auto,f_auto,h_216,q_1,w_216/d_ecommerce:backend-fallback.png/MAT_7312912_PCE_LT"
Rimi,"Mėtų, sk.becukr.kramtomoji guma, ORBIT, 14g",0.89,"https://rimibaltic-res.cloudinary.com/image/upload/b_white,c_limit,dpr_auto,f_auto,h_216,q_1,w_216/d_ecommerce:backend-fallback.png/MAT_103156_PCE_LT"
Rimi,"Kiniškas daržovių mišinys kepimui RIMI, 400 g",3.49,"https://rimibaltic-res.cloudinary.com/image/upload/b_white,c_limit,dpr_auto,f_auto,h_216,q_1,w_216/d_ecommerce:backend-fallback.png/MAT_808967_PCE_LT"
Rimi,"Aitriųjų paprikų dribsniai SANTA MARIA, 28g",2.45,"https://rimibaltic-res.cloudinary.com/image/upload/b_white,c_limit,dpr_auto,f_auto,h_216,q_1,w_216/d_ecommerce:backend-fallback.png/MAT_191183_PCE_LT"
Rimi,"Skrudinti javainiai su šokoladu RIMI, 375 g",2.59,"https://rimibaltic-res.cloudinary.com/image/upload/b_white,c_limit,dpr_auto,f_auto,h_216,q_1,w_216/d_ecommerce:backend-fallback.png/MAT_801254_PCE_LT"
Rimi,"Saldžiųjų paprikų lečas RIMI, 700 g",1.69,"https://rimibaltic-res.cloudinary.com/image/upload/b_white,c_limit,dpr_auto,f_auto,h_216,q_1,w_216/d_ecommerce:backend-fallback.png/MAT_812055_PCE_LT"
Rimi,"Rūk.menkių kepenėlės aliej. SUN&SEA, MSC 120g",2.69,"https://rimibaltic-res.cloudinary.com/image/upload/b_white,c_limit,dpr_auto,f_auto,h_216,q_1,w_216/d_ecommerce:backend-fallback.png/MAT_294416_PCE_LT"
Rimi,"Spirito actas 9 % BAJORIŠKIŲ, 1 l",0.79,"https://rimibaltic-res.cloudinary.com/image/upload/b_white,c_limit,dpr_1.0,f_auto,q_auto:low,w_150/d_ecommerce:backend-fallback.png/MAT_146578_PCE_LT"
Rimi,"Šok. sk. saus. su val. ledais OREO, 110ml/70g",2.55,"https://rimibaltic-res.cloudinary.com/image/upload/b_white,c_limit,dpr_1.0,f_auto,q_auto:low,w_150/d_ecommerce:backend-fallback.png/MAT_976964_PCE_LT"
Rimi,"Tyrė I LOVE ECO su obuoliais ir kokosu, 90 g",1.39,"https://rimibaltic-res.cloudinary.com/image/upload/b_white,c_limit,dpr_1.0,f_auto,q_auto:low,w_150/d_ecommerce:backend-fallback.png/MAT_813282_PCE_LT"
Rimi,"Spalvoti cukraus pabarstukai RIMI, 100g",1.49,"https://rimibaltic-res.cloudinary.com/image/upload/b_white,c_limit,dpr_auto,f_auto,h_216,q_1,w_216/d_ecommerce:backend-fallback.png/MAT_811035_PCE_LT"
Rimi,"Nerafin. saulėgrąžų aliejus NATURALISIMO, 1l",5.49,"https://rimibaltic-res.cloudinary.com/image/upload/b_white,c_limit,dpr_auto,f_auto,h_216,q_1,w_216/d_ecommerce:backend-fallback.png/MAT_169861_PCE_LT"
Rimi,"Baterija ENERGIZER POWER 9V 522, 1 vnt.",4.89,"https://rimibaltic-res.cloudinary.com/image/upload/b_white,c_limit,dpr_auto,f_auto,h_216,q_1,w_216/d_ecommerce:backend-fallback.png/MAT_726014_PCE_LT"
Rimi,"Žalieji grikiai RIMI, 800 g",1.99,"https://rimibaltic-res.cloudinary.com/image/upload/b_white,c_limit,dpr_auto,f_auto,h_216,q_1,w_216/d_ecommerce:backend-fallback.png/MAT_810608_PCE_LT"
Rimi,Kapų žvakė SU-430 dega iki 24val.,1.99,"https://rimibaltic-res.cloudinary.com/image/upload/b_white,c_limit,dpr_auto,f_auto,h_216,q_1,w_216/d_ecommerce:backend-fallback.png/MAT_626061_PCE_LT"
Rimi,"Varškės sūrelis su karameliniu gl. POLS, 45 g",0.35,"https://rimibaltic-res.cloudinary.com/image/upload/b_white,c_limit,dpr_auto,f_auto,h_216,q_1,w_216/d_ecommerce:backend-fallback.png/MAT_970348_PCE_LT"
Rimi,"Ob. apels. ir morkų sultys VAISIŲ SULTYS, 3 l",6.19,"https://rimibaltic-res.cloudinary.com/image/upload/b_white,c_limit,dpr_auto,f_auto,h_216,q_1,w_216/d_ecommerce:backend-fallback.png/MAT_1002301_PCE_LT"
Rimi,"Žemės riešutai su svogūnais JĖGA, 200g",1.59,"https://rimibaltic-res.cloudinary.com/image/upload/b_white,c_limit,dpr_auto,f_auto,h_216,q_1,w_216/d_ecommerce:backend-fallback.png/MAT_152531_PCE_LT"
Rimi,"Baterijos ENERGIZER MAX LR06 AA, 4 vnt.",5.59,"https://rimibaltic-res.cloudinary.com/image/upload/b_white,c_limit,dpr_auto,f_auto,h_216,q_1,w_216/d_ecommerce:backend-fallback.png/MAT_7055435_PCE_LT"
Rimi,"Ekologiškas vištienos sultinys MAGGI, 80g",3.39,"https://rimibaltic-res.cloudinary.com/image/upload/b_white,c_limit,dpr_auto,f_auto,h_216,q_1,w_216/d_ecommerce:backend-fallback.png/MAT_192404_PCE_LT"
Rimi,"Saldainiai PERGALĖ NOMEDA, 1 kg",9.99,"https://rimibaltic-res.cloudinary.com/image/upload/b_white,c_limit,dpr_auto,f_auto,h_216,q_1,w_216/d_ecommerce:backend-fallback.png/MAT_126767_KGM_LT"
Rimi,"Citrinų rūgštis ALVO, 100g",1.19,"https://rimibaltic-res.cloudinary.com/image/upload/b_white,c_limit,dpr_auto,f_auto,h_216,q_1,w_216/d_ecommerce:backend-fallback.png/MAT_177552_PCE_LT"
Rimi,"Aukšč. rūš. BAJORIŠKI kviet. miltai, 1,75 kg",2.19,"https://rimibaltic-res.cloudinary.com/image/upload/b_white,c_limit,dpr_1.0,f_auto,q_auto:low,w_150/d_ecommerce:backend-fallback.png/MAT_1004580_PCE_LT"
Rimi,"Vasabių pasta ICA ASIA, 45 g",2.69,"https://rimibaltic-res.cloudinary.com/image/upload/b_white,c_limit,dpr_1.0,f_auto,q_auto:low,w_150/d_ecommerce:backend-fallback.png/MAT_812225_PCE_LT"
Rimi,"Saldiklių mišinys STEVIJA ALVO, 300 g",4.59,"https://rimibaltic-res.cloudinary.com/image/upload/b_white,c_limit,dpr_1.0,f_auto,q_auto:low,w_150/d_ecommerce:backend-fallback.png/MAT_195774_PCE_LT"
Rimi,"Mišinys salotoms ruošti ARIMEX, 150g",3.19,"https://rimibaltic-res.cloudinary.com/image/upload/b_white,c_limit,dpr_1.0,f_auto,q_auto:low,w_150/d_ecommerce:backend-fallback.png/MAT_138061_PCE_LT"
Rimi,"Aka, 1kg",6.49,"https://rimibaltic-res.cloudinary.com/image/upload/b_white,c_limit,dpr_auto,f_auto,h_216,q_1,w_216/d_ecommerce:backend-fallback.png/MAT_270784_KGM_LT"
Rimi,"Muskatų riešutai SANTA MARIA, 10g",1.79,"https://rimibaltic-res.cloudinary.com/image/upload/b_white,c_limit,dpr_auto,f_auto,h_216,q_1,w_216/d_ecommerce:backend-fallback.png/MAT_117138_PCE_LT"
Rimi,"Saldž.kuk. lazdelės kond.pien., RIMI, 130g",1.29,"https://rimibaltic-res.cloudinary.com/image/upload/b_white,c_limit,dpr_auto,f_auto,h_216,q_1,w_216/d_ecommerce:backend-fallback.png/MAT_802593_PCE_LT"
Rimi,"Šokoladiniai saldainiai RIMI, 250g",3.59,"https://rimibaltic-res.cloudinary.com/image/upload/b_white,c_limit,dpr_auto,f_auto,h_216,q_1,w_216/d_ecommerce:backend-fallback.png/MAT_808727_PCE_LT"
Rimi,"Vištienos prieskoniai SANTA MARIA, 30g",1.05,"https://rimibaltic-res.cloudinary.com/image/upload/b_white,c_limit,dpr_auto,f_auto,h_216,q_1,w_216/d_ecommerce:backend-fallback.png/MAT_100328_PCE_LT"
Rimi,"Pomidorų padažas su druska DAUMANTŲ, 500 g",2.75,"https://rimibaltic-res.cloudinary.com/image/upload/b_white,c_limit,dpr_auto,f_auto,h_216,q_1,w_216/d_ecommerce:backend-fallback.png/MAT_153065_PCE_LT"
Rimi,"Granola su avietėmis ir braškėmis, 450 g",6.49,"https://rimibaltic-res.cloudinary.com/image/upload/b_white,c_limit,dpr_auto,f_auto,h_216,q_1,w_216/d_ecommerce:backend-fallback.png/MAT_1004737_PCE_LT"
Rimi,"Darž. mišinys ukrain. barščiams BAUER, 400 g",1.49,"https://rimibaltic-res.cloudinary.com/image/upload/b_white,c_limit,dpr_auto,f_auto,h_216,q_1,w_216/d_ecommerce:backend-fallback.png/MAT_4008689_PCE_LT"
Rimi,"Ekol. skald. raud. lęšiai SALLING EKO, 400 g",2.29,"https://rimibaltic-res.cloudinary.com/image/upload/b_white,c_limit,dpr_1.0,f_auto,q_auto:low,w_150/d_ecommerce:backend-fallback.png/MAT_816832_PCE_LT"
Rimi,"Malta kava LOFBERGS MEDIUM ROAST, 500 g",13.59,"https://rimibaltic-res.cloudinary.com/image/upload/b_white,c_limit,dpr_1.0,f_auto,q_auto:low,w_150/d_ecommerce:backend-fallback.png/MAT_186362_PCE_LT"
Rimi,"Datulės be kauliukų SEEBERGER, 200 g",4.39,"https://rimibaltic-res.cloudinary.com/image/upload/b_white,c_limit,dpr_auto,f_auto,h_216,q_1,w_216/d_ecommerce:backend-fallback.png/MAT_126278_PCE_LT"
Rimi,"Baltojo vyno actas RIMI, 250 ml",1.99,"https://rimibaltic-res.cloudinary.com/image/upload/b_white,c_limit,dpr_auto,f_auto,h_216,q_1,w_216/d_ecommerce:backend-fallback.png/MAT_813645_PCE_LT"
Rimi,"Žuvies filė su česn. padažu NOWACO, 44%, 800g",8.99,"https://rimibaltic-res.cloudinary.com/image/upload/b_white,c_limit,dpr_auto,f_auto,h_216,q_1,w_216/d_ecommerce:backend-fallback.png/MAT_930526_PCE_LT"
Rimi,"Stikliniai makaronai ICA, 100 g",2.99,"https://rimibaltic-res.cloudinary.com/image/upload/b_white,c_limit,dpr_auto,f_auto,h_216,q_1,w_216/d_ecommerce:backend-fallback.png/MAT_811959_PCE_LT"
Rimi,"Ving. bulvytės kepti orkait. FARM FRITES,750g",3.45,"https://rimibaltic-res.cloudinary.com/image/upload/b_white,c_limit,dpr_auto,f_auto,h_216,q_1,w_216/d_ecommerce:backend-fallback.png/MAT_207285_PCE_LT"
Rimi,"Žvakė MULLER, smėlio spalvos, 4vnt.",2.49,"https://rimibaltic-res.cloudinary.com/image/upload/b_white,c_limit,dpr_auto,f_auto,h_216,q_1,w_216/d_ecommerce:backend-fallback.png/MAT_7257862_PCE_LT"
Rimi,"Aštr. padažas MAGGI TEXICANA SALSA, 500 ml",4.65,"https://rimibaltic-res.cloudinary.com/image/upload/b_white,c_limit,dpr_auto,f_auto,h_216,q_1,w_216/d_ecommerce:backend-fallback.png/MAT_107520_PCE_LT"
Rimi,"Arbata ŽOLYNĖLIS NERVUS, 20 pak.",2.59,"https://rimibaltic-res.cloudinary.com/image/upload/b_white,c_limit,dpr_auto,f_auto,h_216,q_1,w_216/d_ecommerce:backend-fallback.png/MAT_164607_PCE_LT"
Rimi,"Kukurūzų dribsniai RIMI, 250 g",1.39,"https://rimibaltic-res.cloudinary.com/image/upload/b_white,c_limit,dpr_auto,f_auto,h_216,q_1,w_216/d_ecommerce:backend-fallback.png/MAT_803535_PCE_LT"
Rimi,"Vaisin. arbata su imb., citr. ŽOLYNĖLIS, 40 g",2.49,"https://rimibaltic-res.cloudinary.com/image/upload/b_white,c_limit,dpr_auto,f_auto,h_216,q_1,w_216/d_ecommerce:backend-fallback.png/MAT_1007171_PCE_LT"
Rimi,"Van. valg. ledai su mig. NYKŠTUKAS, 150ml/90g",1.99,"https://rimibaltic-res.cloudinary.com/image/upload/b_white,c_limit,dpr_auto,f_auto,h_216,q_1,w_216/d_ecommerce:backend-fallback.png/MAT_927279_PCE_LT"
Rimi,"Baravykų sultinys GALLINA BLANCA, 80g",0.85,"https://rimibaltic-res.cloudinary.com/image/upload/b_white,c_limit,dpr_1.0,f_auto,q_auto:low,w_150/d_ecommerce:backend-fallback.png/MAT_128959_PCE_LT"
Rimi,"Varškės sūrelis su aviet. gl. ir av. POLS,45g",0.35,"https://rimibaltic-res.cloudinary.com/image/upload/b_white,c_limit,dpr_1.0,f_auto,q_auto:low,w_150/d_ecommerce:backend-fallback.png/MAT_970347_PCE_LT"
Rimi,"Arbatiniai traškučiai TALER, 180 g",1.69,"https://rimibaltic-res.cloudinary.com/image/upload/b_white,c_limit,dpr_1.0,f_auto,q_auto:low,w_150/d_ecommerce:backend-fallback.png/MAT_147047_PCE_LT"
Rimi,"Nefiltruota gira TAURAS, 500ml",0.79,"https://rimibaltic-res.cloudinary.com/image/upload/b_white,c_limit,dpr_auto,f_auto,h_216,q_1,w_216/d_ecommerce:backend-fallback.png/MAT_1364216_PCE_LT"
Rimi,"Ekol. avižų ir kukuruzų košė MAMUKO, 240 g",3.69,"https://rimibaltic-res.cloudinary.com/image/upload/b_white,c_limit,dpr_auto,f_auto,h_216,q_1,w_216/d_ecommerce:backend-fallback.png/MAT_7057896_PCE_LT"
Rimi,"Ekologiški linų sėmenys I LOVE ECO, 400 g",4.79,"https://rimibaltic-res.cloudinary.com/image/upload/b_white,c_limit,dpr_auto,f_auto,h_216,q_1,w_216/d_ecommerce:backend-fallback.png/MAT_141699_PCE_LT"
Rimi,"Žaislinis sunkvežimis DHL, AW25",24.99,"https://rimibaltic-res.cloudinary.com/image/upload/b_white,c_limit,dpr_auto,f_auto,h_216,q_1,w_216/d_ecommerce:backend-fallback.png/MAT_7298904_PCE_LT"
Rimi,"Žaislas HOT WHEELS CITY NEMSIS, AW25",44.99,"https://rimibaltic-res.cloudinary.com/image/upload/b_white,c_limit,dpr_auto,f_auto,h_216,q_1,w_216/d_ecommerce:backend-fallback.png/MAT_7312440_PCE_LT"
Rimi,"Meksik. stiliaus salotos su tunu RIMI, 160 g",2.49,"https://rimibaltic-res.cloudinary.com/image/upload/b_white,c_limit,dpr_auto,f_auto,h_216,q_1,w_216/d_ecommerce:backend-fallback.png/MAT_816736_PCE_LT"
Rimi,"Vafliniai batonėliai KINDER BUENO, 129 g",3.49,"https://rimibaltic-res.cloudinary.com/image/upload/b_white,c_limit,dpr_auto,f_auto,h_216,q_1,w_216/d_ecommerce:backend-fallback.png/MAT_1020409_PCE_LT"
Rimi,"Dribsniai su spanguolėmis ICA, 750 g",4.79,"https://rimibaltic-res.cloudinary.com/image/upload/b_white,c_limit,dpr_auto,f_auto,h_216,q_1,w_216/d_ecommerce:backend-fallback.png/MAT_811999_PCE_LT"
Rimi,"Moliūgų sėklų branduoliai AWAKE, 150g",1.09,"https://rimibaltic-res.cloudinary.com/image/upload/b_white,c_limit,dpr_auto,f_auto,h_216,q_1,w_216/d_ecommerce:backend-fallback.png/MAT_804895_PCE_LT"
Rimi,"Gvakamolės padažas RIMI PLANET su pomid.,300g",3.99,"https://rimibaltic-res.cloudinary.com/image/upload/b_white,c_limit,dpr_auto,f_auto,h_216,q_1,w_216/d_ecommerce:backend-fallback.png/MAT_808331_PCE_LT"
Rimi,"Mėsos prieskoniai SANTA MARIA, 70g",1.59,"https://rimibaltic-res.cloudinary.com/image/upload/b_white,c_limit,dpr_auto,f_auto,h_216,q_1,w_216/d_ecommerce:backend-fallback.png/MAT_181620_PCE_LT"
Rimi,"Kukurūzų lazdelės su topinambais, 100 g",1.89,"https://rimibaltic-res.cloudinary.com/image/upload/b_white,c_limit,dpr_auto,f_auto,h_216,q_1,w_216/d_ecommerce:backend-fallback.png/MAT_179353_PCE_LT"
Rimi,"Perlinės kruopos RIMI SMART, 800 g",0.65,"https://rimibaltic-res.cloudinary.com/image/upload/b_white,c_limit,dpr_1.0,f_auto,q_auto:low,w_150/d_ecommerce:backend-fallback.png/MAT_808157_PCE_LT"
Rimi,"Valgomoji akmens druska SALT HILL, 1 kg",0.59,"https://rimibaltic-res.cloudinary.com/image/upload/b_white,c_limit,dpr_1.0,f_auto,q_auto:low,w_150/d_ecommerce:backend-fallback.png/MAT_1008933_PCE_LT"
Rimi,"Manų kruopos RIMI, 800 g",0.53,"https://rimibaltic-res.cloudinary.com/image/upload/b_white,c_limit,dpr_1.0,f_auto,q_auto:low,w_150/d_ecommerce:backend-fallback.png/MAT_808792_PCE_LT"
Rimi,"Pist. val. ledai su vafl. tr. DADU, 150ml/90g",2.19,"https://rimibaltic-res.cloudinary.com/image/upload/b_white,c_limit,dpr_1.0,f_auto,q_auto:low,w_150/d_ecommerce:backend-fallback.png/MAT_977047_PCE_LT"
Rimi,"Prieskonių mišinys kiaulienai SALDVA, 35g",0.75,"https://rimibaltic-res.cloudinary.com/image/upload/b_white,c_limit,dpr_auto,f_auto,h_216,q_1,w_216/d_ecommerce:backend-fallback.png/MAT_154749_PCE_LT"
Rimi,"Ekol. MAMUKO obuolių tyrelė, 4 mėn, 100 g",1.55,"https://rimibaltic-res.cloudinary.com/image/upload/b_white,c_limit,dpr_auto,f_auto,h_216,q_1,w_216/d_ecommerce:backend-fallback.png/MAT_195180_PCE_LT"
Rimi,"Meduolių prieskoniai SANTA MARIA, 30 g",1.69,"https://rimibaltic-res.cloudinary.com/image/upload/b_white,c_limit,dpr_auto,f_auto,h_216,q_1,w_216/d_ecommerce:backend-fallback.png/MAT_100569_PCE_LT"
Rimi,"Šald. didžkukuliai su mėsos įd. RESTERA, 400g",4.99,"https://rimibaltic-res.cloudinary.com/image/upload/b_white,c_limit,dpr_auto,f_auto,h_216,q_1,w_216/d_ecommerce:backend-fallback.png/MAT_249332_PCE_LT"
Rimi,"Miso makaronai OYAKATA, 89g",1.69,"https://rimibaltic-res.cloudinary.com/image/upload/b_white,c_limit,dpr_auto,f_auto,h_216,q_1,w_216/d_ecommerce:backend-fallback.png/MAT_168110_PCE_LT"
Rimi,"Saldžiarūgštis padažas SANTA MARIA WOK, 150g",2.69,"https://rimibaltic-res.cloudinary.com/image/upload/b_white,c_limit,dpr_auto,f_auto,h_216,q_1,w_216/d_ecommerce:backend-fallback.png/MAT_181666_PCE_LT"
Rimi,"Kmynai SANTA MARIA, 20 g",1.05,"https://rimibaltic-res.cloudinary.com/image/upload/b_white,c_limit,dpr_auto,f_auto,h_216,q_1,w_216/d_ecommerce:backend-fallback.png/MAT_117136_PCE_LT"
Rimi,"Keks. su šok. g. MADELEINES ST MICHEL, 175 g",2.69,"https://rimibaltic-res.cloudinary.com/image/upload/b_white,c_limit,dpr_auto,f_auto,h_216,q_1,w_216/d_ecommerce:backend-fallback.png/MAT_179069_PCE_LT"
Rimi,"GREEN SMOOTHIE skon. ledai SUPER VIVA, 170 ml",2.25,"https://rimibaltic-res.cloudinary.com/image/upload/b_white,c_limit,dpr_1.0,f_auto,q_auto:low,w_150/d_ecommerce:backend-fallback.png/MAT_987801_PCE_LT"
Rimi,"Beluga lęšiai RIMI PLANET, 500 g",2.35,"https://rimibaltic-res.cloudinary.com/image/upload/b_white,c_limit,dpr_auto,f_auto,h_216,q_1,w_216/d_ecommerce:backend-fallback.png/MAT_812174_PCE_LT"
Rimi,"Džiovintos datulės be kauliukų RIMI, 200 g",2.15,"https://rimibaltic-res.cloudinary.com/image/upload/b_white,c_limit,dpr_auto,f_auto,h_216,q_1,w_216/d_ecommerce:backend-fallback.png/MAT_805595_PCE_LT"
Rimi,"Malta kava be kofeino JACOBS KRONUNG, 250 g",5.79,"https://rimibaltic-res.cloudinary.com/image/upload/b_white,c_limit,dpr_auto,f_auto,h_216,q_1,w_216/d_ecommerce:backend-fallback.png/MAT_126546_PCE_LT"
Rimi,"Ekologiški lazdynų riešutai ARIMEX, 150g",4.99,"https://rimibaltic-res.cloudinary.com/image/upload/b_white,c_limit,dpr_auto,f_auto,h_216,q_1,w_216/d_ecommerce:backend-fallback.png/MAT_186997_PCE_LT"
Rimi,"Vafliai su kakavos įdaru HAPPY, 100 g",1.19,"https://rimibaltic-res.cloudinary.com/image/upload/b_white,c_limit,dpr_auto,f_auto,h_216,q_1,w_216/d_ecommerce:backend-fallback.png/MAT_1004939_PCE_LT"
Rimi,"Šalčiu džiovintos avietės SUMMMER, 11g",2.15,"https://rimibaltic-res.cloudinary.com/image/upload/b_white,c_limit,dpr_auto,f_auto,h_216,q_1,w_216/d_ecommerce:backend-fallback.png/MAT_1000301_PCE_LT"
Rimi,"Hig. paketai LIBRESSE MAXI GOODNIGHT, 10vnt.",1.99,"https://rimibaltic-res.cloudinary.com/image/upload/b_white,c_limit,dpr_auto,f_auto,h_216,q_1,w_216/d_ecommerce:backend-fallback.png/MAT_401478_PCE_LT"
Rimi,"Sūdytų vaivorykštin. upėtakio filė RIMI, 100g",3.99,"https://rimibaltic-res.cloudinary.com/image/upload/b_white,c_limit,dpr_auto,f_auto,h_216,q_1,w_216/d_ecommerce:backend-fallback.png/MAT_810357_PCE_LT"
Rimi,"Džiovinti abrikosai be kauliukų RIMI, 200 g",3.79,"https://rimibaltic-res.cloudinary.com/image/upload/b_white,c_limit,dpr_auto,f_auto,h_216,q_1,w_216/d_ecommerce:backend-fallback.png/MAT_805588_PCE_LT"
Rimi,"Šaldyta aliaskinė menkė ICA BASIC, MSC, 400 g",4.49,"https://rimibaltic-res.cloudinary.com/image/upload/b_white,c_limit,dpr_auto,f_auto,h_216,q_1,w_216/d_ecommerce:backend-fallback.png/MAT_816174_PCE_LT"
Rimi,"Juodasis šokoladas 85 % kakav. SALLING, 100 g",2.69,"https://rimibaltic-res.cloudinary.com/image/upload/b_white,c_limit,dpr_auto,f_auto,h_216,q_1,w_216/d_ecommerce:backend-fallback.png/MAT_816782_PCE_LT"
Rimi,"JASMINE ryžiai RIMI PLANET, 500 g",2.09,"https://rimibaltic-res.cloudinary.com/image/upload/b_white,c_limit,dpr_auto,f_auto,h_216,q_1,w_216/d_ecommerce:backend-fallback.png/MAT_811422_PCE_LT"
Rimi,"Žuvies kukuliai RIMI SMART pom.pad.,240g",0.99,"https://rimibaltic-res.cloudinary.com/image/upload/b_white,c_limit,dpr_1.0,f_auto,q_auto:low,w_150/d_ecommerce:backend-fallback.png/MAT_803187_PCE_LT"
Rimi,"Smulkinti linų sėmenys OLD MILLER, 250 g",1.99,"https://rimibaltic-res.cloudinary.com/image/upload/b_white,c_limit,dpr_1.0,f_auto,q_auto:low,w_150/d_ecommerce:backend-fallback.png/MAT_161594_PCE_LT"
Rimi,"Kačių ėdalas FELIX su mėsa drebučiuose, 4x85g",2.39,"https://rimibaltic-res.cloudinary.com/image/upload/b_white,c_limit,dpr_1.0,f_auto,q_auto:low,w_150/d_ecommerce:backend-fallback.png/MAT_7255807_PCE_LT"
Rimi,"Šald. mielinė sluoksniuota tešla RIMI, 500 g",1.69,"https://rimibaltic-res.cloudinary.com/image/upload/b_white,c_limit,dpr_auto,f_auto,h_216,q_1,w_216/d_ecommerce:backend-fallback.png/MAT_809660_PCE_LT"
Rimi,"Jogurtas su med. GRAIKIŠKA AMFORA, 3,1 %,150g",1.59,"https://rimibaltic-res.cloudinary.com/image/upload/b_white,c_limit,dpr_auto,f_auto,h_216,q_1,w_216/d_ecommerce:backend-fallback.png/MAT_927790_PCE_LT"
Rimi,"Ekologiška avižų košė MAMUKO, 4 mėn, 240 g",3.69,"https://rimibaltic-res.cloudinary.com/image/upload/b_white,c_limit,dpr_auto,f_auto,h_216,q_1,w_216/d_ecommerce:backend-fallback.png/MAT_7108763_PCE_LT"
Rimi,"Makaronai vištienos skonio MAGGI, 59,2 g",0.87,"https://rimibaltic-res.cloudinary.com/image/upload/b_white,c_limit,dpr_auto,f_auto,h_216,q_1,w_216/d_ecommerce:backend-fallback.png/MAT_1000057_PCE_LT"
Rimi,"Rudieji ryžiai RIMI GREATLIFE, 500 g",1.59,"https://rimibaltic-res.cloudinary.com/image/upload/b_white,c_limit,dpr_auto,f_auto,h_216,q_1,w_216/d_ecommerce:backend-fallback.png/MAT_811426_PCE_LT"
Rimi,"Gaivusis gėrimas PEPSI, 1l",1.59,"https://rimibaltic-res.cloudinary.com/image/upload/b_white,c_limit,dpr_auto,f_auto,h_216,q_1,w_216/d_ecommerce:backend-fallback.png/MAT_1360359_PCE_LT"
Rimi,"Grietinėlės, svog.sk. saulėgrąžos YES, 150g",1.69,"https://rimibaltic-res.cloudinary.com/image/upload/b_white,c_limit,dpr_auto,f_auto,h_216,q_1,w_216/d_ecommerce:backend-fallback.png/MAT_174586_PCE_LT"
Rimi,"Karam. sk. ledai su kar. įd. DADU, 800ml/452g",7.49,"https://rimibaltic-res.cloudinary.com/image/upload/b_white,c_limit,dpr_auto,f_auto,h_216,q_1,w_216/d_ecommerce:backend-fallback.png/MAT_955003_PCE_LT"
Rimi,"Ekologiškas daržovių sultinys MAGGI, 80g",3.39,"https://rimibaltic-res.cloudinary.com/image/upload/b_white,c_limit,dpr_auto,f_auto,h_216,q_1,w_216/d_ecommerce:backend-fallback.png/MAT_192392_PCE_LT"
Rimi,"Greit.par. makaronai OYAKATA JAPANESE C., 93g",2.39,"https://rimibaltic-res.cloudinary.com/image/upload/b_white,c_limit,dpr_auto,f_auto,h_216,q_1,w_216/d_ecommerce:backend-fallback.png/MAT_182450_PCE_LT"
Rimi,"Kalėdinis mišinys ARIMEX, 300 g",3.99,"https://rimibaltic-res.cloudinary.com/image/upload/b_white,c_limit,dpr_auto,f_auto,h_216,q_1,w_216/d_ecommerce:backend-fallback.png/MAT_1007004_PCE_LT"
Rimi,"Žaislinis statybinis sunkvežimis DICKIE, AW25",9.99,"https://rimibaltic-res.cloudinary.com/image/upload/b_white,c_limit,dpr_auto,f_auto,h_216,q_1,w_216/d_ecommerce:backend-fallback.png/MAT_7253125_PCE_LT"
Rimi,"Stovėjimo laikmatis, plastikinis",2.99,"https://rimibaltic-res.cloudinary.com/image/upload/b_white,c_limit,dpr_1.0,f_auto,q_auto:low,w_150/d_ecommerce:backend-fallback.png/MAT_7279472_PCE_LT"
Rimi,Konstr. LEGO Mėsainių Sunkvežimis 60404,20.99,"https://rimibaltic-res.cloudinary.com/image/upload/b_white,c_limit,dpr_1.0,f_auto,q_auto:low,w_150/d_ecommerce:backend-fallback.png/MAT_7291621_PCE_LT"
Rimi,"Dekor. aksom. kaspinas, žal., 35cm, CH25",4.99,"https://rimibaltic-res.cloudinary.com/image/upload/b_white,c_limit,dpr_1.0,f_auto,q_auto:low,w_150/d_ecommerce:backend-fallback.png/MAT_7310009_PCE_LT"
Rimi,"Dekor. blizg. kaspinėlis, 48 cm, CH25",6.99,"https://rimibaltic-res.cloudinary.com/image/upload/b_white,c_limit,dpr_1.0,f_auto,q_auto:low,w_150/d_ecommerce:backend-fallback.png/MAT_7310013_PCE_LT"
Rimi,"Automobil. MATCHBOX JURASSIC WORLD, AW25",4.79,"https://rimibaltic-res.cloudinary.com/image/upload/b_white,c_limit,dpr_auto,f_auto,h_216,q_1,w_216/d_ecommerce:backend-fallback.png/MAT_7312430_PCE_LT"
Rimi,"Kalėd. drobės dažai pagal skaič. GARFIX, AW25",3.99,"https://rimibaltic-res.cloudinary.com/image/upload/b_white,c_limit,dpr_auto,f_auto,h_216,q_1,w_216/d_ecommerce:backend-fallback.png/MAT_7312578_PCE_LT"
Rimi,"Žaislas ROBOALIVE ROBOFISH 7191, AW25",17.99,"https://rimibaltic-res.cloudinary.com/image/upload/b_white,c_limit,dpr_auto,f_auto,h_216,q_1,w_216/d_ecommerce:backend-fallback.png/MAT_7313075_PCE_LT"
Rimi,"Rinkinys 4M Robotas taupyklė 00 03422, AW25",17.99,"https://rimibaltic-res.cloudinary.com/image/upload/b_white,c_limit,dpr_auto,f_auto,h_216,q_1,w_216/d_ecommerce:backend-fallback.png/MAT_7313088_PCE_LT"
Rimi,"Automobilis BLADEZ SUPERMAN RAC. BTDCRC, AW25",29.99,"https://rimibaltic-res.cloudinary.com/image/upload/b_white,c_limit,dpr_auto,f_auto,h_216,q_1,w_216/d_ecommerce:backend-fallback.png/MAT_7313090_PCE_LT"
Rimi,"Žaidimas PIATNIK DIGIT 775406, AW25",9.99,"https://rimibaltic-res.cloudinary.com/image/upload/b_white,c_limit,dpr_auto,f_auto,h_216,q_1,w_216/d_ecommerce:backend-fallback.png/MAT_7313093_PCE_LT"
Rimi,"Žaidimas PIATNIK QUICKOMINO 797194, AW25",9.99,"https://rimibaltic-res.cloudinary.com/image/upload/b_white,c_limit,dpr_auto,f_auto,h_216,q_1,w_216/d_ecommerce:backend-fallback.png/MAT_7313089_PCE_LT"
Rimi,Rinkinys LLP Paukščiukas su narveliu AW2,21.99,"https://rimibaltic-res.cloudinary.com/image/upload/b_white,c_limit,dpr_auto,f_auto,h_216,q_1,w_216/d_ecommerce:backend-fallback.png/MAT_7312976_PCE_LT"
Rimi,"Aguonų įdaras su dž. vais. PROSPONA, 350 g",3.99,"https://rimibaltic-res.cloudinary.com/image/upload/b_white,c_limit,dpr_1.0,f_auto,q_auto:low,w_150/d_ecommerce:backend-fallback.png/MAT_1022331_PCE_LT"
Rimi,"Arbūziniai guminukai SOUR PATCH, 80 g",1.49,"https://rimibaltic-res.cloudinary.com/image/upload/b_white,c_limit,dpr_1.0,f_auto,q_auto:low,w_150/d_ecommerce:backend-fallback.png/MAT_1021392_PCE_LT"
Rimi,"Riešutų rinkinys ALIS CO, 250 g",6.19,"https://rimibaltic-res.cloudinary.com/image/upload/b_white,c_limit,dpr_auto,f_auto,h_216,q_1,w_216/d_ecommerce:backend-fallback.png/MAT_1022509_PCE_LT"
Rimi,"Kmynai ALVO, 300g",2.99,"https://rimibaltic-res.cloudinary.com/image/upload/b_white,c_limit,dpr_auto,f_auto,h_216,q_1,w_216/d_ecommerce:backend-fallback.png/MAT_172697_PCE_LT"
Rimi,"Prieskonių miš.sriuboms, padažams SALDVA,35g",0.79,"https://rimibaltic-res.cloudinary.com/image/upload/b_white,c_limit,dpr_auto,f_auto,h_216,q_1,w_216/d_ecommerce:backend-fallback.png/MAT_154755_PCE_LT"
Rimi,"Makaronai PASAKA, rageliai, 400 g",0.79,"https://rimibaltic-res.cloudinary.com/image/upload/b_white,c_limit,dpr_auto,f_auto,h_216,q_1,w_216/d_ecommerce:backend-fallback.png/MAT_146793_PCE_LT"
Rimi,"Tradiciniai džiūvėsėliai CITY TASTE, 350 g",2.09,"https://rimibaltic-res.cloudinary.com/image/upload/b_white,c_limit,dpr_auto,f_auto,h_216,q_1,w_216/d_ecommerce:backend-fallback.png/MAT_1014215_PCE_LT"
Rimi,"Vištienos skonio sultinio kub., RIMI, 120 g",1.09,"https://rimibaltic-res.cloudinary.com/image/upload/b_white,c_limit,dpr_auto,f_auto,h_216,q_1,w_216/d_ecommerce:backend-fallback.png/MAT_810015_PCE_LT"
Rimi,"Keturių grūdų dribsniai DOBELE, 500 g",1.69,"https://rimibaltic-res.cloudinary.com/image/upload/b_white,c_limit,dpr_auto,f_auto,h_216,q_1,w_216/d_ecommerce:backend-fallback.png/MAT_181654_PCE_LT"
Rimi,"Šokoladinis kiaušinis KINDER SURPRISE, 20g",1.39,"https://rimibaltic-res.cloudinary.com/image/upload/b_white,c_limit,dpr_auto,f_auto,h_216,q_1,w_216/d_ecommerce:backend-fallback.png/MAT_101170_PCE_LT"
Rimi,"Burnočio sėklos RIMI GREATLIFE, 400 g",2.69,"https://rimibaltic-res.cloudinary.com/image/upload/b_white,c_limit,dpr_auto,f_auto,h_216,q_1,w_216/d_ecommerce:backend-fallback.png/MAT_812186_PCE_LT"
Rimi,"Pieninio šokolado vaflis KITKAT, 41,5g",1.19,"https://rimibaltic-res.cloudinary.com/image/upload/b_white,c_limit,dpr_auto,f_auto,h_216,q_1,w_216/d_ecommerce:backend-fallback.png/MAT_176022_PCE_LT"
Rimi,"Vorčes. padažas HEINZ WORCESTER SAUCE, 150 ml",3.19,"https://rimibaltic-res.cloudinary.com/image/upload/b_white,c_limit,dpr_auto,f_auto,h_216,q_1,w_216/d_ecommerce:backend-fallback.png/MAT_163815_PCE_LT"
Rimi,"Malta kava SELECTION BY RIMI ETHIOPIA, 250 g",6.29,"https://rimibaltic-res.cloudinary.com/image/upload/b_white,c_limit,dpr_1.0,f_auto,q_auto:low,w_150/d_ecommerce:backend-fallback.png/MAT_804469_PCE_LT"
Rimi,"Avižin. batonėlis su braškėmis MA BAKER, 90 g",1.59,"https://rimibaltic-res.cloudinary.com/image/upload/b_white,c_limit,dpr_1.0,f_auto,q_auto:low,w_150/d_ecommerce:backend-fallback.png/MAT_192845_PCE_LT"
Rimi,"Makaronai RIMI PLANET CONCHIGLIE, 500 g",1.59,"https://rimibaltic-res.cloudinary.com/image/upload/b_white,c_limit,dpr_1.0,f_auto,q_auto:low,w_150/d_ecommerce:backend-fallback.png/MAT_801171_PCE_LT"
Rimi,"Virta GIMINIŲ DAKTARIŠKA dešra, 1 kg",9.49,"https://rimibaltic-res.cloudinary.com/image/upload/b_white,c_limit,dpr_auto,f_auto,h_216,q_1,w_216/d_ecommerce:backend-fallback.png/MAT_942943_KGM_LT"
Rimi,"Mask. sk. valg. ledai su bruk. DADU,120ml/73g",1.19,"https://rimibaltic-res.cloudinary.com/image/upload/b_white,c_limit,dpr_auto,f_auto,h_216,q_1,w_216/d_ecommerce:backend-fallback.png/MAT_977045_PCE_LT"
Rimi,"Pupelių daigai ICA ASIA, 410g/215g",1.99,"https://rimibaltic-res.cloudinary.com/image/upload/b_white,c_limit,dpr_auto,f_auto,h_216,q_1,w_216/d_ecommerce:backend-fallback.png/MAT_810817_PCE_LT"
Rimi,"Pien. brašk. valg. ledai AURUM, 150 ml / 98 g",1.59,"https://rimibaltic-res.cloudinary.com/image/upload/b_white,c_limit,dpr_auto,f_auto,h_216,q_1,w_216/d_ecommerce:backend-fallback.png/MAT_987797_PCE_LT"
Rimi,"Saldainiai BON PARI ORIGINAL, 90g",1.29,"https://rimibaltic-res.cloudinary.com/image/upload/b_white,c_limit,dpr_auto,f_auto,h_216,q_1,w_216/d_ecommerce:backend-fallback.png/MAT_163314_PCE_LT"
Rimi,"Alyvuogių aliejus NATURALISIMO, 0,2 %, 500 ml",12.99,"https://rimibaltic-res.cloudinary.com/image/upload/b_white,c_limit,dpr_auto,f_auto,h_216,q_1,w_216/d_ecommerce:backend-fallback.png/MAT_1003467_PCE_LT"
Rimi,"Mask. sk. valg. ledai su įd. DADU,800ml/440 g",7.49,"https://rimibaltic-res.cloudinary.com/image/upload/b_white,c_limit,dpr_auto,f_auto,h_216,q_1,w_216/d_ecommerce:backend-fallback.png/MAT_918368_PCE_LT"
Rimi,"Ekologiška MAMUKO vaisių tyrelė, 4 mėn, 100 g",1.55,"https://rimibaltic-res.cloudinary.com/image/upload/b_white,c_limit,dpr_auto,f_auto,h_216,q_1,w_216/d_ecommerce:backend-fallback.png/MAT_195171_PCE_LT"
Rimi,"Malti juodieji pipirai SAUDA, 100g",2.39,"https://rimibaltic-res.cloudinary.com/image/upload/b_white,c_limit,dpr_auto,f_auto,h_216,q_1,w_216/d_ecommerce:backend-fallback.png/MAT_151546_PCE_LT"
Rimi,"Ekologiški BASMATI ryžiai BUDGET, 1 kg",3.99,"https://rimibaltic-res.cloudinary.com/image/upload/b_white,c_limit,dpr_auto,f_auto,h_216,q_1,w_216/d_ecommerce:backend-fallback.png/MAT_816818_PCE_LT"
Rimi,"Užkandis PRINGLES NACHO CHEESE, 165g",2.99,"https://rimibaltic-res.cloudinary.com/image/upload/b_white,c_limit,dpr_auto,f_auto,h_216,q_1,w_216/d_ecommerce:backend-fallback.png/MAT_127408_PCE_LT"
Rimi,"Higien.paketai LIBRESSE MAXI NORMAL, 10 vnt.",2.59,"https://rimibaltic-res.cloudinary.com/image/upload/b_white,c_limit,dpr_auto,f_auto,h_216,q_1,w_216/d_ecommerce:backend-fallback.png/MAT_401703_PCE_LT"
Rimi,"Žalioji arbata RIMI, 40 g",2.49,"https://rimibaltic-res.cloudinary.com/image/upload/b_white,c_limit,dpr_1.0,f_auto,q_auto:low,w_150/d_ecommerce:backend-fallback.png/MAT_804448_PCE_LT"
Rimi,"Makaronai RIMI PLANET FARFALLE, 500 g",1.59,"https://rimibaltic-res.cloudinary.com/image/upload/b_white,c_limit,dpr_1.0,f_auto,q_auto:low,w_150/d_ecommerce:backend-fallback.png/MAT_801277_PCE_LT"
Rimi,"Kriauš. obuol. sultys SELECTION BY RIMI, 1 l",2.59,"https://rimibaltic-res.cloudinary.com/image/upload/b_white,c_limit,dpr_1.0,f_auto,q_auto:low,w_150/d_ecommerce:backend-fallback.png/MAT_807949_PCE_LT"
Rimi,"Unit. valikl. HARPIC POWER PLUS CITRUS, 750ml",4.79,"https://rimibaltic-res.cloudinary.com/image/upload/b_white,c_limit,dpr_1.0,f_auto,q_auto:low,w_150/d_ecommerce:backend-fallback.png/MAT_7048092_PCE_LT"
Rimi,"Kukurūzų dribsniai NESTLE CORN FLAKES, 375 g",3.99,"https://rimibaltic-res.cloudinary.com/image/upload/b_white,c_limit,dpr_auto,f_auto,h_216,q_1,w_216/d_ecommerce:backend-fallback.png/MAT_1004280_PCE_LT"
Rimi,"Perlinės kruopos SKANĖJA, 400 g",0.99,"https://rimibaltic-res.cloudinary.com/image/upload/b_white,c_limit,dpr_auto,f_auto,h_216,q_1,w_216/d_ecommerce:backend-fallback.png/MAT_153054_PCE_LT"
Rimi,"Virtas saliamis VALSTIETIS A.r., 105g",2.59,"https://rimibaltic-res.cloudinary.com/image/upload/b_white,c_limit,dpr_auto,f_auto,h_216,q_1,w_216/d_ecommerce:backend-fallback.png/MAT_910223_PCE_LT"
Rimi,"Virt. jautienos kumpis gr. BEEF HAM, Ir.,90g",1.85,"https://rimibaltic-res.cloudinary.com/image/upload/b_white,c_limit,dpr_auto,f_auto,h_216,q_1,w_216/d_ecommerce:backend-fallback.png/MAT_292389_PCE_LT"
Rimi,"Cinam. sk. dribsniai NESTLE CINI MINIS, 645 g",5.99,"https://rimibaltic-res.cloudinary.com/image/upload/b_white,c_limit,dpr_auto,f_auto,h_216,q_1,w_216/d_ecommerce:backend-fallback.png/MAT_175751_PCE_LT"
Rimi,"Prieskonių mišinys plovui SALDVA, 30g",0.79,"https://rimibaltic-res.cloudinary.com/image/upload/b_white,c_limit,dpr_auto,f_auto,h_216,q_1,w_216/d_ecommerce:backend-fallback.png/MAT_171930_PCE_LT"
Rimi,"Šokolado sk. dribsniai NESTLE NESQUIK, 625 g",5.99,"https://rimibaltic-res.cloudinary.com/image/upload/b_white,c_limit,dpr_auto,f_auto,h_216,q_1,w_216/d_ecommerce:backend-fallback.png/MAT_161254_PCE_LT"
Rimi,"Padažas SANTA MARIA WOK PAD THAI, 150g",2.69,"https://rimibaltic-res.cloudinary.com/image/upload/b_white,c_limit,dpr_auto,f_auto,h_216,q_1,w_216/d_ecommerce:backend-fallback.png/MAT_181430_PCE_LT"
Rimi,"Alyv. aliejus BONO VAL DI MAZARA DOP, 500ml",18.99,"https://rimibaltic-res.cloudinary.com/image/upload/b_white,c_limit,dpr_1.0,f_auto,q_auto:low,w_150/d_ecommerce:backend-fallback.png/MAT_196166_PCE_LT"
Rimi,"Saldainiai SLYVA ŠOKOLADE, 1kg",19.99,"https://rimibaltic-res.cloudinary.com/image/upload/b_white,c_limit,dpr_1.0,f_auto,q_auto:low,w_150/d_ecommerce:backend-fallback.png/MAT_196614_KGM_LT"
Rimi,"Džiovintų uogų ir riešutų mišinys 1GO, 50 g",1.35,"https://rimibaltic-res.cloudinary.com/image/upload/b_white,c_limit,dpr_auto,f_auto,h_216,q_1,w_216/d_ecommerce:backend-fallback.png/MAT_1001468_PCE_LT"
Rimi,"Džiovintų uogų mišinys ARIMEX KIDS 1GO, 50 g",1.29,"https://rimibaltic-res.cloudinary.com/image/upload/b_white,c_limit,dpr_auto,f_auto,h_216,q_1,w_216/d_ecommerce:backend-fallback.png/MAT_1001469_PCE_LT"
Rimi,"Bulvių košė su grietinėle, MAGGI, 35g",0.79,"https://rimibaltic-res.cloudinary.com/image/upload/b_white,c_limit,dpr_auto,f_auto,h_216,q_1,w_216/d_ecommerce:backend-fallback.png/MAT_138797_PCE_LT"
Rimi,"Žaislinė vaisių formos ukulele, AW25",15.99,"https://rimibaltic-res.cloudinary.com/image/upload/b_white,c_limit,dpr_auto,f_auto,h_216,q_1,w_216/d_ecommerce:backend-fallback.png/MAT_7233735_PCE_LT"
Rimi,"Vafliniai ritinėliai su įdaru SELGA, 160 g",2.49,"https://rimibaltic-res.cloudinary.com/image/upload/b_white,c_limit,dpr_auto,f_auto,h_216,q_1,w_216/d_ecommerce:backend-fallback.png/MAT_196916_PCE_LT"
Rimi,"Cukrinių pabarstukų rink. DR. OETKER, 110 g",2.95,"https://rimibaltic-res.cloudinary.com/image/upload/b_white,c_limit,dpr_auto,f_auto,h_216,q_1,w_216/d_ecommerce:backend-fallback.png/MAT_1011144_PCE_LT"
Rimi,"Sausain. su šok. riešut. kr. NUTELLA, 41,4 g",1.29,"https://rimibaltic-res.cloudinary.com/image/upload/b_white,c_limit,dpr_auto,f_auto,h_216,q_1,w_216/d_ecommerce:backend-fallback.png/MAT_1012911_PCE_LT"
Rimi,"Žaislas MY FUZZY FRIENDS LUNA 18603S, AW25",29.99,"https://rimibaltic-res.cloudinary.com/image/upload/b_white,c_limit,dpr_auto,f_auto,h_216,q_1,w_216/d_ecommerce:backend-fallback.png/MAT_7295586_PCE_LT"
Rimi,"Žaislinis miesto sunkvežimis DICKIE, AW25",14.99,"https://rimibaltic-res.cloudinary.com/image/upload/b_white,c_limit,dpr_auto,f_auto,h_216,q_1,w_216/d_ecommerce:backend-fallback.png/MAT_7253151_PCE_LT"
Rimi,"Kuk. traškučiai su druska SANTA MARIA, 475 g",5.89,"https://rimibaltic-res.cloudinary.com/image/upload/b_white,c_limit,dpr_auto,f_auto,h_216,q_1,w_216/d_ecommerce:backend-fallback.png/MAT_1017747_PCE_LT"
Rimi,"Kalėd.šalik.šunims, 2sp., 62x30 cm, CH25",2.99,"https://rimibaltic-res.cloudinary.com/image/upload/b_white,c_limit,dpr_auto,f_auto,h_216,q_1,w_216/d_ecommerce:backend-fallback.png/MAT_7311024_PCE_LT"
Rimi,"Figūrėlė BEAST LAB SWARMS, 1 vnt., AW25",4.99,"https://rimibaltic-res.cloudinary.com/image/upload/b_white,c_limit,dpr_1.0,f_auto,q_auto:low,w_150/d_ecommerce:backend-fallback.png/MAT_7312910_PCE_LT"
Rimi,"Rinkinys 4M Robotas T Rex 00 03460, AW25",17.99,"https://rimibaltic-res.cloudinary.com/image/upload/b_white,c_limit,dpr_1.0,f_auto,q_auto:low,w_150/d_ecommerce:backend-fallback.png/MAT_7313066_PCE_LT"
Rimi,"Rinkinys 4M Motorizuota ranka 00 03407, AW25",17.99,"https://rimibaltic-res.cloudinary.com/image/upload/b_white,c_limit,dpr_1.0,f_auto,q_auto:low,w_150/d_ecommerce:backend-fallback.png/MAT_7313067_PCE_LT"
Rimi,"Žaidimas FLEXIQ MONSTER MASH FXG101, AW25",18.99,"https://rimibaltic-res.cloudinary.com/image/upload/b_white,c_limit,dpr_auto,f_auto,h_216,q_1,w_216/d_ecommerce:backend-fallback.png/MAT_7313086_PCE_LT"
Rimi,"Gleivės SLIMY SUP. BUTTERY FLUFF 33440S, AW25",7.99,"https://rimibaltic-res.cloudinary.com/image/upload/b_white,c_limit,dpr_auto,f_auto,h_216,q_1,w_216/d_ecommerce:backend-fallback.png/MAT_7313095_PCE_LT"
Rimi,"Žaislas BLADEZ BATMAN MONSTER TR. DC85, AW25",29.99,"https://rimibaltic-res.cloudinary.com/image/upload/b_white,c_limit,dpr_auto,f_auto,h_216,q_1,w_216/d_ecommerce:backend-fallback.png/MAT_7313094_PCE_LT"
Rimi,Rink.4M Skambanti platforma 0003232 AW25,13.99,"https://rimibaltic-res.cloudinary.com/image/upload/b_white,c_limit,dpr_auto,f_auto,h_216,q_1,w_216/d_ecommerce:backend-fallback.png/MAT_7312753_PCE_LT"
Rimi,Figūrėlė GOO JIT ZU MINECRAFT ast AW25,16.99,"https://rimibaltic-res.cloudinary.com/image/upload/b_white,c_limit,dpr_auto,f_auto,h_216,q_1,w_216/d_ecommerce:backend-fallback.png/MAT_7312986_PCE_LT"
Rimi,"Saldainiai TOFFIFEE SANTA & FRIENDS, 375 g",8.99,"https://rimibaltic-res.cloudinary.com/image/upload/b_white,c_limit,dpr_auto,f_auto,h_216,q_1,w_216/d_ecommerce:backend-fallback.png/MAT_104905_PCE_LT"
Rimi,"Stalo žaidim. MINECRAFT AMBASSADOR, AW25",19.99,"https://rimibaltic-res.cloudinary.com/image/upload/b_white,c_limit,dpr_auto,f_auto,h_216,q_1,w_216/d_ecommerce:backend-fallback.png/MAT_7313185_PCE_LT"
Rimi,"Aviečių uogos želėje gamin. PROSPONA, 330 g",4.99,"https://rimibaltic-res.cloudinary.com/image/upload/b_white,c_limit,dpr_auto,f_auto,h_216,q_1,w_216/d_ecommerce:backend-fallback.png/MAT_1022324_PCE_LT"
Rimi,"Pusryčių dribsniai LION TRIPLE CRUNCHY, 300 g",3.99,"https://rimibaltic-res.cloudinary.com/image/upload/b_white,c_limit,dpr_auto,f_auto,h_216,q_1,w_216/d_ecommerce:backend-fallback.png/MAT_1022063_PCE_LT"
Rimi,"Tropiniai guminukai SOUR PATCH, 80 g",1.49,"https://rimibaltic-res.cloudinary.com/image/upload/b_white,c_limit,dpr_auto,f_auto,h_216,q_1,w_216/d_ecommerce:backend-fallback.png/MAT_1021393_PCE_LT"
Rimi,"Vanilinis cukrus DR. OETKER, 160 g",3.55,"https://rimibaltic-res.cloudinary.com/image/upload/b_white,c_limit,dpr_auto,f_auto,h_216,q_1,w_216/d_ecommerce:backend-fallback.png/MAT_1022263_PCE_LT"
Rimi,"Aviž. saus. su brašk. sk. THE BEGINNINGS, 80g",2.99,"https://rimibaltic-res.cloudinary.com/image/upload/b_white,c_limit,dpr_auto,f_auto,h_216,q_1,w_216/d_ecommerce:backend-fallback.png/MAT_1016597_PCE_LT"
Rimi,"Smulk. amer. polako masė RIMI MARE , 450 g",4.99,"https://rimibaltic-res.cloudinary.com/image/upload/b_white,c_limit,dpr_1.0,f_auto,q_auto:low,w_150/d_ecommerce:backend-fallback.png/MAT_817113_PCE_LT"
Rimi,"Karameliz. anakardžiai ALVO su kakava, 120 g",3.25,"https://rimibaltic-res.cloudinary.com/image/upload/b_white,c_limit,dpr_1.0,f_auto,q_auto:low,w_150/d_ecommerce:backend-fallback.png/MAT_1022502_PCE_LT"
Rimi,"Karamelizuoti migdolai ALVO su medumi, 120 g",3.25,"https://rimibaltic-res.cloudinary.com/image/upload/b_white,c_limit,dpr_1.0,f_auto,q_auto:low,w_150/d_ecommerce:backend-fallback.png/MAT_1022521_PCE_LT"
Rimi,"Prieskonių mišinys SALDVA PERSILADAS, 25 g",0.74,"https://rimibaltic-res.cloudinary.com/image/upload/b_white,c_limit,dpr_1.0,f_auto,q_auto:low,w_150/d_ecommerce:backend-fallback.png/MAT_1000395_PCE_LT"
Rimi,"Makaronai CORNETTI RIGATI DOBELE, 500 g",1.49,"https://rimibaltic-res.cloudinary.com/image/upload/b_white,c_limit,dpr_auto,f_auto,h_216,q_1,w_216/d_ecommerce:backend-fallback.png/MAT_181566_PCE_LT"
Rimi,"Baterijos ENERGIZER POWER D, 2 vnt.",7.99,"https://rimibaltic-res.cloudinary.com/image/upload/b_white,c_limit,dpr_auto,f_auto,h_216,q_1,w_216/d_ecommerce:backend-fallback.png/MAT_726013_PCE_LT"
Rimi,"Žolel. arbata ŽOLYNĖLIS BRONCHOHERBA, 20 pak.",2.59,"https://rimibaltic-res.cloudinary.com/image/upload/b_white,c_limit,dpr_auto,f_auto,h_216,q_1,w_216/d_ecommerce:backend-fallback.png/MAT_182648_PCE_LT"
Rimi,"Šok. batonėlis NESTLE KIT KAT CHUNKY, 40 g",1.19,"https://rimibaltic-res.cloudinary.com/image/upload/b_white,c_limit,dpr_auto,f_auto,h_216,q_1,w_216/d_ecommerce:backend-fallback.png/MAT_142448_PCE_LT"
Rimi,"Pusryčių mišinys AWAKE, 150 g",0.99,"https://rimibaltic-res.cloudinary.com/image/upload/b_white,c_limit,dpr_auto,f_auto,h_216,q_1,w_216/d_ecommerce:backend-fallback.png/MAT_804395_PCE_LT"
Rimi,"Rudosios pupelės RIMI, 400 g / 240 g",1.45,"https://rimibaltic-res.cloudinary.com/image/upload/b_white,c_limit,dpr_auto,f_auto,h_216,q_1,w_216/d_ecommerce:backend-fallback.png/MAT_801781_PCE_LT"
Rimi,"Kremas su Modenos balzam.actu, RIMI, 250ml",3.49,"https://rimibaltic-res.cloudinary.com/image/upload/b_white,c_limit,dpr_auto,f_auto,h_216,q_1,w_216/d_ecommerce:backend-fallback.png/MAT_805895_PCE_LT"
Rimi,"Ving. pj. bulv. trašk. krap. ESTRELLA, 130g",2.35,"https://rimibaltic-res.cloudinary.com/image/upload/b_white,c_limit,dpr_auto,f_auto,h_216,q_1,w_216/d_ecommerce:backend-fallback.png/MAT_198650_PCE_LT"
Rimi,"Meduoliai KLASIKINIAI LIEŽUVĖLIAI JDC, 250 g",1.59,"https://rimibaltic-res.cloudinary.com/image/upload/b_white,c_limit,dpr_1.0,f_auto,q_auto:low,w_150/d_ecommerce:backend-fallback.png/MAT_184114_PCE_LT"
Rimi,"Kukurūzų dribsniai NESTLE HONEY & NUT, 350 g",3.99,"https://rimibaltic-res.cloudinary.com/image/upload/b_white,c_limit,dpr_1.0,f_auto,q_auto:low,w_150/d_ecommerce:backend-fallback.png/MAT_1003568_PCE_LT"
Rimi,"Sviest. sausainiai ST MICHEL PALETS, 150 g",2.69,"https://rimibaltic-res.cloudinary.com/image/upload/b_white,c_limit,dpr_auto,f_auto,h_216,q_1,w_216/d_ecommerce:backend-fallback.png/MAT_180427_PCE_LT"
Rimi,"Javainis su žemės riešutais CORNY BIG, 50 g",1.09,"https://rimibaltic-res.cloudinary.com/image/upload/b_white,c_limit,dpr_auto,f_auto,h_216,q_1,w_216/d_ecommerce:backend-fallback.png/MAT_135492_PCE_LT"
Rimi,"Malta saldžioji paprika TASTE FROM GARDEN,60g",1.35,"https://rimibaltic-res.cloudinary.com/image/upload/b_white,c_limit,dpr_auto,f_auto,h_216,q_1,w_216/d_ecommerce:backend-fallback.png/MAT_1005587_PCE_LT"
Rimi,"Šokoladinis batonėlis SNICKERS SUPER + 1,112g",1.99,"https://rimibaltic-res.cloudinary.com/image/upload/b_white,c_limit,dpr_auto,f_auto,h_216,q_1,w_216/d_ecommerce:backend-fallback.png/MAT_1005783_PCE_LT"
Rimi,"Keturių rūšių grūdų dribsniai RIMI, 500 g",1.15,"https://rimibaltic-res.cloudinary.com/image/upload/b_white,c_limit,dpr_auto,f_auto,h_216,q_1,w_216/d_ecommerce:backend-fallback.png/MAT_801702_PCE_LT"
Rimi,"Alyvuogių aliejus BORGES EXTRA LIGHT, 0,5l",9.99,"https://rimibaltic-res.cloudinary.com/image/upload/b_white,c_limit,dpr_auto,f_auto,h_216,q_1,w_216/d_ecommerce:backend-fallback.png/MAT_101347_PCE_LT"
Rimi,"Ryžių actas ICA ASIA, 150ml",2.99,"https://rimibaltic-res.cloudinary.com/image/upload/b_white,c_limit,dpr_auto,f_auto,h_216,q_1,w_216/d_ecommerce:backend-fallback.png/MAT_813764_PCE_LT"
Rimi,"Ekologiška MAMUKO ryžių tyrelė, 4 mėn, 100 g",1.55,"https://rimibaltic-res.cloudinary.com/image/upload/b_white,c_limit,dpr_auto,f_auto,h_216,q_1,w_216/d_ecommerce:backend-fallback.png/MAT_195181_PCE_LT"
Rimi,"Gazuotas gėrimas FANTA, 330ml",1.02,"https://rimibaltic-res.cloudinary.com/image/upload/b_white,c_limit,dpr_auto,f_auto,h_216,q_1,w_216/d_ecommerce:backend-fallback.png/MAT_1354572_PCE_LT"
Rimi,"Gliaudyti graikiniai riešutai, 150g",7.69,"https://rimibaltic-res.cloudinary.com/image/upload/b_white,c_limit,dpr_auto,f_auto,h_216,q_1,w_216/d_ecommerce:backend-fallback.png/MAT_170109_PCE_LT"
Rimi,"Virtos GIMINIŲ sardelės, a.r., 400 g",4.99,"https://rimibaltic-res.cloudinary.com/image/upload/b_white,c_limit,dpr_auto,f_auto,h_216,q_1,w_216/d_ecommerce:backend-fallback.png/MAT_281307_PCE_LT"
Rimi,"Akmens druska malūnėlyje SANTA MARIA, 140 g",4.99,"https://rimibaltic-res.cloudinary.com/image/upload/b_white,c_limit,dpr_1.0,f_auto,q_auto:low,w_150/d_ecommerce:backend-fallback.png/MAT_124142_PCE_LT"
Rimi,"Marinatas su česnak.žolel., SANTA MARIA, 75g",1.09,"https://rimibaltic-res.cloudinary.com/image/upload/b_white,c_limit,dpr_1.0,f_auto,q_auto:low,w_150/d_ecommerce:backend-fallback.png/MAT_100034_PCE_LT"
Rimi,"Itališkos žolelės KOTANYI, 17g",1.39,"https://rimibaltic-res.cloudinary.com/image/upload/b_white,c_limit,dpr_1.0,f_auto,q_auto:low,w_150/d_ecommerce:backend-fallback.png/MAT_139228_PCE_LT"
Rimi,"Skystas skalbiklis sensi. TRI-BIO,1,42l",9.49,"https://rimibaltic-res.cloudinary.com/image/upload/b_white,c_limit,dpr_auto,f_auto,h_216,q_1,w_216/d_ecommerce:backend-fallback.png/MAT_7051571_PCE_LT"
Rimi,"Malta kava PUPA, 250 g",9.99,"https://rimibaltic-res.cloudinary.com/image/upload/b_white,c_limit,dpr_auto,f_auto,h_216,q_1,w_216/d_ecommerce:backend-fallback.png/MAT_193526_PCE_LT"
Rimi,"Vaflinis sausainis KNOPPERS, 25 g",0.65,"https://rimibaltic-res.cloudinary.com/image/upload/b_white,c_limit,dpr_auto,f_auto,h_216,q_1,w_216/d_ecommerce:backend-fallback.png/MAT_148171_PCE_LT"
Rimi,"Tortil.traškučiai RIMI griet.sūr.sk,200g",2.25,"https://rimibaltic-res.cloudinary.com/image/upload/b_white,c_limit,dpr_auto,f_auto,h_216,q_1,w_216/d_ecommerce:backend-fallback.png/MAT_808730_PCE_LT"
Rimi,"Ypatingas pomidorų padažas KKF, 720g",3.25,"https://rimibaltic-res.cloudinary.com/image/upload/b_white,c_limit,dpr_auto,f_auto,h_216,q_1,w_216/d_ecommerce:backend-fallback.png/MAT_136288_PCE_LT"
Rimi,"Persikų, obuol. sultys SELECTION BY RIMI, 1 l",2.79,"https://rimibaltic-res.cloudinary.com/image/upload/b_white,c_limit,dpr_auto,f_auto,h_216,q_1,w_216/d_ecommerce:backend-fallback.png/MAT_807930_PCE_LT"
Rimi,"Šokoladu aplieti žemės riešutai M&M'S, 200g",3.99,"https://rimibaltic-res.cloudinary.com/image/upload/b_white,c_limit,dpr_auto,f_auto,h_216,q_1,w_216/d_ecommerce:backend-fallback.png/MAT_164254_PCE_LT"
Rimi,"Šokoladas su kanap.ir braškėmis RŪTA, 90 g",2.79,"https://rimibaltic-res.cloudinary.com/image/upload/b_white,c_limit,dpr_auto,f_auto,h_216,q_1,w_216/d_ecommerce:backend-fallback.png/MAT_198517_PCE_LT"
Rimi,"Bulv.traškuč. su druska ESTRELLA KETTLE, 120g",2.59,"https://rimibaltic-res.cloudinary.com/image/upload/b_white,c_limit,dpr_auto,f_auto,h_216,q_1,w_216/d_ecommerce:backend-fallback.png/MAT_199107_PCE_LT"
Rimi,"Van. sk. valg. ledai RIMI SMART, 1 l / 450 g",1.19,"https://rimibaltic-res.cloudinary.com/image/upload/b_white,c_limit,dpr_auto,f_auto,h_216,q_1,w_216/d_ecommerce:backend-fallback.png/MAT_814756_PCE_LT"
Rimi,"Krapų PESTO padažas SELECTION BY RIMI, 130g",2.09,"https://rimibaltic-res.cloudinary.com/image/upload/b_white,c_limit,dpr_auto,f_auto,h_216,q_1,w_216/d_ecommerce:backend-fallback.png/MAT_807896_PCE_LT"
Rimi,"Prieskonių mišinys kepsniams SALDVA, 35g",0.79,"https://rimibaltic-res.cloudinary.com/image/upload/b_white,c_limit,dpr_auto,f_auto,h_216,q_1,w_216/d_ecommerce:backend-fallback.png/MAT_154768_PCE_LT"
Rimi,"Prieskonių mišinys picai SALDVA, 25g",0.79,"https://rimibaltic-res.cloudinary.com/image/upload/b_white,c_limit,dpr_1.0,f_auto,q_auto:low,w_150/d_ecommerce:backend-fallback.png/MAT_154751_PCE_LT"
Rimi,"Picų padažas RIMI, 390 g",2.59,"https://rimibaltic-res.cloudinary.com/image/upload/b_white,c_limit,dpr_1.0,f_auto,q_auto:low,w_150/d_ecommerce:backend-fallback.png/MAT_811899_PCE_LT"
Rimi,"Tirpioji kava NESCAFE CLASSIC CREMA, 100 g",7.29,"https://rimibaltic-res.cloudinary.com/image/upload/b_white,c_limit,dpr_1.0,f_auto,q_auto:low,w_150/d_ecommerce:backend-fallback.png/MAT_167395_PCE_LT"
Rimi,"Įvairių augalų medus RIMI, 300 g",3.49,"https://rimibaltic-res.cloudinary.com/image/upload/b_white,c_limit,dpr_1.0,f_auto,q_auto:low,w_150/d_ecommerce:backend-fallback.png/MAT_803076_PCE_LT"
Rimi,"Žemės riešutai su paprika JĖGA, 200g",1.59,"https://rimibaltic-res.cloudinary.com/image/upload/b_white,c_limit,dpr_auto,f_auto,h_216,q_1,w_216/d_ecommerce:backend-fallback.png/MAT_152152_PCE_LT"
Rimi,"Sausi pusryč. RIMI su medumi ir cinam., 375 g",2.59,"https://rimibaltic-res.cloudinary.com/image/upload/b_white,c_limit,dpr_auto,f_auto,h_216,q_1,w_216/d_ecommerce:backend-fallback.png/MAT_813714_PCE_LT"
Rimi,"SMETONIŠKA gira, 1,5l",1.75,"https://rimibaltic-res.cloudinary.com/image/upload/b_white,c_limit,dpr_auto,f_auto,h_216,q_1,w_216/d_ecommerce:backend-fallback.png/MAT_1359762_PCE_LT"
Rimi,"Raudonojo vyno actas RIMI, 250 ml",1.99,"https://rimibaltic-res.cloudinary.com/image/upload/b_white,c_limit,dpr_auto,f_auto,h_216,q_1,w_216/d_ecommerce:backend-fallback.png/MAT_813646_PCE_LT"
Rimi,"Rudieji ryžiai BOSTO, 500 g",3.19,"https://rimibaltic-res.cloudinary.com/image/upload/b_white,c_limit,dpr_auto,f_auto,h_216,q_1,w_216/d_ecommerce:backend-fallback.png/MAT_102802_PCE_LT"
Rimi,"Želė saldainiai HARIBO ERDBEEREN, 100g",1.59,"https://rimibaltic-res.cloudinary.com/image/upload/b_white,c_limit,dpr_auto,f_auto,h_216,q_1,w_216/d_ecommerce:backend-fallback.png/MAT_140989_PCE_LT"
Rimi,"Saldainiai su imbieru ir melionu NOMEDA, 1 kg",11.99,"https://rimibaltic-res.cloudinary.com/image/upload/b_white,c_limit,dpr_auto,f_auto,h_216,q_1,w_216/d_ecommerce:backend-fallback.png/MAT_198248_KGM_LT"
Rimi,"DZŪKIJOS sausainiai VYŠNAITĖ, 275 g",2.19,"https://rimibaltic-res.cloudinary.com/image/upload/b_white,c_limit,dpr_auto,f_auto,h_216,q_1,w_216/d_ecommerce:backend-fallback.png/MAT_1007100_PCE_LT"
Rimi,"Saldainiai WERTHER’S ORIGINAL GOLD.MIX, 340 g",9.99,"https://rimibaltic-res.cloudinary.com/image/upload/b_white,c_limit,dpr_1.0,f_auto,q_auto:low,w_150/d_ecommerce:backend-fallback.png/MAT_1011220_PCE_LT"
Rimi,Automobilio modelis 1:43 MSZ 67300,6.49,"https://rimibaltic-res.cloudinary.com/image/upload/b_white,c_limit,dpr_1.0,f_auto,q_auto:low,w_150/d_ecommerce:backend-fallback.png/MAT_7258986_PCE_LT"
Rimi,"Pliušinis žaislas SQUISHMALLOWS, 30 cm",19.99,"https://rimibaltic-res.cloudinary.com/image/upload/b_white,c_limit,dpr_auto,f_auto,h_216,q_1,w_216/d_ecommerce:backend-fallback.png/MAT_7284661_PCE_LT"
Rimi,Prisegamas pliušinis SQUISHMALLOWS SQJW3,6.99,"https://rimibaltic-res.cloudinary.com/image/upload/b_white,c_limit,dpr_auto,f_auto,h_216,q_1,w_216/d_ecommerce:backend-fallback.png/MAT_7294222_PCE_LT"
Rimi,"Žaislinė šiukšliavežė, AW25",23.99,"https://rimibaltic-res.cloudinary.com/image/upload/b_white,c_limit,dpr_auto,f_auto,h_216,q_1,w_216/d_ecommerce:backend-fallback.png/MAT_7253139_PCE_LT"
Rimi,"Žaislinė SOS stotelė, AW25",18.99,"https://rimibaltic-res.cloudinary.com/image/upload/b_white,c_limit,dpr_auto,f_auto,h_216,q_1,w_216/d_ecommerce:backend-fallback.png/MAT_7298887_PCE_LT"
Rimi,Automobilio WELLY modeliukas 1:60-64,2.95,"https://rimibaltic-res.cloudinary.com/image/upload/b_white,c_limit,dpr_auto,f_auto,h_216,q_1,w_216/d_ecommerce:backend-fallback.png/MAT_7219647_PCE_LT"
Rimi,"Marcipaniniai saldainis LAIMA, 40 g",0.99,"https://rimibaltic-res.cloudinary.com/image/upload/b_white,c_limit,dpr_auto,f_auto,h_216,q_1,w_216/d_ecommerce:backend-fallback.png/MAT_1002594_PCE_LT"
Rimi,"Meduol. šok. kr., braš., ob. įd. SELGA, 250 g",3.79,"https://rimibaltic-res.cloudinary.com/image/upload/b_white,c_limit,dpr_auto,f_auto,h_216,q_1,w_216/d_ecommerce:backend-fallback.png/MAT_1018665_PCE_LT"
Rimi,"Minkšti meduoliai SELGA STARS, 250 g",3.79,"https://rimibaltic-res.cloudinary.com/image/upload/b_white,c_limit,dpr_auto,f_auto,h_216,q_1,w_216/d_ecommerce:backend-fallback.png/MAT_1018673_PCE_LT"
Rimi,Žaislas dėlionė 30vnt Trefl,5.79,"https://rimibaltic-res.cloudinary.com/image/upload/b_white,c_limit,dpr_auto,f_auto,h_216,q_1,w_216/d_ecommerce:backend-fallback.png/MAT_781829_PCE_LT"
Rimi,Žaisl. Dėlionė TREFL 160 det. 15183,6.99,"https://rimibaltic-res.cloudinary.com/image/upload/b_white,c_limit,dpr_auto,f_auto,h_216,q_1,w_216/d_ecommerce:backend-fallback.png/MAT_781830_PCE_LT"
Rimi,Žaislas dėlionė šuniukai 60vnt Trefl,4.99,"https://rimibaltic-res.cloudinary.com/image/upload/b_white,c_limit,dpr_auto,f_auto,h_216,q_1,w_216/d_ecommerce:backend-fallback.png/MAT_784359_PCE_LT"
Rimi,Žaislas sunkvežimis HotWheels,22.99,"https://rimibaltic-res.cloudinary.com/image/upload/b_white,c_limit,dpr_1.0,f_auto,q_auto:low,w_150/d_ecommerce:backend-fallback.png/MAT_7149841_PCE_LT"
Rimi,Dėlionė TREFL + atminties žaidimas,8.59,"https://rimibaltic-res.cloudinary.com/image/upload/b_white,c_limit,dpr_1.0,f_auto,q_auto:low,w_150/d_ecommerce:backend-fallback.png/MAT_7150445_PCE_LT"
Rimi,Miesto sunkvežimis TEAMSTERZ 1416449,6.69,"https://rimibaltic-res.cloudinary.com/image/upload/b_white,c_limit,dpr_1.0,f_auto,q_auto:low,w_150/d_ecommerce:backend-fallback.png/MAT_7219605_PCE_LT"
Rimi,Automodeliukas 1:55 CARS 3,11.49,"https://rimibaltic-res.cloudinary.com/image/upload/b_white,c_limit,dpr_auto,f_auto,h_216,q_1,w_216/d_ecommerce:backend-fallback.png/MAT_7246594_PCE_LT"
Rimi,"Auto. salono valiklis CARPLAN, 400 ml",9.99,"https://rimibaltic-res.cloudinary.com/image/upload/b_white,c_limit,dpr_auto,f_auto,h_216,q_1,w_216/d_ecommerce:backend-fallback.png/MAT_7265687_PCE_LT"
Rimi,Pliušinis žaislas SQUISHMALLOWS SQJW759,12.49,"https://rimibaltic-res.cloudinary.com/image/upload/b_white,c_limit,dpr_auto,f_auto,h_216,q_1,w_216/d_ecommerce:backend-fallback.png/MAT_7278872_PCE_LT"
Rimi,Konstr. LEGO Gokartai Ir Lenktynininkai 60400,9.99,"https://rimibaltic-res.cloudinary.com/image/upload/b_white,c_limit,dpr_auto,f_auto,h_216,q_1,w_216/d_ecommerce:backend-fallback.png/MAT_7291591_PCE_LT"
Rimi,Konstruktorius LEGO Rožės 40460,15.99,"https://rimibaltic-res.cloudinary.com/image/upload/b_white,c_limit,dpr_auto,f_auto,h_216,q_1,w_216/d_ecommerce:backend-fallback.png/MAT_7291600_PCE_LT"
Rimi,Konstruktorius LEGO Lotoso Žiedai 40647,15.99,"https://rimibaltic-res.cloudinary.com/image/upload/b_white,c_limit,dpr_auto,f_auto,h_216,q_1,w_216/d_ecommerce:backend-fallback.png/MAT_7291604_PCE_LT"
Rimi,Konstr. LEGO Bekelės Lenktynių Bagis 42164,19.59,"https://rimibaltic-res.cloudinary.com/image/upload/b_white,c_limit,dpr_auto,f_auto,h_216,q_1,w_216/d_ecommerce:backend-fallback.png/MAT_7291612_PCE_LT"
Rimi,Konstr. LEGO Mobili Kepyklėlė-Vežimėlis 42606,9.99,"https://rimibaltic-res.cloudinary.com/image/upload/b_white,c_limit,dpr_auto,f_auto,h_216,q_1,w_216/d_ecommerce:backend-fallback.png/MAT_7291622_PCE_LT"
Rimi,Konstr. LEGO Tbd-Icons-Botanic.-2-2024 10329,59.99,"https://rimibaltic-res.cloudinary.com/image/upload/b_white,c_limit,dpr_auto,f_auto,h_216,q_1,w_216/d_ecommerce:backend-fallback.png/MAT_7291625_PCE_LT"
Rimi,Konstr. LEGO Styvo Ekspedicija Dykumoje 21251,12.99,"https://rimibaltic-res.cloudinary.com/image/upload/b_white,c_limit,dpr_auto,f_auto,h_216,q_1,w_216/d_ecommerce:backend-fallback.png/MAT_7291646_PCE_LT"
Rimi,Konstr. LEGO Lamborghini V12 GT 76923,29.99,"https://rimibaltic-res.cloudinary.com/image/upload/b_white,c_limit,dpr_auto,f_auto,h_216,q_1,w_216/d_ecommerce:backend-fallback.png/MAT_7296958_PCE_LT"
Rimi,Konstr. Lego Vilkikas 60435,14.99,"https://rimibaltic-res.cloudinary.com/image/upload/b_white,c_limit,dpr_auto,f_auto,h_216,q_1,w_216/d_ecommerce:backend-fallback.png/MAT_7298416_PCE_LT"
Rimi,"Šautuvas NERF N SERIES FLEX, F8623",7.59,"https://rimibaltic-res.cloudinary.com/image/upload/b_white,c_limit,dpr_1.0,f_auto,q_auto:low,w_150/d_ecommerce:backend-fallback.png/MAT_7299978_PCE_LT"
Rimi,"Dekor. aksom. kaspinas, gelt., 35cm,CH25",4.99,"https://rimibaltic-res.cloudinary.com/image/upload/b_white,c_limit,dpr_1.0,f_auto,q_auto:low,w_150/d_ecommerce:backend-fallback.png/MAT_7310023_PCE_LT"
Rimi,"Kalėdų eglutės stovas, 1 600 mm, CH25",19.99,"https://rimibaltic-res.cloudinary.com/image/upload/b_white,c_limit,dpr_1.0,f_auto,q_auto:low,w_150/d_ecommerce:backend-fallback.png/MAT_7311325_PCE_LT"
Rimi,"Pliušinis žaislas LIVING ON THE VEG, AW25",6.99,"https://rimibaltic-res.cloudinary.com/image/upload/b_white,c_limit,dpr_1.0,f_auto,q_auto:low,w_150/d_ecommerce:backend-fallback.png/MAT_7311632_PCE_LT"
Rimi,"Žaidimas TACTIC CIRCUS LT, AW25",26.99,"https://rimibaltic-res.cloudinary.com/image/upload/b_white,c_limit,dpr_auto,f_auto,h_216,q_1,w_216/d_ecommerce:backend-fallback.png/MAT_462004_PCE_LT"
Rimi,"Lėlė MONSTER HIGH CRYSTAL BALL, AW25",21.99,"https://rimibaltic-res.cloudinary.com/image/upload/b_white,c_limit,dpr_auto,f_auto,h_216,q_1,w_216/d_ecommerce:backend-fallback.png/MAT_7312429_PCE_LT"
Rimi,"Žaisl. autom. HOT WHEELS F1, 5 vnt, HW25",17.99,"https://rimibaltic-res.cloudinary.com/image/upload/b_white,c_limit,dpr_auto,f_auto,h_216,q_1,w_216/d_ecommerce:backend-fallback.png/MAT_7312409_PCE_LT"
Rimi,"Universalus tepalas ROCKET TT, 300 ml, AW25",7.99,"https://rimibaltic-res.cloudinary.com/image/upload/b_white,c_limit,dpr_auto,f_auto,h_216,q_1,w_216/d_ecommerce:backend-fallback.png/MAT_7312703_PCE_LT"
Rimi,"Dubuo salotoms, 1,53 l, pilkas, AW25",3.99,"https://rimibaltic-res.cloudinary.com/image/upload/b_white,c_limit,dpr_auto,f_auto,h_216,q_1,w_216/d_ecommerce:backend-fallback.png/MAT_7312879_PCE_LT"
Rimi,"Dubuo salotoms, 2,75 l, pilkas, AW25",4.99,"https://rimibaltic-res.cloudinary.com/image/upload/b_white,c_limit,dpr_auto,f_auto,h_216,q_1,w_216/d_ecommerce:backend-fallback.png/MAT_7312885_PCE_LT"
Rimi,"Figūrėlės tūbelėje BEAST LAB, 6 vnt AW25",19.99,"https://rimibaltic-res.cloudinary.com/image/upload/b_white,c_limit,dpr_auto,f_auto,h_216,q_1,w_216/d_ecommerce:backend-fallback.png/MAT_7312906_PCE_LT"
Rimi,"Tampri figūrėlė BEAST LAB, 11 cm, AW25",27.99,"https://rimibaltic-res.cloudinary.com/image/upload/b_white,c_limit,dpr_auto,f_auto,h_216,q_1,w_216/d_ecommerce:backend-fallback.png/MAT_7312911_PCE_LT"
Rimi,"Rinkinys MELISSA Maisto grupės 6073047, AW25",34.99,"https://rimibaltic-res.cloudinary.com/image/upload/b_white,c_limit,dpr_1.0,f_auto,q_auto:low,w_150/d_ecommerce:backend-fallback.png/MAT_7313068_PCE_LT"
Rimi,"Rinkinys ASTROPOD Kosm. misija A 80331, AW25",6.99,"https://rimibaltic-res.cloudinary.com/image/upload/b_white,c_limit,dpr_1.0,f_auto,q_auto:low,w_150/d_ecommerce:backend-fallback.png/MAT_7313069_PCE_LT"
Rimi,"Žaidimas PIATNIK BUBBLE 797293, AW25",9.99,"https://rimibaltic-res.cloudinary.com/image/upload/b_white,c_limit,dpr_auto,f_auto,h_216,q_1,w_216/d_ecommerce:backend-fallback.png/MAT_7313074_PCE_LT"
Rimi,"Šautuvas NERF INFINITE F8631, AW25",39.99,"https://rimibaltic-res.cloudinary.com/image/upload/b_white,c_limit,dpr_auto,f_auto,h_216,q_1,w_216/d_ecommerce:backend-fallback.png/MAT_7313073_PCE_LT"
Rimi,"Žaidimas FLEXIQ HANDS UP FXG102, AW25",18.99,"https://rimibaltic-res.cloudinary.com/image/upload/b_white,c_limit,dpr_auto,f_auto,h_216,q_1,w_216/d_ecommerce:backend-fallback.png/MAT_7313081_PCE_LT"
Rimi,"Kaladėlės BO Abėcėlė ir žodž. LT 12047, AW25",22.99,"https://rimibaltic-res.cloudinary.com/image/upload/b_white,c_limit,dpr_auto,f_auto,h_216,q_1,w_216/d_ecommerce:backend-fallback.png/MAT_7313082_PCE_LT"
Rimi,"Automobilis HAPPY PEOPLE SPR. RIDER 301, AW25",24.99,"https://rimibaltic-res.cloudinary.com/image/upload/b_white,c_limit,dpr_auto,f_auto,h_216,q_1,w_216/d_ecommerce:backend-fallback.png/MAT_7313083_PCE_LT"
Rimi,"Paslapting. figūrėlė ROYALE HIGH RYH00, AW25",7.99,"https://rimibaltic-res.cloudinary.com/image/upload/b_white,c_limit,dpr_auto,f_auto,h_216,q_1,w_216/d_ecommerce:backend-fallback.png/MAT_7313084_PCE_LT"
Rimi,"Lėlė LOL TWEENS WINTER SNOW 427711, AW25",29.99,"https://rimibaltic-res.cloudinary.com/image/upload/b_white,c_limit,dpr_auto,f_auto,h_216,q_1,w_216/d_ecommerce:backend-fallback.png/MAT_7313085_PCE_LT"
Rimi,"Žaidimas FLEXIQ PATTERN PARTY FXG002, AW25",14.99,"https://rimibaltic-res.cloudinary.com/image/upload/b_white,c_limit,dpr_auto,f_auto,h_216,q_1,w_216/d_ecommerce:backend-fallback.png/MAT_7313087_PCE_LT"
Rimi,"Vinil. figūra FUNKO TOP SELECTION 8631, AW25",17.99,"https://rimibaltic-res.cloudinary.com/image/upload/b_white,c_limit,dpr_auto,f_auto,h_216,q_1,w_216/d_ecommerce:backend-fallback.png/MAT_7313091_PCE_LT"
Rimi,"Šautuvas NERF SHADOW STORM F8635, AW25",39.99,"https://rimibaltic-res.cloudinary.com/image/upload/b_white,c_limit,dpr_auto,f_auto,h_216,q_1,w_216/d_ecommerce:backend-fallback.png/MAT_7313092_PCE_LT"
Rimi,"Šautuvas NERF DOUBLE IMPACT G0879, AW25",23.99,"https://rimibaltic-res.cloudinary.com/image/upload/b_white,c_limit,dpr_auto,f_auto,h_216,q_1,w_216/d_ecommerce:backend-fallback.png/MAT_7312783_PCE_LT"
Rimi,Robotas YCOO JIGGO AW25,39.99,"https://rimibaltic-res.cloudinary.com/image/upload/b_white,c_limit,dpr_1.0,f_auto,q_auto:low,w_150/d_ecommerce:backend-fallback.png/MAT_7312988_PCE_LT"
Rimi,"Vonios rinkinys SCENTED BATH GOLD, 4 vnt.",15.2,"https://rimibaltic-res.cloudinary.com/image/upload/b_white,c_limit,dpr_1.0,f_auto,q_auto:low,w_150/d_ecommerce:backend-fallback.png/MAT_7312907_PCE_LT"
Rimi,"Maišelių rinkinys SCENTED BATH GOLD, 4 vnt.",12.86,"https://rimibaltic-res.cloudinary.com/image/upload/b_white,c_limit,dpr_1.0,f_auto,q_auto:low,w_150/d_ecommerce:backend-fallback.png/MAT_7312908_PCE_LT"
Rimi,"Atsipalaidavimo rinkinys SC. BATH GOLD, 1 vnt",13.25,"https://rimibaltic-res.cloudinary.com/image/upload/b_white,c_limit,dpr_auto,f_auto,h_216,q_1,w_216/d_ecommerce:backend-fallback.png/MAT_7312914_PCE_LT"
Rimi,"Kūno priež. rinkinys SCENTED GARDEN, 3 vnt.",16.22,"https://rimibaltic-res.cloudinary.com/image/upload/b_white,c_limit,dpr_auto,f_auto,h_216,q_1,w_216/d_ecommerce:backend-fallback.png/MAT_7312918_PCE_LT"
Rimi,"Vonios rinkinys SC. BATH GOLD PERFECT, 4 vnt.",10.91,"https://rimibaltic-res.cloudinary.com/image/upload/b_white,c_limit,dpr_auto,f_auto,h_216,q_1,w_216/d_ecommerce:backend-fallback.png/MAT_7312920_PCE_LT"
Rimi,"Dušo želė losj. SCENTED BATH ROSE, 2x200 ml",6.79,"https://rimibaltic-res.cloudinary.com/image/upload/b_white,c_limit,dpr_auto,f_auto,h_216,q_1,w_216/d_ecommerce:backend-fallback.png/MAT_7312922_PCE_LT"
Rimi,"Dovanų rinkinys SCENTED BATH BRONZE, 3 vnt.",5.99,"https://rimibaltic-res.cloudinary.com/image/upload/b_white,c_limit,dpr_auto,f_auto,h_216,q_1,w_216/d_ecommerce:backend-fallback.png/MAT_7312931_PCE_LT"
Rimi,"Rinkinys SCENTED BATH ROSE, 3 vnt.",8.81,"https://rimibaltic-res.cloudinary.com/image/upload/b_white,c_limit,dpr_auto,f_auto,h_216,q_1,w_216/d_ecommerce:backend-fallback.png/MAT_7312928_PCE_LT"
Rimi,"Vonios burbulų rinkinys SC. BATH ROSE, 1 vnt.",7.64,"https://rimibaltic-res.cloudinary.com/image/upload/b_white,c_limit,dpr_auto,f_auto,h_216,q_1,w_216/d_ecommerce:backend-fallback.png/MAT_7312936_PCE_LT"
Rimi,"Lūpų pr. rinkinys PETITS DELICES, 2 vnt.",5.59,"https://rimibaltic-res.cloudinary.com/image/upload/b_white,c_limit,dpr_auto,f_auto,h_216,q_1,w_216/d_ecommerce:backend-fallback.png/MAT_7312937_PCE_LT"
Rimi,"Dušo rinkinys SECRET STORIES, 4 vnt.",11.69,"https://rimibaltic-res.cloudinary.com/image/upload/b_white,c_limit,dpr_auto,f_auto,h_216,q_1,w_216/d_ecommerce:backend-fallback.png/MAT_7312939_PCE_LT"
Rimi,"Kelion. krepšys IDC INST. MEN'S LUXURY, 4 vnt",14.03,"https://rimibaltic-res.cloudinary.com/image/upload/b_white,c_limit,dpr_auto,f_auto,h_216,q_1,w_216/d_ecommerce:backend-fallback.png/MAT_7312938_PCE_LT"
Rimi,"Rinkinys IDC INSTITUTE PETITS DELICES, 3 vnt.",11.54,"https://rimibaltic-res.cloudinary.com/image/upload/b_white,c_limit,dpr_auto,f_auto,h_216,q_1,w_216/d_ecommerce:backend-fallback.png/MAT_7312940_PCE_LT"
Rimi,"Dušo rinkinys SECRET STORIES, 4 vnt.",13.25,"https://rimibaltic-res.cloudinary.com/image/upload/b_white,c_limit,dpr_auto,f_auto,h_216,q_1,w_216/d_ecommerce:backend-fallback.png/MAT_7312943_PCE_LT"
Rimi,"Rinkinys LET'S BE MERMAIDS TREASURE, 1 vnt.",17.15,"https://rimibaltic-res.cloudinary.com/image/upload/b_white,c_limit,dpr_1.0,f_auto,q_auto:low,w_150/d_ecommerce:backend-fallback.png/MAT_7312949_PCE_LT"
Rimi,"Rank. rinkinys MARTINELIA FAIRY THINGS, 1vnt",15.28,"https://rimibaltic-res.cloudinary.com/image/upload/b_white,c_limit,dpr_1.0,f_auto,q_auto:low,w_150/d_ecommerce:backend-fallback.png/MAT_7312948_PCE_LT"
Rimi,"Rinkinys SECRET STORIES PERFECT DUO, 2 vnt.",4.91,"https://rimibaltic-res.cloudinary.com/image/upload/b_white,c_limit,dpr_1.0,f_auto,q_auto:low,w_150/d_ecommerce:backend-fallback.png/MAT_7312950_PCE_LT"
Rimi,"Mak. kaukių rinkinys MARTINELIA UNICORN, 1vnt",16.37,"https://rimibaltic-res.cloudinary.com/image/upload/b_white,c_limit,dpr_1.0,f_auto,q_auto:low,w_150/d_ecommerce:backend-fallback.png/MAT_7312952_PCE_LT"
Rimi,"Kuprinė MARTINELIA UNICORN, 1 vnt.",16.37,"https://rimibaltic-res.cloudinary.com/image/upload/b_white,c_limit,dpr_auto,f_auto,h_216,q_1,w_216/d_ecommerce:backend-fallback.png/MAT_7312960_PCE_LT"
Rimi,"Dušo rinkinys SECRET STORIES, 2 vnt.",8.57,"https://rimibaltic-res.cloudinary.com/image/upload/b_white,c_limit,dpr_auto,f_auto,h_216,q_1,w_216/d_ecommerce:backend-fallback.png/MAT_7312953_PCE_LT"
Rimi,"Šeš. paletė MARTINELIA LET'S BE MERM., 1 vnt.",8.45,"https://rimibaltic-res.cloudinary.com/image/upload/b_white,c_limit,dpr_auto,f_auto,h_216,q_1,w_216/d_ecommerce:backend-fallback.png/MAT_7312964_PCE_LT"
Rimi,"Kosm. krepšelis LET'S BE MERM. DREAMS, 1 vnt.",23.99,"https://rimibaltic-res.cloudinary.com/image/upload/b_white,c_limit,dpr_auto,f_auto,h_216,q_1,w_216/d_ecommerce:backend-fallback.png/MAT_7312962_PCE_LT"
Rimi,"Dovanų krepšelis SCENTED GARDEN, 4 vnt.",13.25,"https://rimibaltic-res.cloudinary.com/image/upload/b_white,c_limit,dpr_auto,f_auto,h_216,q_1,w_216/d_ecommerce:backend-fallback.png/MAT_7312966_PCE_LT"
Rimi,"Dušo rinkinys IDC INST. SCENTED GARDEN, 3 vnt",6.7,"https://rimibaltic-res.cloudinary.com/image/upload/b_white,c_limit,dpr_auto,f_auto,h_216,q_1,w_216/d_ecommerce:backend-fallback.png/MAT_7312971_PCE_LT"
Rimi,"Baltųjų aguonų įdaras PROSPONA, 830 g",9.99,"https://rimibaltic-res.cloudinary.com/image/upload/b_white,c_limit,dpr_auto,f_auto,h_216,q_1,w_216/d_ecommerce:backend-fallback.png/MAT_1022332_PCE_LT"
Rimi,"Miško uogos želėje gaminimui PROSPONA, 330 g",4.99,"https://rimibaltic-res.cloudinary.com/image/upload/b_white,c_limit,dpr_auto,f_auto,h_216,q_1,w_216/d_ecommerce:backend-fallback.png/MAT_1022330_PCE_LT"
Rimi,"Vanilės skonio kremas tortui DR.OETKER, 105 g",1.99,"https://rimibaltic-res.cloudinary.com/image/upload/b_white,c_limit,dpr_1.0,f_auto,q_auto:low,w_150/d_ecommerce:backend-fallback.png/MAT_1019729_PCE_LT"
Rimi,"Cukrinės figūrėlės akytės DR. OETKER, 10 g",3.49,"https://rimibaltic-res.cloudinary.com/image/upload/b_white,c_limit,dpr_1.0,f_auto,q_auto:low,w_150/d_ecommerce:backend-fallback.png/MAT_1019792_PCE_LT"
Rimi,"Pabarstukų rink. RUDOLPH DR. OETKER, 115 g",3.69,"https://rimibaltic-res.cloudinary.com/image/upload/b_white,c_limit,dpr_auto,f_auto,h_216,q_1,w_216/d_ecommerce:backend-fallback.png/MAT_1022248_PCE_LT"
Rimi,"Mišinys apels., maskarp. kr. DR.OETKER, 52 g",3.69,"https://rimibaltic-res.cloudinary.com/image/upload/b_white,c_limit,dpr_auto,f_auto,h_216,q_1,w_216/d_ecommerce:backend-fallback.png/MAT_1022259_PCE_LT"
Rimi,"Kepimo milteliai DR. OETKER, 160 g",3.35,"https://rimibaltic-res.cloudinary.com/image/upload/b_white,c_limit,dpr_auto,f_auto,h_216,q_1,w_216/d_ecommerce:backend-fallback.png/MAT_1022249_PCE_LT"
Rimi,Figūrėlė DORA THE EXPLORER 6071556,8.49,"https://rimibaltic-res.cloudinary.com/image/upload/b_white,c_limit,dpr_auto,f_auto,h_216,q_1,w_216/d_ecommerce:backend-fallback.png/MAT_7310807_PCE_LT"
Rimi,"Imbierinis vaflių tortas SELGA, 300 g",3.49,"https://rimibaltic-res.cloudinary.com/image/upload/b_white,c_limit,dpr_auto,f_auto,h_216,q_1,w_216/d_ecommerce:backend-fallback.png/MAT_1006836_PCE_LT"
Rimi,"Imb. saus. su šok. įdaru SELGA DOUBLE, 205 g",2.49,"https://rimibaltic-res.cloudinary.com/image/upload/b_white,c_limit,dpr_auto,f_auto,h_216,q_1,w_216/d_ecommerce:backend-fallback.png/MAT_1021886_PCE_LT"
Rimi,"Dž. vaisių ir riešutų rinkinys ALIS CO, 250 g",6.19,"https://rimibaltic-res.cloudinary.com/image/upload/b_white,c_limit,dpr_auto,f_auto,h_216,q_1,w_216/d_ecommerce:backend-fallback.png/MAT_1022527_PCE_LT"
Rimi,"Karamelizuotų riešutų rinkinys ALIS CO, 250 g",6.19,"https://rimibaltic-res.cloudinary.com/image/upload/b_white,c_limit,dpr_auto,f_auto,h_216,q_1,w_216/d_ecommerce:backend-fallback.png/MAT_1022528_PCE_LT"
Rimi,"Obuolių sultys RIMI, 330 ml",0.99,"https://rimibaltic-res.cloudinary.com/image/upload/b_white,c_limit,dpr_auto,f_auto,h_216,q_1,w_216/d_ecommerce:backend-fallback.png/MAT_1376184_PCE_LT"
Rimi,"Saldainiai vaisių skonio SKITTLES, 30 g",1.79,"https://rimibaltic-res.cloudinary.com/image/upload/b_white,c_limit,dpr_auto,f_auto,h_216,q_1,w_216/d_ecommerce:backend-fallback.png/MAT_1021287_PCE_LT"
Rimi,"Saldainiai vaisių skonio SKITTLES, 50 g",2.99,"https://rimibaltic-res.cloudinary.com/image/upload/b_white,c_limit,dpr_auto,f_auto,h_216,q_1,w_216/d_ecommerce:backend-fallback.png/MAT_1021683_PCE_LT"
Rimi,"Vaisiniai saldainiai SKITTLES, 50 g",2.99,"https://rimibaltic-res.cloudinary.com/image/upload/b_white,c_limit,dpr_1.0,f_auto,q_auto:low,w_150/d_ecommerce:backend-fallback.png/MAT_1021720_PCE_LT"
Rimi,"Itališko stiliaus salotos su tunu RIMI, 160 g",2.75,"https://rimibaltic-res.cloudinary.com/image/upload/b_white,c_limit,dpr_1.0,f_auto,q_auto:low,w_150/d_ecommerce:backend-fallback.png/MAT_816737_PCE_LT"
Rimi,"Vafliniai batonėl. KINDER BUENO WHITE, 117 g",3.49,"https://rimibaltic-res.cloudinary.com/image/upload/b_white,c_limit,dpr_1.0,f_auto,q_auto:low,w_150/d_ecommerce:backend-fallback.png/MAT_1020420_PCE_LT"
Rimi,Žaislas sunkvežimis HotWheels,22.99,"https://rimibaltic-res.cloudinary.com/image/upload/b_white,c_limit,dpr_auto,f_auto,h_216,q_1,w_216/d_ecommerce:backend-fallback.png/MAT_7149841_PCE_LT"
Rimi,Automobilio WELLY modeliukas 1:60-64,2.95,"https://rimibaltic-res.cloudinary.com/image/upload/b_white,c_limit,dpr_auto,f_auto,h_216,q_1,w_216/d_ecommerce:backend-fallback.png/MAT_7219647_PCE_LT"
Rimi,"Šok. sausainiai BAHLSEN LEIBNIZ MINIS, 100 g",1.89,"https://rimibaltic-res.cloudinary.com/image/upload/b_white,c_limit,dpr_auto,f_auto,h_216,q_1,w_216/d_ecommerce:backend-fallback.png/MAT_184811_PCE_LT"
Rimi,"RAMEN vermišelių sriuba KIMCHI RAMYUN,120g",2.19,"https://rimibaltic-res.cloudinary.com/image/upload/b_white,c_limit,dpr_auto,f_auto,h_216,q_1,w_216/d_ecommerce:backend-fallback.png/MAT_198505_PCE_LT"
Rimi,"Ekol. vištienos sultinys NATUR COMPAGNIE, 88g",3.99,"https://rimibaltic-res.cloudinary.com/image/upload/b_white,c_limit,dpr_auto,f_auto,h_216,q_1,w_216/d_ecommerce:backend-fallback.png/MAT_152994_PCE_LT"
Rimi,"Grūsti juodieji pipirai SANTA MARIA, 18g",1.59,"https://rimibaltic-res.cloudinary.com/image/upload/b_white,c_limit,dpr_auto,f_auto,h_216,q_1,w_216/d_ecommerce:backend-fallback.png/MAT_122325_PCE_LT"
Rimi,"Tunų gabaliukai savo sultyse JOHN WEST, 145 g",3.39,"https://rimibaltic-res.cloudinary.com/image/upload/b_white,c_limit,dpr_auto,f_auto,h_216,q_1,w_216/d_ecommerce:backend-fallback.png/MAT_948727_PCE_LT"
Rimi,"Virta dešra Giminių Daktariška, A, 600g",6.39,"https://rimibaltic-res.cloudinary.com/image/upload/b_white,c_limit,dpr_auto,f_auto,h_216,q_1,w_216/d_ecommerce:backend-fallback.png/MAT_912578_PCE_LT"
Rimi,"Pipirmėčių arbata RIMI SMART, 20 vnt.",0.39,"https://rimibaltic-res.cloudinary.com/image/upload/b_white,c_limit,dpr_auto,f_auto,h_216,q_1,w_216/d_ecommerce:backend-fallback.png/MAT_804289_PCE_LT"
Rimi,"Arbūzų sk. plombyras su įd. AURUM, 800ml/455g",7.39,"https://rimibaltic-res.cloudinary.com/image/upload/b_white,c_limit,dpr_auto,f_auto,h_216,q_1,w_216/d_ecommerce:backend-fallback.png/MAT_982865_PCE_LT"
Rimi,"Dubenėlis LUMINARC STACK, 10cm",1.79,"https://rimibaltic-res.cloudinary.com/image/upload/b_white,c_limit,dpr_auto,f_auto,h_216,q_1,w_216/d_ecommerce:backend-fallback.png/MAT_7227293_PCE_LT"
Rimi,"Ekol. MAMUKO mol., serb. tyrelė, 4 mėn, 100 g",1.55,"https://rimibaltic-res.cloudinary.com/image/upload/b_white,c_limit,dpr_auto,f_auto,h_216,q_1,w_216/d_ecommerce:backend-fallback.png/MAT_195179_PCE_LT"
Rimi,"Krekeriai GAIDELIS KLASIKA, 70 g",0.99,"https://rimibaltic-res.cloudinary.com/image/upload/b_white,c_limit,dpr_auto,f_auto,h_216,q_1,w_216/d_ecommerce:backend-fallback.png/MAT_1012649_PCE_LT"
Rimi,"Šal. ilgapel. tuno keps. RIMI MARE MSC, 250 g",6.39,"https://rimibaltic-res.cloudinary.com/image/upload/b_white,c_limit,dpr_1.0,f_auto,q_auto:low,w_150/d_ecommerce:backend-fallback.png/MAT_815429_PCE_LT"
Rimi,"Pieninis šokoladas MILKA, 90 g",2.59,"https://rimibaltic-res.cloudinary.com/image/upload/b_white,c_limit,dpr_1.0,f_auto,q_auto:low,w_150/d_ecommerce:backend-fallback.png/MAT_1020622_PCE_LT"
Rimi,"Gėrimas su alavijų sult., ALEO NATURAL, 1,5l",2.75,"https://rimibaltic-res.cloudinary.com/image/upload/b_white,c_limit,dpr_1.0,f_auto,q_auto:low,w_150/d_ecommerce:backend-fallback.png/MAT_1359742_PCE_LT"
Rimi,"Makaronai BARILLA BEVETTE, 500 g",2.29,"https://rimibaltic-res.cloudinary.com/image/upload/b_white,c_limit,dpr_auto,f_auto,h_216,q_1,w_216/d_ecommerce:backend-fallback.png/MAT_136917_PCE_LT"
Rimi,"Želė saldainiai Meškiukai RIMI, 100 g",0.89,"https://rimibaltic-res.cloudinary.com/image/upload/b_white,c_limit,dpr_auto,f_auto,h_216,q_1,w_216/d_ecommerce:backend-fallback.png/MAT_812312_PCE_LT"
Rimi,"Purškiamas kalkių valiklis CIF, 750ml",7.49,"https://rimibaltic-res.cloudinary.com/image/upload/b_white,c_limit,dpr_auto,f_auto,h_216,q_1,w_216/d_ecommerce:backend-fallback.png/MAT_7060071_PCE_LT"
Rimi,"Dribsniai RIMI EXTRA TRIPLE CHOCO, 375 g",2.99,"https://rimibaltic-res.cloudinary.com/image/upload/b_white,c_limit,dpr_auto,f_auto,h_216,q_1,w_216/d_ecommerce:backend-fallback.png/MAT_807361_PCE_LT"
Rimi,"Tep.sūrelis su k. s. RAMBYNO, 50% rieb., 175g",1.69,"https://rimibaltic-res.cloudinary.com/image/upload/b_white,c_limit,dpr_auto,f_auto,h_216,q_1,w_216/d_ecommerce:backend-fallback.png/MAT_919881_PCE_LT"
Rimi,"Granuliuoti česnakai KOTANYI, 28g",1.39,"https://rimibaltic-res.cloudinary.com/image/upload/b_white,c_limit,dpr_auto,f_auto,h_216,q_1,w_216/d_ecommerce:backend-fallback.png/MAT_128998_PCE_LT"
Rimi,"Kukurūzų spragėsiai su druska, ESTRELLA, 90g",1.35,"https://rimibaltic-res.cloudinary.com/image/upload/b_white,c_limit,dpr_auto,f_auto,h_216,q_1,w_216/d_ecommerce:backend-fallback.png/MAT_159154_PCE_LT"
Rimi,"Šv.melionų, mangų, anan. sultys SUN365, 500ml",2.79,"https://rimibaltic-res.cloudinary.com/image/upload/b_white,c_limit,dpr_auto,f_auto,h_216,q_1,w_216/d_ecommerce:backend-fallback.png/MAT_1358410_PCE_LT"
Rimi,"Vaisinė arbata su ob., cin., ŽOLYNĖLIS, 50 g",2.49,"https://rimibaltic-res.cloudinary.com/image/upload/b_white,c_limit,dpr_1.0,f_auto,q_auto:low,w_150/d_ecommerce:backend-fallback.png/MAT_182665_PCE_LT"
Rimi,"Gazuotas gerimas COCA COLA ZERO, 500ml",1.16,"https://rimibaltic-res.cloudinary.com/image/upload/b_white,c_limit,dpr_1.0,f_auto,q_auto:low,w_150/d_ecommerce:backend-fallback.png/MAT_1353151_PCE_LT"
Rimi,"Vafliniai saldainiai MEŠKA ŠIAURĖJE, 1 kg",11.99,"https://rimibaltic-res.cloudinary.com/image/upload/b_white,c_limit,dpr_auto,f_auto,h_216,q_1,w_216/d_ecommerce:backend-fallback.png/MAT_157852_KGM_LT"
Rimi,"Higien.įklotai LIBRESSE CLASSIC, 50vnt",2.09,"https://rimibaltic-res.cloudinary.com/image/upload/b_white,c_limit,dpr_auto,f_auto,h_216,q_1,w_216/d_ecommerce:backend-fallback.png/MAT_666042_PCE_LT"
Rimi,"Pikant. gruzdintos bulvių skiltelės RIMI, 1kg",4.59,"https://rimibaltic-res.cloudinary.com/image/upload/b_white,c_limit,dpr_auto,f_auto,h_216,q_1,w_216/d_ecommerce:backend-fallback.png/MAT_811413_PCE_LT"
Rimi,"Tradicinės DAUMANTŲ aštrios garstyčios, 185g",0.99,"https://rimibaltic-res.cloudinary.com/image/upload/b_white,c_limit,dpr_auto,f_auto,h_216,q_1,w_216/d_ecommerce:backend-fallback.png/MAT_186888_PCE_LT"
Rimi,"Granola su įvair. vaisiais HERKULESS, 350 g",3.19,"https://rimibaltic-res.cloudinary.com/image/upload/b_white,c_limit,dpr_auto,f_auto,h_216,q_1,w_216/d_ecommerce:backend-fallback.png/MAT_176670_PCE_LT"
Rimi,"Pomidorų ir paprikų sk.tortilijos DIJO, 250 g",2.15,"https://rimibaltic-res.cloudinary.com/image/upload/b_white,c_limit,dpr_auto,f_auto,h_216,q_1,w_216/d_ecommerce:backend-fallback.png/MAT_176788_PCE_LT"
Rimi,"RAMBYNO lydytas sūris, pjausytas, 45%, 150g",1.99,"https://rimibaltic-res.cloudinary.com/image/upload/b_white,c_limit,dpr_auto,f_auto,h_216,q_1,w_216/d_ecommerce:backend-fallback.png/MAT_270760_PCE_LT"
Rimi,"Sausainiai GAIDELIS SPANGUOLĖ, 160 g",0.85,"https://rimibaltic-res.cloudinary.com/image/upload/b_white,c_limit,dpr_auto,f_auto,h_216,q_1,w_216/d_ecommerce:backend-fallback.png/MAT_1000163_PCE_LT"
Rimi,"Sušių ryžiai RIMI PLANET, 500 g",1.95,"https://rimibaltic-res.cloudinary.com/image/upload/b_white,c_limit,dpr_auto,f_auto,h_216,q_1,w_216/d_ecommerce:backend-fallback.png/MAT_803613_PCE_LT"
Rimi,"Žaliojo kario pasta ICA, 114g",4.09,"https://rimibaltic-res.cloudinary.com/image/upload/b_white,c_limit,dpr_auto,f_auto,h_216,q_1,w_216/d_ecommerce:backend-fallback.png/MAT_810922_PCE_LT"
Rimi,"Prieskonių mišinys šašlykams SALDVA, 45g",0.79,"https://rimibaltic-res.cloudinary.com/image/upload/b_white,c_limit,dpr_auto,f_auto,h_216,q_1,w_216/d_ecommerce:backend-fallback.png/MAT_154760_PCE_LT"
Rimi,"Raudonėliai SANTA MARIA, 5g",1.69,"https://rimibaltic-res.cloudinary.com/image/upload/b_white,c_limit,dpr_1.0,f_auto,q_auto:low,w_150/d_ecommerce:backend-fallback.png/MAT_100561_PCE_LT"
Rimi,"Kajeno aitriosios paprikos SANTA MARIA, 30 g",1.69,"https://rimibaltic-res.cloudinary.com/image/upload/b_white,c_limit,dpr_1.0,f_auto,q_auto:low,w_150/d_ecommerce:backend-fallback.png/MAT_100480_PCE_LT"
Rimi,"Studentų maistas ARIMEX PREMIUM, 500g",6.79,"https://rimibaltic-res.cloudinary.com/image/upload/b_white,c_limit,dpr_1.0,f_auto,q_auto:low,w_150/d_ecommerce:backend-fallback.png/MAT_134967_PCE_LT"
Rimi,"Kvapieji pipirai SANTA MARIA, 15 g",1.65,"https://rimibaltic-res.cloudinary.com/image/upload/b_white,c_limit,dpr_auto,f_auto,h_216,q_1,w_216/d_ecommerce:backend-fallback.png/MAT_100552_PCE_LT"
Rimi,DZŪKIJOS VAFLINIAI VAMZDELIAI su įd. 180 g,2.05,"https://rimibaltic-res.cloudinary.com/image/upload/b_white,c_limit,dpr_auto,f_auto,h_216,q_1,w_216/d_ecommerce:backend-fallback.png/MAT_1007089_PCE_LT"
Rimi,"Jog. žolel. sk. bulvių traškučiai LAYS, 180 g",3.59,"https://rimibaltic-res.cloudinary.com/image/upload/b_white,c_limit,dpr_auto,f_auto,h_216,q_1,w_216/d_ecommerce:backend-fallback.png/MAT_1008374_PCE_LT"
Rimi,"Saldainiai PUPA, 1 kg",8.39,"https://rimibaltic-res.cloudinary.com/image/upload/b_white,c_limit,dpr_auto,f_auto,h_216,q_1,w_216/d_ecommerce:backend-fallback.png/MAT_140581_KGM_LT"
Rimi,"Valg. ledai RIMI MINI HEARTS MIX, 555 ml/375g",6.99,"https://rimibaltic-res.cloudinary.com/image/upload/b_white,c_limit,dpr_auto,f_auto,h_216,q_1,w_216/d_ecommerce:backend-fallback.png/MAT_813239_PCE_LT"
Rimi,"Bandelė su mėsa, 70 g",0.99,"https://rimibaltic-res.cloudinary.com/image/upload/b_white,c_limit,dpr_auto,f_auto,h_216,q_1,w_216/d_ecommerce:backend-fallback.png/MAT_964924_PCE_LT"
Rimi,"Anakardžių riešutai RIMI, 700 g",10.49,"https://rimibaltic-res.cloudinary.com/image/upload/b_white,c_limit,dpr_auto,f_auto,h_216,q_1,w_216/d_ecommerce:backend-fallback.png/MAT_815068_PCE_LT"
Rimi,"Pica su kumpiu ir sūriais RIMI SMART, 350 g",2.69,"https://rimibaltic-res.cloudinary.com/image/upload/b_white,c_limit,dpr_auto,f_auto,h_216,q_1,w_216/d_ecommerce:backend-fallback.png/MAT_815857_PCE_LT"
Rimi,"Ekol. darž. sriuba MINESTRONE ACTIVUS, 400 g",2.39,"https://rimibaltic-res.cloudinary.com/image/upload/b_white,c_limit,dpr_auto,f_auto,h_216,q_1,w_216/d_ecommerce:backend-fallback.png/MAT_1020300_PCE_LT"
Rimi,"Šokoladas su spanguolėmis RŪTA, 100 g",4.39,"https://rimibaltic-res.cloudinary.com/image/upload/b_white,c_limit,dpr_auto,f_auto,h_216,q_1,w_216/d_ecommerce:backend-fallback.png/MAT_176775_PCE_LT"
Rimi,"Baterijos ENERGIZER MAX LR03 AAA, 4 vnt.",5.59,"https://rimibaltic-res.cloudinary.com/image/upload/b_white,c_limit,dpr_auto,f_auto,h_216,q_1,w_216/d_ecommerce:backend-fallback.png/MAT_7055441_PCE_LT"
Rimi,"Baltojo šokolado diskeliai RIMI, 100g",3.99,"https://rimibaltic-res.cloudinary.com/image/upload/b_white,c_limit,dpr_auto,f_auto,h_216,q_1,w_216/d_ecommerce:backend-fallback.png/MAT_811017_PCE_LT"
Rimi,"Trapučiai su karamelės gabaliukais KUPIEC,70g",2.79,"https://rimibaltic-res.cloudinary.com/image/upload/b_white,c_limit,dpr_auto,f_auto,h_216,q_1,w_216/d_ecommerce:backend-fallback.png/MAT_1001069_PCE_LT"
Rimi,"Makaronai I LOVE ECO SPAGHETTI, 500 g",3.39,"https://rimibaltic-res.cloudinary.com/image/upload/b_white,c_limit,dpr_1.0,f_auto,q_auto:low,w_150/d_ecommerce:backend-fallback.png/MAT_809954_PCE_LT"
Rimi,"5 rūšių pipirų mišinys, SANTA MARIA, 25g",1.75,"https://rimibaltic-res.cloudinary.com/image/upload/b_white,c_limit,dpr_1.0,f_auto,q_auto:low,w_150/d_ecommerce:backend-fallback.png/MAT_100228_PCE_LT"
Rimi,"Arbata su šaltalan. ETNO SAULĖTAS RYTAS, 40 g",2.69,"https://rimibaltic-res.cloudinary.com/image/upload/b_white,c_limit,dpr_1.0,f_auto,q_auto:low,w_150/d_ecommerce:backend-fallback.png/MAT_182664_PCE_LT"
Rimi,"Citrin. žuvies prieskoniai, SANTA MARIA, 23g",1.25,"https://rimibaltic-res.cloudinary.com/image/upload/b_white,c_limit,dpr_auto,f_auto,h_216,q_1,w_216/d_ecommerce:backend-fallback.png/MAT_100245_PCE_LT"
Rimi,"Ek. arb. gėrimas SUN365 KOMBUCHA TRADIT., 1l",3.69,"https://rimibaltic-res.cloudinary.com/image/upload/b_white,c_limit,dpr_auto,f_auto,h_216,q_1,w_216/d_ecommerce:backend-fallback.png/MAT_1368196_PCE_LT"
Rimi,"Gaivusis gėrimas COCA COLA, 200ml",0.89,"https://rimibaltic-res.cloudinary.com/image/upload/b_white,c_limit,dpr_auto,f_auto,h_216,q_1,w_216/d_ecommerce:backend-fallback.png/MAT_1359043_PCE_LT"
Rimi,"ANANASINIAI saldainiai, 1kg",7.59,"https://rimibaltic-res.cloudinary.com/image/upload/b_white,c_limit,dpr_auto,f_auto,h_216,q_1,w_216/d_ecommerce:backend-fallback.png/MAT_145327_KGM_LT"
Rimi,"Žuvies padažas AJI, 200ml",2.95,"https://rimibaltic-res.cloudinary.com/image/upload/b_white,c_limit,dpr_auto,f_auto,h_216,q_1,w_216/d_ecommerce:backend-fallback.png/MAT_192483_PCE_LT"
Rimi,"Bulvių košė RIMI, 200g",2.19,"https://rimibaltic-res.cloudinary.com/image/upload/b_white,c_limit,dpr_auto,f_auto,h_216,q_1,w_216/d_ecommerce:backend-fallback.png/MAT_802318_PCE_LT"
Rimi,"Skystojo muilo papildymas DOVE FRESH, 500ml",4.99,"https://rimibaltic-res.cloudinary.com/image/upload/b_white,c_limit,dpr_auto,f_auto,h_216,q_1,w_216/d_ecommerce:backend-fallback.png/MAT_765950_PCE_LT"
Rimi,"Zefyriniai saldainiai RIMI, 300g",1.99,"https://rimibaltic-res.cloudinary.com/image/upload/b_white,c_limit,dpr_auto,f_auto,h_216,q_1,w_216/d_ecommerce:backend-fallback.png/MAT_808976_PCE_LT"
Rimi,"Cinamono lazdelės KOTANYI, 17g",2.29,"https://rimibaltic-res.cloudinary.com/image/upload/b_white,c_limit,dpr_1.0,f_auto,q_auto:low,w_150/d_ecommerce:backend-fallback.png/MAT_132790_PCE_LT"
Rimi,"Saldainiai PAUKŠČIŲ PIENAS V. PERGALĖ, 155 g",3.99,"https://rimibaltic-res.cloudinary.com/image/upload/b_white,c_limit,dpr_1.0,f_auto,q_auto:low,w_150/d_ecommerce:backend-fallback.png/MAT_165435_PCE_LT"
Rimi,"Majonezas ICA ASIA SRIRACHA, 250 ml",4.49,"https://rimibaltic-res.cloudinary.com/image/upload/b_white,c_limit,dpr_auto,f_auto,h_216,q_1,w_216/d_ecommerce:backend-fallback.png/MAT_813751_PCE_LT"
Rimi,"Malta aitrioji rūkyta paprika SALDVA, 25 g",0.99,"https://rimibaltic-res.cloudinary.com/image/upload/b_white,c_limit,dpr_auto,f_auto,h_216,q_1,w_216/d_ecommerce:backend-fallback.png/MAT_177531_PCE_LT"
Rimi,"Juodoji arbata AHMAD TEA EARL GREY, 100 g",4.99,"https://rimibaltic-res.cloudinary.com/image/upload/b_white,c_limit,dpr_auto,f_auto,h_216,q_1,w_216/d_ecommerce:backend-fallback.png/MAT_103501_PCE_LT"
Rimi,"Mangų sk. valg. ledai su įd. AURUM, 150ml/98g",1.59,"https://rimibaltic-res.cloudinary.com/image/upload/b_white,c_limit,dpr_auto,f_auto,h_216,q_1,w_216/d_ecommerce:backend-fallback.png/MAT_987810_PCE_LT"
Rimi,"Skumbrė pomidorų padaže BRIVAIS VILNIS, 240 g",2.59,"https://rimibaltic-res.cloudinary.com/image/upload/b_white,c_limit,dpr_auto,f_auto,h_216,q_1,w_216/d_ecommerce:backend-fallback.png/MAT_267989_PCE_LT"
Rimi,"Ananasų ir kokosų sultys PFANNER, 1 l",2.59,"https://rimibaltic-res.cloudinary.com/image/upload/b_white,c_limit,dpr_auto,f_auto,h_216,q_1,w_216/d_ecommerce:backend-fallback.png/MAT_188851_PCE_LT"
Rimi,"Maisto papildas magnis ICA, 100 kapsulių",5.99,"https://rimibaltic-res.cloudinary.com/image/upload/b_white,c_limit,dpr_auto,f_auto,h_216,q_1,w_216/d_ecommerce:backend-fallback.png/MAT_811445_PCE_LT"
Rimi,"Raudonųjų vynuogių nektaras RIMI, 1 l",1.69,"https://rimibaltic-res.cloudinary.com/image/upload/b_white,c_limit,dpr_auto,f_auto,h_216,q_1,w_216/d_ecommerce:backend-fallback.png/MAT_803424_PCE_LT"
Rimi,"Pomidorų sultys HEINZ, 290 ml",1.99,"https://rimibaltic-res.cloudinary.com/image/upload/b_white,c_limit,dpr_auto,f_auto,h_216,q_1,w_216/d_ecommerce:backend-fallback.png/MAT_147468_PCE_LT"
Rimi,"Želė saldainiai Kirminai RIMI, 100 g",0.89,"https://rimibaltic-res.cloudinary.com/image/upload/b_white,c_limit,dpr_auto,f_auto,h_216,q_1,w_216/d_ecommerce:backend-fallback.png/MAT_812317_PCE_LT"
Rimi,"GARDĖSIO sumuštinių duona su kefyru, 450g",1.83,"https://rimibaltic-res.cloudinary.com/image/upload/b_white,c_limit,dpr_auto,f_auto,h_216,q_1,w_216/d_ecommerce:backend-fallback.png/MAT_931956_PCE_LT"
Rimi,"Desertinio glajaus pieštukai, 76g",3.29,"https://rimibaltic-res.cloudinary.com/image/upload/b_white,c_limit,dpr_1.0,f_auto,q_auto:low,w_150/d_ecommerce:backend-fallback.png/MAT_153659_PCE_LT"
Rimi,"Makaronai DOBELE CHIFFARI LISCHI, 500 g",1.49,"https://rimibaltic-res.cloudinary.com/image/upload/b_white,c_limit,dpr_1.0,f_auto,q_auto:low,w_150/d_ecommerce:backend-fallback.png/MAT_1004574_PCE_LT"
Rimi,"Džiovinti abrikosai I LOVE ECO, 200g",4.49,"https://rimibaltic-res.cloudinary.com/image/upload/b_white,c_limit,dpr_1.0,f_auto,q_auto:low,w_150/d_ecommerce:backend-fallback.png/MAT_810601_PCE_LT"
Rimi,"Gazuotas gaivusis gėrimas SPRITE ZERO, 1,5 l",2.15,"https://rimibaltic-res.cloudinary.com/image/upload/b_white,c_limit,dpr_auto,f_auto,h_216,q_1,w_216/d_ecommerce:backend-fallback.png/MAT_1368094_PCE_LT"
Rimi,"Vanil. valg. ledai su karam. DIONE, 90ml/ 79g",2.29,"https://rimibaltic-res.cloudinary.com/image/upload/b_white,c_limit,dpr_auto,f_auto,h_216,q_1,w_216/d_ecommerce:backend-fallback.png/MAT_977381_PCE_LT"
Rimi,"Valymo pienelis CIF CREAM ULTRAWHITE, 500ml",3.59,"https://rimibaltic-res.cloudinary.com/image/upload/b_white,c_limit,dpr_auto,f_auto,h_216,q_1,w_216/d_ecommerce:backend-fallback.png/MAT_7002086_PCE_LT"
Rimi,"Granola su braškėmis HERKULESS, 350 g",3.19,"https://rimibaltic-res.cloudinary.com/image/upload/b_white,c_limit,dpr_auto,f_auto,h_216,q_1,w_216/d_ecommerce:backend-fallback.png/MAT_176660_PCE_LT"
Rimi,"Sausainiai RIMI SFOGLIATINE, 200 g",2.69,"https://rimibaltic-res.cloudinary.com/image/upload/b_white,c_limit,dpr_auto,f_auto,h_216,q_1,w_216/d_ecommerce:backend-fallback.png/MAT_807795_PCE_LT"
Rimi,"Batonėlis su spanguolėmis CORNY BIG, 50 g",1.09,"https://rimibaltic-res.cloudinary.com/image/upload/b_white,c_limit,dpr_auto,f_auto,h_216,q_1,w_216/d_ecommerce:backend-fallback.png/MAT_135498_PCE_LT"
Rimi,"Kepimo mišinys vaniliniam keksui RIMI, 400 g",1.72,"https://rimibaltic-res.cloudinary.com/image/upload/b_white,c_limit,dpr_auto,f_auto,h_216,q_1,w_216/d_ecommerce:backend-fallback.png/MAT_811308_PCE_LT"
Rimi,"Pomidorų sultys CIDO, 1,5 l",2.49,"https://rimibaltic-res.cloudinary.com/image/upload/b_white,c_limit,dpr_auto,f_auto,h_216,q_1,w_216/d_ecommerce:backend-fallback.png/MAT_107890_PCE_LT"
Rimi,"Šaldyti sojų kukuliukai ANAMMA, 300 g",4.99,"https://rimibaltic-res.cloudinary.com/image/upload/b_white,c_limit,dpr_auto,f_auto,h_216,q_1,w_216/d_ecommerce:backend-fallback.png/MAT_949086_PCE_LT"
Rimi,"Pien.šok.saldainiai su migdol. MONT BLANC, kg",18.99,"https://rimibaltic-res.cloudinary.com/image/upload/b_white,c_limit,dpr_auto,f_auto,h_216,q_1,w_216/d_ecommerce:backend-fallback.png/MAT_1014568_KGM_LT"
Rimi,"Saldainiai GAIDELIS, 1 kg",9.99,"https://rimibaltic-res.cloudinary.com/image/upload/b_white,c_limit,dpr_auto,f_auto,h_216,q_1,w_216/d_ecommerce:backend-fallback.png/MAT_1016894_KGM_LT"
Rimi,"Kavos gėrimas NESCAFÉ CLASSIC 3 in 1, 165 g",2.85,"https://rimibaltic-res.cloudinary.com/image/upload/b_white,c_limit,dpr_auto,f_auto,h_216,q_1,w_216/d_ecommerce:backend-fallback.png/MAT_193838_PCE_LT"
Rimi,"Makaronai SELECTION BY RIMI PENNONI, 500 g",2.35,"https://rimibaltic-res.cloudinary.com/image/upload/b_white,c_limit,dpr_auto,f_auto,h_216,q_1,w_216/d_ecommerce:backend-fallback.png/MAT_803294_PCE_LT"
Rimi,"Kuskusas su čederio sūriu ACTIVUS, 60 g",1.19,"https://rimibaltic-res.cloudinary.com/image/upload/b_white,c_limit,dpr_1.0,f_auto,q_auto:low,w_150/d_ecommerce:backend-fallback.png/MAT_1007226_PCE_LT"
Rimi,"Maisto pap. geležis + vitamin.C ICA,100 tabl.",3.99,"https://rimibaltic-res.cloudinary.com/image/upload/b_white,c_limit,dpr_1.0,f_auto,q_auto:low,w_150/d_ecommerce:backend-fallback.png/MAT_811578_PCE_LT"
Rimi,"Virtuvės valiklis TRI-BIO, 420 ml",4.69,"https://rimibaltic-res.cloudinary.com/image/upload/b_white,c_limit,dpr_1.0,f_auto,q_auto:low,w_150/d_ecommerce:backend-fallback.png/MAT_7259247_PCE_LT"
Rimi,"Žolelių arbata LOYD WARMING LEMON, 20 pak.",2.99,"https://rimibaltic-res.cloudinary.com/image/upload/b_white,c_limit,dpr_auto,f_auto,h_216,q_1,w_216/d_ecommerce:backend-fallback.png/MAT_163539_PCE_LT"
Rimi,"Gaz. gaivusis gėrimas COCA-COLA,0,33l,butelis",1.35,"https://rimibaltic-res.cloudinary.com/image/upload/b_white,c_limit,dpr_auto,f_auto,h_216,q_1,w_216/d_ecommerce:backend-fallback.png/MAT_1366666_PCE_LT"
Rimi,"Padažas HELLMANN'S CHUNKY BURGER, 250 ml",3.15,"https://rimibaltic-res.cloudinary.com/image/upload/b_white,c_limit,dpr_auto,f_auto,h_216,q_1,w_216/d_ecommerce:backend-fallback.png/MAT_941386_PCE_LT"
Rimi,"Šalto rūkymo vaivor. upėtakio filė RIMI, 100g",3.99,"https://rimibaltic-res.cloudinary.com/image/upload/b_white,c_limit,dpr_auto,f_auto,h_216,q_1,w_216/d_ecommerce:backend-fallback.png/MAT_810352_PCE_LT"
Rimi,"Česnakinis padažas HESBURGER, 370g",2.99,"https://rimibaltic-res.cloudinary.com/image/upload/b_white,c_limit,dpr_auto,f_auto,h_216,q_1,w_216/d_ecommerce:backend-fallback.png/MAT_177644_PCE_LT"
Rimi,"Ekologiški graikiniai riešutai ARIMEX, 150g",4.99,"https://rimibaltic-res.cloudinary.com/image/upload/b_white,c_limit,dpr_auto,f_auto,h_216,q_1,w_216/d_ecommerce:backend-fallback.png/MAT_186991_PCE_LT"
Rimi,"Smulkintas tunas aliejuje NORTHLAND, 425 g",3.59,"https://rimibaltic-res.cloudinary.com/image/upload/b_white,c_limit,dpr_auto,f_auto,h_216,q_1,w_216/d_ecommerce:backend-fallback.png/MAT_812666_PCE_LT"
Rimi,"Kr. gumos sk. ledai su zefyr. KAR KAR, 950 ml",7.99,"https://rimibaltic-res.cloudinary.com/image/upload/b_white,c_limit,dpr_auto,f_auto,h_216,q_1,w_216/d_ecommerce:backend-fallback.png/MAT_958561_PCE_LT"
Rimi,"RAMBYNO lyd. sūris su kump., pj., 45%, 150g",1.99,"https://rimibaltic-res.cloudinary.com/image/upload/b_white,c_limit,dpr_1.0,f_auto,q_auto:low,w_150/d_ecommerce:backend-fallback.png/MAT_272053_PCE_LT"
Rimi,"Saldžios kukurūzų lazdelės AHA, 110g",1.25,"https://rimibaltic-res.cloudinary.com/image/upload/b_white,c_limit,dpr_1.0,f_auto,q_auto:low,w_150/d_ecommerce:backend-fallback.png/MAT_165421_PCE_LT"
Rimi,"Ledinukai HALLS FOREST FRUIT, 33,5g",0.99,"https://rimibaltic-res.cloudinary.com/image/upload/b_white,c_limit,dpr_auto,f_auto,h_216,q_1,w_216/d_ecommerce:backend-fallback.png/MAT_141823_PCE_LT"
Rimi,"Guminukai RED BAND TUTTI FRUTTI, 15g",0.49,"https://rimibaltic-res.cloudinary.com/image/upload/b_white,c_limit,dpr_auto,f_auto,h_216,q_1,w_216/d_ecommerce:backend-fallback.png/MAT_101372_PCE_LT"
Rimi,"Jūr. druska kajen.pip., SELECTION BY RIMI, 90",2.99,"https://rimibaltic-res.cloudinary.com/image/upload/b_white,c_limit,dpr_auto,f_auto,h_216,q_1,w_216/d_ecommerce:backend-fallback.png/MAT_810217_PCE_LT"
Rimi,"Dribsniai su šokoladu, braškėmis RIMI, 400 g",3.29,"https://rimibaltic-res.cloudinary.com/image/upload/b_white,c_limit,dpr_auto,f_auto,h_216,q_1,w_216/d_ecommerce:backend-fallback.png/MAT_811906_PCE_LT"
Rimi,"Kokosų sk. dražė su kakav.,glaj., SKAWA, 70g",0.79,"https://rimibaltic-res.cloudinary.com/image/upload/b_white,c_limit,dpr_auto,f_auto,h_216,q_1,w_216/d_ecommerce:backend-fallback.png/MAT_147526_PCE_LT"
Rimi,"Malta kava SELECTION BY RIMI BRAZIL, 250 g",6.29,"https://rimibaltic-res.cloudinary.com/image/upload/b_white,c_limit,dpr_auto,f_auto,h_216,q_1,w_216/d_ecommerce:backend-fallback.png/MAT_804468_PCE_LT"
Rimi,"Ekologiškas obuolių actas BIONATURALIS, 300ml",2.19,"https://rimibaltic-res.cloudinary.com/image/upload/b_white,c_limit,dpr_auto,f_auto,h_216,q_1,w_216/d_ecommerce:backend-fallback.png/MAT_188828_PCE_LT"
Rimi,"Juodasis šokoladas PERGALĖ, 72 %, 200 g",5.79,"https://rimibaltic-res.cloudinary.com/image/upload/b_white,c_limit,dpr_auto,f_auto,h_216,q_1,w_216/d_ecommerce:backend-fallback.png/MAT_1013831_PCE_LT"
Rimi,"Sojų pupelės NICE N EASY, 400 g",3.99,"https://rimibaltic-res.cloudinary.com/image/upload/b_white,c_limit,dpr_auto,f_auto,h_216,q_1,w_216/d_ecommerce:backend-fallback.png/MAT_4002193_PCE_LT"
Rimi,"Greitai užšaldyti mangai RIMI, 1 kg",7.59,"https://rimibaltic-res.cloudinary.com/image/upload/b_white,c_limit,dpr_auto,f_auto,h_216,q_1,w_216/d_ecommerce:backend-fallback.png/MAT_815809_PCE_LT"
Rimi,"Sūdyti bulvių traškučiai ICA, 200 g",2.59,"https://rimibaltic-res.cloudinary.com/image/upload/b_white,c_limit,dpr_auto,f_auto,h_216,q_1,w_216/d_ecommerce:backend-fallback.png/MAT_815979_PCE_LT"
Rimi,"Šaldyti bulviniai blynai AVIKO ROSTI, 750 g",3.79,"https://rimibaltic-res.cloudinary.com/image/upload/b_white,c_limit,dpr_1.0,f_auto,q_auto:low,w_150/d_ecommerce:backend-fallback.png/MAT_4008724_PCE_LT"
Rimi,"Sausainiai su spang. balt. šok. RIMI, 150 g",1.79,"https://rimibaltic-res.cloudinary.com/image/upload/b_white,c_limit,dpr_1.0,f_auto,q_auto:low,w_150/d_ecommerce:backend-fallback.png/MAT_811477_PCE_LT"
Rimi,"Sojų miso sk.makaronų sriuba OYAKATA, 66g",2.49,"https://rimibaltic-res.cloudinary.com/image/upload/b_white,c_limit,dpr_1.0,f_auto,q_auto:low,w_150/d_ecommerce:backend-fallback.png/MAT_195884_PCE_LT"
Rimi,"Žal. alyvuog. HOJIBLANCA RIMI, 935 g / 455 g",4.99,"https://rimibaltic-res.cloudinary.com/image/upload/b_white,c_limit,dpr_auto,f_auto,h_216,q_1,w_216/d_ecommerce:backend-fallback.png/MAT_807162_PCE_LT"
Rimi,"Žolelės ir pipirai SELECTION BY RIMI, 20g",3.49,"https://rimibaltic-res.cloudinary.com/image/upload/b_white,c_limit,dpr_auto,f_auto,h_216,q_1,w_216/d_ecommerce:backend-fallback.png/MAT_803453_PCE_LT"
Rimi,"Silkių filė su burok. majon. pad. ZIGMAS,300g",2.29,"https://rimibaltic-res.cloudinary.com/image/upload/b_white,c_limit,dpr_auto,f_auto,h_216,q_1,w_216/d_ecommerce:backend-fallback.png/MAT_958290_PCE_LT"
Rimi,"Koldūnai LIŪTUKAS, 700 g",3.49,"https://rimibaltic-res.cloudinary.com/image/upload/b_white,c_limit,dpr_auto,f_auto,h_216,q_1,w_216/d_ecommerce:backend-fallback.png/MAT_248679_PCE_LT"
Rimi,"Kl. majonezas VILNIUS VEGAN, 45% rieb., 250ml",2.49,"https://rimibaltic-res.cloudinary.com/image/upload/b_white,c_limit,dpr_auto,f_auto,h_216,q_1,w_216/d_ecommerce:backend-fallback.png/MAT_920628_PCE_LT"
Rimi,"Kukurūz. dribsniai su žem. rieš., RIMI, 300 g",1.99,"https://rimibaltic-res.cloudinary.com/image/upload/b_white,c_limit,dpr_auto,f_auto,h_216,q_1,w_216/d_ecommerce:backend-fallback.png/MAT_803537_PCE_LT"
Rimi,"Kaimiški riestainiai JAVINĖ, 300 g",1.73,"https://rimibaltic-res.cloudinary.com/image/upload/b_white,c_limit,dpr_auto,f_auto,h_216,q_1,w_216/d_ecommerce:backend-fallback.png/MAT_975669_PCE_LT"
Rimi,"Padažas HOISIN BLUE DRAGON, 200ml",3.45,"https://rimibaltic-res.cloudinary.com/image/upload/b_white,c_limit,dpr_auto,f_auto,h_216,q_1,w_216/d_ecommerce:backend-fallback.png/MAT_111459_PCE_LT"
Rimi,"Javainis su kokosu CORNY BIG,50 g",1.09,"https://rimibaltic-res.cloudinary.com/image/upload/b_white,c_limit,dpr_auto,f_auto,h_216,q_1,w_216/d_ecommerce:backend-fallback.png/MAT_155423_PCE_LT"
Rimi,"Juodieji pipirai SELECTION BY RIMI, 45g",3.49,"https://rimibaltic-res.cloudinary.com/image/upload/b_white,c_limit,dpr_auto,f_auto,h_216,q_1,w_216/d_ecommerce:backend-fallback.png/MAT_809846_PCE_LT"
Rimi,"Penkių pipirų mišinys SELECTION BY RIMI, 40g",3.49,"https://rimibaltic-res.cloudinary.com/image/upload/b_white,c_limit,dpr_auto,f_auto,h_216,q_1,w_216/d_ecommerce:backend-fallback.png/MAT_809935_PCE_LT"
Rimi,"Saldžiarūgštis padažas su ananas., RIMI, 480g",2.25,"https://rimibaltic-res.cloudinary.com/image/upload/b_white,c_limit,dpr_auto,f_auto,h_216,q_1,w_216/d_ecommerce:backend-fallback.png/MAT_808335_PCE_LT"
Rimi,"Aviž. baton. su pek. pinijomis MA BAKER, 90 g",1.59,"https://rimibaltic-res.cloudinary.com/image/upload/b_white,c_limit,dpr_1.0,f_auto,q_auto:low,w_150/d_ecommerce:backend-fallback.png/MAT_194667_PCE_LT"
Rimi,"Avižin. batonėlis su spanguol. MA BAKER, 90 g",1.59,"https://rimibaltic-res.cloudinary.com/image/upload/b_white,c_limit,dpr_1.0,f_auto,q_auto:low,w_150/d_ecommerce:backend-fallback.png/MAT_192455_PCE_LT"
Rimi,"Ekologiški migdolų riešutai I LOVE ECO, 100g",2.59,"https://rimibaltic-res.cloudinary.com/image/upload/b_white,c_limit,dpr_1.0,f_auto,q_auto:low,w_150/d_ecommerce:backend-fallback.png/MAT_806901_PCE_LT"
Rimi,"Sūrio padažas SANTA MARIA, 250 g",3.99,"https://rimibaltic-res.cloudinary.com/image/upload/b_white,c_limit,dpr_1.0,f_auto,q_auto:low,w_150/d_ecommerce:backend-fallback.png/MAT_126777_PCE_LT"
Rimi,"Avokadų padažas SANTA MARIA GUACAMOLE, 250g",3.79,"https://rimibaltic-res.cloudinary.com/image/upload/b_white,c_limit,dpr_auto,f_auto,h_216,q_1,w_216/d_ecommerce:backend-fallback.png/MAT_133604_PCE_LT"
Rimi,"Migdolai ARIMEX, 300g",7.49,"https://rimibaltic-res.cloudinary.com/image/upload/b_white,c_limit,dpr_auto,f_auto,h_216,q_1,w_216/d_ecommerce:backend-fallback.png/MAT_161444_PCE_LT"
Rimi,"Pien.šok. batonėlis su nuga, karam., MARS, 70",1.59,"https://rimibaltic-res.cloudinary.com/image/upload/b_white,c_limit,dpr_auto,f_auto,h_216,q_1,w_216/d_ecommerce:backend-fallback.png/MAT_182443_PCE_LT"
Rimi,"Ving. bekon. sk. bulv. trašk. ESTRELLA, 130g",2.35,"https://rimibaltic-res.cloudinary.com/image/upload/b_white,c_limit,dpr_auto,f_auto,h_216,q_1,w_216/d_ecommerce:backend-fallback.png/MAT_198653_PCE_LT"
Rimi,"Higien.įklotai NATURELLA LIGHT, 52vnt",3.99,"https://rimibaltic-res.cloudinary.com/image/upload/b_white,c_limit,dpr_auto,f_auto,h_216,q_1,w_216/d_ecommerce:backend-fallback.png/MAT_7178103_PCE_LT"
Rimi,"Klasikinis pomidorų kečupas RIMI, 540g",2.99,"https://rimibaltic-res.cloudinary.com/image/upload/b_white,c_limit,dpr_auto,f_auto,h_216,q_1,w_216/d_ecommerce:backend-fallback.png/MAT_803418_PCE_LT"
Rimi,"Makaronai azij. stil. višt. sk. SUN YAN, 65 g",0.89,"https://rimibaltic-res.cloudinary.com/image/upload/b_white,c_limit,dpr_auto,f_auto,h_216,q_1,w_216/d_ecommerce:backend-fallback.png/MAT_1004740_PCE_LT"
Rimi,"Razinos ARIMEX, 500g",3.69,"https://rimibaltic-res.cloudinary.com/image/upload/b_white,c_limit,dpr_auto,f_auto,h_216,q_1,w_216/d_ecommerce:backend-fallback.png/MAT_147065_PCE_LT"
Rimi,"Juodoji Ceilono arbata RIMI, 20 vnt., 40 g",2.69,"https://rimibaltic-res.cloudinary.com/image/upload/b_white,c_limit,dpr_1.0,f_auto,q_auto:low,w_150/d_ecommerce:backend-fallback.png/MAT_804424_PCE_LT"
Rimi,"Žalioji arbata su jazminais RIMI, 40 g",2.49,"https://rimibaltic-res.cloudinary.com/image/upload/b_white,c_limit,dpr_1.0,f_auto,q_auto:low,w_150/d_ecommerce:backend-fallback.png/MAT_804450_PCE_LT"
Rimi,"MAMUKO avižų grik. miež. traiš. grūdai, 240 g",3.69,"https://rimibaltic-res.cloudinary.com/image/upload/b_white,c_limit,dpr_auto,f_auto,h_216,q_1,w_216/d_ecommerce:backend-fallback.png/MAT_7108747_PCE_LT"
Rimi,"Sausainiai su riešut. DZŪKIJA MALŪNO, 200 g",2.99,"https://rimibaltic-res.cloudinary.com/image/upload/b_white,c_limit,dpr_auto,f_auto,h_216,q_1,w_216/d_ecommerce:backend-fallback.png/MAT_177106_PCE_LT"
Rimi,"Ananasų nektaras CIDO, 1 l",2.29,"https://rimibaltic-res.cloudinary.com/image/upload/b_white,c_limit,dpr_auto,f_auto,h_216,q_1,w_216/d_ecommerce:backend-fallback.png/MAT_106756_PCE_LT"
Rimi,"Sodo prieskoninės žolelės SANTA MARIA, 29g",1.69,"https://rimibaltic-res.cloudinary.com/image/upload/b_white,c_limit,dpr_auto,f_auto,h_216,q_1,w_216/d_ecommerce:backend-fallback.png/MAT_191186_PCE_LT"
Rimi,Žaislas Princesės karūna,3.99,"https://rimibaltic-res.cloudinary.com/image/upload/b_white,c_limit,dpr_auto,f_auto,h_216,q_1,w_216/d_ecommerce:backend-fallback.png/MAT_7233473_PCE_LT"
Rimi,"Tunų gabaliukai savo sultyse SUN&SEA, 3 x 80g",3.99,"https://rimibaltic-res.cloudinary.com/image/upload/b_white,c_limit,dpr_auto,f_auto,h_216,q_1,w_216/d_ecommerce:backend-fallback.png/MAT_913418_PCE_LT"
Rimi,"Makaronai BARILLA TAGLIATELLE, 500 g",4.69,"https://rimibaltic-res.cloudinary.com/image/upload/b_white,c_limit,dpr_auto,f_auto,h_216,q_1,w_216/d_ecommerce:backend-fallback.png/MAT_108133_PCE_LT"
Rimi,Švarcvaldo šoninė Selection 100g,2.85,"https://rimibaltic-res.cloudinary.com/image/upload/b_white,c_limit,dpr_auto,f_auto,h_216,q_1,w_216/d_ecommerce:backend-fallback.png/MAT_811460_PCE_LT"
Rimi,"EKO sūdyti bulvių traškučiai I LOVE ECO, 175g",3.19,"https://rimibaltic-res.cloudinary.com/image/upload/b_white,c_limit,dpr_auto,f_auto,h_216,q_1,w_216/d_ecommerce:backend-fallback.png/MAT_155750_PCE_LT"
Rimi,"Žuvies priesk. žol. mišinys SANTA MARIA, 15g",1.05,"https://rimibaltic-res.cloudinary.com/image/upload/b_white,c_limit,dpr_auto,f_auto,h_216,q_1,w_216/d_ecommerce:backend-fallback.png/MAT_146047_PCE_LT"
Rimi,"Vaisinė arbata ETNO VAISINIS MALONUMAS, 44 g",2.69,"https://rimibaltic-res.cloudinary.com/image/upload/b_white,c_limit,dpr_auto,f_auto,h_216,q_1,w_216/d_ecommerce:backend-fallback.png/MAT_132722_PCE_LT"
Rimi,"Maisto papildas vitaminas D ICA,100 tablečių",3.39,"https://rimibaltic-res.cloudinary.com/image/upload/b_white,c_limit,dpr_1.0,f_auto,q_auto:low,w_150/d_ecommerce:backend-fallback.png/MAT_811455_PCE_LT"
Rimi,"Tiršta vištienos sriuba su skreb., MAGGI, 16g",0.68,"https://rimibaltic-res.cloudinary.com/image/upload/b_white,c_limit,dpr_1.0,f_auto,q_auto:low,w_150/d_ecommerce:backend-fallback.png/MAT_140055_PCE_LT"
Rimi,"Tartel. su karam. ir šok. BONNE MAMAN, 135 g",3.39,"https://rimibaltic-res.cloudinary.com/image/upload/b_white,c_limit,dpr_1.0,f_auto,q_auto:low,w_150/d_ecommerce:backend-fallback.png/MAT_177044_PCE_LT"
Rimi,"Vafliai ROSHEN WAFERS HAZELNUT, 216 g",1.89,"https://rimibaltic-res.cloudinary.com/image/upload/b_white,c_limit,dpr_auto,f_auto,h_216,q_1,w_216/d_ecommerce:backend-fallback.png/MAT_1002170_PCE_LT"
Rimi,"Sausos mielės ALVO, 25g",1.49,"https://rimibaltic-res.cloudinary.com/image/upload/b_white,c_limit,dpr_auto,f_auto,h_216,q_1,w_216/d_ecommerce:backend-fallback.png/MAT_177560_PCE_LT"
Rimi,"Ekol. varškytė su bananais MIAU, 6 %, 100 g",0.79,"https://rimibaltic-res.cloudinary.com/image/upload/b_white,c_limit,dpr_auto,f_auto,h_216,q_1,w_216/d_ecommerce:backend-fallback.png/MAT_265468_PCE_LT"
Rimi,"Apelsinų sultys GRANINI, 1 l",4.19,"https://rimibaltic-res.cloudinary.com/image/upload/b_white,c_limit,dpr_auto,f_auto,h_216,q_1,w_216/d_ecommerce:backend-fallback.png/MAT_1358834_PCE_LT"
Rimi,"Padažas sviestinei vištienai PATAKS, 450g",4.49,"https://rimibaltic-res.cloudinary.com/image/upload/b_white,c_limit,dpr_auto,f_auto,h_216,q_1,w_216/d_ecommerce:backend-fallback.png/MAT_1007724_PCE_LT"
Rimi,"Stambios baltos pupelės SKANĖJA, 450 g",2.19,"https://rimibaltic-res.cloudinary.com/image/upload/b_white,c_limit,dpr_auto,f_auto,h_216,q_1,w_216/d_ecommerce:backend-fallback.png/MAT_146706_PCE_LT"
Rimi,"Ledinukai HALLS EXTRA STRONG, 33,5g",0.99,"https://rimibaltic-res.cloudinary.com/image/upload/b_white,c_limit,dpr_auto,f_auto,h_216,q_1,w_216/d_ecommerce:backend-fallback.png/MAT_100909_PCE_LT"
Rimi,"Gazuotas gėrimas tonikas RIMI, 1,5 l",1.79,"https://rimibaltic-res.cloudinary.com/image/upload/b_white,c_limit,dpr_auto,f_auto,h_216,q_1,w_216/d_ecommerce:backend-fallback.png/MAT_1360064_PCE_LT"
Rimi,"Valg. ledai su mangų gl. NYKŠTUKAS, 80ml/ 64g",1.29,"https://rimibaltic-res.cloudinary.com/image/upload/b_white,c_limit,dpr_auto,f_auto,h_216,q_1,w_216/d_ecommerce:backend-fallback.png/MAT_963314_PCE_LT"
Rimi,"Kepinti žemės riešutai drusk., ESTRELLA, 140g",3.09,"https://rimibaltic-res.cloudinary.com/image/upload/b_white,c_limit,dpr_auto,f_auto,h_216,q_1,w_216/d_ecommerce:backend-fallback.png/MAT_176565_PCE_LT"
Rimi,"Ramunėlių arbata RIMI, 20 x 1 g",1.39,"https://rimibaltic-res.cloudinary.com/image/upload/b_white,c_limit,dpr_auto,f_auto,h_216,q_1,w_216/d_ecommerce:backend-fallback.png/MAT_812983_PCE_LT"
Rimi,"Vanil.kvap.medžiaga DR.OETKER, 8ml (4 x 2ml)",1.39,"https://rimibaltic-res.cloudinary.com/image/upload/b_white,c_limit,dpr_auto,f_auto,h_216,q_1,w_216/d_ecommerce:backend-fallback.png/MAT_188601_PCE_LT"
Rimi,"Sausi pusryčiai RIMI HONEY RINGS, 250 g",0.99,"https://rimibaltic-res.cloudinary.com/image/upload/b_white,c_limit,dpr_1.0,f_auto,q_auto:low,w_150/d_ecommerce:backend-fallback.png/MAT_808929_PCE_LT"
Rimi,"Sausainiai OBUOLIUKAS su obuolių džemu, 400 g",3.99,"https://rimibaltic-res.cloudinary.com/image/upload/b_white,c_limit,dpr_1.0,f_auto,q_auto:low,w_150/d_ecommerce:backend-fallback.png/MAT_1003002_PCE_LT"
Rimi,"Žemės riešutų valgom. ledai DIONE, 90ml / 78g",2.29,"https://rimibaltic-res.cloudinary.com/image/upload/b_white,c_limit,dpr_1.0,f_auto,q_auto:low,w_150/d_ecommerce:backend-fallback.png/MAT_977375_PCE_LT"
Rimi,"Arbūzų skonio kramtomoji guma ORBIT, 14g",0.89,"https://rimibaltic-res.cloudinary.com/image/upload/b_white,c_limit,dpr_1.0,f_auto,q_auto:low,w_150/d_ecommerce:backend-fallback.png/MAT_121040_PCE_LT"
Rimi,"Skrudintos sūdytos saulėgrąžos MOGYI, 150g",1.75,"https://rimibaltic-res.cloudinary.com/image/upload/b_white,c_limit,dpr_auto,f_auto,h_216,q_1,w_216/d_ecommerce:backend-fallback.png/MAT_155994_PCE_LT"
Rimi,"Kavos kapsulės LOR MATTINATA, 10 vnt. 52 g",3.79,"https://rimibaltic-res.cloudinary.com/image/upload/b_white,c_limit,dpr_auto,f_auto,h_216,q_1,w_216/d_ecommerce:backend-fallback.png/MAT_186428_PCE_LT"
Rimi,"Adygėjos druska su česnakais SALDVA, 130 g",1.25,"https://rimibaltic-res.cloudinary.com/image/upload/b_white,c_limit,dpr_auto,f_auto,h_216,q_1,w_216/d_ecommerce:backend-fallback.png/MAT_1000387_PCE_LT"
Rimi,"Adygėjos druska su žolelėmis SALDVA, 130 g",1.25,"https://rimibaltic-res.cloudinary.com/image/upload/b_white,c_limit,dpr_auto,f_auto,h_216,q_1,w_216/d_ecommerce:backend-fallback.png/MAT_1000401_PCE_LT"
Rimi,"Hig.įklotai BELLA PANTY SOFT, 60 vnt",3.49,"https://rimibaltic-res.cloudinary.com/image/upload/b_white,c_limit,dpr_auto,f_auto,h_216,q_1,w_216/d_ecommerce:backend-fallback.png/MAT_660796_PCE_LT"
Rimi,"Rytiet. marinatas SANTA MARIA TERIYAKI, 75 g",1.09,"https://rimibaltic-res.cloudinary.com/image/upload/b_white,c_limit,dpr_auto,f_auto,h_216,q_1,w_216/d_ecommerce:backend-fallback.png/MAT_142824_PCE_LT"
Rimi,"Universalusis marinatas SANTA MARIA, 75g",1.09,"https://rimibaltic-res.cloudinary.com/image/upload/b_white,c_limit,dpr_auto,f_auto,h_216,q_1,w_216/d_ecommerce:backend-fallback.png/MAT_103305_PCE_LT"
Rimi,"Viso grūdo speltų kviet. miltai MALSENA, 1 kg",2.39,"https://rimibaltic-res.cloudinary.com/image/upload/b_white,c_limit,dpr_auto,f_auto,h_216,q_1,w_216/d_ecommerce:backend-fallback.png/MAT_160831_PCE_LT"
Rimi,"Žolelių arbata ŽOLYNĖLIS IMUNITETUI, 40 g",2.59,"https://rimibaltic-res.cloudinary.com/image/upload/b_white,c_limit,dpr_1.0,f_auto,q_auto:low,w_150/d_ecommerce:backend-fallback.png/MAT_1002416_PCE_LT"
Rimi,"Sald.aitr. paprikų padažas RIMI PLANET, 700ml",4.99,"https://rimibaltic-res.cloudinary.com/image/upload/b_white,c_limit,dpr_1.0,f_auto,q_auto:low,w_150/d_ecommerce:backend-fallback.png/MAT_811613_PCE_LT"
Rimi,"Alyvuogių aliejus RIMI EXTRA VIRGIN, 750ml",9.99,"https://rimibaltic-res.cloudinary.com/image/upload/b_white,c_limit,dpr_auto,f_auto,h_216,q_1,w_216/d_ecommerce:backend-fallback.png/MAT_803240_PCE_LT"
Rimi,"Batonėlis CORNY BIG MILK DARK & WHITE, 40 g",1.09,"https://rimibaltic-res.cloudinary.com/image/upload/b_white,c_limit,dpr_auto,f_auto,h_216,q_1,w_216/d_ecommerce:backend-fallback.png/MAT_173470_PCE_LT"
Rimi,"Dantų šepetėlis JORDAN CLEAN SMILE SOFT, 1vnt",1.79,"https://rimibaltic-res.cloudinary.com/image/upload/b_white,c_limit,dpr_auto,f_auto,h_216,q_1,w_216/d_ecommerce:backend-fallback.png/MAT_7138580_PCE_LT"
Rimi,"Juodasis šokoladas RIMI su vyšniomis, 100 g",2.99,"https://rimibaltic-res.cloudinary.com/image/upload/b_white,c_limit,dpr_auto,f_auto,h_216,q_1,w_216/d_ecommerce:backend-fallback.png/MAT_813575_PCE_LT"
Rimi,"Makaronai LA MOLISANA CANNELLONI, 250 g",1.95,"https://rimibaltic-res.cloudinary.com/image/upload/b_white,c_limit,dpr_auto,f_auto,h_216,q_1,w_216/d_ecommerce:backend-fallback.png/MAT_1004146_PCE_LT"
Rimi,"Žemės riešutai be luobelės ARIMEX, 200g",1.85,"https://rimibaltic-res.cloudinary.com/image/upload/b_white,c_limit,dpr_auto,f_auto,h_216,q_1,w_216/d_ecommerce:backend-fallback.png/MAT_147073_PCE_LT"
Rimi,"Alyvuogių išspaudų aliejus RIMI SMART, 1 l",5.79,"https://rimibaltic-res.cloudinary.com/image/upload/b_white,c_limit,dpr_auto,f_auto,h_216,q_1,w_216/d_ecommerce:backend-fallback.png/MAT_804085_PCE_LT"
Rimi,"Sausi pusryč. RIMI RAINBOW CROCODILES, 350 g",3.19,"https://rimibaltic-res.cloudinary.com/image/upload/b_white,c_limit,dpr_auto,f_auto,h_216,q_1,w_216/d_ecommerce:backend-fallback.png/MAT_813713_PCE_LT"
Rimi,"Džiovintos slyvos be kauliukų AWAKE, 150 g",0.89,"https://rimibaltic-res.cloudinary.com/image/upload/b_white,c_limit,dpr_auto,f_auto,h_216,q_1,w_216/d_ecommerce:backend-fallback.png/MAT_804359_PCE_LT"
Rimi,"Avižiniai sausainiai RIMI BASIC, 500 g",1.47,"https://rimibaltic-res.cloudinary.com/image/upload/b_white,c_limit,dpr_auto,f_auto,h_216,q_1,w_216/d_ecommerce:backend-fallback.png/MAT_804137_PCE_LT"
Rimi,"Šaldyta tešla kepimui FILO VALESTO, 400 g",3.99,"https://rimibaltic-res.cloudinary.com/image/upload/b_white,c_limit,dpr_auto,f_auto,h_216,q_1,w_216/d_ecommerce:backend-fallback.png/MAT_994990_PCE_LT"
Rimi,"Pica SUPERMA SALAME ROMANO, 487 g",6.99,"https://rimibaltic-res.cloudinary.com/image/upload/b_white,c_limit,dpr_1.0,f_auto,q_auto:low,w_150/d_ecommerce:backend-fallback.png/MAT_4008116_PCE_LT"
Rimi,"Dzūkijos sausainių rinkinys DESERTINIS, 420 g",3.79,"https://rimibaltic-res.cloudinary.com/image/upload/b_white,c_limit,dpr_1.0,f_auto,q_auto:low,w_150/d_ecommerce:backend-fallback.png/MAT_1001098_PCE_LT"
Rimi,"Prieskonių mišinys be drus.su bara.SALDVA,25g",0.99,"https://rimibaltic-res.cloudinary.com/image/upload/b_white,c_limit,dpr_1.0,f_auto,q_auto:low,w_150/d_ecommerce:backend-fallback.png/MAT_1000383_PCE_LT"
Rimi,"Maisto pap. vitam.C ICA ananasų sk., 20 tabl.",1.99,"https://rimibaltic-res.cloudinary.com/image/upload/b_white,c_limit,dpr_auto,f_auto,h_216,q_1,w_216/d_ecommerce:backend-fallback.png/MAT_811444_PCE_LT"
Rimi,"Padažas makaronams su bazilikais RIMI, 390 g",2.55,"https://rimibaltic-res.cloudinary.com/image/upload/b_white,c_limit,dpr_auto,f_auto,h_216,q_1,w_216/d_ecommerce:backend-fallback.png/MAT_810787_PCE_LT"
Rimi,"Šalčiu džiovintos šilauogės SUMMMER, 11g",2.39,"https://rimibaltic-res.cloudinary.com/image/upload/b_white,c_limit,dpr_auto,f_auto,h_216,q_1,w_216/d_ecommerce:backend-fallback.png/MAT_1000304_PCE_LT"
Rimi,"Apelsinų sultys GRANINI, 250 ml",2.29,"https://rimibaltic-res.cloudinary.com/image/upload/b_white,c_limit,dpr_auto,f_auto,h_216,q_1,w_216/d_ecommerce:backend-fallback.png/MAT_1358837_PCE_LT"
Rimi,"Saldainiai PERGALĖ Vilnius ORIGINAL,170g",4.99,"https://rimibaltic-res.cloudinary.com/image/upload/b_white,c_limit,dpr_auto,f_auto,h_216,q_1,w_216/d_ecommerce:backend-fallback.png/MAT_171516_PCE_LT"
Rimi,"Cinamono žievelės SANTA MARIA, 22 g",3.09,"https://rimibaltic-res.cloudinary.com/image/upload/b_white,c_limit,dpr_auto,f_auto,h_216,q_1,w_216/d_ecommerce:backend-fallback.png/MAT_181459_PCE_LT"
Rimi,"8 sumuštinio formos valgomieji ledai, 320g",6.19,"https://rimibaltic-res.cloudinary.com/image/upload/b_white,c_limit,dpr_auto,f_auto,h_216,q_1,w_216/d_ecommerce:backend-fallback.png/MAT_916452_PCE_LT"
Rimi,"Džiovintos, nesulfit. razinos SEEBERGER, 200g",3.79,"https://rimibaltic-res.cloudinary.com/image/upload/b_white,c_limit,dpr_auto,f_auto,h_216,q_1,w_216/d_ecommerce:backend-fallback.png/MAT_126280_PCE_LT"
Rimi,"Pomidorų sultys TYMBARK, 1 l",1.99,"https://rimibaltic-res.cloudinary.com/image/upload/b_white,c_limit,dpr_auto,f_auto,h_216,q_1,w_216/d_ecommerce:backend-fallback.png/MAT_147393_PCE_LT"
Rimi,"Įvairių vaisių gėrimas CIDO, 30 %, 200 ml",0.49,"https://rimibaltic-res.cloudinary.com/image/upload/b_white,c_limit,dpr_auto,f_auto,h_216,q_1,w_216/d_ecommerce:backend-fallback.png/MAT_113822_PCE_LT"
Rimi,"Džiovinti obuoliai ARIMEX, 200g",3.69,"https://rimibaltic-res.cloudinary.com/image/upload/b_white,c_limit,dpr_auto,f_auto,h_216,q_1,w_216/d_ecommerce:backend-fallback.png/MAT_120157_PCE_LT"
Rimi,"Ekologiški lazdynų riešutai I LOVE ECO, 100g",2.65,"https://rimibaltic-res.cloudinary.com/image/upload/b_white,c_limit,dpr_auto,f_auto,h_216,q_1,w_216/d_ecommerce:backend-fallback.png/MAT_806876_PCE_LT"
Rimi,"Sausi pusryčiai RIMI GOODLIFE, 375 g",2.99,"https://rimibaltic-res.cloudinary.com/image/upload/b_white,c_limit,dpr_1.0,f_auto,q_auto:low,w_150/d_ecommerce:backend-fallback.png/MAT_809936_PCE_LT"
Rimi,"Vais. kramt. sald. TUTTI FRUTTI HEARTS, 15g",0.49,"https://rimibaltic-res.cloudinary.com/image/upload/b_white,c_limit,dpr_1.0,f_auto,q_auto:low,w_150/d_ecommerce:backend-fallback.png/MAT_128630_PCE_LT"
Rimi,"Čili ir citr.sk. bulvių traškučiai LAYS, 190g",3.29,"https://rimibaltic-res.cloudinary.com/image/upload/b_white,c_limit,dpr_1.0,f_auto,q_auto:low,w_150/d_ecommerce:backend-fallback.png/MAT_192779_PCE_LT"
Rimi,"Spraginamieji kukurūzai ICA, 500 g",3.19,"https://rimibaltic-res.cloudinary.com/image/upload/b_white,c_limit,dpr_1.0,f_auto,q_auto:low,w_150/d_ecommerce:backend-fallback.png/MAT_812040_PCE_LT"
Rimi,"Kario, mangų priesk. mišinys SANTA MARIA, 41g",3.69,"https://rimibaltic-res.cloudinary.com/image/upload/b_white,c_limit,dpr_auto,f_auto,h_216,q_1,w_216/d_ecommerce:backend-fallback.png/MAT_194379_PCE_LT"
Rimi,"Višt. prieskoniai gelt.kar., SANTA MARIA, 24g",1.05,"https://rimibaltic-res.cloudinary.com/image/upload/b_white,c_limit,dpr_auto,f_auto,h_216,q_1,w_216/d_ecommerce:backend-fallback.png/MAT_108596_PCE_LT"
Rimi,"Indiškas padažas PATAK'S TIKKA MASALA, 450 g",4.49,"https://rimibaltic-res.cloudinary.com/image/upload/b_white,c_limit,dpr_auto,f_auto,h_216,q_1,w_216/d_ecommerce:backend-fallback.png/MAT_1001635_PCE_LT"
Rimi,"Prieskonių mišinys maltai mėsai SALDVA, 35g",0.79,"https://rimibaltic-res.cloudinary.com/image/upload/b_white,c_limit,dpr_auto,f_auto,h_216,q_1,w_216/d_ecommerce:backend-fallback.png/MAT_154767_PCE_LT"
Rimi,"Prieskonių mišinys salotoms SALDVA, 25g",0.79,"https://rimibaltic-res.cloudinary.com/image/upload/b_white,c_limit,dpr_auto,f_auto,h_216,q_1,w_216/d_ecommerce:backend-fallback.png/MAT_154752_PCE_LT"
Rimi,"Prieskonių mišinys makaronams SALDVA, 35g",0.79,"https://rimibaltic-res.cloudinary.com/image/upload/b_white,c_limit,dpr_auto,f_auto,h_216,q_1,w_216/d_ecommerce:backend-fallback.png/MAT_154754_PCE_LT"
Rimi,"Prieskonių mišinys žuvims SALDVA, 35g",0.79,"https://rimibaltic-res.cloudinary.com/image/upload/b_white,c_limit,dpr_auto,f_auto,h_216,q_1,w_216/d_ecommerce:backend-fallback.png/MAT_154756_PCE_LT"
Rimi,"Vaisių skon. kramtomoji guma ORBIT WHITE, 14g",0.95,"https://rimibaltic-res.cloudinary.com/image/upload/b_white,c_limit,dpr_auto,f_auto,h_216,q_1,w_216/d_ecommerce:backend-fallback.png/MAT_105953_PCE_LT"
Rimi,"Karamel. sk. valg. ledai AURUM, 180 ml / 90 g",1.35,"https://rimibaltic-res.cloudinary.com/image/upload/b_white,c_limit,dpr_1.0,f_auto,q_auto:low,w_150/d_ecommerce:backend-fallback.png/MAT_228850_PCE_LT"
Rimi,"Kaktusų, citrinų ir ob. gėrimas TYMBARK, 1 l",1.99,"https://rimibaltic-res.cloudinary.com/image/upload/b_white,c_limit,dpr_1.0,f_auto,q_auto:low,w_150/d_ecommerce:backend-fallback.png/MAT_147389_PCE_LT"
Rimi,"Ruošinys vištienai su česn., MAGGI IDEA, 30 g",1.39,"https://rimibaltic-res.cloudinary.com/image/upload/b_white,c_limit,dpr_auto,f_auto,h_216,q_1,w_216/d_ecommerce:backend-fallback.png/MAT_165776_PCE_LT"
Rimi,"Griet.svog.sk. padažas ESTRELLA DIPMIX, 13g",1.15,"https://rimibaltic-res.cloudinary.com/image/upload/b_white,c_limit,dpr_auto,f_auto,h_216,q_1,w_216/d_ecommerce:backend-fallback.png/MAT_171839_PCE_LT"
Rimi,Puršk.oro gaiv.Botanica greipfrutų236ml,6.39,"https://rimibaltic-res.cloudinary.com/image/upload/b_white,c_limit,dpr_auto,f_auto,h_216,q_1,w_216/d_ecommerce:backend-fallback.png/MAT_7232819_PCE_LT"
Rimi,"Sotusis kruopų mišinys BUON GUSTO, 350 g",1.39,"https://rimibaltic-res.cloudinary.com/image/upload/b_white,c_limit,dpr_auto,f_auto,h_216,q_1,w_216/d_ecommerce:backend-fallback.png/MAT_163683_PCE_LT"
Rimi,"Tuno paštetas ARGETA, 95 g",2.09,"https://rimibaltic-res.cloudinary.com/image/upload/b_white,c_limit,dpr_auto,f_auto,h_216,q_1,w_216/d_ecommerce:backend-fallback.png/MAT_976580_PCE_LT"
Rimi,"Karšto vyno prieskonių mišinys ALVO, 40 g",1.45,"https://rimibaltic-res.cloudinary.com/image/upload/b_white,c_limit,dpr_auto,f_auto,h_216,q_1,w_216/d_ecommerce:backend-fallback.png/MAT_1006896_PCE_LT"
Rimi,"Indų plov. balzamas TRI-BIO, 420ml",2.69,"https://rimibaltic-res.cloudinary.com/image/upload/b_white,c_limit,dpr_auto,f_auto,h_216,q_1,w_216/d_ecommerce:backend-fallback.png/MAT_7076319_PCE_LT"
Rimi,"Makaronai SELECTION BY RIMI STROZZAPR., 500 g",2.35,"https://rimibaltic-res.cloudinary.com/image/upload/b_white,c_limit,dpr_auto,f_auto,h_216,q_1,w_216/d_ecommerce:backend-fallback.png/MAT_810527_PCE_LT"
Rimi,"Džiovintos spanguolės SEEBERGER, 125g",3.19,"https://rimibaltic-res.cloudinary.com/image/upload/b_white,c_limit,dpr_auto,f_auto,h_216,q_1,w_216/d_ecommerce:backend-fallback.png/MAT_142154_PCE_LT"
Rimi,"Ryžiai BASMATI BOSTO, 500 g",4.89,"https://rimibaltic-res.cloudinary.com/image/upload/b_white,c_limit,dpr_auto,f_auto,h_216,q_1,w_216/d_ecommerce:backend-fallback.png/MAT_103128_PCE_LT"
Rimi,"Kačių ėdalas FELIX su žuvimi drebuč., 4x85 g",2.39,"https://rimibaltic-res.cloudinary.com/image/upload/b_white,c_limit,dpr_auto,f_auto,h_216,q_1,w_216/d_ecommerce:backend-fallback.png/MAT_7255792_PCE_LT"
Rimi,"Čed.sk.bulv. traškučiai ESTRELLA KETTLE, 120g",2.59,"https://rimibaltic-res.cloudinary.com/image/upload/b_white,c_limit,dpr_1.0,f_auto,q_auto:low,w_150/d_ecommerce:backend-fallback.png/MAT_1008384_PCE_LT"
Rimi,"Nori lakštai ICA ASIA, 14g",1.69,"https://rimibaltic-res.cloudinary.com/image/upload/b_white,c_limit,dpr_1.0,f_auto,q_auto:low,w_150/d_ecommerce:backend-fallback.png/MAT_813755_PCE_LT"
Rimi,"Natūralus mineralinis vanduo EVIAN, 1,5 l",1.69,"https://rimibaltic-res.cloudinary.com/image/upload/b_white,c_limit,dpr_1.0,f_auto,q_auto:low,w_150/d_ecommerce:backend-fallback.png/MAT_1350662_PCE_LT"
Rimi,"Saldainiai TOFFIFEE, 200 g",5.29,"https://rimibaltic-res.cloudinary.com/image/upload/b_white,c_limit,dpr_auto,f_auto,h_216,q_1,w_216/d_ecommerce:backend-fallback.png/MAT_153754_PCE_LT"
Rimi,"Beržų sula MAGNUM TRADICINĖ, 750 ml",2.59,"https://rimibaltic-res.cloudinary.com/image/upload/b_white,c_limit,dpr_auto,f_auto,h_216,q_1,w_216/d_ecommerce:backend-fallback.png/MAT_1363435_PCE_LT"
Rimi,"Citrinų sk.stal. vanduo, VICHY CLASSIQUE, 1,5",0.97,"https://rimibaltic-res.cloudinary.com/image/upload/b_white,c_limit,dpr_auto,f_auto,h_216,q_1,w_216/d_ecommerce:backend-fallback.png/MAT_1350086_PCE_LT"
Rimi,"Sviesto sk. kukurūzų spragėsiai ESTRELLA, 90g",1.35,"https://rimibaltic-res.cloudinary.com/image/upload/b_white,c_limit,dpr_auto,f_auto,h_216,q_1,w_216/d_ecommerce:backend-fallback.png/MAT_159155_PCE_LT"
Rimi,"Dribsn. batonėl. su jogurt., vais. AXA, 25 g",0.42,"https://rimibaltic-res.cloudinary.com/image/upload/b_white,c_limit,dpr_auto,f_auto,h_216,q_1,w_216/d_ecommerce:backend-fallback.png/MAT_198832_PCE_LT"
Rimi,"Sūrio skonio žemės riešutai JĖGA, 200g",1.59,"https://rimibaltic-res.cloudinary.com/image/upload/b_white,c_limit,dpr_auto,f_auto,h_216,q_1,w_216/d_ecommerce:backend-fallback.png/MAT_152543_PCE_LT"
Rimi,"Maistinė želatina SANTA MARIA, 25g",1.59,"https://rimibaltic-res.cloudinary.com/image/upload/b_white,c_limit,dpr_auto,f_auto,h_216,q_1,w_216/d_ecommerce:backend-fallback.png/MAT_119544_PCE_LT"
Rimi,"Nesmulk. tunas saulėgrąžų aliejuje CALVO,240g",5.29,"https://rimibaltic-res.cloudinary.com/image/upload/b_white,c_limit,dpr_auto,f_auto,h_216,q_1,w_216/d_ecommerce:backend-fallback.png/MAT_289970_PCE_LT"
Rimi,"Saldainiai PERGALĖ Vilnius ORIGINAL, 1kg",22.99,"https://rimibaltic-res.cloudinary.com/image/upload/b_white,c_limit,dpr_auto,f_auto,h_216,q_1,w_216/d_ecommerce:backend-fallback.png/MAT_171200_KGM_LT"
Rimi,"Maisto papildas cinkas ICA, 100 tablečių",3.99,"https://rimibaltic-res.cloudinary.com/image/upload/b_white,c_limit,dpr_auto,f_auto,h_216,q_1,w_216/d_ecommerce:backend-fallback.png/MAT_811585_PCE_LT"
Rimi,"Vaik. dantų pasta ECODENTA KAKĖ MAKĖ, 75ml",3.19,"https://rimibaltic-res.cloudinary.com/image/upload/b_white,c_limit,dpr_auto,f_auto,h_216,q_1,w_216/d_ecommerce:backend-fallback.png/MAT_7125401_PCE_LT"
Rimi,"Pist. plombyras su belg. šok. DIONE, 90ml/70g",2.29,"https://rimibaltic-res.cloudinary.com/image/upload/b_white,c_limit,dpr_auto,f_auto,h_216,q_1,w_216/d_ecommerce:backend-fallback.png/MAT_987827_PCE_LT"
Rimi,"Ekologiškas aštrus padažas I LOVE ECO, 300g",2.95,"https://rimibaltic-res.cloudinary.com/image/upload/b_white,c_limit,dpr_1.0,f_auto,q_auto:low,w_150/d_ecommerce:backend-fallback.png/MAT_155743_PCE_LT"
Rimi,"Gel. tuno filė al. al. S. BY RIMI, MSC, 200 g",4.29,"https://rimibaltic-res.cloudinary.com/image/upload/b_white,c_limit,dpr_1.0,f_auto,q_auto:low,w_150/d_ecommerce:backend-fallback.png/MAT_810822_PCE_LT"
Rimi,"Ekologiška ryžių košė MAMUKO, 240 g",3.69,"https://rimibaltic-res.cloudinary.com/image/upload/b_white,c_limit,dpr_1.0,f_auto,q_auto:low,w_150/d_ecommerce:backend-fallback.png/MAT_7065144_PCE_LT"
Rimi,"MAMUKO avižų, grikių, miežių grūdai, 240 g",3.69,"https://rimibaltic-res.cloudinary.com/image/upload/b_white,c_limit,dpr_1.0,f_auto,q_auto:low,w_150/d_ecommerce:backend-fallback.png/MAT_7108758_PCE_LT"
Rimi,"Ekol. bazilikų PESTO padažas I LOVE ECO, 130g",3.99,"https://rimibaltic-res.cloudinary.com/image/upload/b_white,c_limit,dpr_auto,f_auto,h_216,q_1,w_216/d_ecommerce:backend-fallback.png/MAT_807725_PCE_LT"
Rimi,"Kuk. traškučiai su sūriu, SANTA MARIA, 185g",2.79,"https://rimibaltic-res.cloudinary.com/image/upload/b_white,c_limit,dpr_auto,f_auto,h_216,q_1,w_216/d_ecommerce:backend-fallback.png/MAT_174870_PCE_LT"
Rimi,"Juodoji arbata DILMAH PREMIUM, 50 pak.",3.99,"https://rimibaltic-res.cloudinary.com/image/upload/b_white,c_limit,dpr_auto,f_auto,h_216,q_1,w_216/d_ecommerce:backend-fallback.png/MAT_179720_PCE_LT"
Rimi,"Malta kava vanilės skonio GURMAN'S, 125 g",2.79,"https://rimibaltic-res.cloudinary.com/image/upload/b_white,c_limit,dpr_auto,f_auto,h_216,q_1,w_216/d_ecommerce:backend-fallback.png/MAT_195447_PCE_LT"
Rimi,"Vafliniai batonėliai KINDER BUENO MINI, 108g",3.29,"https://rimibaltic-res.cloudinary.com/image/upload/b_white,c_limit,dpr_auto,f_auto,h_216,q_1,w_216/d_ecommerce:backend-fallback.png/MAT_168804_PCE_LT"
Rimi,"Pomidorų padažas NAPOLETANA BARILLA, 400g",3.19,"https://rimibaltic-res.cloudinary.com/image/upload/b_white,c_limit,dpr_auto,f_auto,h_216,q_1,w_216/d_ecommerce:backend-fallback.png/MAT_106493_PCE_LT"
Rimi,"Energinis gėrimas MONSTER ENERGY, 500ml",1.55,"https://rimibaltic-res.cloudinary.com/image/upload/b_white,c_limit,dpr_auto,f_auto,h_216,q_1,w_216/d_ecommerce:backend-fallback.png/MAT_1355076_PCE_LT"
Rimi,"Maisto pap. vitamin. C ICA citr.sk., 20 tabl.",1.99,"https://rimibaltic-res.cloudinary.com/image/upload/b_white,c_limit,dpr_auto,f_auto,h_216,q_1,w_216/d_ecommerce:backend-fallback.png/MAT_811433_PCE_LT"
Rimi,"Tirpioji kava VESPUCCI, 200 g",3.49,"https://rimibaltic-res.cloudinary.com/image/upload/b_white,c_limit,dpr_1.0,f_auto,q_auto:low,w_150/d_ecommerce:backend-fallback.png/MAT_801145_PCE_LT"
Rimi,"Braškių skonio želė KLINGAI, 80g",0.8,"https://rimibaltic-res.cloudinary.com/image/upload/b_white,c_limit,dpr_1.0,f_auto,q_auto:low,w_150/d_ecommerce:backend-fallback.png/MAT_146999_PCE_LT"
Rimi,"Angliškos garstyčios SPILVA, 200g",1.89,"https://rimibaltic-res.cloudinary.com/image/upload/b_white,c_limit,dpr_auto,f_auto,h_216,q_1,w_216/d_ecommerce:backend-fallback.png/MAT_146080_PCE_LT"
Rimi,"Šok. van. valg. ledai BEN&JERRY'S, 465ml/406g",9.99,"https://rimibaltic-res.cloudinary.com/image/upload/b_white,c_limit,dpr_auto,f_auto,h_216,q_1,w_216/d_ecommerce:backend-fallback.png/MAT_961245_PCE_LT"
Rimi,"Ilgagrūdžiai ryžiai BOSTO, 500 g",3.09,"https://rimibaltic-res.cloudinary.com/image/upload/b_white,c_limit,dpr_auto,f_auto,h_216,q_1,w_216/d_ecommerce:backend-fallback.png/MAT_102782_PCE_LT"
Rimi,"Jūros druska su žol., SELECTION BY RIMI, 90g",2.99,"https://rimibaltic-res.cloudinary.com/image/upload/b_white,c_limit,dpr_auto,f_auto,h_216,q_1,w_216/d_ecommerce:backend-fallback.png/MAT_810161_PCE_LT"
Rimi,"Ekologiškas kuskusas I LOVE ECO, 500 g",2.49,"https://rimibaltic-res.cloudinary.com/image/upload/b_white,c_limit,dpr_auto,f_auto,h_216,q_1,w_216/d_ecommerce:backend-fallback.png/MAT_808417_PCE_LT"
Rimi,"Krekeriai SALLING, 200 g",2.79,"https://rimibaltic-res.cloudinary.com/image/upload/b_white,c_limit,dpr_auto,f_auto,h_216,q_1,w_216/d_ecommerce:backend-fallback.png/MAT_816777_PCE_LT"
Rimi,"Malti juodieji pipirai SANTA MARIA, 36g",3.29,"https://rimibaltic-res.cloudinary.com/image/upload/b_white,c_limit,dpr_auto,f_auto,h_216,q_1,w_216/d_ecommerce:backend-fallback.png/MAT_191172_PCE_LT"
Rimi,"Juodoji arbata RIMI EARL GREY, 20 vnt., 40 g",2.69,"https://rimibaltic-res.cloudinary.com/image/upload/b_white,c_limit,dpr_auto,f_auto,h_216,q_1,w_216/d_ecommerce:backend-fallback.png/MAT_804445_PCE_LT"
Rimi,"Žalioji arbata su pipirmėte RIMI, 40 g",2.49,"https://rimibaltic-res.cloudinary.com/image/upload/b_white,c_limit,dpr_auto,f_auto,h_216,q_1,w_216/d_ecommerce:backend-fallback.png/MAT_804449_PCE_LT"
Rimi,"Kep. lazdynų riešutai be luob., ARIMEX, 100 g",3.89,"https://rimibaltic-res.cloudinary.com/image/upload/b_white,c_limit,dpr_auto,f_auto,h_216,q_1,w_216/d_ecommerce:backend-fallback.png/MAT_190182_PCE_LT"
Rimi,"Tortilija su burokėliais SANTA MARIA, 240 g",3.69,"https://rimibaltic-res.cloudinary.com/image/upload/b_white,c_limit,dpr_auto,f_auto,h_216,q_1,w_216/d_ecommerce:backend-fallback.png/MAT_1007703_PCE_LT"
Rimi,"BOLOGNESE makaronų padažas RIMI, 390 g",3.59,"https://rimibaltic-res.cloudinary.com/image/upload/b_white,c_limit,dpr_1.0,f_auto,q_auto:low,w_150/d_ecommerce:backend-fallback.png/MAT_811900_PCE_LT"
Rimi,"Unit. val. HARPIC POWER PLUS DISINFECT, 750ml",4.79,"https://rimibaltic-res.cloudinary.com/image/upload/b_white,c_limit,dpr_1.0,f_auto,q_auto:low,w_150/d_ecommerce:backend-fallback.png/MAT_7048420_PCE_LT"
Rimi,Kapų žvakė P-2R raud. dega iki 8val.,0.35,"https://rimibaltic-res.cloudinary.com/image/upload/b_white,c_limit,dpr_1.0,f_auto,q_auto:low,w_150/d_ecommerce:backend-fallback.png/MAT_7029788_PCE_LT"
Rimi,"Miežinės kruopos RIMI SMART, 800 g",0.65,"https://rimibaltic-res.cloudinary.com/image/upload/b_white,c_limit,dpr_auto,f_auto,h_216,q_1,w_216/d_ecommerce:backend-fallback.png/MAT_808187_PCE_LT"
Rimi,"Kaukazietiškas priekonių mišinys SALDVA, 25g",0.79,"https://rimibaltic-res.cloudinary.com/image/upload/b_white,c_limit,dpr_auto,f_auto,h_216,q_1,w_216/d_ecommerce:backend-fallback.png/MAT_154758_PCE_LT"
Rimi,"Bulvių košė su pienu RIMI, 200g",2.19,"https://rimibaltic-res.cloudinary.com/image/upload/b_white,c_limit,dpr_auto,f_auto,h_216,q_1,w_216/d_ecommerce:backend-fallback.png/MAT_802319_PCE_LT"
Rimi,"Dž. braškių ir bananų mišinys SUPERGARDEN,28g",3.89,"https://rimibaltic-res.cloudinary.com/image/upload/b_white,c_limit,dpr_auto,f_auto,h_216,q_1,w_216/d_ecommerce:backend-fallback.png/MAT_1003896_PCE_LT"
Rimi,"Ob., pers., brašk. gėr. TYMBARK, 30 %, 200 ml",0.55,"https://rimibaltic-res.cloudinary.com/image/upload/b_white,c_limit,dpr_auto,f_auto,h_216,q_1,w_216/d_ecommerce:backend-fallback.png/MAT_136947_PCE_LT"
Rimi,"Gaivusis gėrimas 7UP, 330ml",0.95,"https://rimibaltic-res.cloudinary.com/image/upload/b_white,c_limit,dpr_auto,f_auto,h_216,q_1,w_216/d_ecommerce:backend-fallback.png/MAT_1360384_PCE_LT"
Rimi,"Kavos kapsulės DOLCE GUSTO FLATWHITE, 187,2 g",8.49,"https://rimibaltic-res.cloudinary.com/image/upload/b_white,c_limit,dpr_auto,f_auto,h_216,q_1,w_216/d_ecommerce:backend-fallback.png/MAT_193024_PCE_LT"
Rimi,Kavos pupelės MERRILD CREMA 1KG,32.99,"https://rimibaltic-res.cloudinary.com/image/upload/b_white,c_limit,dpr_auto,f_auto,h_216,q_1,w_216/d_ecommerce:backend-fallback.png/MAT_188698_PCE_LT"
Rimi,"Žvakė MULLER, balta, 245 mm, 4 vnt.",2.49,"https://rimibaltic-res.cloudinary.com/image/upload/b_white,c_limit,dpr_auto,f_auto,h_216,q_1,w_216/d_ecommerce:backend-fallback.png/MAT_7257870_PCE_LT"
Rimi,"J. arbata BASILUR LEAF OF CEYLON UVA, 100 g",5.99,"https://rimibaltic-res.cloudinary.com/image/upload/b_white,c_limit,dpr_auto,f_auto,h_216,q_1,w_216/d_ecommerce:backend-fallback.png/MAT_158124_PCE_LT"
Rimi,"Padažas RIMI PLANET TROPICAL SALSA, 220 g",2.09,"https://rimibaltic-res.cloudinary.com/image/upload/b_white,c_limit,dpr_auto,f_auto,h_216,q_1,w_216/d_ecommerce:backend-fallback.png/MAT_810041_PCE_LT"
Rimi,"Gaz. gėrimas su saldikliais PEPSI MAX, 1,5l",1.99,"https://rimibaltic-res.cloudinary.com/image/upload/b_white,c_limit,dpr_auto,f_auto,h_216,q_1,w_216/d_ecommerce:backend-fallback.png/MAT_1360393_PCE_LT"
Rimi,"Skrudinti javainiai su riešutais RIMI, 375 g",2.59,"https://rimibaltic-res.cloudinary.com/image/upload/b_white,c_limit,dpr_1.0,f_auto,q_auto:low,w_150/d_ecommerce:backend-fallback.png/MAT_801253_PCE_LT"
Rimi,"Natūr. mėlynių sultys VERY BERRY, 330 ml",5.69,"https://rimibaltic-res.cloudinary.com/image/upload/b_white,c_limit,dpr_1.0,f_auto,q_auto:low,w_150/d_ecommerce:backend-fallback.png/MAT_1358671_PCE_LT"
Rimi,"Šalta žalioji arbata cu citrinomis RIMI, 1,5l",1.65,"https://rimibaltic-res.cloudinary.com/image/upload/b_white,c_limit,dpr_1.0,f_auto,q_auto:low,w_150/d_ecommerce:backend-fallback.png/MAT_1361323_PCE_LT"
Rimi,"Ek.jaut.sultin., NATUR COMPAGNIE, 8 vnt., 96g",3.99,"https://rimibaltic-res.cloudinary.com/image/upload/b_white,c_limit,dpr_1.0,f_auto,q_auto:low,w_150/d_ecommerce:backend-fallback.png/MAT_153769_PCE_LT"
Rimi,"Šokolado skonio vafliai SELGA, 90 g",0.99,"https://rimibaltic-res.cloudinary.com/image/upload/b_white,c_limit,dpr_auto,f_auto,h_216,q_1,w_216/d_ecommerce:backend-fallback.png/MAT_154918_PCE_LT"
Rimi,"Maltas mairūnas KOTANYI, 6g",1.39,"https://rimibaltic-res.cloudinary.com/image/upload/b_white,c_limit,dpr_auto,f_auto,h_216,q_1,w_216/d_ecommerce:backend-fallback.png/MAT_129001_PCE_LT"
Rimi,"Česnakin. vištienos prieskoniai KOTANYI, 30g",1.39,"https://rimibaltic-res.cloudinary.com/image/upload/b_white,c_limit,dpr_auto,f_auto,h_216,q_1,w_216/d_ecommerce:backend-fallback.png/MAT_156630_PCE_LT"
Rimi,"Priesk.miš., CHILI CON CARNESANTA MARIA, 28 g",1.75,"https://rimibaltic-res.cloudinary.com/image/upload/b_white,c_limit,dpr_auto,f_auto,h_216,q_1,w_216/d_ecommerce:backend-fallback.png/MAT_174842_PCE_LT"
Rimi,"Cukruoti imbiero kubeliai ALVO, 100g",2.59,"https://rimibaltic-res.cloudinary.com/image/upload/b_white,c_limit,dpr_auto,f_auto,h_216,q_1,w_216/d_ecommerce:backend-fallback.png/MAT_152691_PCE_LT"
Rimi,"Saldainiai OBUOLIUKAI, 1kg",6.59,"https://rimibaltic-res.cloudinary.com/image/upload/b_white,c_limit,dpr_auto,f_auto,h_216,q_1,w_216/d_ecommerce:backend-fallback.png/MAT_170075_KGM_LT"
Rimi,"Bulv. traškučiai NATURALS SEA SALT&PEPPER,100",2.49,"https://rimibaltic-res.cloudinary.com/image/upload/b_white,c_limit,dpr_auto,f_auto,h_216,q_1,w_216/d_ecommerce:backend-fallback.png/MAT_164645_PCE_LT"
Rimi,"Baltos pupelės RIMI SMART, 400 g",0.79,"https://rimibaltic-res.cloudinary.com/image/upload/b_white,c_limit,dpr_auto,f_auto,h_216,q_1,w_216/d_ecommerce:backend-fallback.png/MAT_812232_PCE_LT"
Rimi,"Alyvuogių aliejus RIMI EXTRA VIRGIN, 500ml",6.59,"https://rimibaltic-res.cloudinary.com/image/upload/b_white,c_limit,dpr_1.0,f_auto,q_auto:low,w_150/d_ecommerce:backend-fallback.png/MAT_803239_PCE_LT"
Rimi,"Granola su lazdynų riešutais, 450 g",6.49,"https://rimibaltic-res.cloudinary.com/image/upload/b_white,c_limit,dpr_1.0,f_auto,q_auto:low,w_150/d_ecommerce:backend-fallback.png/MAT_196837_PCE_LT"
Rimi,"Sojų padažo sk. makaronų sriuba OYAKATA, 63g",2.49,"https://rimibaltic-res.cloudinary.com/image/upload/b_white,c_limit,dpr_auto,f_auto,h_216,q_1,w_216/d_ecommerce:backend-fallback.png/MAT_195883_PCE_LT"
Rimi,"Makaronų sriuba aštr. višt. sk. MAGGI, 59,2 g",0.87,"https://rimibaltic-res.cloudinary.com/image/upload/b_white,c_limit,dpr_auto,f_auto,h_216,q_1,w_216/d_ecommerce:backend-fallback.png/MAT_1000058_PCE_LT"
Rimi,"Vaisių ir riešutų mišinys FANCY RIMI, 500 g",5.89,"https://rimibaltic-res.cloudinary.com/image/upload/b_white,c_limit,dpr_auto,f_auto,h_216,q_1,w_216/d_ecommerce:backend-fallback.png/MAT_812601_PCE_LT"
Rimi,"Stiklinis kepimo indas ARCUISINE,39x24cm",10.99,"https://rimibaltic-res.cloudinary.com/image/upload/b_white,c_limit,dpr_auto,f_auto,h_216,q_1,w_216/d_ecommerce:backend-fallback.png/MAT_7114706_PCE_LT"
Rimi,"Bulvių trašk. PRINGLES SALT & VINEGAR, 165 g",2.99,"https://rimibaltic-res.cloudinary.com/image/upload/b_white,c_limit,dpr_auto,f_auto,h_216,q_1,w_216/d_ecommerce:backend-fallback.png/MAT_194896_PCE_LT"
Rimi,"Citrinų ir laimų skonio gėrimas CIDO, 1 l",1.89,"https://rimibaltic-res.cloudinary.com/image/upload/b_white,c_limit,dpr_auto,f_auto,h_216,q_1,w_216/d_ecommerce:backend-fallback.png/MAT_161058_PCE_LT"
Rimi,"Keksas su razinomis, 1kg",7.99,"https://rimibaltic-res.cloudinary.com/image/upload/b_white,c_limit,dpr_auto,f_auto,h_216,q_1,w_216/d_ecommerce:backend-fallback.png/MAT_267441_KGM_LT"
Rimi,"Šaldyta pica GRANDE SALAME PICCANTE, 380 g",5.99,"https://rimibaltic-res.cloudinary.com/image/upload/b_white,c_limit,dpr_auto,f_auto,h_216,q_1,w_216/d_ecommerce:backend-fallback.png/MAT_995602_PCE_LT"
Rimi,"Pica su saliamu ir sūriais RIMI SMART, 340 g",2.59,"https://rimibaltic-res.cloudinary.com/image/upload/b_white,c_limit,dpr_auto,f_auto,h_216,q_1,w_216/d_ecommerce:backend-fallback.png/MAT_815843_PCE_LT"
Rimi,"Braškių kramtomieji saldainiai, CHEWITS, 29g",0.65,"https://rimibaltic-res.cloudinary.com/image/upload/b_white,c_limit,dpr_auto,f_auto,h_216,q_1,w_216/d_ecommerce:backend-fallback.png/MAT_100973_PCE_LT"
Rimi,"Traškūs sūrūs riestainiai CROCO, 300 g",2.19,"https://rimibaltic-res.cloudinary.com/image/upload/b_white,c_limit,dpr_auto,f_auto,h_216,q_1,w_216/d_ecommerce:backend-fallback.png/MAT_157812_PCE_LT"
Rimi,"Pieninis šokoladas M&M'S trašk. glajuje, 200g",3.99,"https://rimibaltic-res.cloudinary.com/image/upload/b_white,c_limit,dpr_1.0,f_auto,q_auto:low,w_150/d_ecommerce:backend-fallback.png/MAT_164474_PCE_LT"
Rimi,"Tual. valom. kubeliai BREF DUO-CUBES, 2x50g",4.69,"https://rimibaltic-res.cloudinary.com/image/upload/b_white,c_limit,dpr_1.0,f_auto,q_auto:low,w_150/d_ecommerce:backend-fallback.png/MAT_7184279_PCE_LT"
Rimi,"Ekol. MAMUKO kruopyčių mišinys, 6 mėn, 240 g",3.69,"https://rimibaltic-res.cloudinary.com/image/upload/b_white,c_limit,dpr_1.0,f_auto,q_auto:low,w_150/d_ecommerce:backend-fallback.png/MAT_7070164_PCE_LT"
Rimi,"Sald.aitr.papr. padažas SANTA MARIA, 500 ml",3.59,"https://rimibaltic-res.cloudinary.com/image/upload/b_white,c_limit,dpr_auto,f_auto,h_216,q_1,w_216/d_ecommerce:backend-fallback.png/MAT_175815_PCE_LT"
Rimi,"Valymo pienelis CIF CREAM, 500ml",3.59,"https://rimibaltic-res.cloudinary.com/image/upload/b_white,c_limit,dpr_auto,f_auto,h_216,q_1,w_216/d_ecommerce:backend-fallback.png/MAT_401520_PCE_LT"
Rimi,"Makaronai BARILLA CASARECCE SICILIANE, 500 g",2.29,"https://rimibaltic-res.cloudinary.com/image/upload/b_white,c_limit,dpr_auto,f_auto,h_216,q_1,w_216/d_ecommerce:backend-fallback.png/MAT_141611_PCE_LT"
Rimi,"Majonezas VILNIUS su krapais, 475 ml",1.95,"https://rimibaltic-res.cloudinary.com/image/upload/b_white,c_limit,dpr_auto,f_auto,h_216,q_1,w_216/d_ecommerce:backend-fallback.png/MAT_931051_PCE_LT"
Rimi,"Sausainiai su sutir. pienu RIMI BASIC, 160 g",0.49,"https://rimibaltic-res.cloudinary.com/image/upload/b_white,c_limit,dpr_auto,f_auto,h_216,q_1,w_216/d_ecommerce:backend-fallback.png/MAT_804149_PCE_LT"
Rimi,"Skrudinti, smulkinti žemės riešutai RIMI, 90g",5.49,"https://rimibaltic-res.cloudinary.com/image/upload/b_white,c_limit,dpr_auto,f_auto,h_216,q_1,w_216/d_ecommerce:backend-fallback.png/MAT_811019_PCE_LT"
Rimi,"Raudonieji krienai KKF, 250g",1.99,"https://rimibaltic-res.cloudinary.com/image/upload/b_white,c_limit,dpr_auto,f_auto,h_216,q_1,w_216/d_ecommerce:backend-fallback.png/MAT_182463_PCE_LT"
Rimi,"Vištienos sultinys ICA, 180ml",2.65,"https://rimibaltic-res.cloudinary.com/image/upload/b_white,c_limit,dpr_auto,f_auto,h_216,q_1,w_216/d_ecommerce:backend-fallback.png/MAT_810171_PCE_LT"
Rimi,"Riešutų, sėklų, dž. datulių mišinys 1GO, 50g",1.35,"https://rimibaltic-res.cloudinary.com/image/upload/b_white,c_limit,dpr_auto,f_auto,h_216,q_1,w_216/d_ecommerce:backend-fallback.png/MAT_189875_PCE_LT"
Rimi,"Baz.sk.alyv.aliej., SELECTION BY RIMI, 250ml",8.15,"https://rimibaltic-res.cloudinary.com/image/upload/b_white,c_limit,dpr_auto,f_auto,h_216,q_1,w_216/d_ecommerce:backend-fallback.png/MAT_803346_PCE_LT"
Rimi,"Pl. šampūnas su dilgėl.eks., MARGARITA, 250ml",3.29,"https://rimibaltic-res.cloudinary.com/image/upload/b_white,c_limit,dpr_auto,f_auto,h_216,q_1,w_216/d_ecommerce:backend-fallback.png/MAT_7107266_PCE_LT"
Rimi,"Kukurūzų dribsniai su cukraus gl. RIMI, 500 g",2.95,"https://rimibaltic-res.cloudinary.com/image/upload/b_white,c_limit,dpr_auto,f_auto,h_216,q_1,w_216/d_ecommerce:backend-fallback.png/MAT_808955_PCE_LT"
Rimi,"Šokoladinis batonėlis TUPLA KINGSIZE, 85g",1.69,"https://rimibaltic-res.cloudinary.com/image/upload/b_white,c_limit,dpr_1.0,f_auto,q_auto:low,w_150/d_ecommerce:backend-fallback.png/MAT_100827_PCE_LT"
Rimi,"Obuolių actas su ciberž.ir cinam.DETOX, 500ml",3.99,"https://rimibaltic-res.cloudinary.com/image/upload/b_white,c_limit,dpr_1.0,f_auto,q_auto:low,w_150/d_ecommerce:backend-fallback.png/MAT_197839_PCE_LT"
Rimi,Ekol. ob. sidro acto už. DETOX su imb. 500 ml,3.99,"https://rimibaltic-res.cloudinary.com/image/upload/b_white,c_limit,dpr_1.0,f_auto,q_auto:low,w_150/d_ecommerce:backend-fallback.png/MAT_197843_PCE_LT"
Rimi,"BOCMANO silkių filė su svogūnais ZIGMAS, 300g",2.29,"https://rimibaltic-res.cloudinary.com/image/upload/b_white,c_limit,dpr_1.0,f_auto,q_auto:low,w_150/d_ecommerce:backend-fallback.png/MAT_919013_PCE_LT"
Rimi,"Modenos balzaminis actas I LOVE ECO, 250ml",4.79,"https://rimibaltic-res.cloudinary.com/image/upload/b_white,c_limit,dpr_auto,f_auto,h_216,q_1,w_216/d_ecommerce:backend-fallback.png/MAT_808324_PCE_LT"
Rimi,"Vaniliniai vafliai SELGA, 180 g",1.75,"https://rimibaltic-res.cloudinary.com/image/upload/b_white,c_limit,dpr_auto,f_auto,h_216,q_1,w_216/d_ecommerce:backend-fallback.png/MAT_162230_PCE_LT"
Rimi,"Aštrūs mėsos prieskoniai SANTA MARIA, 20g",1.05,"https://rimibaltic-res.cloudinary.com/image/upload/b_white,c_limit,dpr_auto,f_auto,h_216,q_1,w_216/d_ecommerce:backend-fallback.png/MAT_100282_PCE_LT"
Rimi,"Gl. vanil. valg. ledai NYKŠTUKAS, 150ml / 85g",1.99,"https://rimibaltic-res.cloudinary.com/image/upload/b_white,c_limit,dpr_auto,f_auto,h_216,q_1,w_216/d_ecommerce:backend-fallback.png/MAT_918454_PCE_LT"
Rimi,"Kavos pupelės SELECTION BRAZIL, 1 kg",22.99,"https://rimibaltic-res.cloudinary.com/image/upload/b_white,c_limit,dpr_auto,f_auto,h_216,q_1,w_216/d_ecommerce:backend-fallback.png/MAT_811588_PCE_LT"
Rimi,"Muilas PALMOLIVE OLIVE MILK, 90 g",0.99,"https://rimibaltic-res.cloudinary.com/image/upload/b_white,c_limit,dpr_auto,f_auto,h_216,q_1,w_216/d_ecommerce:backend-fallback.png/MAT_7031508_PCE_LT"
Rimi,"Saldainiai PAUKŠČIŲ PIENAS, 1 kg",14.99,"https://rimibaltic-res.cloudinary.com/image/upload/b_white,c_limit,dpr_auto,f_auto,h_216,q_1,w_216/d_ecommerce:backend-fallback.png/MAT_1003702_KGM_LT"
Rimi,"Kumpio skonio krekeriai TUC BACON, 100 g",1.69,"https://rimibaltic-res.cloudinary.com/image/upload/b_white,c_limit,dpr_auto,f_auto,h_216,q_1,w_216/d_ecommerce:backend-fallback.png/MAT_109652_PCE_LT"
Rimi,"Riešutų ir uogų mišinys Imperial RIMI, 500 g",7.99,"https://rimibaltic-res.cloudinary.com/image/upload/b_white,c_limit,dpr_1.0,f_auto,q_auto:low,w_150/d_ecommerce:backend-fallback.png/MAT_812604_PCE_LT"
Rimi,"Ekologiškas TACO padažas I LOVE ECO, 230g",2.69,"https://rimibaltic-res.cloudinary.com/image/upload/b_white,c_limit,dpr_1.0,f_auto,q_auto:low,w_150/d_ecommerce:backend-fallback.png/MAT_141722_PCE_LT"
Rimi,"Tep. varškės sūris česn. PHILADELPHIA, 125g",2.12,"https://rimibaltic-res.cloudinary.com/image/upload/b_white,c_limit,dpr_auto,f_auto,h_216,q_1,w_216/d_ecommerce:backend-fallback.png/MAT_901570_PCE_LT"
Rimi,"Tirpioji kava JACOBS GOLD, 100 g",7.99,"https://rimibaltic-res.cloudinary.com/image/upload/b_white,c_limit,dpr_auto,f_auto,h_216,q_1,w_216/d_ecommerce:backend-fallback.png/MAT_100351_PCE_LT"
Rimi,Sūris ICA Roquefort 100 g,2.95,"https://rimibaltic-res.cloudinary.com/image/upload/b_white,c_limit,dpr_auto,f_auto,h_216,q_1,w_216/d_ecommerce:backend-fallback.png/MAT_812307_PCE_LT"
Rimi,"Sausainiai BELVITA NUTS & HONEY, 300 g",4.15,"https://rimibaltic-res.cloudinary.com/image/upload/b_white,c_limit,dpr_auto,f_auto,h_216,q_1,w_216/d_ecommerce:backend-fallback.png/MAT_152341_PCE_LT"
Rimi,"Kramtomoji guma ORBIT WHITE STRAWBERRY, 14g",0.95,"https://rimibaltic-res.cloudinary.com/image/upload/b_white,c_limit,dpr_auto,f_auto,h_216,q_1,w_216/d_ecommerce:backend-fallback.png/MAT_196956_PCE_LT"
Rimi,"Malta kava ILLY FILTER COFFEE, 250 g",12.79,"https://rimibaltic-res.cloudinary.com/image/upload/b_white,c_limit,dpr_auto,f_auto,h_216,q_1,w_216/d_ecommerce:backend-fallback.png/MAT_156179_PCE_LT"
Rimi,"Juodoji arbata su serbentais DILMAH, 20 pak.",2.39,"https://rimibaltic-res.cloudinary.com/image/upload/b_white,c_limit,dpr_auto,f_auto,h_216,q_1,w_216/d_ecommerce:backend-fallback.png/MAT_154064_PCE_LT"
Rimi,Pietų lėkštė LUMINARC ZELIE 25cm,1.49,"https://rimibaltic-res.cloudinary.com/image/upload/b_white,c_limit,dpr_auto,f_auto,h_216,q_1,w_216/d_ecommerce:backend-fallback.png/MAT_7231373_PCE_LT"
Rimi,"Vonios patalpų valiklis TRI-BIO, 420 ml",4.59,"https://rimibaltic-res.cloudinary.com/image/upload/b_white,c_limit,dpr_auto,f_auto,h_216,q_1,w_216/d_ecommerce:backend-fallback.png/MAT_7259251_PCE_LT"
Rimi,"Rudieji BASMATI ryžiai BOSTO, 500 g",4.49,"https://rimibaltic-res.cloudinary.com/image/upload/b_white,c_limit,dpr_auto,f_auto,h_216,q_1,w_216/d_ecommerce:backend-fallback.png/MAT_1003577_PCE_LT"
Rimi,"Pomidorų padažas su mėsa, BOLOGNESE, 400g",5.29,"https://rimibaltic-res.cloudinary.com/image/upload/b_white,c_limit,dpr_auto,f_auto,h_216,q_1,w_216/d_ecommerce:backend-fallback.png/MAT_156323_PCE_LT"
Rimi,"Muilas DOVE CREAM, 90g",1.29,"https://rimibaltic-res.cloudinary.com/image/upload/b_white,c_limit,dpr_1.0,f_auto,q_auto:low,w_150/d_ecommerce:backend-fallback.png/MAT_7271733_PCE_LT"
Rimi,"Kartusis šokoladas LAIMA, 70 %, 90 g",2.49,"https://rimibaltic-res.cloudinary.com/image/upload/b_white,c_limit,dpr_1.0,f_auto,q_auto:low,w_150/d_ecommerce:backend-fallback.png/MAT_1010979_PCE_LT"
Rimi,"Figūrinės bulvių lazd. RIMI SMART,2,5kg",4.45,"https://rimibaltic-res.cloudinary.com/image/upload/b_white,c_limit,dpr_1.0,f_auto,q_auto:low,w_150/d_ecommerce:backend-fallback.png/MAT_814753_PCE_LT"
Rimi,"Sulčių gėrimas su ban. ir brašk. RIMI, 200 ml",0.26,"https://rimibaltic-res.cloudinary.com/image/upload/b_white,c_limit,dpr_auto,f_auto,h_216,q_1,w_216/d_ecommerce:backend-fallback.png/MAT_815162_PCE_LT"
Rimi,"Šalčiu džiovinti obuoliai riek. SUMMMER, 11g",2.29,"https://rimibaltic-res.cloudinary.com/image/upload/b_white,c_limit,dpr_auto,f_auto,h_216,q_1,w_216/d_ecommerce:backend-fallback.png/MAT_1000302_PCE_LT"
Rimi,"Maisto pap. Omega 3 forte 70% ICA, 90 kaps.",6.99,"https://rimibaltic-res.cloudinary.com/image/upload/b_white,c_limit,dpr_auto,f_auto,h_216,q_1,w_216/d_ecommerce:backend-fallback.png/MAT_811447_PCE_LT"
Rimi,"Skrudinti javainiai su braškėmis RIMI, 375 g",2.59,"https://rimibaltic-res.cloudinary.com/image/upload/b_white,c_limit,dpr_auto,f_auto,h_216,q_1,w_216/d_ecommerce:backend-fallback.png/MAT_801251_PCE_LT"
Rimi,"Aviž. batonėlis su uogomis MA BAKER, 100 g",1.69,"https://rimibaltic-res.cloudinary.com/image/upload/b_white,c_limit,dpr_auto,f_auto,h_216,q_1,w_216/d_ecommerce:backend-fallback.png/MAT_195103_PCE_LT"
Rimi,"Kavos gėrimas NESCAFE 3 in 1 STRONG, 160 g",2.85,"https://rimibaltic-res.cloudinary.com/image/upload/b_white,c_limit,dpr_auto,f_auto,h_216,q_1,w_216/d_ecommerce:backend-fallback.png/MAT_193846_PCE_LT"
Rimi,"Virtos GIMINIŲ dešrelės, a.r., 400 g",5.29,"https://rimibaltic-res.cloudinary.com/image/upload/b_white,c_limit,dpr_auto,f_auto,h_216,q_1,w_216/d_ecommerce:backend-fallback.png/MAT_281306_PCE_LT"
Rimi,"8 grūdų dribsniai su sėlenomis MALSENA, 400 g",1.99,"https://rimibaltic-res.cloudinary.com/image/upload/b_white,c_limit,dpr_auto,f_auto,h_216,q_1,w_216/d_ecommerce:backend-fallback.png/MAT_180398_PCE_LT"
Rimi,"Ilgagrūdžiai ryžiai RIMI, 8 x 125 g, 1 kg",2.29,"https://rimibaltic-res.cloudinary.com/image/upload/b_white,c_limit,dpr_auto,f_auto,h_216,q_1,w_216/d_ecommerce:backend-fallback.png/MAT_805082_PCE_LT"
Rimi,"Spanguolių nektaras VAISIŲ SULTYS, 750 ml",2.59,"https://rimibaltic-res.cloudinary.com/image/upload/b_white,c_limit,dpr_auto,f_auto,h_216,q_1,w_216/d_ecommerce:backend-fallback.png/MAT_1359300_PCE_LT"
Rimi,"Šalt.rūk. kiaulienos filė ALKSNIO DŪMAS, 1kg",12.79,"https://rimibaltic-res.cloudinary.com/image/upload/b_white,c_limit,dpr_auto,f_auto,h_216,q_1,w_216/d_ecommerce:backend-fallback.png/MAT_919767_KGM_LT"
Rimi,"Beržų sula su citrinomis MAGNUM, 750 ml",2.59,"https://rimibaltic-res.cloudinary.com/image/upload/b_white,c_limit,dpr_auto,f_auto,h_216,q_1,w_216/d_ecommerce:backend-fallback.png/MAT_1363437_PCE_LT"
Rimi,"Čiobreliai KOTANYI, 14g",1.39,"https://rimibaltic-res.cloudinary.com/image/upload/b_white,c_limit,dpr_1.0,f_auto,q_auto:low,w_150/d_ecommerce:backend-fallback.png/MAT_139226_PCE_LT"
Rimi,"Saldainiai KREGŽDUTĖ, 1kg",6.69,"https://rimibaltic-res.cloudinary.com/image/upload/b_white,c_limit,dpr_1.0,f_auto,q_auto:low,w_150/d_ecommerce:backend-fallback.png/MAT_145304_KGM_LT"
Rimi,"DZŪKIJOS sausainiai LAUMĖS JUOSTA, 245 g",2.19,"https://rimibaltic-res.cloudinary.com/image/upload/b_white,c_limit,dpr_1.0,f_auto,q_auto:low,w_150/d_ecommerce:backend-fallback.png/MAT_1007087_PCE_LT"
Rimi,"Kar. plombyras su glaistu NYKŠTUKAS, 80ml/58g",1.29,"https://rimibaltic-res.cloudinary.com/image/upload/b_white,c_limit,dpr_1.0,f_auto,q_auto:low,w_150/d_ecommerce:backend-fallback.png/MAT_977166_PCE_LT"
Rimi,"Vištienos sultinys GALLINA BLANCA, 15vnt,150g",1.39,"https://rimibaltic-res.cloudinary.com/image/upload/b_white,c_limit,dpr_auto,f_auto,h_216,q_1,w_216/d_ecommerce:backend-fallback.png/MAT_178123_PCE_LT"
Rimi,"Šokoladas KINDER T4, 50g",1.29,"https://rimibaltic-res.cloudinary.com/image/upload/b_white,c_limit,dpr_auto,f_auto,h_216,q_1,w_216/d_ecommerce:backend-fallback.png/MAT_103703_PCE_LT"
Rimi,"Tirpusis cikorijų gėrimas GALKA, 200 g",2.19,"https://rimibaltic-res.cloudinary.com/image/upload/b_white,c_limit,dpr_auto,f_auto,h_216,q_1,w_216/d_ecommerce:backend-fallback.png/MAT_154867_PCE_LT"
Rimi,"D.šepet. JORDAN TARGET SENSIT.ULTRASOFT,1vnt.",3.39,"https://rimibaltic-res.cloudinary.com/image/upload/b_white,c_limit,dpr_auto,f_auto,h_216,q_1,w_216/d_ecommerce:backend-fallback.png/MAT_7105721_PCE_LT"
Rimi,"Aviečių skonio zefyrai LAIMA, 200 g",1.99,"https://rimibaltic-res.cloudinary.com/image/upload/b_white,c_limit,dpr_auto,f_auto,h_216,q_1,w_216/d_ecommerce:backend-fallback.png/MAT_169099_PCE_LT"
Rimi,"Svanų druska SALDVA, 110 g",1.55,"https://rimibaltic-res.cloudinary.com/image/upload/b_white,c_limit,dpr_auto,f_auto,h_216,q_1,w_216/d_ecommerce:backend-fallback.png/MAT_1000403_PCE_LT"
Rimi,"Vais. arbata su anan. kriauš., LOYD, 20 pak.",2.99,"https://rimibaltic-res.cloudinary.com/image/upload/b_white,c_limit,dpr_auto,f_auto,h_216,q_1,w_216/d_ecommerce:backend-fallback.png/MAT_160583_PCE_LT"
Rimi,"Miško uogų vaisinė arbata LOYD, 20 pak.",2.99,"https://rimibaltic-res.cloudinary.com/image/upload/b_white,c_limit,dpr_auto,f_auto,h_216,q_1,w_216/d_ecommerce:backend-fallback.png/MAT_171957_PCE_LT"
Rimi,"TOM YUM skonio sriuba THAI CHOICE, 85g",1.45,"https://rimibaltic-res.cloudinary.com/image/upload/b_white,c_limit,dpr_1.0,f_auto,q_auto:low,w_150/d_ecommerce:backend-fallback.png/MAT_109082_PCE_LT"
Rimi,"Greit.par.višt.sk.makar. sriuba OYAKATA, 63g",2.49,"https://rimibaltic-res.cloudinary.com/image/upload/b_white,c_limit,dpr_1.0,f_auto,q_auto:low,w_150/d_ecommerce:backend-fallback.png/MAT_195882_PCE_LT"
Rimi,"Kavos kaps. DOLCE GUSTO CAFE AU LAIT, 160 g",8.49,"https://rimibaltic-res.cloudinary.com/image/upload/b_white,c_limit,dpr_auto,f_auto,h_216,q_1,w_216/d_ecommerce:backend-fallback.png/MAT_175310_PCE_LT"
Rimi,"Kepimo mišinys šokolad. keksui RIMI, 400 g",1.72,"https://rimibaltic-res.cloudinary.com/image/upload/b_white,c_limit,dpr_auto,f_auto,h_216,q_1,w_216/d_ecommerce:backend-fallback.png/MAT_811312_PCE_LT"
Rimi,"Karštai rūkyti viščiukų skrandukai, 250 g",2.39,"https://rimibaltic-res.cloudinary.com/image/upload/b_white,c_limit,dpr_auto,f_auto,h_216,q_1,w_216/d_ecommerce:backend-fallback.png/MAT_978360_PCE_LT"
Rimi,"Kavos kapsulės DOLCE GUSTO LUNGO, 16 x 5,6 g",8.49,"https://rimibaltic-res.cloudinary.com/image/upload/b_white,c_limit,dpr_auto,f_auto,h_216,q_1,w_216/d_ecommerce:backend-fallback.png/MAT_199826_PCE_LT"
Rimi,"Hig.pak. BELLA PERFECTA ULTRA BLUE,20vnt",3.99,"https://rimibaltic-res.cloudinary.com/image/upload/b_white,c_limit,dpr_auto,f_auto,h_216,q_1,w_216/d_ecommerce:backend-fallback.png/MAT_7002443_PCE_LT"
Rimi,"Aštrus pipirų padažas SANTA MARIA, 85ml",2.39,"https://rimibaltic-res.cloudinary.com/image/upload/b_white,c_limit,dpr_auto,f_auto,h_216,q_1,w_216/d_ecommerce:backend-fallback.png/MAT_101396_PCE_LT"
Rimi,"Kar. valg. ledai su vaf. tr. DADU, 150ml/90g",2.19,"https://rimibaltic-res.cloudinary.com/image/upload/b_white,c_limit,dpr_auto,f_auto,h_216,q_1,w_216/d_ecommerce:backend-fallback.png/MAT_977048_PCE_LT"
Rimi,"Makaronai RIMI GOODLIFE SPAGHETTI, 500 g",1.09,"https://rimibaltic-res.cloudinary.com/image/upload/b_white,c_limit,dpr_auto,f_auto,h_216,q_1,w_216/d_ecommerce:backend-fallback.png/MAT_806874_PCE_LT"
Rimi,"Sojų padažas be glit., KIKKOMAN TAMARI, 250ml",5.99,"https://rimibaltic-res.cloudinary.com/image/upload/b_white,c_limit,dpr_auto,f_auto,h_216,q_1,w_216/d_ecommerce:backend-fallback.png/MAT_156973_PCE_LT"
Rimi,"Šašlykų prieskoniai SANTA MARIA, 100g",2.09,"https://rimibaltic-res.cloudinary.com/image/upload/b_white,c_limit,dpr_auto,f_auto,h_216,q_1,w_216/d_ecommerce:backend-fallback.png/MAT_181643_PCE_LT"
Rimi,"Aviečių, morkų ir ob. nektaras KUBUŠ, 0,85 l",1.89,"https://rimibaltic-res.cloudinary.com/image/upload/b_white,c_limit,dpr_auto,f_auto,h_216,q_1,w_216/d_ecommerce:backend-fallback.png/MAT_1354716_PCE_LT"
Rimi,"Koncentr.indų plov. NEUTRAL Sensit,500ml",2.99,"https://rimibaltic-res.cloudinary.com/image/upload/b_white,c_limit,dpr_1.0,f_auto,q_auto:low,w_150/d_ecommerce:backend-fallback.png/MAT_7247334_PCE_LT"
Rimi,"Skrud.česn.pipirų mišinys SANTA MARIA, 80g",6.29,"https://rimibaltic-res.cloudinary.com/image/upload/b_white,c_limit,dpr_1.0,f_auto,q_auto:low,w_150/d_ecommerce:backend-fallback.png/MAT_133667_PCE_LT"
Rimi,"Stiklinis dangtis GOODCOOK, 20 cm",3.99,"https://rimibaltic-res.cloudinary.com/image/upload/b_white,c_limit,dpr_1.0,f_auto,q_auto:low,w_150/d_ecommerce:backend-fallback.png/MAT_7127175_PCE_LT"
Rimi,"Karamelė RIMI SMART MĖTA, 100 g",0.58,"https://rimibaltic-res.cloudinary.com/image/upload/b_white,c_limit,dpr_auto,f_auto,h_216,q_1,w_216/d_ecommerce:backend-fallback.png/MAT_809242_PCE_LT"
Rimi,"Sausainiai BELVITA SOFT BAKES FRUIT, 250 g",3.99,"https://rimibaltic-res.cloudinary.com/image/upload/b_white,c_limit,dpr_auto,f_auto,h_216,q_1,w_216/d_ecommerce:backend-fallback.png/MAT_192435_PCE_LT"
Rimi,"Kepintos ir sūdytos pistacijos AWAKE, 400 g",5.35,"https://rimibaltic-res.cloudinary.com/image/upload/b_white,c_limit,dpr_auto,f_auto,h_216,q_1,w_216/d_ecommerce:backend-fallback.png/MAT_804387_PCE_LT"
Rimi,"Karis SANTA MARIA, 34g",1.69,"https://rimibaltic-res.cloudinary.com/image/upload/b_white,c_limit,dpr_auto,f_auto,h_216,q_1,w_216/d_ecommerce:backend-fallback.png/MAT_100570_PCE_LT"
Rimi,"Krapų viršūnėlės TASTE FROM GARDEN, 30 g",1.25,"https://rimibaltic-res.cloudinary.com/image/upload/b_white,c_limit,dpr_auto,f_auto,h_216,q_1,w_216/d_ecommerce:backend-fallback.png/MAT_1005611_PCE_LT"
Rimi,"Citrinų rūgštis RIMI SMART, 30 g",0.16,"https://rimibaltic-res.cloudinary.com/image/upload/b_white,c_limit,dpr_auto,f_auto,h_216,q_1,w_216/d_ecommerce:backend-fallback.png/MAT_812162_PCE_LT"
Rimi,"Jogurtas GRAIKIŠKA AMFORA su mėl., 3,1%, 150g",1.59,"https://rimibaltic-res.cloudinary.com/image/upload/b_white,c_limit,dpr_auto,f_auto,h_216,q_1,w_216/d_ecommerce:backend-fallback.png/MAT_4006310_PCE_LT"
Rimi,"Dušo želė ALMEDA HERBAL TOUCH, 750 ml",5.79,"https://rimibaltic-res.cloudinary.com/image/upload/b_white,c_limit,dpr_auto,f_auto,h_216,q_1,w_216/d_ecommerce:backend-fallback.png/MAT_813195_PCE_LT"
Rimi,"Dušo želė ALMEDA APPLE GARDEN, 750 ml",5.79,"https://rimibaltic-res.cloudinary.com/image/upload/b_white,c_limit,dpr_auto,f_auto,h_216,q_1,w_216/d_ecommerce:backend-fallback.png/MAT_813196_PCE_LT"
Rimi,"Šprotai pomidorų padaže RIMI SMART, 240 g",1.89,"https://rimibaltic-res.cloudinary.com/image/upload/b_white,c_limit,dpr_auto,f_auto,h_216,q_1,w_216/d_ecommerce:backend-fallback.png/MAT_813535_PCE_LT"
Rimi,"Grietinin. saldainiai WERTHER'S ORIGINAL, 50g",0.79,"https://rimibaltic-res.cloudinary.com/image/upload/b_white,c_limit,dpr_auto,f_auto,h_216,q_1,w_216/d_ecommerce:backend-fallback.png/MAT_101364_PCE_LT"
Rimi,"Saldusis padažas KIKKOMAN TERIYAKI, 0,25l",6.29,"https://rimibaltic-res.cloudinary.com/image/upload/b_white,c_limit,dpr_auto,f_auto,h_216,q_1,w_216/d_ecommerce:backend-fallback.png/MAT_129430_PCE_LT"
Rimi,"Atlantinė lašiša su citrinos skoniu RIMI,170g",2.45,"https://rimibaltic-res.cloudinary.com/image/upload/b_white,c_limit,dpr_1.0,f_auto,q_auto:low,w_150/d_ecommerce:backend-fallback.png/MAT_812846_PCE_LT"
Rimi,"Plikyti ryžiai BOSTO, 500 g",2.99,"https://rimibaltic-res.cloudinary.com/image/upload/b_white,c_limit,dpr_1.0,f_auto,q_auto:low,w_150/d_ecommerce:backend-fallback.png/MAT_102371_PCE_LT"
Rimi,"Malta kava be kof. RIMI GROUND COFFEE, 250 g",4.69,"https://rimibaltic-res.cloudinary.com/image/upload/b_white,c_limit,dpr_1.0,f_auto,q_auto:low,w_150/d_ecommerce:backend-fallback.png/MAT_802331_PCE_LT"
Rimi,"Batonėlis su lazdynų riešutais MANIJA, 49 g",0.89,"https://rimibaltic-res.cloudinary.com/image/upload/b_white,c_limit,dpr_1.0,f_auto,q_auto:low,w_150/d_ecommerce:backend-fallback.png/MAT_169086_PCE_LT"
Rimi,"Mot.puršk.dez., REXONA CRYSTAL DIAM., 150ml",4.49,"https://rimibaltic-res.cloudinary.com/image/upload/b_white,c_limit,dpr_auto,f_auto,h_216,q_1,w_216/d_ecommerce:backend-fallback.png/MAT_779735_PCE_LT"
Rimi,"Sūrio skonio krekeriai TUC MINI, 100 g",1.69,"https://rimibaltic-res.cloudinary.com/image/upload/b_white,c_limit,dpr_auto,f_auto,h_216,q_1,w_216/d_ecommerce:backend-fallback.png/MAT_160565_PCE_LT"
Rimi,"Obuolių, kriauš. sultys FRUTIGO, 100 %, 3 l",6.99,"https://rimibaltic-res.cloudinary.com/image/upload/b_white,c_limit,dpr_auto,f_auto,h_216,q_1,w_216/d_ecommerce:backend-fallback.png/MAT_194905_PCE_LT"
Rimi,"Dezodoruotas saulėgr.aliejus NATURALISIMO, 1l",5.49,"https://rimibaltic-res.cloudinary.com/image/upload/b_white,c_limit,dpr_auto,f_auto,h_216,q_1,w_216/d_ecommerce:backend-fallback.png/MAT_197545_PCE_LT"
Rimi,"Žuvies prieskoniai krap., SANTA MARIA, 25g",1.05,"https://rimibaltic-res.cloudinary.com/image/upload/b_white,c_limit,dpr_auto,f_auto,h_216,q_1,w_216/d_ecommerce:backend-fallback.png/MAT_119011_PCE_LT"
Rimi,"Makaronai BARILLA SPAGHETTINI, 500 g",2.29,"https://rimibaltic-res.cloudinary.com/image/upload/b_white,c_limit,dpr_auto,f_auto,h_216,q_1,w_216/d_ecommerce:backend-fallback.png/MAT_169294_PCE_LT"
Rimi,"Raudonos saldžiosios paprikos SAUDA, 40g",0.57,"https://rimibaltic-res.cloudinary.com/image/upload/b_white,c_limit,dpr_auto,f_auto,h_216,q_1,w_216/d_ecommerce:backend-fallback.png/MAT_164872_PCE_LT"
Rimi,"Juodoji druska SELECTION BY RIMI, 100g",3.69,"https://rimibaltic-res.cloudinary.com/image/upload/b_white,c_limit,dpr_auto,f_auto,h_216,q_1,w_216/d_ecommerce:backend-fallback.png/MAT_810216_PCE_LT"
Rimi,"Prieskonių mišinys paukštienai SALDVA, 35g",0.75,"https://rimibaltic-res.cloudinary.com/image/upload/b_white,c_limit,dpr_1.0,f_auto,q_auto:low,w_150/d_ecommerce:backend-fallback.png/MAT_154748_PCE_LT"
Rimi,"Garstyčios su medumi SELECTION BY RIMI, 235g",3.49,"https://rimibaltic-res.cloudinary.com/image/upload/b_white,c_limit,dpr_1.0,f_auto,q_auto:low,w_150/d_ecommerce:backend-fallback.png/MAT_807018_PCE_LT"
Rimi,"Dribsniai su šokoladu ir bananais RIMI, 375 g",2.59,"https://rimibaltic-res.cloudinary.com/image/upload/b_white,c_limit,dpr_auto,f_auto,h_216,q_1,w_216/d_ecommerce:backend-fallback.png/MAT_802530_PCE_LT"
Rimi,"Bananų traškučiai AWAKE, 200 g",2.69,"https://rimibaltic-res.cloudinary.com/image/upload/b_white,c_limit,dpr_auto,f_auto,h_216,q_1,w_216/d_ecommerce:backend-fallback.png/MAT_804361_PCE_LT"
Rimi,"Ind. skalav. pr. FINISH RINSE AID MAX, 800ml",7.99,"https://rimibaltic-res.cloudinary.com/image/upload/b_white,c_limit,dpr_auto,f_auto,h_216,q_1,w_216/d_ecommerce:backend-fallback.png/MAT_797617_PCE_LT"
Rimi,"Malti juodieji pipirai SANTA MARIA, 45g",3.69,"https://rimibaltic-res.cloudinary.com/image/upload/b_white,c_limit,dpr_auto,f_auto,h_216,q_1,w_216/d_ecommerce:backend-fallback.png/MAT_181644_PCE_LT"
Rimi,"Visų grūdo dalių SUMUŠTINIŲ duona, 500 g",1.83,"https://rimibaltic-res.cloudinary.com/image/upload/b_white,c_limit,dpr_auto,f_auto,h_216,q_1,w_216/d_ecommerce:backend-fallback.png/MAT_972144_PCE_LT"
Rimi,"Pipirmėtės sk. arbata AHMAD TEA, 30 g",2.99,"https://rimibaltic-res.cloudinary.com/image/upload/b_white,c_limit,dpr_auto,f_auto,h_216,q_1,w_216/d_ecommerce:backend-fallback.png/MAT_154834_PCE_LT"
Rimi,"Pilno gr. makaron. SPAGHETTI INTEGRALE, 500 g",2.99,"https://rimibaltic-res.cloudinary.com/image/upload/b_white,c_limit,dpr_auto,f_auto,h_216,q_1,w_216/d_ecommerce:backend-fallback.png/MAT_168506_PCE_LT"
Rimi,Deserto lėkštė LUMINARC ZELIE 18cm,1.49,"https://rimibaltic-res.cloudinary.com/image/upload/b_white,c_limit,dpr_auto,f_auto,h_216,q_1,w_216/d_ecommerce:backend-fallback.png/MAT_7231380_PCE_LT"
Rimi,"Ypač grynas alyv. aliejus PONS SPRAY, 200ml",9.15,"https://rimibaltic-res.cloudinary.com/image/upload/b_white,c_limit,dpr_auto,f_auto,h_216,q_1,w_216/d_ecommerce:backend-fallback.png/MAT_170864_PCE_LT"
Rimi,"Becukrės pastilės FISHERMAN'S FRIEND, 25g",1.29,"https://rimibaltic-res.cloudinary.com/image/upload/b_white,c_limit,dpr_auto,f_auto,h_216,q_1,w_216/d_ecommerce:backend-fallback.png/MAT_145560_PCE_LT"
Rimi,"Malti kvapieji pipirai SALDVA, 25g",1.79,"https://rimibaltic-res.cloudinary.com/image/upload/b_white,c_limit,dpr_auto,f_auto,h_216,q_1,w_216/d_ecommerce:backend-fallback.png/MAT_154787_PCE_LT"
Rimi,"Džiovintos slyvos be kauliukų SEEBERGER, 200g",7.19,"https://rimibaltic-res.cloudinary.com/image/upload/b_white,c_limit,dpr_1.0,f_auto,q_auto:low,w_150/d_ecommerce:backend-fallback.png/MAT_126266_PCE_LT"
Rimi,"Šald. virtos krevetės, MSC, 100/150, 270 g",6.89,"https://rimibaltic-res.cloudinary.com/image/upload/b_white,c_limit,dpr_1.0,f_auto,q_auto:low,w_150/d_ecommerce:backend-fallback.png/MAT_973152_PCE_LT"
Rimi,"Vorčesterio padažas VITANA, 160 ml",1.55,"https://rimibaltic-res.cloudinary.com/image/upload/b_white,c_limit,dpr_1.0,f_auto,q_auto:low,w_150/d_ecommerce:backend-fallback.png/MAT_112926_PCE_LT"
Rimi,"Pastilės MYNTHON CITRUS-MULTIVIT, 34 g",0.98,"https://rimibaltic-res.cloudinary.com/image/upload/b_white,c_limit,dpr_auto,f_auto,h_216,q_1,w_216/d_ecommerce:backend-fallback.png/MAT_106462_PCE_LT"
Rimi,"Universalūs prieskoniai SANTA MARIA, 160g",2.99,"https://rimibaltic-res.cloudinary.com/image/upload/b_white,c_limit,dpr_auto,f_auto,h_216,q_1,w_216/d_ecommerce:backend-fallback.png/MAT_181622_PCE_LT"
Rimi,"Saldus aitriųjų paprikų padažas AJI, 200ml",2.45,"https://rimibaltic-res.cloudinary.com/image/upload/b_white,c_limit,dpr_auto,f_auto,h_216,q_1,w_216/d_ecommerce:backend-fallback.png/MAT_182697_PCE_LT"
Rimi,"Juodoji arbata DILMAH PREMIUM, 25 pak.",2.39,"https://rimibaltic-res.cloudinary.com/image/upload/b_white,c_limit,dpr_auto,f_auto,h_216,q_1,w_216/d_ecommerce:backend-fallback.png/MAT_179725_PCE_LT"
Rimi,"Juodoji arbata LIPTON YELLOW LABEL, 25 vnt",2.69,"https://rimibaltic-res.cloudinary.com/image/upload/b_white,c_limit,dpr_auto,f_auto,h_216,q_1,w_216/d_ecommerce:backend-fallback.png/MAT_129808_PCE_LT"
Rimi,"Sausi pusryčiai RIMI CHOCO CRISPS, 250 g",0.59,"https://rimibaltic-res.cloudinary.com/image/upload/b_white,c_limit,dpr_auto,f_auto,h_216,q_1,w_216/d_ecommerce:backend-fallback.png/MAT_808938_PCE_LT"
Rimi,"Ruošin. vištienai 4 sūr.p., MAGGI IDEA, 32 g",1.09,"https://rimibaltic-res.cloudinary.com/image/upload/b_white,c_limit,dpr_auto,f_auto,h_216,q_1,w_216/d_ecommerce:backend-fallback.png/MAT_163286_PCE_LT"
Rimi,"Studentų maistas ARIMEX PREMIUM, 1 kg",20.59,"https://rimibaltic-res.cloudinary.com/image/upload/b_white,c_limit,dpr_auto,f_auto,h_216,q_1,w_216/d_ecommerce:backend-fallback.png/MAT_192491_PCE_LT"
Rimi,"Rudieji ryžiai SKANĖJA, 500 g",2.09,"https://rimibaltic-res.cloudinary.com/image/upload/b_white,c_limit,dpr_auto,f_auto,h_216,q_1,w_216/d_ecommerce:backend-fallback.png/MAT_146713_PCE_LT"
Rimi,"Svarainių ir opuncijų sk. arbata LOYD, 34 g",2.99,"https://rimibaltic-res.cloudinary.com/image/upload/b_white,c_limit,dpr_auto,f_auto,h_216,q_1,w_216/d_ecommerce:backend-fallback.png/MAT_1002814_PCE_LT"
Rimi,"Žaliųjų citrinų skonio ledinukai HALLS, 33,5g",0.99,"https://rimibaltic-res.cloudinary.com/image/upload/b_white,c_limit,dpr_auto,f_auto,h_216,q_1,w_216/d_ecommerce:backend-fallback.png/MAT_137329_PCE_LT"
Rimi,"Braškių skonio ledinukai HALLS, 45g",0.99,"https://rimibaltic-res.cloudinary.com/image/upload/b_white,c_limit,dpr_auto,f_auto,h_216,q_1,w_216/d_ecommerce:backend-fallback.png/MAT_185623_PCE_LT"
Rimi,"Ledinukai HALLS CALM HONEY LEMON, 33,5g",0.99,"https://rimibaltic-res.cloudinary.com/image/upload/b_white,c_limit,dpr_auto,f_auto,h_216,q_1,w_216/d_ecommerce:backend-fallback.png/MAT_100967_PCE_LT"
Rimi,"Figų sk. balzaminis acto kremas RIMI, 250ml",3.99,"https://rimibaltic-res.cloudinary.com/image/upload/b_white,c_limit,dpr_1.0,f_auto,q_auto:low,w_150/d_ecommerce:backend-fallback.png/MAT_810036_PCE_LT"
Rimi,"AJVAR padažas ICA švelnus, 350 g",2.99,"https://rimibaltic-res.cloudinary.com/image/upload/b_white,c_limit,dpr_1.0,f_auto,q_auto:low,w_150/d_ecommerce:backend-fallback.png/MAT_812458_PCE_LT"
Rimi,"Klasik. sk. saldainiai SKRIVERU GOTINA, 250 g",3.89,"https://rimibaltic-res.cloudinary.com/image/upload/b_white,c_limit,dpr_1.0,f_auto,q_auto:low,w_150/d_ecommerce:backend-fallback.png/MAT_184560_PCE_LT"
Rimi,"Plikyta duona su miež. ir kanap. sėkl., 680g",2.79,"https://rimibaltic-res.cloudinary.com/image/upload/b_white,c_limit,dpr_auto,f_auto,h_216,q_1,w_216/d_ecommerce:backend-fallback.png/MAT_922656_PCE_LT"
Rimi,"Sausainiai GAIDELIS 7 GRŪDAI su kokos., 160 g",1.39,"https://rimibaltic-res.cloudinary.com/image/upload/b_white,c_limit,dpr_auto,f_auto,h_216,q_1,w_216/d_ecommerce:backend-fallback.png/MAT_1008372_PCE_LT"
Rimi,"Gazuotas gaiv. gėrimas COCA-COLA CHERRY, 1 l",1.65,"https://rimibaltic-res.cloudinary.com/image/upload/b_white,c_limit,dpr_auto,f_auto,h_216,q_1,w_216/d_ecommerce:backend-fallback.png/MAT_1375062_PCE_LT"
Rimi,"Sausainiai su šokolado gab. RIMI, 150 g",1.79,"https://rimibaltic-res.cloudinary.com/image/upload/b_white,c_limit,dpr_auto,f_auto,h_216,q_1,w_216/d_ecommerce:backend-fallback.png/MAT_803437_PCE_LT"
Rimi,"Kečupo skonio bulvių traškučiai LAYS, 130 g",2.19,"https://rimibaltic-res.cloudinary.com/image/upload/b_white,c_limit,dpr_auto,f_auto,h_216,q_1,w_216/d_ecommerce:backend-fallback.png/MAT_192803_PCE_LT"
Rimi,"Mėsos prieskoniai SANTA MARIA, 35g",1.25,"https://rimibaltic-res.cloudinary.com/image/upload/b_white,c_limit,dpr_auto,f_auto,h_216,q_1,w_216/d_ecommerce:backend-fallback.png/MAT_100318_PCE_LT"
Rimi,"Žol. arbata su kanap. ŽOLYNĖLIS RELAX, 30 g",2.59,"https://rimibaltic-res.cloudinary.com/image/upload/b_white,c_limit,dpr_auto,f_auto,h_216,q_1,w_216/d_ecommerce:backend-fallback.png/MAT_191949_PCE_LT"
Rimi,"Džiovinti laiškiniai česnakai ALVO, 15g",1.19,"https://rimibaltic-res.cloudinary.com/image/upload/b_white,c_limit,dpr_auto,f_auto,h_216,q_1,w_216/d_ecommerce:backend-fallback.png/MAT_194181_PCE_LT"
Rimi,"Sojų padažas KIKKOMAN, 150ml",4.99,"https://rimibaltic-res.cloudinary.com/image/upload/b_white,c_limit,dpr_1.0,f_auto,q_auto:low,w_150/d_ecommerce:backend-fallback.png/MAT_110936_PCE_LT"
Rimi,"Rankų muilas su medumi MARGARITA, 400ml",3.29,"https://rimibaltic-res.cloudinary.com/image/upload/b_white,c_limit,dpr_1.0,f_auto,q_auto:low,w_150/d_ecommerce:backend-fallback.png/MAT_7135084_PCE_LT"
Rimi,"Obuolių, bananų tyrelė KUBUŠ, 100 %, 100 g",1.09,"https://rimibaltic-res.cloudinary.com/image/upload/b_white,c_limit,dpr_auto,f_auto,h_216,q_1,w_216/d_ecommerce:backend-fallback.png/MAT_164453_PCE_LT"
Rimi,"Pienin. šokoladas su sv. lazdyn. FAZER, 200g",5.89,"https://rimibaltic-res.cloudinary.com/image/upload/b_white,c_limit,dpr_auto,f_auto,h_216,q_1,w_216/d_ecommerce:backend-fallback.png/MAT_100694_PCE_LT"
Rimi,"ŠVELNI ŽALIOJI lapelių arbata, 70 g",2.49,"https://rimibaltic-res.cloudinary.com/image/upload/b_white,c_limit,dpr_auto,f_auto,h_216,q_1,w_216/d_ecommerce:backend-fallback.png/MAT_191936_PCE_LT"
Rimi,"Pomidorų skonio makaronai KNORR, 65 g",1.39,"https://rimibaltic-res.cloudinary.com/image/upload/b_white,c_limit,dpr_auto,f_auto,h_216,q_1,w_216/d_ecommerce:backend-fallback.png/MAT_165627_PCE_LT"
Rimi,"Troškinta jautiena BIOVELA, 240 g",3.69,"https://rimibaltic-res.cloudinary.com/image/upload/b_white,c_limit,dpr_auto,f_auto,h_216,q_1,w_216/d_ecommerce:backend-fallback.png/MAT_285060_PCE_LT"
Rimi,"Dribsniai su džiov. vaisiais RIMI SMART, 1 kg",3.39,"https://rimibaltic-res.cloudinary.com/image/upload/b_white,c_limit,dpr_auto,f_auto,h_216,q_1,w_216/d_ecommerce:backend-fallback.png/MAT_807203_PCE_LT"
Rimi,Stalo žaidimas kortos TACTIC,3.99,"https://rimibaltic-res.cloudinary.com/image/upload/b_white,c_limit,dpr_auto,f_auto,h_216,q_1,w_216/d_ecommerce:backend-fallback.png/MAT_412724_PCE_LT"
Rimi,"Dušo želė ALMEDA APRICOT FUSION, 250 ml",2.19,"https://rimibaltic-res.cloudinary.com/image/upload/b_white,c_limit,dpr_auto,f_auto,h_216,q_1,w_216/d_ecommerce:backend-fallback.png/MAT_813199_PCE_LT"
Rimi,"Džiovintos spanguolės ARIMEX, 300g",5.99,"https://rimibaltic-res.cloudinary.com/image/upload/b_white,c_limit,dpr_auto,f_auto,h_216,q_1,w_216/d_ecommerce:backend-fallback.png/MAT_164542_PCE_LT"
Rimi,"Saldainiai CHEWITS XTREME SOUR APPLE, 34 g",0.65,"https://rimibaltic-res.cloudinary.com/image/upload/b_white,c_limit,dpr_auto,f_auto,h_216,q_1,w_216/d_ecommerce:backend-fallback.png/MAT_162138_PCE_LT"
Rimi,"Mandar. sultys DON SIMON PREMIUM, 100 %, 1 l",3.99,"https://rimibaltic-res.cloudinary.com/image/upload/b_white,c_limit,dpr_auto,f_auto,h_216,q_1,w_216/d_ecommerce:backend-fallback.png/MAT_124776_PCE_LT"
Rimi,"Chalapos paprikos SANTA MARIA, 215g",4.59,"https://rimibaltic-res.cloudinary.com/image/upload/b_white,c_limit,dpr_1.0,f_auto,q_auto:low,w_150/d_ecommerce:backend-fallback.png/MAT_103306_PCE_LT"
Rimi,"Tualeto valik.-gaivikl. BREF CA FLOWER, 2x50g",4.99,"https://rimibaltic-res.cloudinary.com/image/upload/b_white,c_limit,dpr_1.0,f_auto,q_auto:low,w_150/d_ecommerce:backend-fallback.png/MAT_7131009_PCE_LT"
Rimi,"Malti penkių rūšių pipirai SALDVA, 25g",1.49,"https://rimibaltic-res.cloudinary.com/image/upload/b_white,c_limit,dpr_1.0,f_auto,q_auto:low,w_150/d_ecommerce:backend-fallback.png/MAT_194217_PCE_LT"
Rimi,"Ob. apels. abr. sultys SELECTION BY RIMI, 1 l",2.79,"https://rimibaltic-res.cloudinary.com/image/upload/b_white,c_limit,dpr_auto,f_auto,h_216,q_1,w_216/d_ecommerce:backend-fallback.png/MAT_811020_PCE_LT"
Rimi,"Sūrio sriuba su skrebučiais MAGGI, 19g",0.68,"https://rimibaltic-res.cloudinary.com/image/upload/b_white,c_limit,dpr_auto,f_auto,h_216,q_1,w_216/d_ecommerce:backend-fallback.png/MAT_152614_PCE_LT"
Rimi,"Šaltalankių uogų tyrė MASHIE, 160 ml",4.39,"https://rimibaltic-res.cloudinary.com/image/upload/b_white,c_limit,dpr_auto,f_auto,h_216,q_1,w_216/d_ecommerce:backend-fallback.png/MAT_1008277_PCE_LT"
Rimi,"Sveriami saldainiai FAZER GEISHA, 1kg",27.99,"https://rimibaltic-res.cloudinary.com/image/upload/b_white,c_limit,dpr_auto,f_auto,h_216,q_1,w_216/d_ecommerce:backend-fallback.png/MAT_157413_DPA_LT"
Rimi,"Saldž.pad.su anan.KĖDAINIŲ KONSERVAI, 480 g",2.69,"https://rimibaltic-res.cloudinary.com/image/upload/b_white,c_limit,dpr_auto,f_auto,h_216,q_1,w_216/d_ecommerce:backend-fallback.png/MAT_1000243_PCE_LT"
Rimi,"Gaz. citrinų skonio stalo vanduo TICHĖ 1,5l",0.99,"https://rimibaltic-res.cloudinary.com/image/upload/b_white,c_limit,dpr_auto,f_auto,h_216,q_1,w_216/d_ecommerce:backend-fallback.png/MAT_1359711_PCE_LT"
Rimi,Sausk.keln. PAMPERS JUM S5 12-17kg 48vnt,13.19,"https://rimibaltic-res.cloudinary.com/image/upload/b_white,c_limit,dpr_auto,f_auto,h_216,q_1,w_216/d_ecommerce:backend-fallback.png/MAT_7108952_PCE_LT"
Rimi,"Ob. arb. mork. gėrimas KUBUŠ PLAY, 400 ml",1.09,"https://rimibaltic-res.cloudinary.com/image/upload/b_white,c_limit,dpr_auto,f_auto,h_216,q_1,w_216/d_ecommerce:backend-fallback.png/MAT_900206_PCE_LT"
Rimi,"Česnakiniai pipirai SANTA MARIA, 70g",2.69,"https://rimibaltic-res.cloudinary.com/image/upload/b_white,c_limit,dpr_auto,f_auto,h_216,q_1,w_216/d_ecommerce:backend-fallback.png/MAT_181621_PCE_LT"
Rimi,"Kokosų gėrimas ICA ASIA LIGHT, 400 ml",3.19,"https://rimibaltic-res.cloudinary.com/image/upload/b_white,c_limit,dpr_auto,f_auto,h_216,q_1,w_216/d_ecommerce:backend-fallback.png/MAT_813761_PCE_LT"
Rimi,"Šaltyje džiovintos braškės SUPERGARDEN, 19g",4.39,"https://rimibaltic-res.cloudinary.com/image/upload/b_white,c_limit,dpr_auto,f_auto,h_216,q_1,w_216/d_ecommerce:backend-fallback.png/MAT_1000351_PCE_LT"
Rimi,"Greit. paruošiami makaronai OYAKATA BEEF, 93g",2.39,"https://rimibaltic-res.cloudinary.com/image/upload/b_white,c_limit,dpr_auto,f_auto,h_216,q_1,w_216/d_ecommerce:backend-fallback.png/MAT_181473_PCE_LT"
Rimi,"Gr.par.mak.TASTE OF ASIA PAD THAI CHICKEN,93g",2.55,"https://rimibaltic-res.cloudinary.com/image/upload/b_white,c_limit,dpr_1.0,f_auto,q_auto:low,w_150/d_ecommerce:backend-fallback.png/MAT_1004086_PCE_LT"
Rimi,"Žalioji arbata su jazminu AHMAD TEA, 100 g",4.99,"https://rimibaltic-res.cloudinary.com/image/upload/b_white,c_limit,dpr_1.0,f_auto,q_auto:low,w_150/d_ecommerce:backend-fallback.png/MAT_113058_PCE_LT"
Rimi,"Kokosų skonio baltyminis batonėlis ME2U, 60 g",1.99,"https://rimibaltic-res.cloudinary.com/image/upload/b_white,c_limit,dpr_1.0,f_auto,q_auto:low,w_150/d_ecommerce:backend-fallback.png/MAT_199519_PCE_LT"
Rimi,"Dribsnių batonėlis NESTLE NESQUIK, 25 g",0.65,"https://rimibaltic-res.cloudinary.com/image/upload/b_white,c_limit,dpr_1.0,f_auto,q_auto:low,w_150/d_ecommerce:backend-fallback.png/MAT_123354_PCE_LT"
Rimi,"Mot. pėdk. IMMAGINE MICRO SLIM 100, NERO, 4d.",6.49,"https://rimibaltic-res.cloudinary.com/image/upload/b_white,c_limit,dpr_auto,f_auto,h_216,q_1,w_216/d_ecommerce:backend-fallback.png/MAT_7191158_PCE_LT"
Rimi,"Kavos pupelės SELECTION COLOMBIA, 1 kg",22.99,"https://rimibaltic-res.cloudinary.com/image/upload/b_white,c_limit,dpr_auto,f_auto,h_216,q_1,w_216/d_ecommerce:backend-fallback.png/MAT_811579_PCE_LT"
Rimi,"Grietin. svog. sk. krekeriai TUC MINI, 100 g",1.69,"https://rimibaltic-res.cloudinary.com/image/upload/b_white,c_limit,dpr_auto,f_auto,h_216,q_1,w_216/d_ecommerce:backend-fallback.png/MAT_164519_PCE_LT"
Rimi,"Sausainiai MILKA CHOCO & CHOCO, 150 g",3.39,"https://rimibaltic-res.cloudinary.com/image/upload/b_white,c_limit,dpr_auto,f_auto,h_216,q_1,w_216/d_ecommerce:backend-fallback.png/MAT_192450_PCE_LT"
Rimi,"Kukurūzų krepšeliai TEX MEX, 12 vnt., 135g",4.09,"https://rimibaltic-res.cloudinary.com/image/upload/b_white,c_limit,dpr_auto,f_auto,h_216,q_1,w_216/d_ecommerce:backend-fallback.png/MAT_100119_PCE_LT"
Rimi,"Dražė RŪTA ŽARA, 100 g",2.89,"https://rimibaltic-res.cloudinary.com/image/upload/b_white,c_limit,dpr_auto,f_auto,h_216,q_1,w_216/d_ecommerce:backend-fallback.png/MAT_1004155_PCE_LT"
Rimi,"Skystas skalbiklis TRI-BIO Baby, 940ml",9.99,"https://rimibaltic-res.cloudinary.com/image/upload/b_white,c_limit,dpr_auto,f_auto,h_216,q_1,w_216/d_ecommerce:backend-fallback.png/MAT_7109702_PCE_LT"
Rimi,"Tarpdančių siūlas JORDAN EVERYDAY,50m+10m",2.99,"https://rimibaltic-res.cloudinary.com/image/upload/b_white,c_limit,dpr_auto,f_auto,h_216,q_1,w_216/d_ecommerce:backend-fallback.png/MAT_7255796_PCE_LT"
Rimi,"Žirnių sriuba su skreb., MAGGI 5 MINUTES, 22g",0.68,"https://rimibaltic-res.cloudinary.com/image/upload/b_white,c_limit,dpr_1.0,f_auto,q_auto:low,w_150/d_ecommerce:backend-fallback.png/MAT_194335_PCE_LT"
Rimi,"Želė saldainiai RIMI (dideli kirminai), 200g",1.49,"https://rimibaltic-res.cloudinary.com/image/upload/b_white,c_limit,dpr_1.0,f_auto,q_auto:low,w_150/d_ecommerce:backend-fallback.png/MAT_808116_PCE_LT"
Rimi,"KALĖDINĖ klevų sir. sk. kava GURMAN'S, 125 g",2.79,"https://rimibaltic-res.cloudinary.com/image/upload/b_white,c_limit,dpr_auto,f_auto,h_216,q_1,w_216/d_ecommerce:backend-fallback.png/MAT_169386_PCE_LT"
Rimi,"Vištienos skonio makaronai KNORR, 61 g",1.35,"https://rimibaltic-res.cloudinary.com/image/upload/b_white,c_limit,dpr_auto,f_auto,h_216,q_1,w_216/d_ecommerce:backend-fallback.png/MAT_165628_PCE_LT"
Rimi,"S.kačių ėd. su jaut. PERFECT FIT STERIL, 750g",5.99,"https://rimibaltic-res.cloudinary.com/image/upload/b_white,c_limit,dpr_auto,f_auto,h_216,q_1,w_216/d_ecommerce:backend-fallback.png/MAT_7237526_PCE_LT"
Rimi,"Juod. arbata bergam. DILMAH EARL GREY, 20 pak",2.39,"https://rimibaltic-res.cloudinary.com/image/upload/b_white,c_limit,dpr_auto,f_auto,h_216,q_1,w_216/d_ecommerce:backend-fallback.png/MAT_154062_PCE_LT"
Rimi,"Juodoji arbata su karamele DILMAH, 20 pak.",2.39,"https://rimibaltic-res.cloudinary.com/image/upload/b_white,c_limit,dpr_auto,f_auto,h_216,q_1,w_216/d_ecommerce:backend-fallback.png/MAT_154070_PCE_LT"
Rimi,"Citr. kepsnių prieskoniai SANTA MARIA, 35 g",1.59,"https://rimibaltic-res.cloudinary.com/image/upload/b_white,c_limit,dpr_auto,f_auto,h_216,q_1,w_216/d_ecommerce:backend-fallback.png/MAT_181630_PCE_LT"
Rimi,"Natūr. spanguolių sultys VERY BERRY, 330 ml",5.69,"https://rimibaltic-res.cloudinary.com/image/upload/b_white,c_limit,dpr_auto,f_auto,h_216,q_1,w_216/d_ecommerce:backend-fallback.png/MAT_1358670_PCE_LT"
Rimi,"Pipirmėčių lapų arbata RIMI, 50 g",1.99,"https://rimibaltic-res.cloudinary.com/image/upload/b_white,c_limit,dpr_auto,f_auto,h_216,q_1,w_216/d_ecommerce:backend-fallback.png/MAT_808858_PCE_LT"
Rimi,"RAMEN vermišelių sriuba SHIN RAMYUN,120g",2.19,"https://rimibaltic-res.cloudinary.com/image/upload/b_white,c_limit,dpr_auto,f_auto,h_216,q_1,w_216/d_ecommerce:backend-fallback.png/MAT_198497_PCE_LT"
Rimi,"Žal. arbata LIPTON GREEN CLASSIC, 25 vnt",3.09,"https://rimibaltic-res.cloudinary.com/image/upload/b_white,c_limit,dpr_auto,f_auto,h_216,q_1,w_216/d_ecommerce:backend-fallback.png/MAT_160570_PCE_LT"
Rimi,"Sidabr. jūrų lydek. be galv., be uodeg., 1 kg",4.79,"https://rimibaltic-res.cloudinary.com/image/upload/b_white,c_limit,dpr_auto,f_auto,h_216,q_1,w_216/d_ecommerce:backend-fallback.png/MAT_957650_KGM_LT"
Rimi,"Silikon. kraikas katėms PET PERFECT, 7 l",7.99,"https://rimibaltic-res.cloudinary.com/image/upload/b_white,c_limit,dpr_1.0,f_auto,q_auto:low,w_150/d_ecommerce:backend-fallback.png/MAT_815259_PCE_LT"
Rimi,"Juod. arbata su mišk. uog. RIMI, 20 vnt. 40 g",2.69,"https://rimibaltic-res.cloudinary.com/image/upload/b_white,c_limit,dpr_1.0,f_auto,q_auto:low,w_150/d_ecommerce:backend-fallback.png/MAT_804446_PCE_LT"
Rimi,"Mėtų skonio kramtomoji guma, ORBIT WHITE, 14g",0.95,"https://rimibaltic-res.cloudinary.com/image/upload/b_white,c_limit,dpr_1.0,f_auto,q_auto:low,w_150/d_ecommerce:backend-fallback.png/MAT_104655_PCE_LT"
Rimi,"Higien.pak.Teens Sensitive Ultra soft,10",2.29,"https://rimibaltic-res.cloudinary.com/image/upload/b_white,c_limit,dpr_auto,f_auto,h_216,q_1,w_216/d_ecommerce:backend-fallback.png/MAT_7017349_PCE_LT"
Rimi,"Kvapieji pipirai SAUDA, 100g",2.29,"https://rimibaltic-res.cloudinary.com/image/upload/b_white,c_limit,dpr_auto,f_auto,h_216,q_1,w_216/d_ecommerce:backend-fallback.png/MAT_152835_PCE_LT"
Rimi,"Vid. skrud. malta kava MERRILD IN CUP, 400 g",10.99,"https://rimibaltic-res.cloudinary.com/image/upload/b_white,c_limit,dpr_auto,f_auto,h_216,q_1,w_216/d_ecommerce:backend-fallback.png/MAT_168891_PCE_LT"
Rimi,Šlapias ėd. katėms One Sterilcat lašiša 4x85g,3.29,"https://rimibaltic-res.cloudinary.com/image/upload/b_white,c_limit,dpr_auto,f_auto,h_216,q_1,w_216/d_ecommerce:backend-fallback.png/MAT_7207432_PCE_LT"
Rimi,"Daržovės tešloje EPIC SPRING ROLLS, 900g",8.69,"https://rimibaltic-res.cloudinary.com/image/upload/b_white,c_limit,dpr_auto,f_auto,h_216,q_1,w_216/d_ecommerce:backend-fallback.png/MAT_903160_PCE_LT"
Rimi,Naujo autom. kvapo oro gaiviklis WUNDERBAUM,1.49,"https://rimibaltic-res.cloudinary.com/image/upload/b_white,c_limit,dpr_auto,f_auto,h_216,q_1,w_216/d_ecommerce:backend-fallback.png/MAT_734354_PCE_LT"
Rimi,"Mangų, aitriųjų paprikų padažas FELIX, 285g",2.75,"https://rimibaltic-res.cloudinary.com/image/upload/b_white,c_limit,dpr_auto,f_auto,h_216,q_1,w_216/d_ecommerce:backend-fallback.png/MAT_162542_PCE_LT"
Rimi,"Makadamijų riešutai ARIMEX, 100g",5.29,"https://rimibaltic-res.cloudinary.com/image/upload/b_white,c_limit,dpr_auto,f_auto,h_216,q_1,w_216/d_ecommerce:backend-fallback.png/MAT_179652_PCE_LT"
Rimi,"Nealkoholinis alus STAROPRAMEN, 0,33 l",0.89,"https://rimibaltic-res.cloudinary.com/image/upload/b_white,c_limit,dpr_auto,f_auto,h_216,q_1,w_216/d_ecommerce:backend-fallback.png/MAT_1367645_PCE_LT"
Rimi,"Raudonėliai KOTANYI, 12 g",1.39,"https://rimibaltic-res.cloudinary.com/image/upload/b_white,c_limit,dpr_auto,f_auto,h_216,q_1,w_216/d_ecommerce:backend-fallback.png/MAT_153587_PCE_LT"
Rimi,"Vaik. kūn .praus. MARGARITA KAKĖ MAKĖ, 250ml",2.89,"https://rimibaltic-res.cloudinary.com/image/upload/b_white,c_limit,dpr_auto,f_auto,h_216,q_1,w_216/d_ecommerce:backend-fallback.png/MAT_7122354_PCE_LT"
Rimi,"Dėmių valiklis VANISH OxiAction, 500ml",6.19,"https://rimibaltic-res.cloudinary.com/image/upload/b_white,c_limit,dpr_auto,f_auto,h_216,q_1,w_216/d_ecommerce:backend-fallback.png/MAT_7043324_PCE_LT"
Rimi,"Kukur. traškučiai su sūriu SANTA MARIA, 475 g",5.89,"https://rimibaltic-res.cloudinary.com/image/upload/b_white,c_limit,dpr_auto,f_auto,h_216,q_1,w_216/d_ecommerce:backend-fallback.png/MAT_174886_PCE_LT"
Rimi,"Aitriųjų paprikų milteliai SANTA MARIA, 44g",2.45,"https://rimibaltic-res.cloudinary.com/image/upload/b_white,c_limit,dpr_1.0,f_auto,q_auto:low,w_150/d_ecommerce:backend-fallback.png/MAT_191167_PCE_LT"
Rimi,"Juodos saulėgrąžų sėklos YES, 150g",1.69,"https://rimibaltic-res.cloudinary.com/image/upload/b_white,c_limit,dpr_1.0,f_auto,q_auto:low,w_150/d_ecommerce:backend-fallback.png/MAT_166770_PCE_LT"
Rimi,"Trašk. vištienos sk. užkandis ESTRELLA, 110 g",2.05,"https://rimibaltic-res.cloudinary.com/image/upload/b_white,c_limit,dpr_1.0,f_auto,q_auto:low,w_150/d_ecommerce:backend-fallback.png/MAT_180422_PCE_LT"
Rimi,"Mentolio skonio ledinukai LOCKETS, 41g",1.09,"https://rimibaltic-res.cloudinary.com/image/upload/b_white,c_limit,dpr_auto,f_auto,h_216,q_1,w_216/d_ecommerce:backend-fallback.png/MAT_142093_PCE_LT"
Rimi,"Tailand.priesk. mišinys SELECTION BY RIMI, 50",3.49,"https://rimibaltic-res.cloudinary.com/image/upload/b_white,c_limit,dpr_auto,f_auto,h_216,q_1,w_216/d_ecommerce:backend-fallback.png/MAT_810218_PCE_LT"
Rimi,"Tunų gabaliukai alieluje JOHN WEST, 145 g",3.39,"https://rimibaltic-res.cloudinary.com/image/upload/b_white,c_limit,dpr_auto,f_auto,h_216,q_1,w_216/d_ecommerce:backend-fallback.png/MAT_948718_PCE_LT"
Rimi,"Rūkyt. lydytas sūris VISIEMS, 40 %, 330 g",2.25,"https://rimibaltic-res.cloudinary.com/image/upload/b_white,c_limit,dpr_auto,f_auto,h_216,q_1,w_216/d_ecommerce:backend-fallback.png/MAT_280440_PCE_LT"
Rimi,"Vyšnių skonio vaisinė arbata LOYD, 20 x 2 g",2.99,"https://rimibaltic-res.cloudinary.com/image/upload/b_white,c_limit,dpr_auto,f_auto,h_216,q_1,w_216/d_ecommerce:backend-fallback.png/MAT_183598_PCE_LT"
Rimi,"Citrinų skonio žalioji arbata LOYD, 34 g",2.99,"https://rimibaltic-res.cloudinary.com/image/upload/b_white,c_limit,dpr_auto,f_auto,h_216,q_1,w_216/d_ecommerce:backend-fallback.png/MAT_1002839_PCE_LT"
Rimi,"Makaronai su grietinėl.žol.pad., KNORR, 59g",2.15,"https://rimibaltic-res.cloudinary.com/image/upload/b_white,c_limit,dpr_auto,f_auto,h_216,q_1,w_216/d_ecommerce:backend-fallback.png/MAT_190578_PCE_LT"
Rimi,"Morkų tortilijos TEX MEX, 240 g",3.69,"https://rimibaltic-res.cloudinary.com/image/upload/b_white,c_limit,dpr_auto,f_auto,h_216,q_1,w_216/d_ecommerce:backend-fallback.png/MAT_1007702_PCE_LT"
Rimi,"AJVAR padažas ICA aštrus, 350 g",2.99,"https://rimibaltic-res.cloudinary.com/image/upload/b_white,c_limit,dpr_1.0,f_auto,q_auto:low,w_150/d_ecommerce:backend-fallback.png/MAT_812459_PCE_LT"
Rimi,"Avižų ir rugių košė su bananais ACTIVUS, 55 g",1.39,"https://rimibaltic-res.cloudinary.com/image/upload/b_white,c_limit,dpr_1.0,f_auto,q_auto:low,w_150/d_ecommerce:backend-fallback.png/MAT_192383_PCE_LT"
Rimi,"Marcipaniniai saldainiai ZENTIS, 100 g",1.65,"https://rimibaltic-res.cloudinary.com/image/upload/b_white,c_limit,dpr_auto,f_auto,h_216,q_1,w_216/d_ecommerce:backend-fallback.png/MAT_130406_PCE_LT"
Rimi,"Balt. šok. citrinų sk. sausainiai RIMI, 150 g",1.79,"https://rimibaltic-res.cloudinary.com/image/upload/b_white,c_limit,dpr_auto,f_auto,h_216,q_1,w_216/d_ecommerce:backend-fallback.png/MAT_809107_PCE_LT"
Rimi,"Tual. valikl.-gaiv. BREF CA EUCALYPTUS, 2x50g",4.99,"https://rimibaltic-res.cloudinary.com/image/upload/b_white,c_limit,dpr_auto,f_auto,h_216,q_1,w_216/d_ecommerce:backend-fallback.png/MAT_7126009_PCE_LT"
Rimi,"Ilgagrūdžiai plikyti ryžiai RIMI, 500 g",1.59,"https://rimibaltic-res.cloudinary.com/image/upload/b_white,c_limit,dpr_auto,f_auto,h_216,q_1,w_216/d_ecommerce:backend-fallback.png/MAT_803626_PCE_LT"
Rimi,"Makaronai jautienos skonio MAGGI, 59,2 g",0.87,"https://rimibaltic-res.cloudinary.com/image/upload/b_white,c_limit,dpr_auto,f_auto,h_216,q_1,w_216/d_ecommerce:backend-fallback.png/MAT_1000056_PCE_LT"
Rimi,"BOCMANO silkių filė garst. pad. ZIGMAS, 300 g",2.29,"https://rimibaltic-res.cloudinary.com/image/upload/b_white,c_limit,dpr_auto,f_auto,h_216,q_1,w_216/d_ecommerce:backend-fallback.png/MAT_919024_PCE_LT"
Rimi,"Džiovintų daržovių sriubos mišinys ALVO, 50g",1.49,"https://rimibaltic-res.cloudinary.com/image/upload/b_white,c_limit,dpr_auto,f_auto,h_216,q_1,w_216/d_ecommerce:backend-fallback.png/MAT_194195_PCE_LT"
Rimi,"Ekol. grikių MAMUKO kruopytės, 6 mėn, 240 g",3.69,"https://rimibaltic-res.cloudinary.com/image/upload/b_white,c_limit,dpr_auto,f_auto,h_216,q_1,w_216/d_ecommerce:backend-fallback.png/MAT_7057895_PCE_LT"
Rimi,"Jautien. liežuv. užkandėlė MARMALUZI, 190 g",2.19,"https://rimibaltic-res.cloudinary.com/image/upload/b_white,c_limit,dpr_auto,f_auto,h_216,q_1,w_216/d_ecommerce:backend-fallback.png/MAT_7039415_PCE_LT"
Rimi,"Virta TRADICINĖ DAKTARIŠKA dešra, a.r., 600g",2.99,"https://rimibaltic-res.cloudinary.com/image/upload/b_white,c_limit,dpr_auto,f_auto,h_216,q_1,w_216/d_ecommerce:backend-fallback.png/MAT_287707_PCE_LT"
Rimi,"Skumbrė aliejuje RIMI SMART, 240 g",2.19,"https://rimibaltic-res.cloudinary.com/image/upload/b_white,c_limit,dpr_auto,f_auto,h_216,q_1,w_216/d_ecommerce:backend-fallback.png/MAT_801764_PCE_LT"
Rimi,"Obuolių, pers. gėrimas TYMBARK, 30 %, 200 ml",0.55,"https://rimibaltic-res.cloudinary.com/image/upload/b_white,c_limit,dpr_1.0,f_auto,q_auto:low,w_150/d_ecommerce:backend-fallback.png/MAT_165545_PCE_LT"
Rimi,"Ekologiškas ryžių actas DETOX, 500 ml",5.25,"https://rimibaltic-res.cloudinary.com/image/upload/b_white,c_limit,dpr_1.0,f_auto,q_auto:low,w_150/d_ecommerce:backend-fallback.png/MAT_1003219_PCE_LT"
Rimi,"Grindų val. TRI-BIO draug.nam.gyv.,840ml",5.29,"https://rimibaltic-res.cloudinary.com/image/upload/b_white,c_limit,dpr_1.0,f_auto,q_auto:low,w_150/d_ecommerce:backend-fallback.png/MAT_7259252_PCE_LT"
Rimi,"Apsaug.lūpų pieštuk.MARGARITA KAKĖS MAKĖS, 4g",3.89,"https://rimibaltic-res.cloudinary.com/image/upload/b_white,c_limit,dpr_auto,f_auto,h_216,q_1,w_216/d_ecommerce:backend-fallback.png/MAT_7206969_PCE_LT"
Rimi,"Marcipanai ICA, 400g",3.39,"https://rimibaltic-res.cloudinary.com/image/upload/b_white,c_limit,dpr_auto,f_auto,h_216,q_1,w_216/d_ecommerce:backend-fallback.png/MAT_807925_PCE_LT"
Rimi,"Paprikų ir kario sk. padažas HESBURGER, 390g",2.99,"https://rimibaltic-res.cloudinary.com/image/upload/b_white,c_limit,dpr_auto,f_auto,h_216,q_1,w_216/d_ecommerce:backend-fallback.png/MAT_177630_PCE_LT"
Rimi,"Silikonas TURTLE WAX, 150 ml, AW25",4.99,"https://rimibaltic-res.cloudinary.com/image/upload/b_white,c_limit,dpr_auto,f_auto,h_216,q_1,w_216/d_ecommerce:backend-fallback.png/MAT_7238280_PCE_LT"
Rimi,"Anakardžių rieš.THE BEST OF ARIMEX,250g",8.69,"https://rimibaltic-res.cloudinary.com/image/upload/b_white,c_limit,dpr_auto,f_auto,h_216,q_1,w_216/d_ecommerce:backend-fallback.png/MAT_196708_PCE_LT"
Rimi,"Ledų asorti RIMI, 2 l / 1 kg",6.79,"https://rimibaltic-res.cloudinary.com/image/upload/b_white,c_limit,dpr_auto,f_auto,h_216,q_1,w_216/d_ecommerce:backend-fallback.png/MAT_801395_PCE_LT"
Rimi,"Vištienos sultinys MAGGI, 160 g",2.29,"https://rimibaltic-res.cloudinary.com/image/upload/b_white,c_limit,dpr_auto,f_auto,h_216,q_1,w_216/d_ecommerce:backend-fallback.png/MAT_1012361_PCE_LT"
Rimi,"Ekologiška aštri kario sriuba ACTIVUS, 400 g",2.39,"https://rimibaltic-res.cloudinary.com/image/upload/b_white,c_limit,dpr_auto,f_auto,h_216,q_1,w_216/d_ecommerce:backend-fallback.png/MAT_1020284_PCE_LT"
Rimi,"Tirpioji kava JACOBS CRONAT GOLD, 200 g",12.99,"https://rimibaltic-res.cloudinary.com/image/upload/b_white,c_limit,dpr_auto,f_auto,h_216,q_1,w_216/d_ecommerce:backend-fallback.png/MAT_100210_PCE_LT"
Rimi,"Ž. svogūnų sk. bulvių traškučiai LAYS, 250 g",3.99,"https://rimibaltic-res.cloudinary.com/image/upload/b_white,c_limit,dpr_auto,f_auto,h_216,q_1,w_216/d_ecommerce:backend-fallback.png/MAT_192782_PCE_LT"
Rimi,"Šokoladinis batonėlis TWIX, 50g",1.09,"https://rimibaltic-res.cloudinary.com/image/upload/b_white,c_limit,dpr_auto,f_auto,h_216,q_1,w_216/d_ecommerce:backend-fallback.png/MAT_164253_PCE_LT"
Rimi,"Aštr.pip. kukurūzų traškučiai DORITOS, 100g",1.99,"https://rimibaltic-res.cloudinary.com/image/upload/b_white,c_limit,dpr_auto,f_auto,h_216,q_1,w_216/d_ecommerce:backend-fallback.png/MAT_190809_PCE_LT"
Rimi,"Aitriųjų paprikų padažas SANTA MARIA, 200ml",2.79,"https://rimibaltic-res.cloudinary.com/image/upload/b_white,c_limit,dpr_1.0,f_auto,q_auto:low,w_150/d_ecommerce:backend-fallback.png/MAT_192775_PCE_LT"
Rimi,"Stiklinis dangtis GOOD COOK, 30 cm",5.49,"https://rimibaltic-res.cloudinary.com/image/upload/b_white,c_limit,dpr_1.0,f_auto,q_auto:low,w_150/d_ecommerce:backend-fallback.png/MAT_7127174_PCE_LT"
Rimi,"Ilgagrūdžiai ryžiai RIMI, 4 x 125 g, 500 g",1.49,"https://rimibaltic-res.cloudinary.com/image/upload/b_white,c_limit,dpr_1.0,f_auto,q_auto:low,w_150/d_ecommerce:backend-fallback.png/MAT_803637_PCE_LT"
Rimi,"Saulėgrąžų sėklos RIMI, kg",5.65,"https://rimibaltic-res.cloudinary.com/image/upload/b_white,c_limit,dpr_1.0,f_auto,q_auto:low,w_150/d_ecommerce:backend-fallback.png/MAT_809328_KGM_LT"
Rimi,"Sausainiai su miško uogomis BELVITA, 300 g",4.15,"https://rimibaltic-res.cloudinary.com/image/upload/b_white,c_limit,dpr_auto,f_auto,h_216,q_1,w_216/d_ecommerce:backend-fallback.png/MAT_160105_PCE_LT"
Rimi,"Žvakės MULLER, vanilės kvapo,4val,18vnt.",2.99,"https://rimibaltic-res.cloudinary.com/image/upload/b_white,c_limit,dpr_auto,f_auto,h_216,q_1,w_216/d_ecommerce:backend-fallback.png/MAT_7257900_PCE_LT"
Rimi,"Universalus prieskonių mišinys, 200g",0.89,"https://rimibaltic-res.cloudinary.com/image/upload/b_white,c_limit,dpr_auto,f_auto,h_216,q_1,w_216/d_ecommerce:backend-fallback.png/MAT_158267_PCE_LT"
Rimi,"Lašišų paštetas ARGETA, 95 g",2.39,"https://rimibaltic-res.cloudinary.com/image/upload/b_white,c_limit,dpr_auto,f_auto,h_216,q_1,w_216/d_ecommerce:backend-fallback.png/MAT_270195_PCE_LT"
Rimi,"Pieninis šokoladas kepimui ICA, 200g",3.99,"https://rimibaltic-res.cloudinary.com/image/upload/b_white,c_limit,dpr_auto,f_auto,h_216,q_1,w_216/d_ecommerce:backend-fallback.png/MAT_804863_PCE_LT"
Rimi,"Tirpi grybų sriuba MAGGI, 22 g",0.68,"https://rimibaltic-res.cloudinary.com/image/upload/b_white,c_limit,dpr_auto,f_auto,h_216,q_1,w_216/d_ecommerce:backend-fallback.png/MAT_165575_PCE_LT"
Rimi,"Maisto pap. vitaminas B forte ICA,100 tabl.",4.29,"https://rimibaltic-res.cloudinary.com/image/upload/b_white,c_limit,dpr_auto,f_auto,h_216,q_1,w_216/d_ecommerce:backend-fallback.png/MAT_811624_PCE_LT"
Rimi,"Vonių valiklis CIF, 500ml",4.59,"https://rimibaltic-res.cloudinary.com/image/upload/b_white,c_limit,dpr_auto,f_auto,h_216,q_1,w_216/d_ecommerce:backend-fallback.png/MAT_7060047_PCE_LT"
Rimi,"Saldiklis eritritolis ALVO, 300 g",5.99,"https://rimibaltic-res.cloudinary.com/image/upload/b_white,c_limit,dpr_1.0,f_auto,q_auto:low,w_150/d_ecommerce:backend-fallback.png/MAT_1007418_PCE_LT"
Rimi,"Natūr. šaltalankių sultys VERY BERRY, 330 ml",5.69,"https://rimibaltic-res.cloudinary.com/image/upload/b_white,c_limit,dpr_1.0,f_auto,q_auto:low,w_150/d_ecommerce:backend-fallback.png/MAT_1358673_PCE_LT"
Rimi,"Pabarstukai DR.OETKER, ŽVAIGŽDUTĖS, 10 g",0.68,"https://rimibaltic-res.cloudinary.com/image/upload/b_white,c_limit,dpr_auto,f_auto,h_216,q_1,w_216/d_ecommerce:backend-fallback.png/MAT_188605_PCE_LT"
Rimi,"Šokolado skonio mini vafliai SELGA, 250 g",3.79,"https://rimibaltic-res.cloudinary.com/image/upload/b_white,c_limit,dpr_auto,f_auto,h_216,q_1,w_216/d_ecommerce:backend-fallback.png/MAT_193688_PCE_LT"
Rimi,"Marin. jūros kopūstai su kalm. maj. RIMI,250g",1.79,"https://rimibaltic-res.cloudinary.com/image/upload/b_white,c_limit,dpr_auto,f_auto,h_216,q_1,w_216/d_ecommerce:backend-fallback.png/MAT_811617_PCE_LT"
Rimi,"Kavos gėrimas NESCAFE CLASSIC 3 in 1, 330 g",5.99,"https://rimibaltic-res.cloudinary.com/image/upload/b_white,c_limit,dpr_auto,f_auto,h_216,q_1,w_216/d_ecommerce:backend-fallback.png/MAT_193544_PCE_LT"
Rimi,"Tams. šokoladas nesk.rieš., RITTER SPORT, 100",2.89,"https://rimibaltic-res.cloudinary.com/image/upload/b_white,c_limit,dpr_auto,f_auto,h_216,q_1,w_216/d_ecommerce:backend-fallback.png/MAT_176463_PCE_LT"
Rimi,"Šokoladiniai sausainiai RIMI SMART, 160 g",0.49,"https://rimibaltic-res.cloudinary.com/image/upload/b_white,c_limit,dpr_auto,f_auto,h_216,q_1,w_216/d_ecommerce:backend-fallback.png/MAT_804150_PCE_LT"
Rimi,"Klasikinis SUSLAVIČIAUS pomid. padažas, 500g",2.45,"https://rimibaltic-res.cloudinary.com/image/upload/b_white,c_limit,dpr_auto,f_auto,h_216,q_1,w_216/d_ecommerce:backend-fallback.png/MAT_162535_PCE_LT"
Rimi,"Eko.arb.gėrimas SUN365 KOMBUCHA MELISSA H.,1l",3.69,"https://rimibaltic-res.cloudinary.com/image/upload/b_white,c_limit,dpr_auto,f_auto,h_216,q_1,w_216/d_ecommerce:backend-fallback.png/MAT_1368185_PCE_LT"
Rimi,"Bulvių košė su svog.skreb., MAGGI 5 MIN, 59g",1.99,"https://rimibaltic-res.cloudinary.com/image/upload/b_white,c_limit,dpr_auto,f_auto,h_216,q_1,w_216/d_ecommerce:backend-fallback.png/MAT_195098_PCE_LT"
Rimi,"Kefyro gėrimas GRAIKIŠKA AMFORA, 2 %, 500 g",1.99,"https://rimibaltic-res.cloudinary.com/image/upload/b_white,c_limit,dpr_auto,f_auto,h_216,q_1,w_216/d_ecommerce:backend-fallback.png/MAT_967904_PCE_LT"
Rimi,"Anan. pers. sk. gėrimas RASA SULTINGA, 1,5 l",1.59,"https://rimibaltic-res.cloudinary.com/image/upload/b_white,c_limit,dpr_auto,f_auto,h_216,q_1,w_216/d_ecommerce:backend-fallback.png/MAT_1359744_PCE_LT"
Rimi,"Saldainiai RAFFAELLO, 150g",4.49,"https://rimibaltic-res.cloudinary.com/image/upload/b_white,c_limit,dpr_1.0,f_auto,q_auto:low,w_150/d_ecommerce:backend-fallback.png/MAT_101029_PCE_LT"
Rimi,"Spanguolių skonio kisielius KLINGAI, 250g",0.89,"https://rimibaltic-res.cloudinary.com/image/upload/b_white,c_limit,dpr_1.0,f_auto,q_auto:low,w_150/d_ecommerce:backend-fallback.png/MAT_148736_PCE_LT"
Rimi,"Vištienos prieskoniai SANTA MARIA, 275g",4.89,"https://rimibaltic-res.cloudinary.com/image/upload/b_white,c_limit,dpr_1.0,f_auto,q_auto:low,w_150/d_ecommerce:backend-fallback.png/MAT_191188_PCE_LT"
Rimi,"Šprotai pomidorų padaže RIMI, 250 g",2.65,"https://rimibaltic-res.cloudinary.com/image/upload/b_white,c_limit,dpr_auto,f_auto,h_216,q_1,w_216/d_ecommerce:backend-fallback.png/MAT_812038_PCE_LT"
Rimi,"Laiškiniai česnakai KOTANYI, 5g",1.39,"https://rimibaltic-res.cloudinary.com/image/upload/b_white,c_limit,dpr_auto,f_auto,h_216,q_1,w_216/d_ecommerce:backend-fallback.png/MAT_153370_PCE_LT"
Rimi,"Gaivusis gėrimas MOUNTAIN DEW, 1,5l",2.59,"https://rimibaltic-res.cloudinary.com/image/upload/b_white,c_limit,dpr_auto,f_auto,h_216,q_1,w_216/d_ecommerce:backend-fallback.png/MAT_1360410_PCE_LT"
Rimi,"Paukšt.prieskon. mišinys su med., SAUDA, 70g",1.29,"https://rimibaltic-res.cloudinary.com/image/upload/b_white,c_limit,dpr_auto,f_auto,h_216,q_1,w_216/d_ecommerce:backend-fallback.png/MAT_168559_PCE_LT"
Rimi,"DZŪKIJOS ABRIKOSINIAI sausainiai, 250 g",2.19,"https://rimibaltic-res.cloudinary.com/image/upload/b_white,c_limit,dpr_auto,f_auto,h_216,q_1,w_216/d_ecommerce:backend-fallback.png/MAT_1007079_PCE_LT"
Rimi,"Apelsinų skonio sausainiai ANNAS, 150 g",2.19,"https://rimibaltic-res.cloudinary.com/image/upload/b_white,c_limit,dpr_auto,f_auto,h_216,q_1,w_216/d_ecommerce:backend-fallback.png/MAT_141804_PCE_LT"
Rimi,"Sumuštinis su kumpiu ir sūriu MEGA, 245g",2.39,"https://rimibaltic-res.cloudinary.com/image/upload/b_white,c_limit,dpr_auto,f_auto,h_216,q_1,w_216/d_ecommerce:backend-fallback.png/MAT_939992_PCE_LT"
Rimi,"Citrinų skonio ledinukai LOCKETS, 41g",1.09,"https://rimibaltic-res.cloudinary.com/image/upload/b_white,c_limit,dpr_auto,f_auto,h_216,q_1,w_216/d_ecommerce:backend-fallback.png/MAT_103749_PCE_LT"
Rimi,"Bananų, obuolių tyrelė KUBUŠ, 100 %, 100 g",1.09,"https://rimibaltic-res.cloudinary.com/image/upload/b_white,c_limit,dpr_auto,f_auto,h_216,q_1,w_216/d_ecommerce:backend-fallback.png/MAT_164442_PCE_LT"
Rimi,"Kepinti ir sūdyti žemės riešutai AWAKE, 150g",0.69,"https://rimibaltic-res.cloudinary.com/image/upload/b_white,c_limit,dpr_auto,f_auto,h_216,q_1,w_216/d_ecommerce:backend-fallback.png/MAT_804391_PCE_LT"
Rimi,"Vafliai su vanilės skonio įdaru HAPPY, 100 g",1.19,"https://rimibaltic-res.cloudinary.com/image/upload/b_white,c_limit,dpr_auto,f_auto,h_216,q_1,w_216/d_ecommerce:backend-fallback.png/MAT_1004950_PCE_LT"
Rimi,"Vištien. sultinys GALLINA BLANCA, 8 kub., 80g",0.85,"https://rimibaltic-res.cloudinary.com/image/upload/b_white,c_limit,dpr_auto,f_auto,h_216,q_1,w_216/d_ecommerce:backend-fallback.png/MAT_101369_PCE_LT"
Rimi,"Kav. pup. GUATEMALA SELECTION BY RIMI, 1 kg",22.99,"https://rimibaltic-res.cloudinary.com/image/upload/b_white,c_limit,dpr_1.0,f_auto,q_auto:low,w_150/d_ecommerce:backend-fallback.png/MAT_807739_PCE_LT"
Rimi,"Eko. gaz. ananasų arbatos gėrimas,330ml",2.39,"https://rimibaltic-res.cloudinary.com/image/upload/b_white,c_limit,dpr_1.0,f_auto,q_auto:low,w_150/d_ecommerce:backend-fallback.png/MAT_174238_PCE_LT"
Rimi,Pieninis šokoladas Poesia 100g,0.99,"https://rimibaltic-res.cloudinary.com/image/upload/b_white,c_limit,dpr_1.0,f_auto,q_auto:low,w_150/d_ecommerce:backend-fallback.png/MAT_802407_PCE_LT"
Rimi,"Maistinė soda LOMBARDI, 0,5 kg",1.25,"https://rimibaltic-res.cloudinary.com/image/upload/b_white,c_limit,dpr_1.0,f_auto,q_auto:low,w_150/d_ecommerce:backend-fallback.png/MAT_1008884_PCE_LT"
Rimi,"Fetos sūris SKVN GRIKIOS, 100 g",2.45,"https://rimibaltic-res.cloudinary.com/image/upload/b_white,c_limit,dpr_auto,f_auto,h_216,q_1,w_216/d_ecommerce:backend-fallback.png/MAT_4002811_PCE_LT"
Rimi,"Valgom. ledai su saldikl. NUTRI PROTEIN, 67 g",1.99,"https://rimibaltic-res.cloudinary.com/image/upload/b_white,c_limit,dpr_auto,f_auto,h_216,q_1,w_216/d_ecommerce:backend-fallback.png/MAT_4003158_PCE_LT"
Rimi,"Šald. aug. kilmės pica MEXICANA ANAMMA, 350 g",5.99,"https://rimibaltic-res.cloudinary.com/image/upload/b_white,c_limit,dpr_auto,f_auto,h_216,q_1,w_216/d_ecommerce:backend-fallback.png/MAT_4003993_PCE_LT"
Rimi,"Makar. su krevet. ir česnakų pad. RIMI, 350 g",3.99,"https://rimibaltic-res.cloudinary.com/image/upload/b_white,c_limit,dpr_auto,f_auto,h_216,q_1,w_216/d_ecommerce:backend-fallback.png/MAT_815951_PCE_LT"
Rimi,"Ekol. trinta pievagr. sriuba ACTIVUS, 400 g",2.39,"https://rimibaltic-res.cloudinary.com/image/upload/b_white,c_limit,dpr_auto,f_auto,h_216,q_1,w_216/d_ecommerce:backend-fallback.png/MAT_1020296_PCE_LT"
Rimi,"Batonėliai su sūr. karam. SALLING, 6x25 g",1.79,"https://rimibaltic-res.cloudinary.com/image/upload/b_white,c_limit,dpr_auto,f_auto,h_216,q_1,w_216/d_ecommerce:backend-fallback.png/MAT_816829_PCE_LT"
Rimi,"Karališkasis mišinys RIMI, 150g",2.95,"https://rimibaltic-res.cloudinary.com/image/upload/b_white,c_limit,dpr_auto,f_auto,h_216,q_1,w_216/d_ecommerce:backend-fallback.png/MAT_805596_PCE_LT"
Rimi,"Šaltai rūkyta Giminių dešra, I r., 200g",4.79,"https://rimibaltic-res.cloudinary.com/image/upload/b_white,c_limit,dpr_auto,f_auto,h_216,q_1,w_216/d_ecommerce:backend-fallback.png/MAT_917540_PCE_LT"
Rimi,"Sausi pusryčiai su vanile KRAMSI, 175 g",1.49,"https://rimibaltic-res.cloudinary.com/image/upload/b_white,c_limit,dpr_1.0,f_auto,q_auto:low,w_150/d_ecommerce:backend-fallback.png/MAT_167044_PCE_LT"
Rimi,"Citr.sk.alyv.aliej., SELECTION BY RIMI, 250ml",8.15,"https://rimibaltic-res.cloudinary.com/image/upload/b_white,c_limit,dpr_1.0,f_auto,q_auto:low,w_150/d_ecommerce:backend-fallback.png/MAT_803347_PCE_LT"
Rimi,"Indų plovimo balzamas TRI-BIO, 840ml",4.99,"https://rimibaltic-res.cloudinary.com/image/upload/b_white,c_limit,dpr_auto,f_auto,h_216,q_1,w_216/d_ecommerce:backend-fallback.png/MAT_7123683_PCE_LT"
Rimi,"Klasikinis SUSLAVIČIAUS pomidor. kečupas, 1kg",3.99,"https://rimibaltic-res.cloudinary.com/image/upload/b_white,c_limit,dpr_auto,f_auto,h_216,q_1,w_216/d_ecommerce:backend-fallback.png/MAT_183712_PCE_LT"
Rimi,"Vyr.puršk.dez. REXONA INV. BLACK&WHITE, 150ml",4.49,"https://rimibaltic-res.cloudinary.com/image/upload/b_white,c_limit,dpr_auto,f_auto,h_216,q_1,w_216/d_ecommerce:backend-fallback.png/MAT_7080441_PCE_LT"
Rimi,"Imbier.sk.gėr.CARIBIA GINGER BEER, 0,33 l",0.99,"https://rimibaltic-res.cloudinary.com/image/upload/b_white,c_limit,dpr_auto,f_auto,h_216,q_1,w_216/d_ecommerce:backend-fallback.png/MAT_1353990_PCE_LT"
Rimi,"Griet. svog. sk. bulv. trašk. ESTRELLA, 180g",3.19,"https://rimibaltic-res.cloudinary.com/image/upload/b_white,c_limit,dpr_auto,f_auto,h_216,q_1,w_216/d_ecommerce:backend-fallback.png/MAT_198643_PCE_LT"
Rimi,"Dribsnių batonėlis CORN FLAKES BAR, 22 g",0.65,"https://rimibaltic-res.cloudinary.com/image/upload/b_white,c_limit,dpr_auto,f_auto,h_216,q_1,w_216/d_ecommerce:backend-fallback.png/MAT_1004269_PCE_LT"
Rimi,"Rūkytas ROKIŠKIO ferment. sūris, 43 %, 1 kg",9.99,"https://rimibaltic-res.cloudinary.com/image/upload/b_white,c_limit,dpr_auto,f_auto,h_216,q_1,w_216/d_ecommerce:backend-fallback.png/MAT_246695_KGM_LT"
Rimi,"Priesk. mišinys šonkauliams SANTA MARIA, 30 g",1.39,"https://rimibaltic-res.cloudinary.com/image/upload/b_white,c_limit,dpr_auto,f_auto,h_216,q_1,w_216/d_ecommerce:backend-fallback.png/MAT_171354_PCE_LT"
Rimi,"Gaz.citr.žal.citr.sk. gėrimas SPRITE ,2l,PET",2.69,"https://rimibaltic-res.cloudinary.com/image/upload/b_white,c_limit,dpr_auto,f_auto,h_216,q_1,w_216/d_ecommerce:backend-fallback.png/MAT_1367112_PCE_LT"
Rimi,"Dantų šepet. JORDAN ULTIMATE YOU SOFT, 1 vnt.",2.55,"https://rimibaltic-res.cloudinary.com/image/upload/b_white,c_limit,dpr_auto,f_auto,h_216,q_1,w_216/d_ecommerce:backend-fallback.png/MAT_7127221_PCE_LT"
Rimi,"Pievagrybių sriuba su skrebučiais MAGGI, 14g",0.68,"https://rimibaltic-res.cloudinary.com/image/upload/b_white,c_limit,dpr_auto,f_auto,h_216,q_1,w_216/d_ecommerce:backend-fallback.png/MAT_140089_PCE_LT"
Rimi,"Šaldytuvinė lemputė OSRAM, 25W, E14",2.69,"https://rimibaltic-res.cloudinary.com/image/upload/b_white,c_limit,dpr_1.0,f_auto,q_auto:low,w_150/d_ecommerce:backend-fallback.png/MAT_608422_PCE_LT"
Rimi,"Krevečių pasta su avokadais ZIGMAS, 160 g",3.29,"https://rimibaltic-res.cloudinary.com/image/upload/b_white,c_limit,dpr_1.0,f_auto,q_auto:low,w_150/d_ecommerce:backend-fallback.png/MAT_976146_PCE_LT"
Rimi,"Dantų šepet. JORDAN CLEAN SMILE MEDIUM, 1vnt.",1.79,"https://rimibaltic-res.cloudinary.com/image/upload/b_white,c_limit,dpr_1.0,f_auto,q_auto:low,w_150/d_ecommerce:backend-fallback.png/MAT_7138570_PCE_LT"
Rimi,DZŪKIJOS VAFLINIAI VAMZDELIAI su š. įd. 180 g,2.15,"https://rimibaltic-res.cloudinary.com/image/upload/b_white,c_limit,dpr_auto,f_auto,h_216,q_1,w_216/d_ecommerce:backend-fallback.png/MAT_1007092_PCE_LT"
Rimi,"Žolelių arbata ETNO Nervų sistemai, 30 g",3.19,"https://rimibaltic-res.cloudinary.com/image/upload/b_white,c_limit,dpr_auto,f_auto,h_216,q_1,w_216/d_ecommerce:backend-fallback.png/MAT_1000612_PCE_LT"
Rimi,"Sumuštinis su vištienos kebabu MEGA, 255 g",2.39,"https://rimibaltic-res.cloudinary.com/image/upload/b_white,c_limit,dpr_auto,f_auto,h_216,q_1,w_216/d_ecommerce:backend-fallback.png/MAT_940002_PCE_LT"
Rimi,"Sausi pusryčiai OHO COOKIE RINGS, 425 g",3.69,"https://rimibaltic-res.cloudinary.com/image/upload/b_white,c_limit,dpr_auto,f_auto,h_216,q_1,w_216/d_ecommerce:backend-fallback.png/MAT_197385_PCE_LT"
Rimi,"Malta kava PUPA, skardinėje, 250 g",12.49,"https://rimibaltic-res.cloudinary.com/image/upload/b_white,c_limit,dpr_auto,f_auto,h_216,q_1,w_216/d_ecommerce:backend-fallback.png/MAT_196753_PCE_LT"
Rimi,"Negaz. aviečių skonio gėrimas, KUBUŠ, 500ml",1.29,"https://rimibaltic-res.cloudinary.com/image/upload/b_white,c_limit,dpr_auto,f_auto,h_216,q_1,w_216/d_ecommerce:backend-fallback.png/MAT_1359651_PCE_LT"
Rimi,"Juod. pipirai, citrinos SELECTION BY RIMI, 35",3.49,"https://rimibaltic-res.cloudinary.com/image/upload/b_white,c_limit,dpr_auto,f_auto,h_216,q_1,w_216/d_ecommerce:backend-fallback.png/MAT_803448_PCE_LT"
Rimi,"Žvėrienos prieskoniai SANTA MARIA, 30g",1.79,"https://rimibaltic-res.cloudinary.com/image/upload/b_white,c_limit,dpr_auto,f_auto,h_216,q_1,w_216/d_ecommerce:backend-fallback.png/MAT_181640_PCE_LT"
Rimi,"Maltos aguonos ALVO, 300g",3.99,"https://rimibaltic-res.cloudinary.com/image/upload/b_white,c_limit,dpr_auto,f_auto,h_216,q_1,w_216/d_ecommerce:backend-fallback.png/MAT_191360_PCE_LT"
Rimi,"Kavos pupelės LAVAZZA CREMA E AROMA, 1 kg",35.99,"https://rimibaltic-res.cloudinary.com/image/upload/b_white,c_limit,dpr_auto,f_auto,h_216,q_1,w_216/d_ecommerce:backend-fallback.png/MAT_155242_PCE_LT"
Rimi,"Linų sėmenų aliejus NATURALISIMO, 500 ml",3.99,"https://rimibaltic-res.cloudinary.com/image/upload/b_white,c_limit,dpr_auto,f_auto,h_216,q_1,w_216/d_ecommerce:backend-fallback.png/MAT_188826_PCE_LT"
Rimi,"Daržovių asorti RIMI, 860 g / 460 g",3.79,"https://rimibaltic-res.cloudinary.com/image/upload/b_white,c_limit,dpr_auto,f_auto,h_216,q_1,w_216/d_ecommerce:backend-fallback.png/MAT_814051_PCE_LT"
Rimi,"Kramt. saldainiai, HARIBO MAOAM KRACHER, 200g",2.99,"https://rimibaltic-res.cloudinary.com/image/upload/b_white,c_limit,dpr_auto,f_auto,h_216,q_1,w_216/d_ecommerce:backend-fallback.png/MAT_112634_PCE_LT"
Rimi,"Kava GURMAN'S RUM, 125 g",2.79,"https://rimibaltic-res.cloudinary.com/image/upload/b_white,c_limit,dpr_1.0,f_auto,q_auto:low,w_150/d_ecommerce:backend-fallback.png/MAT_108247_PCE_LT"
Rimi,"Javain. su miško uog. ir jogurt. TEKMAR, 30 g",0.69,"https://rimibaltic-res.cloudinary.com/image/upload/b_white,c_limit,dpr_1.0,f_auto,q_auto:low,w_150/d_ecommerce:backend-fallback.png/MAT_147810_PCE_LT"
Rimi,"Krekeriai su paprikomis TUC PAPRIKA, 100 g",1.69,"https://rimibaltic-res.cloudinary.com/image/upload/b_white,c_limit,dpr_1.0,f_auto,q_auto:low,w_150/d_ecommerce:backend-fallback.png/MAT_100840_PCE_LT"
Rimi,Kaukė nuo senėjimo su kofermentu Q10 EKEL,1.65,"https://rimibaltic-res.cloudinary.com/image/upload/b_white,c_limit,dpr_auto,f_auto,h_216,q_1,w_216/d_ecommerce:backend-fallback.png/MAT_7203559_PCE_LT"
Rimi,"Grynos obuolių sultys TYMBARK, 1 l",2.69,"https://rimibaltic-res.cloudinary.com/image/upload/b_white,c_limit,dpr_auto,f_auto,h_216,q_1,w_216/d_ecommerce:backend-fallback.png/MAT_1356388_PCE_LT"
Rimi,"Ving. pj. sūr. sk. bul. trašk. ESTRELLA, 130g",2.35,"https://rimibaltic-res.cloudinary.com/image/upload/b_white,c_limit,dpr_auto,f_auto,h_216,q_1,w_216/d_ecommerce:backend-fallback.png/MAT_198647_PCE_LT"
Rimi,"Gr.par.mak. TASTE OF ASIA KOREAN BARBECUE,93g",2.55,"https://rimibaltic-res.cloudinary.com/image/upload/b_white,c_limit,dpr_auto,f_auto,h_216,q_1,w_216/d_ecommerce:backend-fallback.png/MAT_1004090_PCE_LT"
Rimi,"Lyd. sviestas SAULUTĖ GOLDEN GHEE, 99,9%,500g",8.79,"https://rimibaltic-res.cloudinary.com/image/upload/b_white,c_limit,dpr_auto,f_auto,h_216,q_1,w_216/d_ecommerce:backend-fallback.png/MAT_958564_PCE_LT"
Rimi,"Ital.priesk. mišinys SELECTION BY RIMI, 50g",3.49,"https://rimibaltic-res.cloudinary.com/image/upload/b_white,c_limit,dpr_auto,f_auto,h_216,q_1,w_216/d_ecommerce:backend-fallback.png/MAT_810165_PCE_LT"
Rimi,"Bulvių traškučiai PRINGLES BACON, 165 g",2.99,"https://rimibaltic-res.cloudinary.com/image/upload/b_white,c_limit,dpr_auto,f_auto,h_216,q_1,w_216/d_ecommerce:backend-fallback.png/MAT_176322_PCE_LT"
Rimi,"Pomidorų sultys RIMI, 3 l",4.99,"https://rimibaltic-res.cloudinary.com/image/upload/b_white,c_limit,dpr_auto,f_auto,h_216,q_1,w_216/d_ecommerce:backend-fallback.png/MAT_807940_PCE_LT"
Rimi,"Mangų, obuol., apelsinų gėrimas, TYMBARK, 1 l",1.99,"https://rimibaltic-res.cloudinary.com/image/upload/b_white,c_limit,dpr_1.0,f_auto,q_auto:low,w_150/d_ecommerce:backend-fallback.png/MAT_1354949_PCE_LT"
Rimi,Kaukė su kolagenu odos stangrumui EKEL,1.65,"https://rimibaltic-res.cloudinary.com/image/upload/b_white,c_limit,dpr_1.0,f_auto,q_auto:low,w_150/d_ecommerce:backend-fallback.png/MAT_7203582_PCE_LT"
Rimi,"Ekologiški žalieji lęšiai I LOVE ECO, 400 g",5.49,"https://rimibaltic-res.cloudinary.com/image/upload/b_white,c_limit,dpr_auto,f_auto,h_216,q_1,w_216/d_ecommerce:backend-fallback.png/MAT_141701_PCE_LT"
Rimi,"Žalioji arbata su citrin. ginkm. ETNO, 40 g",2.69,"https://rimibaltic-res.cloudinary.com/image/upload/b_white,c_limit,dpr_auto,f_auto,h_216,q_1,w_216/d_ecommerce:backend-fallback.png/MAT_182647_PCE_LT"
Rimi,"Riešutų ir razinų mišinys ARIMEX, 1 kg",13.59,"https://rimibaltic-res.cloudinary.com/image/upload/b_white,c_limit,dpr_auto,f_auto,h_216,q_1,w_216/d_ecommerce:backend-fallback.png/MAT_1001087_PCE_LT"
Rimi,"Cinamonas TASTE FROM GARDEN, 50 g",1.19,"https://rimibaltic-res.cloudinary.com/image/upload/b_white,c_limit,dpr_auto,f_auto,h_216,q_1,w_216/d_ecommerce:backend-fallback.png/MAT_1005603_PCE_LT"
Rimi,"Tep. rieb. mišinys su žolel. SAULUTĖ,66%,100g",1.09,"https://rimibaltic-res.cloudinary.com/image/upload/b_white,c_limit,dpr_auto,f_auto,h_216,q_1,w_216/d_ecommerce:backend-fallback.png/MAT_220299_PCE_LT"
Rimi,"Tirpioji kava RIMI, 100 g",4.25,"https://rimibaltic-res.cloudinary.com/image/upload/b_white,c_limit,dpr_auto,f_auto,h_216,q_1,w_216/d_ecommerce:backend-fallback.png/MAT_801147_PCE_LT"
Rimi,"Pomidorų pasta RIMI (100%), 500g",3.39,"https://rimibaltic-res.cloudinary.com/image/upload/b_white,c_limit,dpr_auto,f_auto,h_216,q_1,w_216/d_ecommerce:backend-fallback.png/MAT_804841_PCE_LT"
Rimi,Klasikinis BBQ padažas HEINZ 480g,4.59,"https://rimibaltic-res.cloudinary.com/image/upload/b_white,c_limit,dpr_auto,f_auto,h_216,q_1,w_216/d_ecommerce:backend-fallback.png/MAT_164514_PCE_LT"
Rimi,"Šaltalankių arbata su imbieru SKANOVĖ, 300 g",5.19,"https://rimibaltic-res.cloudinary.com/image/upload/b_white,c_limit,dpr_auto,f_auto,h_216,q_1,w_216/d_ecommerce:backend-fallback.png/MAT_904522_PCE_LT"
Rimi,"Riešutų ir uogų mišinys Trail RIMI, 500 g",5.49,"https://rimibaltic-res.cloudinary.com/image/upload/b_white,c_limit,dpr_auto,f_auto,h_216,q_1,w_216/d_ecommerce:backend-fallback.png/MAT_812603_PCE_LT"
Rimi,"Mės. prieskoniai su žolel., SANTA MARIA, 20g",1.05,"https://rimibaltic-res.cloudinary.com/image/upload/b_white,c_limit,dpr_auto,f_auto,h_216,q_1,w_216/d_ecommerce:backend-fallback.png/MAT_108996_PCE_LT"
Rimi,"Stiklų ploviklis TRI-BIO SENSITIVE, 0,5 l",4.69,"https://rimibaltic-res.cloudinary.com/image/upload/b_white,c_limit,dpr_1.0,f_auto,q_auto:low,w_150/d_ecommerce:backend-fallback.png/MAT_7253107_PCE_LT"
Rimi,"Šald. krevetės TORPEDO RIMI MARE ASC, 200 g",4.89,"https://rimibaltic-res.cloudinary.com/image/upload/b_white,c_limit,dpr_1.0,f_auto,q_auto:low,w_150/d_ecommerce:backend-fallback.png/MAT_815430_PCE_LT"
Rimi,"Meksik. daržovių mišinys RIMI PLANET, 450 g",1.99,"https://rimibaltic-res.cloudinary.com/image/upload/b_white,c_limit,dpr_1.0,f_auto,q_auto:low,w_150/d_ecommerce:backend-fallback.png/MAT_815524_PCE_LT"
Rimi,"Kepti varškėčiai DONE COOKIN, 400 g",4.99,"https://rimibaltic-res.cloudinary.com/image/upload/b_white,c_limit,dpr_auto,f_auto,h_216,q_1,w_216/d_ecommerce:backend-fallback.png/MAT_4004759_PCE_LT"
Rimi,"Makaronai su grybų padažu KNORR, 59 g",1.99,"https://rimibaltic-res.cloudinary.com/image/upload/b_white,c_limit,dpr_auto,f_auto,h_216,q_1,w_216/d_ecommerce:backend-fallback.png/MAT_194504_PCE_LT"
Rimi,"Trijų grūdų dribsniai HAPPY FAMILY, 400 g",0.89,"https://rimibaltic-res.cloudinary.com/image/upload/b_white,c_limit,dpr_auto,f_auto,h_216,q_1,w_216/d_ecommerce:backend-fallback.png/MAT_124488_PCE_LT"
Rimi,"Morkų nektaras RIMI, 0,75 l",1.09,"https://rimibaltic-res.cloudinary.com/image/upload/b_white,c_limit,dpr_auto,f_auto,h_216,q_1,w_216/d_ecommerce:backend-fallback.png/MAT_1367773_PCE_LT"
Rimi,"RAMEN vermišelių sriuba NEOGURI RAMYUN, 120 g",2.19,"https://rimibaltic-res.cloudinary.com/image/upload/b_white,c_limit,dpr_auto,f_auto,h_216,q_1,w_216/d_ecommerce:backend-fallback.png/MAT_190093_PCE_LT"
Rimi,"RAMEN darž.- vermiš. sriuba SOON RAMYUN,112g",2.09,"https://rimibaltic-res.cloudinary.com/image/upload/b_white,c_limit,dpr_auto,f_auto,h_216,q_1,w_216/d_ecommerce:backend-fallback.png/MAT_190094_PCE_LT"
Rimi,"Malta kava LAVAZZA CAFFE ESPRESSO, 250 g",9.99,"https://rimibaltic-res.cloudinary.com/image/upload/b_white,c_limit,dpr_auto,f_auto,h_216,q_1,w_216/d_ecommerce:backend-fallback.png/MAT_113603_PCE_LT"
Rimi,"Tarpdančių siūlas JORDAN EXPAND, 25m.",3.69,"https://rimibaltic-res.cloudinary.com/image/upload/b_white,c_limit,dpr_auto,f_auto,h_216,q_1,w_216/d_ecommerce:backend-fallback.png/MAT_7255797_PCE_LT"
Rimi,"Saldžios kukurūzų lazdelės RIMI, 130g",1.29,"https://rimibaltic-res.cloudinary.com/image/upload/b_white,c_limit,dpr_auto,f_auto,h_216,q_1,w_216/d_ecommerce:backend-fallback.png/MAT_802591_PCE_LT"
Rimi,"DZŪKIJOS sausainai APELSINO SKILTELĖS, 250 g",2.05,"https://rimibaltic-res.cloudinary.com/image/upload/b_white,c_limit,dpr_auto,f_auto,h_216,q_1,w_216/d_ecommerce:backend-fallback.png/MAT_1007101_PCE_LT"
Rimi,"Migdolų riekelės ALVO, 50g",2.25,"https://rimibaltic-res.cloudinary.com/image/upload/b_white,c_limit,dpr_auto,f_auto,h_216,q_1,w_216/d_ecommerce:backend-fallback.png/MAT_177529_PCE_LT"
Rimi,"Provanso žolelės KOTANYI, 17g",1.39,"https://rimibaltic-res.cloudinary.com/image/upload/b_white,c_limit,dpr_auto,f_auto,h_216,q_1,w_216/d_ecommerce:backend-fallback.png/MAT_139227_PCE_LT"
Rimi,Žvakė PRO NATURE MULLER 24 val,3.99,"https://rimibaltic-res.cloudinary.com/image/upload/b_white,c_limit,dpr_1.0,f_auto,q_auto:low,w_150/d_ecommerce:backend-fallback.png/MAT_7257903_PCE_LT"
Rimi,"Makaron.griet.pom.pad., MAGGI 5 MINUTES, 62g",1.89,"https://rimibaltic-res.cloudinary.com/image/upload/b_white,c_limit,dpr_1.0,f_auto,q_auto:low,w_150/d_ecommerce:backend-fallback.png/MAT_194881_PCE_LT"
Rimi,"Mėtų skonio kramtomoji guma ORBIT WHITE, 14g",0.95,"https://rimibaltic-res.cloudinary.com/image/upload/b_white,c_limit,dpr_1.0,f_auto,q_auto:low,w_150/d_ecommerce:backend-fallback.png/MAT_121640_PCE_LT"
Rimi,"J. pipirai SANTA MARIA TELLICHERRY mal., 70g",7.79,"https://rimibaltic-res.cloudinary.com/image/upload/b_white,c_limit,dpr_1.0,f_auto,q_auto:low,w_150/d_ecommerce:backend-fallback.png/MAT_124139_PCE_LT"
Rimi,"Granola su mėlynėmis ir chia, 350 g",6.99,"https://rimibaltic-res.cloudinary.com/image/upload/b_white,c_limit,dpr_auto,f_auto,h_216,q_1,w_216/d_ecommerce:backend-fallback.png/MAT_192471_PCE_LT"
Rimi,"Citrinpipiriai SANTA MARIA, 55g",2.55,"https://rimibaltic-res.cloudinary.com/image/upload/b_white,c_limit,dpr_auto,f_auto,h_216,q_1,w_216/d_ecommerce:backend-fallback.png/MAT_191166_PCE_LT"
Rimi,"Saldus aitr.papr. marinatas SANTA MARIA, 75g",1.09,"https://rimibaltic-res.cloudinary.com/image/upload/b_white,c_limit,dpr_auto,f_auto,h_216,q_1,w_216/d_ecommerce:backend-fallback.png/MAT_107583_PCE_LT"
Rimi,"Mot. pėdkeln. IMMAGINE BODY PLUS 40, NERO,4d.",6.49,"https://rimibaltic-res.cloudinary.com/image/upload/b_white,c_limit,dpr_auto,f_auto,h_216,q_1,w_216/d_ecommerce:backend-fallback.png/MAT_795831_PCE_LT"
Rimi,"Pietų lėkštė LUMINARC HARENA, 25cm",1.99,"https://rimibaltic-res.cloudinary.com/image/upload/b_white,c_limit,dpr_auto,f_auto,h_216,q_1,w_216/d_ecommerce:backend-fallback.png/MAT_7121324_PCE_LT"
Rimi,"Gaivusis gėrimas MIRINDA, 1,5l",1.99,"https://rimibaltic-res.cloudinary.com/image/upload/b_white,c_limit,dpr_auto,f_auto,h_216,q_1,w_216/d_ecommerce:backend-fallback.png/MAT_1360394_PCE_LT"
Rimi,"Gaivusis gėrimas 7UP, 1,5l",1.99,"https://rimibaltic-res.cloudinary.com/image/upload/b_white,c_limit,dpr_auto,f_auto,h_216,q_1,w_216/d_ecommerce:backend-fallback.png/MAT_1360389_PCE_LT"
Rimi,"Karštai rūkyta vištienos krūtinėlė, a.r., 1kg",6.99,"https://rimibaltic-res.cloudinary.com/image/upload/b_white,c_limit,dpr_auto,f_auto,h_216,q_1,w_216/d_ecommerce:backend-fallback.png/MAT_917116_KGM_LT"
Rimi,"Sūrio sk. kukurūzų traškučiai DORITOS, 100g",1.99,"https://rimibaltic-res.cloudinary.com/image/upload/b_white,c_limit,dpr_1.0,f_auto,q_auto:low,w_150/d_ecommerce:backend-fallback.png/MAT_190818_PCE_LT"
Rimi,"Cajun prieskonių mišinys SANTA MARIA, 34 g",4.09,"https://rimibaltic-res.cloudinary.com/image/upload/b_white,c_limit,dpr_1.0,f_auto,q_auto:low,w_150/d_ecommerce:backend-fallback.png/MAT_194368_PCE_LT"
Rimi,"Varškės sūrelis su citrininiu gl. POLS, 45 g",0.35,"https://rimibaltic-res.cloudinary.com/image/upload/b_white,c_limit,dpr_auto,f_auto,h_216,q_1,w_216/d_ecommerce:backend-fallback.png/MAT_970349_PCE_LT"
Rimi,"BOCMANO silkių filė meks. pad. ZIGMAS, 300 g",2.29,"https://rimibaltic-res.cloudinary.com/image/upload/b_white,c_limit,dpr_auto,f_auto,h_216,q_1,w_216/d_ecommerce:backend-fallback.png/MAT_942480_PCE_LT"
Rimi,Saldainiai PERGALĖ CREAM AND LIQUER 250g,6.39,"https://rimibaltic-res.cloudinary.com/image/upload/b_white,c_limit,dpr_auto,f_auto,h_216,q_1,w_216/d_ecommerce:backend-fallback.png/MAT_171504_PCE_LT"
Rimi,"BBQ prieskonių mišinys SELECTION BY RIMI, 45g",3.79,"https://rimibaltic-res.cloudinary.com/image/upload/b_white,c_limit,dpr_auto,f_auto,h_216,q_1,w_216/d_ecommerce:backend-fallback.png/MAT_809979_PCE_LT"
Rimi,"Mentolio, eukalipto sk. kramt. guma ORBIT,14g",0.89,"https://rimibaltic-res.cloudinary.com/image/upload/b_white,c_limit,dpr_auto,f_auto,h_216,q_1,w_216/d_ecommerce:backend-fallback.png/MAT_102307_PCE_LT"
Rimi,"Pomidorų kečupas RIMI, 1kg",3.99,"https://rimibaltic-res.cloudinary.com/image/upload/b_white,c_limit,dpr_auto,f_auto,h_216,q_1,w_216/d_ecommerce:backend-fallback.png/MAT_803419_PCE_LT"
Rimi,"Kiaulienos kumpis Klasikinis BIOVELA,90g",1.65,"https://rimibaltic-res.cloudinary.com/image/upload/b_white,c_limit,dpr_auto,f_auto,h_216,q_1,w_216/d_ecommerce:backend-fallback.png/MAT_985292_PCE_LT"
Rimi,"Tunas savo sultyse SUN & SEA, 80 g",1.59,"https://rimibaltic-res.cloudinary.com/image/upload/b_white,c_limit,dpr_auto,f_auto,h_216,q_1,w_216/d_ecommerce:backend-fallback.png/MAT_297616_PCE_LT"
Rimi,"Nemaltų pipirų mišinys KOTANYI, 16g",1.59,"https://rimibaltic-res.cloudinary.com/image/upload/b_white,c_limit,dpr_auto,f_auto,h_216,q_1,w_216/d_ecommerce:backend-fallback.png/MAT_159389_PCE_LT"
Rimi,"Chunky salsa padažas SANTA MARIA, 230 g",3.79,"https://rimibaltic-res.cloudinary.com/image/upload/b_white,c_limit,dpr_auto,f_auto,h_216,q_1,w_216/d_ecommerce:backend-fallback.png/MAT_177891_PCE_LT"
Rimi,"Citrinų sultys LIMMI, 200ml",1.39,"https://rimibaltic-res.cloudinary.com/image/upload/b_white,c_limit,dpr_auto,f_auto,h_216,q_1,w_216/d_ecommerce:backend-fallback.png/MAT_159759_PCE_LT"
Rimi,"Anakardžių riešutai ARIMEX, 100g",2.95,"https://rimibaltic-res.cloudinary.com/image/upload/b_white,c_limit,dpr_1.0,f_auto,q_auto:low,w_150/d_ecommerce:backend-fallback.png/MAT_147056_PCE_LT"
Rimi,"Septynių grūdų dribsniai HAPPY FAMILY, 400 g",1.15,"https://rimibaltic-res.cloudinary.com/image/upload/b_white,c_limit,dpr_1.0,f_auto,q_auto:low,w_150/d_ecommerce:backend-fallback.png/MAT_158260_PCE_LT"
Rimi,"Dantų pasta ECODENTA Vytautas,100ml",4.99,"https://rimibaltic-res.cloudinary.com/image/upload/b_white,c_limit,dpr_1.0,f_auto,q_auto:low,w_150/d_ecommerce:backend-fallback.png/MAT_7247418_PCE_LT"
Rimi,"Vaisių skonio pastilės PEZ su žaislu, 17 g",3.89,"https://rimibaltic-res.cloudinary.com/image/upload/b_white,c_limit,dpr_auto,f_auto,h_216,q_1,w_216/d_ecommerce:backend-fallback.png/MAT_169167_PCE_LT"
Rimi,"Grūsti juodieji pipirai SALDVA, 25g",1.65,"https://rimibaltic-res.cloudinary.com/image/upload/b_white,c_limit,dpr_auto,f_auto,h_216,q_1,w_216/d_ecommerce:backend-fallback.png/MAT_194210_PCE_LT"
Rimi,"Pastilės MYNTHON EXTRA STRONG, 34 g",0.98,"https://rimibaltic-res.cloudinary.com/image/upload/b_white,c_limit,dpr_auto,f_auto,h_216,q_1,w_216/d_ecommerce:backend-fallback.png/MAT_101282_PCE_LT"
Rimi,"Gr. ir žol. sk. bulvių traškučiai LAYS, 250 g",3.99,"https://rimibaltic-res.cloudinary.com/image/upload/b_white,c_limit,dpr_auto,f_auto,h_216,q_1,w_216/d_ecommerce:backend-fallback.png/MAT_192792_PCE_LT"
Rimi,Olandiškas padažas ICA 3x25g,2.29,"https://rimibaltic-res.cloudinary.com/image/upload/b_white,c_limit,dpr_auto,f_auto,h_216,q_1,w_216/d_ecommerce:backend-fallback.png/MAT_811988_PCE_LT"
Rimi,"Mėtų skonio saldainiai TIC TAC, 18g",1.09,"https://rimibaltic-res.cloudinary.com/image/upload/b_white,c_limit,dpr_auto,f_auto,h_216,q_1,w_216/d_ecommerce:backend-fallback.png/MAT_165253_PCE_LT"
Rimi,"Juodoji arbata TWININGS EARL GREY, 25 x 2 g",5.39,"https://rimibaltic-res.cloudinary.com/image/upload/b_white,c_limit,dpr_auto,f_auto,h_216,q_1,w_216/d_ecommerce:backend-fallback.png/MAT_1006151_PCE_LT"
Rimi,Skal.pri.TRI-BIO OXI-ACTI.TAB.COL.18vnt,7.99,"https://rimibaltic-res.cloudinary.com/image/upload/b_white,c_limit,dpr_auto,f_auto,h_216,q_1,w_216/d_ecommerce:backend-fallback.png/MAT_7253111_PCE_LT"
Rimi,"Veršienos sultinys ICA, 180ml",2.65,"https://rimibaltic-res.cloudinary.com/image/upload/b_white,c_limit,dpr_auto,f_auto,h_216,q_1,w_216/d_ecommerce:backend-fallback.png/MAT_810181_PCE_LT"
Rimi,"Sausainiai APPLE PIE RIMI, 200 g",2.99,"https://rimibaltic-res.cloudinary.com/image/upload/b_white,c_limit,dpr_auto,f_auto,h_216,q_1,w_216/d_ecommerce:backend-fallback.png/MAT_807326_PCE_LT"
Rimi,"Kavos kaps. DOLCE GUSTO CAPPUCCINO, 186,4 g",8.49,"https://rimibaltic-res.cloudinary.com/image/upload/b_white,c_limit,dpr_auto,f_auto,h_216,q_1,w_216/d_ecommerce:backend-fallback.png/MAT_187865_PCE_LT"
Rimi,"Stiklinis dangtis PYREX, 24cm",12.99,"https://rimibaltic-res.cloudinary.com/image/upload/b_white,c_limit,dpr_auto,f_auto,h_216,q_1,w_216/d_ecommerce:backend-fallback.png/MAT_7200579_PCE_LT"
Rimi,"Ispaninio šalavijo sėklos ALVO, 100 g",2.49,"https://rimibaltic-res.cloudinary.com/image/upload/b_white,c_limit,dpr_auto,f_auto,h_216,q_1,w_216/d_ecommerce:backend-fallback.png/MAT_169225_PCE_LT"
Rimi,"MIESTO koldūnai RIMI SMART, 1 kg",1.39,"https://rimibaltic-res.cloudinary.com/image/upload/b_white,c_limit,dpr_1.0,f_auto,q_auto:low,w_150/d_ecommerce:backend-fallback.png/MAT_814765_PCE_LT"
Rimi,"Arbūzų sk. valg. ledai PIRULO, 292 ml / 268 g",2.99,"https://rimibaltic-res.cloudinary.com/image/upload/b_white,c_limit,dpr_1.0,f_auto,q_auto:low,w_150/d_ecommerce:backend-fallback.png/MAT_971407_PCE_LT"
Rimi,"Juodasis šokoladas PERGALĖ 72%, 85 g",2.49,"https://rimibaltic-res.cloudinary.com/image/upload/b_white,c_limit,dpr_1.0,f_auto,q_auto:low,w_150/d_ecommerce:backend-fallback.png/MAT_1013210_PCE_LT"
Rimi,"Gaz.gėrimas su apelsinais SP NATURALI, 330ml",1.29,"https://rimibaltic-res.cloudinary.com/image/upload/b_white,c_limit,dpr_auto,f_auto,h_216,q_1,w_216/d_ecommerce:backend-fallback.png/MAT_1373378_PCE_LT"
Rimi,"Triušienos kumpelių mėsa LAPINO PUOTA, 200 g",3.19,"https://rimibaltic-res.cloudinary.com/image/upload/b_white,c_limit,dpr_auto,f_auto,h_216,q_1,w_216/d_ecommerce:backend-fallback.png/MAT_914434_PCE_LT"
Rimi,"Šald. pyrag. šokol. įd. BELDESSERT, 2 x 90 g",4.29,"https://rimibaltic-res.cloudinary.com/image/upload/b_white,c_limit,dpr_auto,f_auto,h_216,q_1,w_216/d_ecommerce:backend-fallback.png/MAT_4008702_PCE_LT"
Rimi,"Gouda sūrio užkandis FINGIES, 250 g",3.99,"https://rimibaltic-res.cloudinary.com/image/upload/b_white,c_limit,dpr_auto,f_auto,h_216,q_1,w_216/d_ecommerce:backend-fallback.png/MAT_4008855_PCE_LT"
Rimi,"Želatinos lapeliai, 10g",1.95,"https://rimibaltic-res.cloudinary.com/image/upload/b_white,c_limit,dpr_auto,f_auto,h_216,q_1,w_216/d_ecommerce:backend-fallback.png/MAT_171766_PCE_LT"
Rimi,"Skanėstas katėms su antiena DREAMIES, 60g",1.69,"https://rimibaltic-res.cloudinary.com/image/upload/b_white,c_limit,dpr_auto,f_auto,h_216,q_1,w_216/d_ecommerce:backend-fallback.png/MAT_7077572_PCE_LT"
Rimi,"Rausvųjų greipfrutų nektaras CIDO, 1 l",2.19,"https://rimibaltic-res.cloudinary.com/image/upload/b_white,c_limit,dpr_auto,f_auto,h_216,q_1,w_216/d_ecommerce:backend-fallback.png/MAT_1364438_PCE_LT"
Rimi,"Arbata PUERO, 80 g",2.59,"https://rimibaltic-res.cloudinary.com/image/upload/b_white,c_limit,dpr_auto,f_auto,h_216,q_1,w_216/d_ecommerce:backend-fallback.png/MAT_191919_PCE_LT"
Rimi,"Kavos pupelės PUPA, 1 kg",36.99,"https://rimibaltic-res.cloudinary.com/image/upload/b_white,c_limit,dpr_1.0,f_auto,q_auto:low,w_150/d_ecommerce:backend-fallback.png/MAT_193527_PCE_LT"
Rimi,"Kuk. traškučiai sūr.jal., SANTA MARIA, 185g",2.79,"https://rimibaltic-res.cloudinary.com/image/upload/b_white,c_limit,dpr_1.0,f_auto,q_auto:low,w_150/d_ecommerce:backend-fallback.png/MAT_174883_PCE_LT"
Rimi,"Žolel.alyv. aliejus SELECTION BY RIMI, 250ml",8.15,"https://rimibaltic-res.cloudinary.com/image/upload/b_white,c_limit,dpr_auto,f_auto,h_216,q_1,w_216/d_ecommerce:backend-fallback.png/MAT_808254_PCE_LT"
Rimi,"Vaik. vonios putos MARGARITA KAKĖ MAKĖ, 250ml",4.29,"https://rimibaltic-res.cloudinary.com/image/upload/b_white,c_limit,dpr_auto,f_auto,h_216,q_1,w_216/d_ecommerce:backend-fallback.png/MAT_7148690_PCE_LT"
Rimi,"Gel. maistiniai dažai DR.OETKER (žali), 10g",1.75,"https://rimibaltic-res.cloudinary.com/image/upload/b_white,c_limit,dpr_auto,f_auto,h_216,q_1,w_216/d_ecommerce:backend-fallback.png/MAT_170983_PCE_LT"
Rimi,"Bulvių traškučiai su triufeliais CHAZZ, 90 g",2.39,"https://rimibaltic-res.cloudinary.com/image/upload/b_white,c_limit,dpr_auto,f_auto,h_216,q_1,w_216/d_ecommerce:backend-fallback.png/MAT_1006037_PCE_LT"
Rimi,Regener. kaukė su placenta nuo senėjimo EKEL,1.65,"https://rimibaltic-res.cloudinary.com/image/upload/b_white,c_limit,dpr_auto,f_auto,h_216,q_1,w_216/d_ecommerce:backend-fallback.png/MAT_7203570_PCE_LT"
Rimi,"TERIYAKI prieskonių mišinys SANTA MARIA, 44g",3.69,"https://rimibaltic-res.cloudinary.com/image/upload/b_white,c_limit,dpr_auto,f_auto,h_216,q_1,w_216/d_ecommerce:backend-fallback.png/MAT_194370_PCE_LT"
Rimi,"Bazil.česn.priesk. mišinys SANTA MARIA, 41g",3.69,"https://rimibaltic-res.cloudinary.com/image/upload/b_white,c_limit,dpr_auto,f_auto,h_216,q_1,w_216/d_ecommerce:backend-fallback.png/MAT_194380_PCE_LT"
Rimi,"Skr. saulėgrąžos YES grietin. svog. sk., 90 g",1.09,"https://rimibaltic-res.cloudinary.com/image/upload/b_white,c_limit,dpr_auto,f_auto,h_216,q_1,w_216/d_ecommerce:backend-fallback.png/MAT_1000140_PCE_LT"
Rimi,"Aitriųjų paprikų padažas AJI, 200ml",2.45,"https://rimibaltic-res.cloudinary.com/image/upload/b_white,c_limit,dpr_auto,f_auto,h_216,q_1,w_216/d_ecommerce:backend-fallback.png/MAT_182698_PCE_LT"
Rimi,"Natūralios vyšnių sultys VERY BERRY, 330 ml",5.69,"https://rimibaltic-res.cloudinary.com/image/upload/b_white,c_limit,dpr_auto,f_auto,h_216,q_1,w_216/d_ecommerce:backend-fallback.png/MAT_1358743_PCE_LT"
Rimi,"Sausainiai GAIDELIS KARAMELĖ, 160 g",0.85,"https://rimibaltic-res.cloudinary.com/image/upload/b_white,c_limit,dpr_auto,f_auto,h_216,q_1,w_216/d_ecommerce:backend-fallback.png/MAT_1005687_PCE_LT"
Rimi,"Migdolai baltame šokolade RIMI COLOR MIX,100g",1.99,"https://rimibaltic-res.cloudinary.com/image/upload/b_white,c_limit,dpr_1.0,f_auto,q_auto:low,w_150/d_ecommerce:backend-fallback.png/MAT_813606_PCE_LT"
Rimi,"Miltų mišinys citriniam pyragui RIMI, 470 g",1.8,"https://rimibaltic-res.cloudinary.com/image/upload/b_white,c_limit,dpr_1.0,f_auto,q_auto:low,w_150/d_ecommerce:backend-fallback.png/MAT_813636_PCE_LT"
Rimi,"Desertinė lekštė LUMINARC HARENA, 19cm",1.69,"https://rimibaltic-res.cloudinary.com/image/upload/b_white,c_limit,dpr_1.0,f_auto,q_auto:low,w_150/d_ecommerce:backend-fallback.png/MAT_7121341_PCE_LT"
Rimi,"Vištienos sultinys MAGGI, 80 g",1.45,"https://rimibaltic-res.cloudinary.com/image/upload/b_white,c_limit,dpr_auto,f_auto,h_216,q_1,w_216/d_ecommerce:backend-fallback.png/MAT_1005847_PCE_LT"
Rimi,"Bulvių košė su kumpiu KNORR, 51 g",1.99,"https://rimibaltic-res.cloudinary.com/image/upload/b_white,c_limit,dpr_auto,f_auto,h_216,q_1,w_216/d_ecommerce:backend-fallback.png/MAT_194505_PCE_LT"
Rimi,"Juodoji arbata su citrinomis DILMAH, 20 pak.",2.39,"https://rimibaltic-res.cloudinary.com/image/upload/b_white,c_limit,dpr_auto,f_auto,h_216,q_1,w_216/d_ecommerce:backend-fallback.png/MAT_154067_PCE_LT"
Rimi,"Vyr. dezodorantas REXONA MEN COLBALT, 150ml",4.49,"https://rimibaltic-res.cloudinary.com/image/upload/b_white,c_limit,dpr_auto,f_auto,h_216,q_1,w_216/d_ecommerce:backend-fallback.png/MAT_400437_PCE_LT"
Rimi,"Mot. dezodorantas REXONA ALOE VERA, 150ml",4.49,"https://rimibaltic-res.cloudinary.com/image/upload/b_white,c_limit,dpr_auto,f_auto,h_216,q_1,w_216/d_ecommerce:backend-fallback.png/MAT_401250_PCE_LT"
Rimi,"Maltos mėsos prieskoniai SANTA MARIA, 30g",1.05,"https://rimibaltic-res.cloudinary.com/image/upload/b_white,c_limit,dpr_auto,f_auto,h_216,q_1,w_216/d_ecommerce:backend-fallback.png/MAT_100365_PCE_LT"
Rimi,"Bulvių prieskoniai SANTA MARIA, 30g",1.05,"https://rimibaltic-res.cloudinary.com/image/upload/b_white,c_limit,dpr_auto,f_auto,h_216,q_1,w_216/d_ecommerce:backend-fallback.png/MAT_100373_PCE_LT"
Rimi,"Trumų sk. balzaminis acto kremas RIMI, 250ml",3.99,"https://rimibaltic-res.cloudinary.com/image/upload/b_white,c_limit,dpr_auto,f_auto,h_216,q_1,w_216/d_ecommerce:backend-fallback.png/MAT_810037_PCE_LT"
Rimi,"Klasik. pieniniai saldainiai RIMI GOTINA, 1kg",9.99,"https://rimibaltic-res.cloudinary.com/image/upload/b_white,c_limit,dpr_auto,f_auto,h_216,q_1,w_216/d_ecommerce:backend-fallback.png/MAT_803195_KGM_LT"
Rimi,"Žvakė MULLER, vanilės kvapo, 30 val.",4.99,"https://rimibaltic-res.cloudinary.com/image/upload/b_white,c_limit,dpr_auto,f_auto,h_216,q_1,w_216/d_ecommerce:backend-fallback.png/MAT_7257867_PCE_LT"
Rimi,"Sardinių paštetas ARGETA, 95 g",1.59,"https://rimibaltic-res.cloudinary.com/image/upload/b_white,c_limit,dpr_auto,f_auto,h_216,q_1,w_216/d_ecommerce:backend-fallback.png/MAT_976570_PCE_LT"
Rimi,"Juod.šokolad.85 % VALOR su saldikliais, 100 g",4.39,"https://rimibaltic-res.cloudinary.com/image/upload/b_white,c_limit,dpr_auto,f_auto,h_216,q_1,w_216/d_ecommerce:backend-fallback.png/MAT_194398_PCE_LT"
Rimi,"Ledo tirpiklis spyn. TURTLE WAX, 50 ml, AW25",3.99,"https://rimibaltic-res.cloudinary.com/image/upload/b_white,c_limit,dpr_auto,f_auto,h_216,q_1,w_216/d_ecommerce:backend-fallback.png/MAT_7238281_PCE_LT"
Rimi,"Kavos kapsulės STARBUCKS HOUSE BLEND, 102 g",5.69,"https://rimibaltic-res.cloudinary.com/image/upload/b_white,c_limit,dpr_1.0,f_auto,q_auto:low,w_150/d_ecommerce:backend-fallback.png/MAT_1001031_PCE_LT"
Rimi,"Lydytas sūris SVALIA, 45% rieb., 150g",2.19,"https://rimibaltic-res.cloudinary.com/image/upload/b_white,c_limit,dpr_1.0,f_auto,q_auto:low,w_150/d_ecommerce:backend-fallback.png/MAT_276942_PCE_LT"
Rimi,"Cilindrinė žvakė BOLSIUS TAUPE, 130/68 mm",4.19,"https://rimibaltic-res.cloudinary.com/image/upload/b_white,c_limit,dpr_1.0,f_auto,q_auto:low,w_150/d_ecommerce:backend-fallback.png/MAT_7257916_PCE_LT"
Rimi,"Užkandis PRINGLES SOUR CREAM & ONION, 70g",1.89,"https://rimibaltic-res.cloudinary.com/image/upload/b_white,c_limit,dpr_auto,f_auto,h_216,q_1,w_216/d_ecommerce:backend-fallback.png/MAT_1001662_PCE_LT"
Rimi,"Ryžių makaronai su daržovėmis MAMA, 55 g",1.89,"https://rimibaltic-res.cloudinary.com/image/upload/b_white,c_limit,dpr_auto,f_auto,h_216,q_1,w_216/d_ecommerce:backend-fallback.png/MAT_1000277_PCE_LT"
Rimi,"Vištienos skonio ryžių makaronai MAMA, 55 g",1.89,"https://rimibaltic-res.cloudinary.com/image/upload/b_white,c_limit,dpr_auto,f_auto,h_216,q_1,w_216/d_ecommerce:backend-fallback.png/MAT_1000276_PCE_LT"
Rimi,"Amerikiet. bulvyčių prieskoniai KOTANYI, 30 g",1.29,"https://rimibaltic-res.cloudinary.com/image/upload/b_white,c_limit,dpr_auto,f_auto,h_216,q_1,w_216/d_ecommerce:backend-fallback.png/MAT_128825_PCE_LT"
Rimi,"Gaz. citrinų, braškių sk. gėrim. ENJOY, 1,5 l",1.69,"https://rimibaltic-res.cloudinary.com/image/upload/b_white,c_limit,dpr_auto,f_auto,h_216,q_1,w_216/d_ecommerce:backend-fallback.png/MAT_1356328_PCE_LT"
Rimi,"Barbekiu prieskon.ANGEL'S WINGS SALDVA, 210g",5.19,"https://rimibaltic-res.cloudinary.com/image/upload/b_white,c_limit,dpr_auto,f_auto,h_216,q_1,w_216/d_ecommerce:backend-fallback.png/MAT_1000399_PCE_LT"
Rimi,"Ekologiškas obuolių nektaras HOLLINGER, 0,2 l",1.45,"https://rimibaltic-res.cloudinary.com/image/upload/b_white,c_limit,dpr_auto,f_auto,h_216,q_1,w_216/d_ecommerce:backend-fallback.png/MAT_809940_PCE_LT"
Rimi,"Viduržiemio salotos KOTANYI, 13g",1.09,"https://rimibaltic-res.cloudinary.com/image/upload/b_white,c_limit,dpr_auto,f_auto,h_216,q_1,w_216/d_ecommerce:backend-fallback.png/MAT_139999_PCE_LT"
Rimi,"Mažieji kukurūzai ICA ASIA, 425g/225g",2.29,"https://rimibaltic-res.cloudinary.com/image/upload/b_white,c_limit,dpr_1.0,f_auto,q_auto:low,w_150/d_ecommerce:backend-fallback.png/MAT_810870_PCE_LT"
Rimi,"Cukriniai pabarstukai, 80g",2.15,"https://rimibaltic-res.cloudinary.com/image/upload/b_white,c_limit,dpr_1.0,f_auto,q_auto:low,w_150/d_ecommerce:backend-fallback.png/MAT_147420_PCE_LT"
Rimi,Antiperspirantas nuo prakaito MARGARITA 50ml,3.69,"https://rimibaltic-res.cloudinary.com/image/upload/b_white,c_limit,dpr_auto,f_auto,h_216,q_1,w_216/d_ecommerce:backend-fallback.png/MAT_7247798_PCE_LT"
Rimi,"Atšaldyta marinuota kalakuto puselė ARVI, kg",4.99,"https://rimibaltic-res.cloudinary.com/image/upload/b_white,c_limit,dpr_auto,f_auto,h_216,q_1,w_216/d_ecommerce:backend-fallback.png/MAT_924872_KGM_LT"
Rimi,"Juod. arb. IMPRA ROYAL ELIXIER KNIGHT, 100 g",3.09,"https://rimibaltic-res.cloudinary.com/image/upload/b_white,c_limit,dpr_auto,f_auto,h_216,q_1,w_216/d_ecommerce:backend-fallback.png/MAT_182673_PCE_LT"
Rimi,"Alyvuogių aliejus BONO SICILIA IGP, 500 ml",17.99,"https://rimibaltic-res.cloudinary.com/image/upload/b_white,c_limit,dpr_auto,f_auto,h_216,q_1,w_216/d_ecommerce:backend-fallback.png/MAT_196173_PCE_LT"
Rimi,Minkštas kamuoliukas Soft ball,3.99,"https://rimibaltic-res.cloudinary.com/image/upload/b_white,c_limit,dpr_auto,f_auto,h_216,q_1,w_216/d_ecommerce:backend-fallback.png/MAT_7240189_PCE_LT"
Rimi,"Langų ir stiklo valiklis CLERIT SENSIT.,500ml",2.75,"https://rimibaltic-res.cloudinary.com/image/upload/b_white,c_limit,dpr_auto,f_auto,h_216,q_1,w_216/d_ecommerce:backend-fallback.png/MAT_813189_PCE_LT"
Rimi,"Alyvuogių išspaudų aliejus RIMI, 1l",6.99,"https://rimibaltic-res.cloudinary.com/image/upload/b_white,c_limit,dpr_auto,f_auto,h_216,q_1,w_216/d_ecommerce:backend-fallback.png/MAT_811277_PCE_LT"
Rimi,"Koldūnai su vištiena ir čederio sūriu, 400g",3.99,"https://rimibaltic-res.cloudinary.com/image/upload/b_white,c_limit,dpr_auto,f_auto,h_216,q_1,w_216/d_ecommerce:backend-fallback.png/MAT_996589_PCE_LT"
Rimi,"Audinių minkšt. NEUTRAL SENSITIVE, 1 l",3.99,"https://rimibaltic-res.cloudinary.com/image/upload/b_white,c_limit,dpr_auto,f_auto,h_216,q_1,w_216/d_ecommerce:backend-fallback.png/MAT_7287990_PCE_LT"
Rimi,Kukurūzų užkandis su sūriu Rimi 60g,0.59,"https://rimibaltic-res.cloudinary.com/image/upload/b_white,c_limit,dpr_auto,f_auto,h_216,q_1,w_216/d_ecommerce:backend-fallback.png/MAT_815209_PCE_LT"
Rimi,"Ypač grynas alyvuogių aliejus GUSTOLU, 750 ml",14.99,"https://rimibaltic-res.cloudinary.com/image/upload/b_white,c_limit,dpr_auto,f_auto,h_216,q_1,w_216/d_ecommerce:backend-fallback.png/MAT_1016695_PCE_LT"
Rimi,"Sardinės saulėgrąžų aliejuje SUN & SEA, 120 g",2.19,"https://rimibaltic-res.cloudinary.com/image/upload/b_white,c_limit,dpr_1.0,f_auto,q_auto:low,w_150/d_ecommerce:backend-fallback.png/MAT_4002962_PCE_LT"
Rimi,"Šald. bulvytės STEAK FRIES AVIKO, 750g",3.49,"https://rimibaltic-res.cloudinary.com/image/upload/b_white,c_limit,dpr_1.0,f_auto,q_auto:low,w_150/d_ecommerce:backend-fallback.png/MAT_4008748_PCE_LT"
Rimi,"Ekol. varškytė MIAU su mėlyn., 6,0 %, 100 g",0.79,"https://rimibaltic-res.cloudinary.com/image/upload/b_white,c_limit,dpr_1.0,f_auto,q_auto:low,w_150/d_ecommerce:backend-fallback.png/MAT_4009193_PCE_LT"
Rimi,"Čederio sūrio užkand. FINGIES JALAPENO, 250 g",3.99,"https://rimibaltic-res.cloudinary.com/image/upload/b_white,c_limit,dpr_auto,f_auto,h_216,q_1,w_216/d_ecommerce:backend-fallback.png/MAT_4008858_PCE_LT"
Rimi,"Granola su cinamonu ir obuoliais, 450 g",6.49,"https://rimibaltic-res.cloudinary.com/image/upload/b_white,c_limit,dpr_auto,f_auto,h_216,q_1,w_216/d_ecommerce:backend-fallback.png/MAT_177528_PCE_LT"
Rimi,"Petražolės TASTE FROM GARDEN, 15 g",1.39,"https://rimibaltic-res.cloudinary.com/image/upload/b_white,c_limit,dpr_auto,f_auto,h_216,q_1,w_216/d_ecommerce:backend-fallback.png/MAT_1005598_PCE_LT"
Rimi,"Mėtų, ment.sk.becukr.kramt. guma, ORBIT, 14g",0.89,"https://rimibaltic-res.cloudinary.com/image/upload/b_white,c_limit,dpr_auto,f_auto,h_216,q_1,w_216/d_ecommerce:backend-fallback.png/MAT_103154_PCE_LT"
Rimi,"Mėl.sk. kramtomoji guma su sald., ORBIT, 14g",0.89,"https://rimibaltic-res.cloudinary.com/image/upload/b_white,c_limit,dpr_auto,f_auto,h_216,q_1,w_216/d_ecommerce:backend-fallback.png/MAT_136068_PCE_LT"
Rimi,"Vaisiniai kramtomieji saldainiai MENTOS, 38g",1.09,"https://rimibaltic-res.cloudinary.com/image/upload/b_white,c_limit,dpr_auto,f_auto,h_216,q_1,w_216/d_ecommerce:backend-fallback.png/MAT_100787_PCE_LT"
Rimi,"Moteriškos pėdkelnės ORI TALIA 40, NERO, 3 d.",5.99,"https://rimibaltic-res.cloudinary.com/image/upload/b_white,c_limit,dpr_auto,f_auto,h_216,q_1,w_216/d_ecommerce:backend-fallback.png/MAT_7142396_PCE_LT"
Rimi,Kapų žvakė SU-430 raud. dega iki 24val.,1.99,"https://rimibaltic-res.cloudinary.com/image/upload/b_white,c_limit,dpr_auto,f_auto,h_216,q_1,w_216/d_ecommerce:backend-fallback.png/MAT_7029787_PCE_LT"
Rimi,LED lempa Osram remote cla60 9w/827 e27,10.79,"https://rimibaltic-res.cloudinary.com/image/upload/b_white,c_limit,dpr_auto,f_auto,h_216,q_1,w_216/d_ecommerce:backend-fallback.png/MAT_7236091_PCE_LT"
Rimi,"Vais. arbata su mėtomis VASAROS SKONIS, 50 g",2.49,"https://rimibaltic-res.cloudinary.com/image/upload/b_white,c_limit,dpr_auto,f_auto,h_216,q_1,w_216/d_ecommerce:backend-fallback.png/MAT_182674_PCE_LT"
Rimi,"Tartaletės su citrina BONNE MAMAN, 125 g",3.39,"https://rimibaltic-res.cloudinary.com/image/upload/b_white,c_limit,dpr_auto,f_auto,h_216,q_1,w_216/d_ecommerce:backend-fallback.png/MAT_177043_PCE_LT"
Rimi,WC val-gaiv.Bref Brill Spring Rain 2x42g,5.49,"https://rimibaltic-res.cloudinary.com/image/upload/b_white,c_limit,dpr_auto,f_auto,h_216,q_1,w_216/d_ecommerce:backend-fallback.png/MAT_7252034_PCE_LT"
Rimi,"Sviestiniai sausainiai SELECTION, 100 g",2.59,"https://rimibaltic-res.cloudinary.com/image/upload/b_white,c_limit,dpr_1.0,f_auto,q_auto:low,w_150/d_ecommerce:backend-fallback.png/MAT_809883_PCE_LT"
Rimi,"Mot. puskojinės IMMAGINE EMI 40, NERO,2 poros",3.49,"https://rimibaltic-res.cloudinary.com/image/upload/b_white,c_limit,dpr_1.0,f_auto,q_auto:low,w_150/d_ecommerce:backend-fallback.png/MAT_7215873_PCE_LT"
Rimi,"Mot. puskojinės IMMAGINE EMI 40,NEUTRO,2 por.",3.49,"https://rimibaltic-res.cloudinary.com/image/upload/b_white,c_limit,dpr_1.0,f_auto,q_auto:low,w_150/d_ecommerce:backend-fallback.png/MAT_7215897_PCE_LT"
Rimi,"Sausainiai SELGA karamelės skonio, 180 g",1.15,"https://rimibaltic-res.cloudinary.com/image/upload/b_white,c_limit,dpr_1.0,f_auto,q_auto:low,w_150/d_ecommerce:backend-fallback.png/MAT_183428_PCE_LT"
Rimi,"Majonezinis padažas HEINZ, 425 g",4.89,"https://rimibaltic-res.cloudinary.com/image/upload/b_white,c_limit,dpr_auto,f_auto,h_216,q_1,w_216/d_ecommerce:backend-fallback.png/MAT_1004572_PCE_LT"
Rimi,"Nosinaitės ZEWA SOFTIS Menthol, 10x9 vnt",3.49,"https://rimibaltic-res.cloudinary.com/image/upload/b_white,c_limit,dpr_auto,f_auto,h_216,q_1,w_216/d_ecommerce:backend-fallback.png/MAT_466617_PCE_LT"
Rimi,"Citrinų, citrinž. sk. žal. arbata LOYD, 30 g",2.99,"https://rimibaltic-res.cloudinary.com/image/upload/b_white,c_limit,dpr_auto,f_auto,h_216,q_1,w_216/d_ecommerce:backend-fallback.png/MAT_191385_PCE_LT"
Rimi,"Česnakiniai pipirai SANTA MARIA, 30g",1.79,"https://rimibaltic-res.cloudinary.com/image/upload/b_white,c_limit,dpr_auto,f_auto,h_216,q_1,w_216/d_ecommerce:backend-fallback.png/MAT_107580_PCE_LT"
Rimi,"Mišin. trint. sriub. ruošti BUON GUSTO, 350 g",1.39,"https://rimibaltic-res.cloudinary.com/image/upload/b_white,c_limit,dpr_auto,f_auto,h_216,q_1,w_216/d_ecommerce:backend-fallback.png/MAT_183488_PCE_LT"
Rimi,"Kinrožių žiedų arbata RIMI BASIC, 20 x 1,5 g",0.59,"https://rimibaltic-res.cloudinary.com/image/upload/b_white,c_limit,dpr_auto,f_auto,h_216,q_1,w_216/d_ecommerce:backend-fallback.png/MAT_812078_PCE_LT"
Rimi,"Troškinta kiauliena BIOVELA, 240 g",2.49,"https://rimibaltic-res.cloudinary.com/image/upload/b_white,c_limit,dpr_auto,f_auto,h_216,q_1,w_216/d_ecommerce:backend-fallback.png/MAT_285100_PCE_LT"
Rimi,"Malti juodieji pipirai TASTE FROM GARDEN,70g",2.45,"https://rimibaltic-res.cloudinary.com/image/upload/b_white,c_limit,dpr_auto,f_auto,h_216,q_1,w_216/d_ecommerce:backend-fallback.png/MAT_1005597_PCE_LT"
Rimi,"Mėtų skonio ledinukai su sald. ORBIT, 28g",1.39,"https://rimibaltic-res.cloudinary.com/image/upload/b_white,c_limit,dpr_1.0,f_auto,q_auto:low,w_150/d_ecommerce:backend-fallback.png/MAT_155663_PCE_LT"
Rimi,"Lengvai įsiger. rankų kremas NEUTROGENA, 75ml",5.69,"https://rimibaltic-res.cloudinary.com/image/upload/b_white,c_limit,dpr_1.0,f_auto,q_auto:low,w_150/d_ecommerce:backend-fallback.png/MAT_748306_PCE_LT"
Rimi,"Apels.sk. balzaminis acto kremas RIMI, 250ml",3.99,"https://rimibaltic-res.cloudinary.com/image/upload/b_white,c_limit,dpr_auto,f_auto,h_216,q_1,w_216/d_ecommerce:backend-fallback.png/MAT_810038_PCE_LT"
Rimi,"Malti imbierai TASTE FROM GARDEN, 40 g",1.09,"https://rimibaltic-res.cloudinary.com/image/upload/b_white,c_limit,dpr_auto,f_auto,h_216,q_1,w_216/d_ecommerce:backend-fallback.png/MAT_1005588_PCE_LT"
Rimi,"Gvakamolės padažas OLD EL PASO, 320 g",3.59,"https://rimibaltic-res.cloudinary.com/image/upload/b_white,c_limit,dpr_auto,f_auto,h_216,q_1,w_216/d_ecommerce:backend-fallback.png/MAT_198306_PCE_LT"
Rimi,Skalb.miltel. NEUTRAL Main Wash 1.188kg,8.29,"https://rimibaltic-res.cloudinary.com/image/upload/b_white,c_limit,dpr_auto,f_auto,h_216,q_1,w_216/d_ecommerce:backend-fallback.png/MAT_7237530_PCE_LT"
Rimi,"Dušo želė ALMEDA CRANBERRY POWER, 250 ml",2.19,"https://rimibaltic-res.cloudinary.com/image/upload/b_white,c_limit,dpr_auto,f_auto,h_216,q_1,w_216/d_ecommerce:backend-fallback.png/MAT_813198_PCE_LT"
Rimi,"Dušo želė ALMEDA SUNNY HONEY, 250 ml",2.19,"https://rimibaltic-res.cloudinary.com/image/upload/b_white,c_limit,dpr_auto,f_auto,h_216,q_1,w_216/d_ecommerce:backend-fallback.png/MAT_813200_PCE_LT"
Rimi,"Kavos kapsulės LOR FORZA, 10 vnt. 52 g",3.79,"https://rimibaltic-res.cloudinary.com/image/upload/b_white,c_limit,dpr_auto,f_auto,h_216,q_1,w_216/d_ecommerce:backend-fallback.png/MAT_186429_PCE_LT"
Rimi,"Prieskoniai VEGETA, 250g",2.55,"https://rimibaltic-res.cloudinary.com/image/upload/b_white,c_limit,dpr_auto,f_auto,h_216,q_1,w_216/d_ecommerce:backend-fallback.png/MAT_122600_PCE_LT"
Rimi,"Skanėstas katėms su jautiena DREAMIES, 60g",1.69,"https://rimibaltic-res.cloudinary.com/image/upload/b_white,c_limit,dpr_auto,f_auto,h_216,q_1,w_216/d_ecommerce:backend-fallback.png/MAT_7077560_PCE_LT"
Rimi,"Skanėstas katėms su vištiena DREAMIES, 60g",1.69,"https://rimibaltic-res.cloudinary.com/image/upload/b_white,c_limit,dpr_auto,f_auto,h_216,q_1,w_216/d_ecommerce:backend-fallback.png/MAT_7077565_PCE_LT"
Rimi,"Žuvies padažas ICA ASIA, 200ml",2.75,"https://rimibaltic-res.cloudinary.com/image/upload/b_white,c_limit,dpr_auto,f_auto,h_216,q_1,w_216/d_ecommerce:backend-fallback.png/MAT_810876_PCE_LT"
Rimi,"Krekeriai sūrio skonio TUC CHEESE, 100 g",1.69,"https://rimibaltic-res.cloudinary.com/image/upload/b_white,c_limit,dpr_1.0,f_auto,q_auto:low,w_150/d_ecommerce:backend-fallback.png/MAT_154890_PCE_LT"
Rimi,"Šaltyje džiovintos avietės SUPERGARDEN, 25g",4.79,"https://rimibaltic-res.cloudinary.com/image/upload/b_white,c_limit,dpr_1.0,f_auto,q_auto:low,w_150/d_ecommerce:backend-fallback.png/MAT_1000341_PCE_LT"
Rimi,"Keptų bulvių prieskoniai SAUDA, 100g",0.93,"https://rimibaltic-res.cloudinary.com/image/upload/b_white,c_limit,dpr_1.0,f_auto,q_auto:low,w_150/d_ecommerce:backend-fallback.png/MAT_152843_PCE_LT"
Rimi,"Bazilikai SANTA MARIA, 9g",1.69,"https://rimibaltic-res.cloudinary.com/image/upload/b_white,c_limit,dpr_auto,f_auto,h_216,q_1,w_216/d_ecommerce:backend-fallback.png/MAT_100574_PCE_LT"
Rimi,"Lyd.tep.sūrelis RAMBYNO su ž.,50% rieb., 175g",1.69,"https://rimibaltic-res.cloudinary.com/image/upload/b_white,c_limit,dpr_auto,f_auto,h_216,q_1,w_216/d_ecommerce:backend-fallback.png/MAT_919882_PCE_LT"
Rimi,"Mot. pėdk. IMMAGINE MICRO SLIM 100, NERO, 2d.",6.49,"https://rimibaltic-res.cloudinary.com/image/upload/b_white,c_limit,dpr_auto,f_auto,h_216,q_1,w_216/d_ecommerce:backend-fallback.png/MAT_7191156_PCE_LT"
Rimi,"Van. mangų, pasifl. plombyras DIONE, 90ml/70g",2.29,"https://rimibaltic-res.cloudinary.com/image/upload/b_white,c_limit,dpr_auto,f_auto,h_216,q_1,w_216/d_ecommerce:backend-fallback.png/MAT_987828_PCE_LT"
Rimi,Drėk. ton. kaukė su žal. arbatos ekstr. EKEL,1.65,"https://rimibaltic-res.cloudinary.com/image/upload/b_white,c_limit,dpr_auto,f_auto,h_216,q_1,w_216/d_ecommerce:backend-fallback.png/MAT_7228409_PCE_LT"
Rimi,"SUSLAVIČIAUS garstyčios, 160g",1.29,"https://rimibaltic-res.cloudinary.com/image/upload/b_white,c_limit,dpr_auto,f_auto,h_216,q_1,w_216/d_ecommerce:backend-fallback.png/MAT_146360_PCE_LT"
Rimi,"Dubenėlis LUMINARC STACK, 20cm",5.49,"https://rimibaltic-res.cloudinary.com/image/upload/b_white,c_limit,dpr_auto,f_auto,h_216,q_1,w_216/d_ecommerce:backend-fallback.png/MAT_7227294_PCE_LT"
Rimi,"Miltų mišinys bananų pyragui RIMI, 500 g",1.75,"https://rimibaltic-res.cloudinary.com/image/upload/b_white,c_limit,dpr_auto,f_auto,h_216,q_1,w_216/d_ecommerce:backend-fallback.png/MAT_813637_PCE_LT"
Rimi,"Alyvuogių aliejus RIMI, 1 l",11.99,"https://rimibaltic-res.cloudinary.com/image/upload/b_white,c_limit,dpr_auto,f_auto,h_216,q_1,w_216/d_ecommerce:backend-fallback.png/MAT_808051_PCE_LT"
Rimi,"Kakav. sausainiai su šok. gab. BELVITA, 300 g",4.15,"https://rimibaltic-res.cloudinary.com/image/upload/b_white,c_limit,dpr_auto,f_auto,h_216,q_1,w_216/d_ecommerce:backend-fallback.png/MAT_152453_PCE_LT"
Rimi,"Makaronai SPAGHETTI DOBELE Nr. 7, 500 g",1.49,"https://rimibaltic-res.cloudinary.com/image/upload/b_white,c_limit,dpr_auto,f_auto,h_216,q_1,w_216/d_ecommerce:backend-fallback.png/MAT_184636_PCE_LT"
Rimi,"Makaronai DOBELE DITALI LISCI, 500 g",1.49,"https://rimibaltic-res.cloudinary.com/image/upload/b_white,c_limit,dpr_auto,f_auto,h_216,q_1,w_216/d_ecommerce:backend-fallback.png/MAT_1004577_PCE_LT"
Rimi,"Eko. gaz. imbierų arbatos gėrimas,330ml",2.39,"https://rimibaltic-res.cloudinary.com/image/upload/b_white,c_limit,dpr_1.0,f_auto,q_auto:low,w_150/d_ecommerce:backend-fallback.png/MAT_195097_PCE_LT"
Rimi,"Eko. gaz. jazminų arbatos gėrimas,330ml",2.39,"https://rimibaltic-res.cloudinary.com/image/upload/b_white,c_limit,dpr_1.0,f_auto,q_auto:low,w_150/d_ecommerce:backend-fallback.png/MAT_174229_PCE_LT"
Rimi,"Vasabi, sez.priesk. mišinys SANTA MARIA, 44g",3.69,"https://rimibaltic-res.cloudinary.com/image/upload/b_white,c_limit,dpr_1.0,f_auto,q_auto:low,w_150/d_ecommerce:backend-fallback.png/MAT_194369_PCE_LT"
Rimi,"Grietinėlės standiklis DR. OETKER, 9 g",0.39,"https://rimibaltic-res.cloudinary.com/image/upload/b_white,c_limit,dpr_1.0,f_auto,q_auto:low,w_150/d_ecommerce:backend-fallback.png/MAT_150324_PCE_LT"
Rimi,"Dubenėlis LUMINARC STACK, 23cm",7.39,"https://rimibaltic-res.cloudinary.com/image/upload/b_white,c_limit,dpr_auto,f_auto,h_216,q_1,w_216/d_ecommerce:backend-fallback.png/MAT_7227295_PCE_LT"
Rimi,"Skrud. saulėgrąžos YES su sūrio priesk., 90 g",1.09,"https://rimibaltic-res.cloudinary.com/image/upload/b_white,c_limit,dpr_auto,f_auto,h_216,q_1,w_216/d_ecommerce:backend-fallback.png/MAT_1000119_PCE_LT"
Rimi,"Sausainiai su spanguolėmis BALVITEN, 130 g",2.59,"https://rimibaltic-res.cloudinary.com/image/upload/b_white,c_limit,dpr_auto,f_auto,h_216,q_1,w_216/d_ecommerce:backend-fallback.png/MAT_1001921_PCE_LT"
Rimi,"Žvakės MULLER, levandų kvapo,4val,18vnt.",2.99,"https://rimibaltic-res.cloudinary.com/image/upload/b_white,c_limit,dpr_auto,f_auto,h_216,q_1,w_216/d_ecommerce:backend-fallback.png/MAT_7257893_PCE_LT"
Rimi,"Padažas ICA ASIA SAMBAL OELEK, 100g",1.59,"https://rimibaltic-res.cloudinary.com/image/upload/b_white,c_limit,dpr_auto,f_auto,h_216,q_1,w_216/d_ecommerce:backend-fallback.png/MAT_810829_PCE_LT"
Rimi,"Juodoji arbata LIPTON EARL GREY, 25 vnt.",3.09,"https://rimibaltic-res.cloudinary.com/image/upload/b_white,c_limit,dpr_auto,f_auto,h_216,q_1,w_216/d_ecommerce:backend-fallback.png/MAT_156194_PCE_LT"
Rimi,"Žolelių arbata RIMI RELAX, 20 x 2 g",2.39,"https://rimibaltic-res.cloudinary.com/image/upload/b_white,c_limit,dpr_auto,f_auto,h_216,q_1,w_216/d_ecommerce:backend-fallback.png/MAT_812989_PCE_LT"
Rimi,"Hig.paketai LIBRESSE Invis. Super,36vnt",5.99,"https://rimibaltic-res.cloudinary.com/image/upload/b_white,c_limit,dpr_auto,f_auto,h_216,q_1,w_216/d_ecommerce:backend-fallback.png/MAT_7023619_PCE_LT"
Rimi,"Citr. sk. saldž. kukurūzų lazdelės RIMI, 150g",1.29,"https://rimibaltic-res.cloudinary.com/image/upload/b_white,c_limit,dpr_1.0,f_auto,q_auto:low,w_150/d_ecommerce:backend-fallback.png/MAT_802592_PCE_LT"
Rimi,"Vaflinis batonėlis KEXCHOKLAD, 60 g",1.59,"https://rimibaltic-res.cloudinary.com/image/upload/b_white,c_limit,dpr_1.0,f_auto,q_auto:low,w_150/d_ecommerce:backend-fallback.png/MAT_185689_PCE_LT"
Rimi,"Persikų sk.juod.arbat. gėrimas FUZE TEA, 1,5l",2.05,"https://rimibaltic-res.cloudinary.com/image/upload/b_white,c_limit,dpr_auto,f_auto,h_216,q_1,w_216/d_ecommerce:backend-fallback.png/MAT_1363227_PCE_LT"
Rimi,"Vyšnių ir obuolių gėrimas TYMBARK, 250 ml",0.99,"https://rimibaltic-res.cloudinary.com/image/upload/b_white,c_limit,dpr_auto,f_auto,h_216,q_1,w_216/d_ecommerce:backend-fallback.png/MAT_147386_PCE_LT"
Rimi,"Meduoliai KOKOSINIAI LIEŽUVĖLIAI JDC, 250 g",1.59,"https://rimibaltic-res.cloudinary.com/image/upload/b_white,c_limit,dpr_auto,f_auto,h_216,q_1,w_216/d_ecommerce:backend-fallback.png/MAT_184111_PCE_LT"
Rimi,"Pyragas su varške ir razinomis, 400 g",2.19,"https://rimibaltic-res.cloudinary.com/image/upload/b_white,c_limit,dpr_auto,f_auto,h_216,q_1,w_216/d_ecommerce:backend-fallback.png/MAT_971968_PCE_LT"
Rimi,"Ekologiški česnakų milteliai SANTA MARIA, 46g",3.59,"https://rimibaltic-res.cloudinary.com/image/upload/b_white,c_limit,dpr_auto,f_auto,h_216,q_1,w_216/d_ecommerce:backend-fallback.png/MAT_1011476_PCE_LT"
Rimi,"Šokoladiniai batonėliai SNICKERS, 5 x 50 g",4.59,"https://rimibaltic-res.cloudinary.com/image/upload/b_white,c_limit,dpr_auto,f_auto,h_216,q_1,w_216/d_ecommerce:backend-fallback.png/MAT_1015825_PCE_LT"
Rimi,"Sviesto, druskos sk. traškuč. ESTRELLA, 170 g",2.89,"https://rimibaltic-res.cloudinary.com/image/upload/b_white,c_limit,dpr_auto,f_auto,h_216,q_1,w_216/d_ecommerce:backend-fallback.png/MAT_1016948_PCE_LT"
Rimi,"Sūrio pyr. sk. valg. ledai KLASIKA, 120ml/75g",1.09,"https://rimibaltic-res.cloudinary.com/image/upload/b_white,c_limit,dpr_auto,f_auto,h_216,q_1,w_216/d_ecommerce:backend-fallback.png/MAT_4007268_PCE_LT"
Rimi,"Sėklų miš. su braškėmis BEATOS VIRTUVĖ, 150 g",3.29,"https://rimibaltic-res.cloudinary.com/image/upload/b_white,c_limit,dpr_auto,f_auto,h_216,q_1,w_216/d_ecommerce:backend-fallback.png/MAT_1022363_PCE_LT"
Rimi,"Kramt.guma vaisių sk.su sald. JUICY FRUIT,56g",2.49,"https://rimibaltic-res.cloudinary.com/image/upload/b_white,c_limit,dpr_auto,f_auto,h_216,q_1,w_216/d_ecommerce:backend-fallback.png/MAT_199870_PCE_LT"
Rimi,"Šaltai rūkytas saliamis RIMI, 300g",2.99,"https://rimibaltic-res.cloudinary.com/image/upload/b_white,c_limit,dpr_auto,f_auto,h_216,q_1,w_216/d_ecommerce:backend-fallback.png/MAT_808327_PCE_LT"
Rimi,"Juodoji Ceilono arbata RIMI, 80 g",2.49,"https://rimibaltic-res.cloudinary.com/image/upload/b_white,c_limit,dpr_1.0,f_auto,q_auto:low,w_150/d_ecommerce:backend-fallback.png/MAT_805759_PCE_LT"
Rimi,"Makaronai FILINI PICCOLI DOBELE, 500 g",1.49,"https://rimibaltic-res.cloudinary.com/image/upload/b_white,c_limit,dpr_1.0,f_auto,q_auto:low,w_150/d_ecommerce:backend-fallback.png/MAT_181550_PCE_LT"
Rimi,"Garstyčių sėklos SANTA MARIA, 35g",1.05,"https://rimibaltic-res.cloudinary.com/image/upload/b_white,c_limit,dpr_1.0,f_auto,q_auto:low,w_150/d_ecommerce:backend-fallback.png/MAT_100588_PCE_LT"
Rimi,"PANENG karis ICA ASIA, 400 ml",3.19,"https://rimibaltic-res.cloudinary.com/image/upload/b_white,c_limit,dpr_auto,f_auto,h_216,q_1,w_216/d_ecommerce:backend-fallback.png/MAT_812838_PCE_LT"
Rimi,"Prieskonių mišinys BURRITO SANTA MARIA, 28 g",1.39,"https://rimibaltic-res.cloudinary.com/image/upload/b_white,c_limit,dpr_auto,f_auto,h_216,q_1,w_216/d_ecommerce:backend-fallback.png/MAT_174850_PCE_LT"
Rimi,"Pieninis šokoladas su pien.įd., GEISHA, 100g",2.89,"https://rimibaltic-res.cloudinary.com/image/upload/b_white,c_limit,dpr_auto,f_auto,h_216,q_1,w_216/d_ecommerce:backend-fallback.png/MAT_101376_PCE_LT"
Rimi,"Prieskonių mišinys SAUDA CHIMICHURI, 70g",0.89,"https://rimibaltic-res.cloudinary.com/image/upload/b_white,c_limit,dpr_auto,f_auto,h_216,q_1,w_216/d_ecommerce:backend-fallback.png/MAT_154044_PCE_LT"
Rimi,Šviesą atspindinčių lipdukų rinkinys,2.29,"https://rimibaltic-res.cloudinary.com/image/upload/b_white,c_limit,dpr_auto,f_auto,h_216,q_1,w_216/d_ecommerce:backend-fallback.png/MAT_7122326_PCE_LT"
Rimi,"Prieskoninis kuminas KOTANYI, 20g",1.39,"https://rimibaltic-res.cloudinary.com/image/upload/b_white,c_limit,dpr_auto,f_auto,h_216,q_1,w_216/d_ecommerce:backend-fallback.png/MAT_154864_PCE_LT"
Rimi,"Bazilikai KOTANYI, 9g",1.39,"https://rimibaltic-res.cloudinary.com/image/upload/b_white,c_limit,dpr_auto,f_auto,h_216,q_1,w_216/d_ecommerce:backend-fallback.png/MAT_126029_PCE_LT"
Rimi,"Krapai KOTANYI, 11g",1.39,"https://rimibaltic-res.cloudinary.com/image/upload/b_white,c_limit,dpr_auto,f_auto,h_216,q_1,w_216/d_ecommerce:backend-fallback.png/MAT_126030_PCE_LT"
Rimi,"Mėsos prieskoniai SANTA MARIA, 290 g",5.99,"https://rimibaltic-res.cloudinary.com/image/upload/b_white,c_limit,dpr_auto,f_auto,h_216,q_1,w_216/d_ecommerce:backend-fallback.png/MAT_134098_PCE_LT"
Rimi,"Sald. čili pipirų sk. trašk. DORITOS, 100 g",1.99,"https://rimibaltic-res.cloudinary.com/image/upload/b_white,c_limit,dpr_auto,f_auto,h_216,q_1,w_216/d_ecommerce:backend-fallback.png/MAT_1006375_PCE_LT"
Rimi,"Vyr.piešt.dezod., REXONA MEN COLBALT, 50ml",4.49,"https://rimibaltic-res.cloudinary.com/image/upload/b_white,c_limit,dpr_auto,f_auto,h_216,q_1,w_216/d_ecommerce:backend-fallback.png/MAT_745816_PCE_LT"
Rimi,"Meksikiet. salotos su atl. lašiša RIMI, 220 g",3.89,"https://rimibaltic-res.cloudinary.com/image/upload/b_white,c_limit,dpr_auto,f_auto,h_216,q_1,w_216/d_ecommerce:backend-fallback.png/MAT_802431_PCE_LT"
Rimi,"Bananų nektaras RIMI, 1 l",1.69,"https://rimibaltic-res.cloudinary.com/image/upload/b_white,c_limit,dpr_1.0,f_auto,q_auto:low,w_150/d_ecommerce:backend-fallback.png/MAT_803422_PCE_LT"
Rimi,"Rudieji ryžiai SKANĖJA, 500 g",1.59,"https://rimibaltic-res.cloudinary.com/image/upload/b_white,c_limit,dpr_1.0,f_auto,q_auto:low,w_150/d_ecommerce:backend-fallback.png/MAT_146702_PCE_LT"
Rimi,"Įv. vais. sult. su vit. C, HOHES C PLUS, 1 l",2.95,"https://rimibaltic-res.cloudinary.com/image/upload/b_white,c_limit,dpr_1.0,f_auto,q_auto:low,w_150/d_ecommerce:backend-fallback.png/MAT_1368188_PCE_LT"
Rimi,"Barbekiu prieskoniai ULTIMATE RUB SALDVA,230g",5.69,"https://rimibaltic-res.cloudinary.com/image/upload/b_white,c_limit,dpr_1.0,f_auto,q_auto:low,w_150/d_ecommerce:backend-fallback.png/MAT_1000397_PCE_LT"
Rimi,"Avieč. brašk. sk. vais. arbata LOYD, 50 pak.",5.49,"https://rimibaltic-res.cloudinary.com/image/upload/b_white,c_limit,dpr_auto,f_auto,h_216,q_1,w_216/d_ecommerce:backend-fallback.png/MAT_168395_PCE_LT"
Rimi,"Priesk. mišinys aitr.papr., SANTA MARIA, 70g",4.99,"https://rimibaltic-res.cloudinary.com/image/upload/b_white,c_limit,dpr_auto,f_auto,h_216,q_1,w_216/d_ecommerce:backend-fallback.png/MAT_124076_PCE_LT"
Rimi,"Saldainiai ROCHER, 200g",8.29,"https://rimibaltic-res.cloudinary.com/image/upload/b_white,c_limit,dpr_auto,f_auto,h_216,q_1,w_216/d_ecommerce:backend-fallback.png/MAT_101157_PCE_LT"
Rimi,"Adžika RIMI, 260g",2.99,"https://rimibaltic-res.cloudinary.com/image/upload/b_white,c_limit,dpr_auto,f_auto,h_216,q_1,w_216/d_ecommerce:backend-fallback.png/MAT_808332_PCE_LT"
Rimi,"Ekol. moliūgų sėklų brand. ALVO ORGANIC, 400g",6.69,"https://rimibaltic-res.cloudinary.com/image/upload/b_white,c_limit,dpr_auto,f_auto,h_216,q_1,w_216/d_ecommerce:backend-fallback.png/MAT_1001162_PCE_LT"
Rimi,Dezodorantas-antipersp. MARGARITA 2IN1 50ml,3.69,"https://rimibaltic-res.cloudinary.com/image/upload/b_white,c_limit,dpr_auto,f_auto,h_216,q_1,w_216/d_ecommerce:backend-fallback.png/MAT_7247807_PCE_LT"
Rimi,"Sausi pusryčiai KELLOGG'S FROSTIES, 330 g",4.29,"https://rimibaltic-res.cloudinary.com/image/upload/b_white,c_limit,dpr_auto,f_auto,h_216,q_1,w_216/d_ecommerce:backend-fallback.png/MAT_1002234_PCE_LT"
Rimi,"Traškučiai PRINGLES BARBECUE, 165g",2.99,"https://rimibaltic-res.cloudinary.com/image/upload/b_white,c_limit,dpr_auto,f_auto,h_216,q_1,w_216/d_ecommerce:backend-fallback.png/MAT_187908_PCE_LT"
Rimi,"Vynuogių sėklų aliejus RIMI rafinuotas, 1 l",9.99,"https://rimibaltic-res.cloudinary.com/image/upload/b_white,c_limit,dpr_1.0,f_auto,q_auto:low,w_150/d_ecommerce:backend-fallback.png/MAT_813004_PCE_LT"
Rimi,"Žolel. arbata ETNO IMUNINEI SISTEMAI, 30 g",3.19,"https://rimibaltic-res.cloudinary.com/image/upload/b_white,c_limit,dpr_1.0,f_auto,q_auto:low,w_150/d_ecommerce:backend-fallback.png/MAT_1007337_PCE_LT"
Rimi,"Šv.kviet. duonos gira GUBERNIJA, 500ml, sk.",0.99,"https://rimibaltic-res.cloudinary.com/image/upload/b_white,c_limit,dpr_auto,f_auto,h_216,q_1,w_216/d_ecommerce:backend-fallback.png/MAT_1366335_PCE_LT"
Rimi,"Dribsnių batonėlis NESTLE CINI MINIS, 25 g",0.65,"https://rimibaltic-res.cloudinary.com/image/upload/b_white,c_limit,dpr_auto,f_auto,h_216,q_1,w_216/d_ecommerce:backend-fallback.png/MAT_123356_PCE_LT"
Rimi,"Žvakė MULLER, egzot. vaisių kvapo, 40val",3.99,"https://rimibaltic-res.cloudinary.com/image/upload/b_white,c_limit,dpr_auto,f_auto,h_216,q_1,w_216/d_ecommerce:backend-fallback.png/MAT_7257883_PCE_LT"
Rimi,"Ob. mor. braš. citr. gėr. KUBUŠ PLAY, 400 ml",1.09,"https://rimibaltic-res.cloudinary.com/image/upload/b_white,c_limit,dpr_auto,f_auto,h_216,q_1,w_216/d_ecommerce:backend-fallback.png/MAT_1353723_PCE_LT"
Rimi,"Pipirų mišinys SANTA MARIA, 25g",1.79,"https://rimibaltic-res.cloudinary.com/image/upload/b_white,c_limit,dpr_auto,f_auto,h_216,q_1,w_216/d_ecommerce:backend-fallback.png/MAT_100354_PCE_LT"
Rimi,Micel. vanduo MARGARITA SENSITIVE 200 ml,5.25,"https://rimibaltic-res.cloudinary.com/image/upload/b_white,c_limit,dpr_auto,f_auto,h_216,q_1,w_216/d_ecommerce:backend-fallback.png/MAT_7251872_PCE_LT"
Rimi,"Nesmulkintas tunas savo sultyse CALVO, 160 g",4.89,"https://rimibaltic-res.cloudinary.com/image/upload/b_white,c_limit,dpr_auto,f_auto,h_216,q_1,w_216/d_ecommerce:backend-fallback.png/MAT_297469_PCE_LT"
Rimi,"Dušo želė NIVEA CREME SOFT, 250ml",4.19,"https://rimibaltic-res.cloudinary.com/image/upload/b_white,c_limit,dpr_auto,f_auto,h_216,q_1,w_216/d_ecommerce:backend-fallback.png/MAT_696564_PCE_LT"
Rimi,"Sausain. apels. įd. MILKA JAFFA ORANGE, 147 g",2.89,"https://rimibaltic-res.cloudinary.com/image/upload/b_white,c_limit,dpr_auto,f_auto,h_216,q_1,w_216/d_ecommerce:backend-fallback.png/MAT_160375_PCE_LT"
Rimi,"Pien.šok. saldainiai lazd.rieš., GEISHA, 150g",5.49,"https://rimibaltic-res.cloudinary.com/image/upload/b_white,c_limit,dpr_auto,f_auto,h_216,q_1,w_216/d_ecommerce:backend-fallback.png/MAT_100761_PCE_LT"
Rimi,"Zef. saldainiai RIMI BBQ MARSHMALLOWS, 700 g",5.39,"https://rimibaltic-res.cloudinary.com/image/upload/b_white,c_limit,dpr_auto,f_auto,h_216,q_1,w_216/d_ecommerce:backend-fallback.png/MAT_813220_PCE_LT"
Rimi,"SMETONIŠKA gira, 1l",1.25,"https://rimibaltic-res.cloudinary.com/image/upload/b_white,c_limit,dpr_1.0,f_auto,q_auto:low,w_150/d_ecommerce:backend-fallback.png/MAT_1359770_PCE_LT"
Rimi,"Apelsinų skonio saldainiai TIC TAC, 18g",1.09,"https://rimibaltic-res.cloudinary.com/image/upload/b_white,c_limit,dpr_1.0,f_auto,q_auto:low,w_150/d_ecommerce:backend-fallback.png/MAT_165254_PCE_LT"
Rimi,"Sausainiai BELVITA SOFT FILLED CHOCO, 250 g",3.99,"https://rimibaltic-res.cloudinary.com/image/upload/b_white,c_limit,dpr_1.0,f_auto,q_auto:low,w_150/d_ecommerce:backend-fallback.png/MAT_1000186_PCE_LT"
Rimi,"Sūrio ir paprikų sk. traškučiai LAYS, 120 g",2.19,"https://rimibaltic-res.cloudinary.com/image/upload/b_white,c_limit,dpr_auto,f_auto,h_216,q_1,w_216/d_ecommerce:backend-fallback.png/MAT_1006366_PCE_LT"
Rimi,"Darž. sultinys be miel., NATUR COMPAGNIE, 80g",3.15,"https://rimibaltic-res.cloudinary.com/image/upload/b_white,c_limit,dpr_auto,f_auto,h_216,q_1,w_216/d_ecommerce:backend-fallback.png/MAT_182335_PCE_LT"
Rimi,"Kalėd. vaflių sk. malta kava GURMAN'S, 125 g",2.79,"https://rimibaltic-res.cloudinary.com/image/upload/b_white,c_limit,dpr_auto,f_auto,h_216,q_1,w_216/d_ecommerce:backend-fallback.png/MAT_1002121_PCE_LT"
Rimi,"Ciberžolės TASTE FROM GARDEN, 40 g",1.19,"https://rimibaltic-res.cloudinary.com/image/upload/b_white,c_limit,dpr_auto,f_auto,h_216,q_1,w_216/d_ecommerce:backend-fallback.png/MAT_1005617_PCE_LT"
Rimi,"Šokoladas su moliūgais, saulėgraž. RŪTA, 90g",3.09,"https://rimibaltic-res.cloudinary.com/image/upload/b_white,c_limit,dpr_auto,f_auto,h_216,q_1,w_216/d_ecommerce:backend-fallback.png/MAT_198524_PCE_LT"
Rimi,Pomid.padažas KARALIŠKAS su pomidorų gab.500g,2.59,"https://rimibaltic-res.cloudinary.com/image/upload/b_white,c_limit,dpr_auto,f_auto,h_216,q_1,w_216/d_ecommerce:backend-fallback.png/MAT_153063_PCE_LT"
Rimi,"Lapelių arbata SELECTION BY RIMI OOLONG, 90 g",3.99,"https://rimibaltic-res.cloudinary.com/image/upload/b_white,c_limit,dpr_auto,f_auto,h_216,q_1,w_216/d_ecommerce:backend-fallback.png/MAT_811319_PCE_LT"
Rimi,"Tirpioji kava RIMI, 200 g",7.99,"https://rimibaltic-res.cloudinary.com/image/upload/b_white,c_limit,dpr_auto,f_auto,h_216,q_1,w_216/d_ecommerce:backend-fallback.png/MAT_801149_PCE_LT"
Rimi,"Bulv. traškučiai NATURALS BALSAMIC VIN., 100g",2.49,"https://rimibaltic-res.cloudinary.com/image/upload/b_white,c_limit,dpr_auto,f_auto,h_216,q_1,w_216/d_ecommerce:backend-fallback.png/MAT_164646_PCE_LT"
Rimi,"Saldainių asorti SKRIVERU GOTINA, 250 g",3.89,"https://rimibaltic-res.cloudinary.com/image/upload/b_white,c_limit,dpr_auto,f_auto,h_216,q_1,w_216/d_ecommerce:backend-fallback.png/MAT_185680_PCE_LT"
Rimi,"Skanėstas katėms su sūriu DREAMIES, 60 g",1.69,"https://rimibaltic-res.cloudinary.com/image/upload/b_white,c_limit,dpr_auto,f_auto,h_216,q_1,w_216/d_ecommerce:backend-fallback.png/MAT_7077573_PCE_LT"
Rimi,Švelniai parūkytos dešrelės 370g,2.15,"https://rimibaltic-res.cloudinary.com/image/upload/b_white,c_limit,dpr_auto,f_auto,h_216,q_1,w_216/d_ecommerce:backend-fallback.png/MAT_993455_PCE_LT"
Rimi,"Aviečių skonio javinukai JAVINĖ, 150 g",1.09,"https://rimibaltic-res.cloudinary.com/image/upload/b_white,c_limit,dpr_1.0,f_auto,q_auto:low,w_150/d_ecommerce:backend-fallback.png/MAT_1011957_PCE_LT"
Rimi,"Juodasis šokoladas LAIMA Vilnius, 90 g",2.29,"https://rimibaltic-res.cloudinary.com/image/upload/b_white,c_limit,dpr_1.0,f_auto,q_auto:low,w_150/d_ecommerce:backend-fallback.png/MAT_1010990_PCE_LT"
Rimi,"Česnakų granulės RIMI SMART, 30 g",0.49,"https://rimibaltic-res.cloudinary.com/image/upload/b_white,c_limit,dpr_1.0,f_auto,q_auto:low,w_150/d_ecommerce:backend-fallback.png/MAT_815233_PCE_LT"
Rimi,"Paelija su vištiena RIMI, 350 g",3.99,"https://rimibaltic-res.cloudinary.com/image/upload/b_white,c_limit,dpr_1.0,f_auto,q_auto:low,w_150/d_ecommerce:backend-fallback.png/MAT_815967_PCE_LT"
Rimi,"Gaz. gėrim. PEPSI ZERO SUG., su saldikl., 2 l",2.55,"https://rimibaltic-res.cloudinary.com/image/upload/b_white,c_limit,dpr_auto,f_auto,h_216,q_1,w_216/d_ecommerce:backend-fallback.png/MAT_1020308_PCE_LT"
Rimi,"Brašk. plomb. su varškės įd. DADU, 85 ml/ 42g",0.99,"https://rimibaltic-res.cloudinary.com/image/upload/b_white,c_limit,dpr_auto,f_auto,h_216,q_1,w_216/d_ecommerce:backend-fallback.png/MAT_4006934_PCE_LT"
Rimi,"Vanilės sk. valg. ledai FROSTIVO, 120ml/70g",0.49,"https://rimibaltic-res.cloudinary.com/image/upload/b_white,c_limit,dpr_auto,f_auto,h_216,q_1,w_216/d_ecommerce:backend-fallback.png/MAT_816522_PCE_LT"
Rimi,"Pabarstukai CUKRINĖS ŠIRDELĖS, 10g",0.68,"https://rimibaltic-res.cloudinary.com/image/upload/b_white,c_limit,dpr_auto,f_auto,h_216,q_1,w_216/d_ecommerce:backend-fallback.png/MAT_177271_PCE_LT"
Rimi,Žaislinis automodelis WELLY 1:60,2.89,"https://rimibaltic-res.cloudinary.com/image/upload/b_white,c_limit,dpr_auto,f_auto,h_216,q_1,w_216/d_ecommerce:backend-fallback.png/MAT_750059_PCE_LT"
Rimi,"Dušo želė ALMEDA KIWI SPLASH, 250 ml",2.49,"https://rimibaltic-res.cloudinary.com/image/upload/b_white,c_limit,dpr_auto,f_auto,h_216,q_1,w_216/d_ecommerce:backend-fallback.png/MAT_813201_PCE_LT"
Rimi,"Ekologiški migdolai ARIMEX, 150g",4.59,"https://rimibaltic-res.cloudinary.com/image/upload/b_white,c_limit,dpr_auto,f_auto,h_216,q_1,w_216/d_ecommerce:backend-fallback.png/MAT_186994_PCE_LT"
Rimi,"Dantų pasta su baltuoju moliu ECODENTA, 100ml",4.99,"https://rimibaltic-res.cloudinary.com/image/upload/b_white,c_limit,dpr_auto,f_auto,h_216,q_1,w_216/d_ecommerce:backend-fallback.png/MAT_7048822_PCE_LT"
Rimi,"Mot. pėdk. IMMAGINE MICRO SLIM 100, NERO, 3d.",6.49,"https://rimibaltic-res.cloudinary.com/image/upload/b_white,c_limit,dpr_1.0,f_auto,q_auto:low,w_150/d_ecommerce:backend-fallback.png/MAT_7191145_PCE_LT"
Rimi,"Mot. pėdk. IMMAGINE MICRO SLIM 100, NERO, 5d.",6.49,"https://rimibaltic-res.cloudinary.com/image/upload/b_white,c_limit,dpr_1.0,f_auto,q_auto:low,w_150/d_ecommerce:backend-fallback.png/MAT_7191167_PCE_LT"
Rimi,"Aviečių ir mėlynių uogų tyrė MASHIE, 160 ml",4.39,"https://rimibaltic-res.cloudinary.com/image/upload/b_white,c_limit,dpr_auto,f_auto,h_216,q_1,w_216/d_ecommerce:backend-fallback.png/MAT_1008276_PCE_LT"
Rimi,"Gel. maistiniai dažai DR.OETKER (mėlyni), 10g",1.75,"https://rimibaltic-res.cloudinary.com/image/upload/b_white,c_limit,dpr_auto,f_auto,h_216,q_1,w_216/d_ecommerce:backend-fallback.png/MAT_170964_PCE_LT"
Rimi,"Bulvių prieskoniai SANTA MARIA, 55g",1.69,"https://rimibaltic-res.cloudinary.com/image/upload/b_white,c_limit,dpr_auto,f_auto,h_216,q_1,w_216/d_ecommerce:backend-fallback.png/MAT_100284_PCE_LT"
Rimi,Drėkinanti kaukė su juod.sraig. mucinu EKEL,1.65,"https://rimibaltic-res.cloudinary.com/image/upload/b_white,c_limit,dpr_auto,f_auto,h_216,q_1,w_216/d_ecommerce:backend-fallback.png/MAT_7228412_PCE_LT"
Rimi,"Kačių ėdalo rinkinys FELIX su jautiena, 4x85g",2.39,"https://rimibaltic-res.cloudinary.com/image/upload/b_white,c_limit,dpr_auto,f_auto,h_216,q_1,w_216/d_ecommerce:backend-fallback.png/MAT_7255804_PCE_LT"
Rimi,"Karamelinis saldainis FIZZY GIGA, 50 g",1.29,"https://rimibaltic-res.cloudinary.com/image/upload/b_white,c_limit,dpr_auto,f_auto,h_216,q_1,w_216/d_ecommerce:backend-fallback.png/MAT_191314_PCE_LT"
Rimi,"Alyvuogių aliejus BORGES EXTRA VIRGIN, 0,5l",10.49,"https://rimibaltic-res.cloudinary.com/image/upload/b_white,c_limit,dpr_auto,f_auto,h_216,q_1,w_216/d_ecommerce:backend-fallback.png/MAT_101346_PCE_LT"
Rimi,"Vyt.višt. dešrelės KABANOSY DŪZGĖS, a.r.,100g",1.99,"https://rimibaltic-res.cloudinary.com/image/upload/b_white,c_limit,dpr_auto,f_auto,h_216,q_1,w_216/d_ecommerce:backend-fallback.png/MAT_927571_PCE_LT"
Rimi,"Obuol. granatų sultys SELECTION BY RIMI, 1 l",3.59,"https://rimibaltic-res.cloudinary.com/image/upload/b_white,c_limit,dpr_auto,f_auto,h_216,q_1,w_216/d_ecommerce:backend-fallback.png/MAT_811036_PCE_LT"
Rimi,„Botokso efekto“ kaukė raukšlių mažin. EKEL,1.65,"https://rimibaltic-res.cloudinary.com/image/upload/b_white,c_limit,dpr_auto,f_auto,h_216,q_1,w_216/d_ecommerce:backend-fallback.png/MAT_7203571_PCE_LT"
Rimi,"Arbūz. mel. sulčių gėrim. CIDO FRUTTO, 1,5 l",1.79,"https://rimibaltic-res.cloudinary.com/image/upload/b_white,c_limit,dpr_auto,f_auto,h_216,q_1,w_216/d_ecommerce:backend-fallback.png/MAT_1363728_PCE_LT"
Rimi,"Ekolog. saulėgrąžų brand. ALVO ORGANIC, 350g",2.99,"https://rimibaltic-res.cloudinary.com/image/upload/b_white,c_limit,dpr_1.0,f_auto,q_auto:low,w_150/d_ecommerce:backend-fallback.png/MAT_1001161_PCE_LT"
Rimi,"Aštrus SUSLAVIČIAUS pomidorų padažas, 500g",2.79,"https://rimibaltic-res.cloudinary.com/image/upload/b_white,c_limit,dpr_1.0,f_auto,q_auto:low,w_150/d_ecommerce:backend-fallback.png/MAT_162536_PCE_LT"
Rimi,"Mot. pėdk. IMMAGINE MICRO CHARME 80, NERO,3d.",5.49,"https://rimibaltic-res.cloudinary.com/image/upload/b_white,c_limit,dpr_1.0,f_auto,q_auto:low,w_150/d_ecommerce:backend-fallback.png/MAT_7191191_PCE_LT"
Rimi,"Makaronai FUSILLI DOBELE, 500 g",1.49,"https://rimibaltic-res.cloudinary.com/image/upload/b_white,c_limit,dpr_auto,f_auto,h_216,q_1,w_216/d_ecommerce:backend-fallback.png/MAT_181565_PCE_LT"
Rimi,"Aliejus PANTENE KERATIN OIL, 100ml",12.99,"https://rimibaltic-res.cloudinary.com/image/upload/b_white,c_limit,dpr_auto,f_auto,h_216,q_1,w_216/d_ecommerce:backend-fallback.png/MAT_7243871_PCE_LT"
Rimi,Skal.pri.TRI-BIO OXI-ACTI.TAB.BAL.18vnt,7.99,"https://rimibaltic-res.cloudinary.com/image/upload/b_white,c_limit,dpr_auto,f_auto,h_216,q_1,w_216/d_ecommerce:backend-fallback.png/MAT_7253108_PCE_LT"
Rimi,Šlapias ėd. katėms One Adult vištiena 4x85g,3.29,"https://rimibaltic-res.cloudinary.com/image/upload/b_white,c_limit,dpr_auto,f_auto,h_216,q_1,w_216/d_ecommerce:backend-fallback.png/MAT_7207433_PCE_LT"
Rimi,"Alyvuogių aliejus BORGES EXTRA VIRGIN, 0,25l",6.75,"https://rimibaltic-res.cloudinary.com/image/upload/b_white,c_limit,dpr_auto,f_auto,h_216,q_1,w_216/d_ecommerce:backend-fallback.png/MAT_102328_PCE_LT"
Rimi,M puskojinės ORI STAR 40d NEUTRO,2.99,"https://rimibaltic-res.cloudinary.com/image/upload/b_white,c_limit,dpr_auto,f_auto,h_216,q_1,w_216/d_ecommerce:backend-fallback.png/MAT_7090307_PCE_LT"
Rimi,Juod. arbata LIPTON ENGLISH BREAKFAST 25 vnt,3.09,"https://rimibaltic-res.cloudinary.com/image/upload/b_white,c_limit,dpr_auto,f_auto,h_216,q_1,w_216/d_ecommerce:backend-fallback.png/MAT_166922_PCE_LT"
Rimi,"Tirpioji kava RIMI DECAF, 100 g",5.99,"https://rimibaltic-res.cloudinary.com/image/upload/b_white,c_limit,dpr_auto,f_auto,h_216,q_1,w_216/d_ecommerce:backend-fallback.png/MAT_801656_PCE_LT"
Rimi,"Įvairių vaisių ir morkų sultys TYMBARK, 1 l",2.99,"https://rimibaltic-res.cloudinary.com/image/upload/b_white,c_limit,dpr_auto,f_auto,h_216,q_1,w_216/d_ecommerce:backend-fallback.png/MAT_1356389_PCE_LT"
Rimi,"Kramtomieji saldainiai MAMBA, 106g",1.49,"https://rimibaltic-res.cloudinary.com/image/upload/b_white,c_limit,dpr_auto,f_auto,h_216,q_1,w_216/d_ecommerce:backend-fallback.png/MAT_170355_PCE_LT"
Rimi,"Sausainiai RIMI CARAMEL, 175 g",2.05,"https://rimibaltic-res.cloudinary.com/image/upload/b_white,c_limit,dpr_auto,f_auto,h_216,q_1,w_216/d_ecommerce:backend-fallback.png/MAT_807304_PCE_LT"
Rimi,"Daržovių sk. bulvių traškučiai LAYS, 110 g",2.49,"https://rimibaltic-res.cloudinary.com/image/upload/b_white,c_limit,dpr_auto,f_auto,h_216,q_1,w_216/d_ecommerce:backend-fallback.png/MAT_1007980_PCE_LT"
Rimi,Stiklinis dangtis PYREX 28cm,13.99,"https://rimibaltic-res.cloudinary.com/image/upload/b_white,c_limit,dpr_auto,f_auto,h_216,q_1,w_216/d_ecommerce:backend-fallback.png/MAT_7200578_PCE_LT"
Rimi,"Linų sėmenys OLD MILLER, 200 g",2.09,"https://rimibaltic-res.cloudinary.com/image/upload/b_white,c_limit,dpr_1.0,f_auto,q_auto:low,w_150/d_ecommerce:backend-fallback.png/MAT_164756_PCE_LT"
Rimi,"Puršk.mot. dezodorantas REXONA SEXY, 150ml",4.49,"https://rimibaltic-res.cloudinary.com/image/upload/b_white,c_limit,dpr_1.0,f_auto,q_auto:low,w_150/d_ecommerce:backend-fallback.png/MAT_759305_PCE_LT"
Rimi,"Žvakė MULLER, levandų kvapo, 30 val.",4.99,"https://rimibaltic-res.cloudinary.com/image/upload/b_white,c_limit,dpr_1.0,f_auto,q_auto:low,w_150/d_ecommerce:backend-fallback.png/MAT_7257865_PCE_LT"
Rimi,"Kepin. česnakų granulės TASTE FROM GARDEN,60g",1.49,"https://rimibaltic-res.cloudinary.com/image/upload/b_white,c_limit,dpr_auto,f_auto,h_216,q_1,w_216/d_ecommerce:backend-fallback.png/MAT_1005612_PCE_LT"
Rimi,"Šašlykų prieskoniai SANTA MARIA, 45g",1.05,"https://rimibaltic-res.cloudinary.com/image/upload/b_white,c_limit,dpr_auto,f_auto,h_216,q_1,w_216/d_ecommerce:backend-fallback.png/MAT_103350_PCE_LT"
Rimi,"Provanso žolel. prieskonių mišinys SAUDA, 20g",0.99,"https://rimibaltic-res.cloudinary.com/image/upload/b_white,c_limit,dpr_auto,f_auto,h_216,q_1,w_216/d_ecommerce:backend-fallback.png/MAT_162399_PCE_LT"
Rimi,"Cilindrinė žvakė BOLSIUS TAUPE, 80/68 mm",2.99,"https://rimibaltic-res.cloudinary.com/image/upload/b_white,c_limit,dpr_auto,f_auto,h_216,q_1,w_216/d_ecommerce:backend-fallback.png/MAT_7257923_PCE_LT"
Rimi,"Rūk. RAMBYNO MEDŽIOTOJŲ sūris, 42% rieb., 1kg",11.43,"https://rimibaltic-res.cloudinary.com/image/upload/b_white,c_limit,dpr_auto,f_auto,h_216,q_1,w_216/d_ecommerce:backend-fallback.png/MAT_252563_KGM_LT"
Rimi,"Raud. karis su moliūgu ICA ASIA, 400 ml",3.19,"https://rimibaltic-res.cloudinary.com/image/upload/b_white,c_limit,dpr_auto,f_auto,h_216,q_1,w_216/d_ecommerce:backend-fallback.png/MAT_812839_PCE_LT"
Rimi,"Ledinukas CHUPA CHUPS MELODY POPS, 15 g",0.86,"https://rimibaltic-res.cloudinary.com/image/upload/b_white,c_limit,dpr_auto,f_auto,h_216,q_1,w_216/d_ecommerce:backend-fallback.png/MAT_122348_PCE_LT"
Rimi,"Prieskoniai su pomidorais SANTA MARIA, 69 g",6.29,"https://rimibaltic-res.cloudinary.com/image/upload/b_white,c_limit,dpr_auto,f_auto,h_216,q_1,w_216/d_ecommerce:backend-fallback.png/MAT_1005339_PCE_LT"
Rimi,"Šokoladiniai saldainiai PERGALĖ BRANDY, 190g",3.99,"https://rimibaltic-res.cloudinary.com/image/upload/b_white,c_limit,dpr_1.0,f_auto,q_auto:low,w_150/d_ecommerce:backend-fallback.png/MAT_192734_PCE_LT"
Rimi,"Saldainiai PERGALĖ CHERRY LIQUEUR, 190g",4.59,"https://rimibaltic-res.cloudinary.com/image/upload/b_white,c_limit,dpr_1.0,f_auto,q_auto:low,w_150/d_ecommerce:backend-fallback.png/MAT_192735_PCE_LT"
Rimi,"Itališkos salotos su atl. lašiša RIMI, 220 g",3.89,"https://rimibaltic-res.cloudinary.com/image/upload/b_white,c_limit,dpr_auto,f_auto,h_216,q_1,w_216/d_ecommerce:backend-fallback.png/MAT_802430_PCE_LT"
Rimi,"Ekologiškas kokosų actas DETOX, 500 ml",5.49,"https://rimibaltic-res.cloudinary.com/image/upload/b_white,c_limit,dpr_auto,f_auto,h_216,q_1,w_216/d_ecommerce:backend-fallback.png/MAT_1003226_PCE_LT"
Rimi,"Laukiniai ryžiai SKANĖJA, 200 g",4.29,"https://rimibaltic-res.cloudinary.com/image/upload/b_white,c_limit,dpr_auto,f_auto,h_216,q_1,w_216/d_ecommerce:backend-fallback.png/MAT_144076_PCE_LT"
Rimi,"Makaronai SPAGHETTI LUBELLA Nr. 4, 400 g",1.49,"https://rimibaltic-res.cloudinary.com/image/upload/b_white,c_limit,dpr_auto,f_auto,h_216,q_1,w_216/d_ecommerce:backend-fallback.png/MAT_127089_PCE_LT"
Rimi,"Traškučiai PRINGLES CHEESE&ONION, 165g",2.99,"https://rimibaltic-res.cloudinary.com/image/upload/b_white,c_limit,dpr_auto,f_auto,h_216,q_1,w_216/d_ecommerce:backend-fallback.png/MAT_127409_PCE_LT"
Rimi,"Vafliai su spanguolių įdaru SELGA, 180 g",1.75,"https://rimibaltic-res.cloudinary.com/image/upload/b_white,c_limit,dpr_auto,f_auto,h_216,q_1,w_216/d_ecommerce:backend-fallback.png/MAT_1003248_PCE_LT"
Rimi,"Ving. pj. bulv. trašk. krap. ESTRELLA, 180g",3.19,"https://rimibaltic-res.cloudinary.com/image/upload/b_white,c_limit,dpr_auto,f_auto,h_216,q_1,w_216/d_ecommerce:backend-fallback.png/MAT_198648_PCE_LT"
Rimi,"Bananų skonio sausainiai SELGA, 180 g",1.15,"https://rimibaltic-res.cloudinary.com/image/upload/b_white,c_limit,dpr_auto,f_auto,h_216,q_1,w_216/d_ecommerce:backend-fallback.png/MAT_160457_PCE_LT"
Rimi,"Citrinų skonio sausainiai SELGA, 180 g",1.15,"https://rimibaltic-res.cloudinary.com/image/upload/b_white,c_limit,dpr_auto,f_auto,h_216,q_1,w_216/d_ecommerce:backend-fallback.png/MAT_1003260_PCE_LT"
Rimi,"Žolelių arbata ETNO Švarus organizmas, 30 g",3.19,"https://rimibaltic-res.cloudinary.com/image/upload/b_white,c_limit,dpr_auto,f_auto,h_216,q_1,w_216/d_ecommerce:backend-fallback.png/MAT_1000614_PCE_LT"
Rimi,"Nealk. alus CLAUSTHALER GRAPEFRUIT, 0,33 l",1.45,"https://rimibaltic-res.cloudinary.com/image/upload/b_white,c_limit,dpr_auto,f_auto,h_216,q_1,w_216/d_ecommerce:backend-fallback.png/MAT_1367429_PCE_LT"
Rimi,"Barbekiu prieskoniai ADAM'S RIB SALDVA, 220 g",5.39,"https://rimibaltic-res.cloudinary.com/image/upload/b_white,c_limit,dpr_1.0,f_auto,q_auto:low,w_150/d_ecommerce:backend-fallback.png/MAT_1000386_PCE_LT"
Rimi,"Batonėlis 3 BIT, 46g",0.89,"https://rimibaltic-res.cloudinary.com/image/upload/b_white,c_limit,dpr_1.0,f_auto,q_auto:low,w_150/d_ecommerce:backend-fallback.png/MAT_177840_PCE_LT"
Rimi,"Sausainiai su migd. SELECTION BY RIMI, 100 g",2.59,"https://rimibaltic-res.cloudinary.com/image/upload/b_white,c_limit,dpr_1.0,f_auto,q_auto:low,w_150/d_ecommerce:backend-fallback.png/MAT_807452_PCE_LT"
Rimi,"Želė saldainiai HARIBO ROULETTE, 25g",0.59,"https://rimibaltic-res.cloudinary.com/image/upload/b_white,c_limit,dpr_auto,f_auto,h_216,q_1,w_216/d_ecommerce:backend-fallback.png/MAT_135784_PCE_LT"
Rimi,"Pom. padažas KĖDAINIŲ KONSERVAI NATURAL, 500g",2.59,"https://rimibaltic-res.cloudinary.com/image/upload/b_white,c_limit,dpr_auto,f_auto,h_216,q_1,w_216/d_ecommerce:backend-fallback.png/MAT_146952_PCE_LT"
Rimi,SMETONIŠKA gira 500ml skardinė,0.85,"https://rimibaltic-res.cloudinary.com/image/upload/b_white,c_limit,dpr_auto,f_auto,h_216,q_1,w_216/d_ecommerce:backend-fallback.png/MAT_1359752_PCE_LT"
Rimi,"Saldžiar. padažas BUGA'S SWEET CHILI, 820 g",4.39,"https://rimibaltic-res.cloudinary.com/image/upload/b_white,c_limit,dpr_auto,f_auto,h_216,q_1,w_216/d_ecommerce:backend-fallback.png/MAT_167063_PCE_LT"
Rimi,"Rūk.kiaul.sk.bulv. košė MAGGI 5 MINUTES, 53g",1.99,"https://rimibaltic-res.cloudinary.com/image/upload/b_white,c_limit,dpr_auto,f_auto,h_216,q_1,w_216/d_ecommerce:backend-fallback.png/MAT_194882_PCE_LT"
Rimi,"Unitazų valiklis HARPIC ORIGINAL, 750ml",3.69,"https://rimibaltic-res.cloudinary.com/image/upload/b_white,c_limit,dpr_auto,f_auto,h_216,q_1,w_216/d_ecommerce:backend-fallback.png/MAT_401737_PCE_LT"
Rimi,"Dribsniai NESTLE LION WILDCRUSH, 360 g",4.89,"https://rimibaltic-res.cloudinary.com/image/upload/b_white,c_limit,dpr_auto,f_auto,h_216,q_1,w_216/d_ecommerce:backend-fallback.png/MAT_190073_PCE_LT"
Rimi,"Česnakinis padažas HEINZ, 420g",4.89,"https://rimibaltic-res.cloudinary.com/image/upload/b_white,c_limit,dpr_auto,f_auto,h_216,q_1,w_216/d_ecommerce:backend-fallback.png/MAT_186017_PCE_LT"
Rimi,"K.r. KABANOS dešrel. TARCZYNSKI, II r., 105g",2.99,"https://rimibaltic-res.cloudinary.com/image/upload/b_white,c_limit,dpr_auto,f_auto,h_216,q_1,w_216/d_ecommerce:backend-fallback.png/MAT_964719_PCE_LT"
Rimi,"Kukurūzų lazdelės su morkomis, 100 g",1.89,"https://rimibaltic-res.cloudinary.com/image/upload/b_white,c_limit,dpr_auto,f_auto,h_216,q_1,w_216/d_ecommerce:backend-fallback.png/MAT_179321_PCE_LT"
Rimi,"Gazuotas gėrimas su saldikliais PEPSI MAX, 1l",1.59,"https://rimibaltic-res.cloudinary.com/image/upload/b_white,c_limit,dpr_auto,f_auto,h_216,q_1,w_216/d_ecommerce:backend-fallback.png/MAT_1370805_PCE_LT"
Rimi,"Kraikas katėms PET PERFECT TOFU, 2,5 kg",5.79,"https://rimibaltic-res.cloudinary.com/image/upload/b_white,c_limit,dpr_auto,f_auto,h_216,q_1,w_216/d_ecommerce:backend-fallback.png/MAT_815241_PCE_LT"
Rimi,"Vytintas Serano kumpis VENTULA, I rūš., 500 g",13.99,"https://rimibaltic-res.cloudinary.com/image/upload/b_white,c_limit,dpr_1.0,f_auto,q_auto:low,w_150/d_ecommerce:backend-fallback.png/MAT_4004740_PCE_LT"
Rimi,"Korėj. stil. koldūnai su BBQ mėsa VICI, 300 g",3.89,"https://rimibaltic-res.cloudinary.com/image/upload/b_white,c_limit,dpr_1.0,f_auto,q_auto:low,w_150/d_ecommerce:backend-fallback.png/MAT_4004734_PCE_LT"
Rimi,"Plikyti sausainiai, 1 kg",11.99,"https://rimibaltic-res.cloudinary.com/image/upload/b_white,c_limit,dpr_1.0,f_auto,q_auto:low,w_150/d_ecommerce:backend-fallback.png/MAT_4005410_KGM_LT"
Rimi,"Obuolių nektaras 50 % RIMI SMART, 2 l",1.25,"https://rimibaltic-res.cloudinary.com/image/upload/b_white,c_limit,dpr_1.0,f_auto,q_auto:low,w_150/d_ecommerce:backend-fallback.png/MAT_814762_PCE_LT"
Rimi,"Koldūnai su kiauliena KHINKALI VIČI, 400 g",4.19,"https://rimibaltic-res.cloudinary.com/image/upload/b_white,c_limit,dpr_auto,f_auto,h_216,q_1,w_216/d_ecommerce:backend-fallback.png/MAT_4008509_PCE_LT"
Rimi,"Juod. šokolado plokštelės SALLING, 120 g",2.99,"https://rimibaltic-res.cloudinary.com/image/upload/b_white,c_limit,dpr_auto,f_auto,h_216,q_1,w_216/d_ecommerce:backend-fallback.png/MAT_816784_PCE_LT"
Rimi,"Gaz. persikų gėrimas su sald. SP ZERO, 0,33 l",1.35,"https://rimibaltic-res.cloudinary.com/image/upload/b_white,c_limit,dpr_auto,f_auto,h_216,q_1,w_216/d_ecommerce:backend-fallback.png/MAT_1375945_PCE_LT"
Rimi,"Makaronai azij. stil. višt. sk. SUN YAN, 65 g",1.59,"https://rimibaltic-res.cloudinary.com/image/upload/b_white,c_limit,dpr_auto,f_auto,h_216,q_1,w_216/d_ecommerce:backend-fallback.png/MAT_1004194_PCE_LT"
Rimi,"Apk. šprotai pomidorų padaže NORTHLAND, 240 g",2.29,"https://rimibaltic-res.cloudinary.com/image/upload/b_white,c_limit,dpr_auto,f_auto,h_216,q_1,w_216/d_ecommerce:backend-fallback.png/MAT_813533_PCE_LT"
Rimi,"Langų ir stiklo valiklis CLERIT FRESH, 500 ml",2.75,"https://rimibaltic-res.cloudinary.com/image/upload/b_white,c_limit,dpr_auto,f_auto,h_216,q_1,w_216/d_ecommerce:backend-fallback.png/MAT_813188_PCE_LT"
Rimi,"Penkių rūšių pipirų mišinys SANTA MARIA, 230g",10.65,"https://rimibaltic-res.cloudinary.com/image/upload/b_white,c_limit,dpr_auto,f_auto,h_216,q_1,w_216/d_ecommerce:backend-fallback.png/MAT_134101_PCE_LT"
Rimi,"Karamelė RIMI SMART JŪROS VĖŽELIAI, 100 g",0.44,"https://rimibaltic-res.cloudinary.com/image/upload/b_white,c_limit,dpr_auto,f_auto,h_216,q_1,w_216/d_ecommerce:backend-fallback.png/MAT_809209_PCE_LT"
Rimi,"Žvakė MULLER, braškių kvapo, 40 val.",3.99,"https://rimibaltic-res.cloudinary.com/image/upload/b_white,c_limit,dpr_auto,f_auto,h_216,q_1,w_216/d_ecommerce:backend-fallback.png/MAT_7257874_PCE_LT"
Rimi,"Ypač grynas alyvuogių aliejus CLASSICO, 750ml",11.49,"https://rimibaltic-res.cloudinary.com/image/upload/b_white,c_limit,dpr_auto,f_auto,h_216,q_1,w_216/d_ecommerce:backend-fallback.png/MAT_180835_PCE_LT"
Rimi,"KALĖDINĖ bananų skonio kava GURMAN'S, 125 g",2.79,"https://rimibaltic-res.cloudinary.com/image/upload/b_white,c_limit,dpr_auto,f_auto,h_216,q_1,w_216/d_ecommerce:backend-fallback.png/MAT_163960_PCE_LT"
Rimi,"Vaistaž. arbata LOYD GOOD NIGHT'S SLEEP, 24 g",2.99,"https://rimibaltic-res.cloudinary.com/image/upload/b_white,c_limit,dpr_auto,f_auto,h_216,q_1,w_216/d_ecommerce:backend-fallback.png/MAT_191377_PCE_LT"
Rimi,"Karijų riešutai THE BEST OF ARIMEX,250g",9.79,"https://rimibaltic-res.cloudinary.com/image/upload/b_white,c_limit,dpr_auto,f_auto,h_216,q_1,w_216/d_ecommerce:backend-fallback.png/MAT_196700_PCE_LT"
Rimi,"Pomidorų padažas SUSLAVIČIAUS ORIGINALUS,490g",2.39,"https://rimibaltic-res.cloudinary.com/image/upload/b_white,c_limit,dpr_auto,f_auto,h_216,q_1,w_216/d_ecommerce:backend-fallback.png/MAT_1000249_PCE_LT"
Rimi,"Raud. medaus, vanilės sk. arbata LOYD, 40 g",2.99,"https://rimibaltic-res.cloudinary.com/image/upload/b_white,c_limit,dpr_auto,f_auto,h_216,q_1,w_216/d_ecommerce:backend-fallback.png/MAT_1002685_PCE_LT"
Rimi,"Garstyčių sėklos SAUDA, 70g",0.79,"https://rimibaltic-res.cloudinary.com/image/upload/b_white,c_limit,dpr_auto,f_auto,h_216,q_1,w_216/d_ecommerce:backend-fallback.png/MAT_167213_PCE_LT"
Rimi,Mikropluošto šluostė stiklams,3.99,"https://rimibaltic-res.cloudinary.com/image/upload/b_white,c_limit,dpr_auto,f_auto,h_216,q_1,w_216/d_ecommerce:backend-fallback.png/MAT_7103762_PCE_LT"
Rimi,"Prieskoniai be druskos SAUDA, 250 g",1.99,"https://rimibaltic-res.cloudinary.com/image/upload/b_white,c_limit,dpr_auto,f_auto,h_216,q_1,w_216/d_ecommerce:backend-fallback.png/MAT_146810_PCE_LT"
Rimi,"Vaik. dantų pasta morkų ekst., ECODENTA, 75ml",3.19,"https://rimibaltic-res.cloudinary.com/image/upload/b_white,c_limit,dpr_auto,f_auto,h_216,q_1,w_216/d_ecommerce:backend-fallback.png/MAT_7023110_PCE_LT"
Rimi,"Baravykų sriuba su skrebučiais KNORR, 15 g",0.79,"https://rimibaltic-res.cloudinary.com/image/upload/b_white,c_limit,dpr_auto,f_auto,h_216,q_1,w_216/d_ecommerce:backend-fallback.png/MAT_162638_PCE_LT"
Rimi,"Saldainiai RAFFAELLO, 230g",6.19,"https://rimibaltic-res.cloudinary.com/image/upload/b_white,c_limit,dpr_auto,f_auto,h_216,q_1,w_216/d_ecommerce:backend-fallback.png/MAT_168805_PCE_LT"
Rimi,"Vanil. ledai su karam. saus. DIONE ZERO,500ml",8.59,"https://rimibaltic-res.cloudinary.com/image/upload/b_white,c_limit,dpr_auto,f_auto,h_216,q_1,w_216/d_ecommerce:backend-fallback.png/MAT_982376_PCE_LT"
Rimi,"Sausi pusryčiai OHO FRUITY FROOPS, 500 g",3.79,"https://rimibaltic-res.cloudinary.com/image/upload/b_white,c_limit,dpr_auto,f_auto,h_216,q_1,w_216/d_ecommerce:backend-fallback.png/MAT_1002370_PCE_LT"
Rimi,"Kepsnių prieskoniai SAUDA, 100g",0.93,"https://rimibaltic-res.cloudinary.com/image/upload/b_white,c_limit,dpr_auto,f_auto,h_216,q_1,w_216/d_ecommerce:backend-fallback.png/MAT_152837_PCE_LT"
Rimi,"Balzaminis acto kremas I LOVE ECO, 180g",4.99,"https://rimibaltic-res.cloudinary.com/image/upload/b_white,c_limit,dpr_auto,f_auto,h_216,q_1,w_216/d_ecommerce:backend-fallback.png/MAT_141709_PCE_LT"
Rimi,"Hig. paketai NATURELLA ULTRA NIGHT DUO, 14vnt",4.19,"https://rimibaltic-res.cloudinary.com/image/upload/b_white,c_limit,dpr_auto,f_auto,h_216,q_1,w_216/d_ecommerce:backend-fallback.png/MAT_7011491_PCE_LT"
Rimi,"Amerikietiškas mėsainių padažas HEINZ, 400 ml",4.69,"https://rimibaltic-res.cloudinary.com/image/upload/b_white,c_limit,dpr_auto,f_auto,h_216,q_1,w_216/d_ecommerce:backend-fallback.png/MAT_1005049_PCE_LT"
Rimi,"Garstyčių ir medaus padažas FELIX, 375g",2.59,"https://rimibaltic-res.cloudinary.com/image/upload/b_white,c_limit,dpr_auto,f_auto,h_216,q_1,w_216/d_ecommerce:backend-fallback.png/MAT_140813_PCE_LT"
Rimi,Džiovintos datulės be kauliukų Awake 150g,0.39,"https://rimibaltic-res.cloudinary.com/image/upload/b_white,c_limit,dpr_auto,f_auto,h_216,q_1,w_216/d_ecommerce:backend-fallback.png/MAT_804358_PCE_LT"
Rimi,"Lazdynų riešutai ARIMEX, 300g",8.49,"https://rimibaltic-res.cloudinary.com/image/upload/b_white,c_limit,dpr_auto,f_auto,h_216,q_1,w_216/d_ecommerce:backend-fallback.png/MAT_160716_PCE_LT"
Rimi,"Tortilijos su bazilik. ir špinat. DIJO, 250 g",2.15,"https://rimibaltic-res.cloudinary.com/image/upload/b_white,c_limit,dpr_auto,f_auto,h_216,q_1,w_216/d_ecommerce:backend-fallback.png/MAT_176787_PCE_LT"
Rimi,"Makaronai su Bolonijos padažu KNORR, 68 g",1.99,"https://rimibaltic-res.cloudinary.com/image/upload/b_white,c_limit,dpr_auto,f_auto,h_216,q_1,w_216/d_ecommerce:backend-fallback.png/MAT_194600_PCE_LT"
Rimi,"Žal.citr.pipirų prieskoniai, SANTA MARIA, 90g",6.29,"https://rimibaltic-res.cloudinary.com/image/upload/b_white,c_limit,dpr_auto,f_auto,h_216,q_1,w_216/d_ecommerce:backend-fallback.png/MAT_124073_PCE_LT"
Rimi,"Mak. picos prieskoniai SANTA MARIA mal., 80g",6.29,"https://rimibaltic-res.cloudinary.com/image/upload/b_white,c_limit,dpr_auto,f_auto,h_216,q_1,w_216/d_ecommerce:backend-fallback.png/MAT_133662_PCE_LT"
Rimi,"Lūpų balzamas NEUTROGENA,4.8g",3.99,"https://rimibaltic-res.cloudinary.com/image/upload/b_white,c_limit,dpr_auto,f_auto,h_216,q_1,w_216/d_ecommerce:backend-fallback.png/MAT_756676_PCE_LT"
Rimi,"Makaronai MAGGI 5 MINUTES CARBONARA, 50g",1.89,"https://rimibaltic-res.cloudinary.com/image/upload/b_white,c_limit,dpr_auto,f_auto,h_216,q_1,w_216/d_ecommerce:backend-fallback.png/MAT_194604_PCE_LT"
Rimi,"Citrinų PESTO padažas SELECTION BY RIMI, 130g",2.95,"https://rimibaltic-res.cloudinary.com/image/upload/b_white,c_limit,dpr_auto,f_auto,h_216,q_1,w_216/d_ecommerce:backend-fallback.png/MAT_807889_PCE_LT"
Rimi,"Vaisinė arbata LOYD SUNNY ORANGE, 40 g",2.99,"https://rimibaltic-res.cloudinary.com/image/upload/b_white,c_limit,dpr_auto,f_auto,h_216,q_1,w_216/d_ecommerce:backend-fallback.png/MAT_163632_PCE_LT"
Rimi,"Migdolų lazdelės RIMI, 150g",3.55,"https://rimibaltic-res.cloudinary.com/image/upload/b_white,c_limit,dpr_auto,f_auto,h_216,q_1,w_216/d_ecommerce:backend-fallback.png/MAT_810545_PCE_LT"
Rimi,"Dribsniai NESTLE COOKIE CRISP, 625 g",5.99,"https://rimibaltic-res.cloudinary.com/image/upload/b_white,c_limit,dpr_auto,f_auto,h_216,q_1,w_216/d_ecommerce:backend-fallback.png/MAT_164500_PCE_LT"
Rimi,"Gel. maistiniai dažai DR.OETKER (gelt.), 10g",1.75,"https://rimibaltic-res.cloudinary.com/image/upload/b_white,c_limit,dpr_auto,f_auto,h_216,q_1,w_216/d_ecommerce:backend-fallback.png/MAT_170960_PCE_LT"
Rimi,"Baltojo šokolado skonio glajus, 100g",2.59,"https://rimibaltic-res.cloudinary.com/image/upload/b_white,c_limit,dpr_auto,f_auto,h_216,q_1,w_216/d_ecommerce:backend-fallback.png/MAT_153660_PCE_LT"
Rimi,"Aviečių skonio juodoji arbata DILMAN, 30 g",2.39,"https://rimibaltic-res.cloudinary.com/image/upload/b_white,c_limit,dpr_auto,f_auto,h_216,q_1,w_216/d_ecommerce:backend-fallback.png/MAT_154066_PCE_LT"
Rimi,"Viso grūdo kvietiniai miltai MALSENA, 1,75 kg",1.99,"https://rimibaltic-res.cloudinary.com/image/upload/b_white,c_limit,dpr_auto,f_auto,h_216,q_1,w_216/d_ecommerce:backend-fallback.png/MAT_170996_PCE_LT"
Rimi,"Vištienos prieskoniai SANTA MARIA, 43g",1.89,"https://rimibaltic-res.cloudinary.com/image/upload/b_white,c_limit,dpr_auto,f_auto,h_216,q_1,w_216/d_ecommerce:backend-fallback.png/MAT_100518_PCE_LT"
Rimi,"Š.rūk.kiaul. kumpis ALKSNIO DŪMAS, a.r., 1kg",11.99,"https://rimibaltic-res.cloudinary.com/image/upload/b_white,c_limit,dpr_auto,f_auto,h_216,q_1,w_216/d_ecommerce:backend-fallback.png/MAT_931403_KGM_LT"
Rimi,"Ilgagrūdžiai ryžiai RIMI, 1 kg",2.29,"https://rimibaltic-res.cloudinary.com/image/upload/b_white,c_limit,dpr_auto,f_auto,h_216,q_1,w_216/d_ecommerce:backend-fallback.png/MAT_803636_PCE_LT"
Rimi,"Kavos gėrimas NESCAFE CLASSIC 3 in 1, 16,5 g",0.33,"https://rimibaltic-res.cloudinary.com/image/upload/b_white,c_limit,dpr_auto,f_auto,h_216,q_1,w_216/d_ecommerce:backend-fallback.png/MAT_193837_PCE_LT"
